{
  "blockNo": 16514360,
  "lpName": "USDT-WBNB LP",
  "lpTokens": 0,
  "token0_symbol": "USDT",
  "token0_decimals": 18,
  "token0": 0,
  "token0_liquidity": 170205635.52061564,
  "token0_price": 1.00038507,
  "token0_posVal": 50806944.889090896,
  "token0_posValUSD": 50826509.119359344,
  "token0_debtVal": 24953445.383267127,
  "token0_debtValUSD": 24963054.206480864,
  "token1_symbol": "WBNB",
  "token1_decimals": 18,
  "token1": 0,
  "token1_liquidity": 381120.1346054215,
  "token1_price": 446.47944185,
  "token1_posVal": 157528.07512550926,
  "token1_posValUSD": 70333047.05774224,
  "token1_debtVal": 104945.35221896043,
  "token1_debtValUSD": 46855942.28347311,
  "liquidity": 340433481.5811111,
  "tvl": 0,
  "health": 121159556.17710158,
  "debt": 71818996.48995398,
  "leverage": 2.455577256223578,
  "workerPositions": [
    {
      "name": "USDT-WBNB PancakeswapWorker",
      "address": "0x41867cc58aece8B570FF1A2a8aa6149014D2a94C",
      "vault": "ibWBNB",
      "borrowToken": "WBNB",
      "posVal": 157528.07512550926,
      "posValUSD": 70333047.05774224,
      "debtVal": 104945.35221896043,
      "debtValUSD": 46855942.28347311
    },
    {
      "name": "WBNB-USDT PancakeswapWorker",
      "address": "0x81b6534f4F7ba45Ecf98295Cef1450B4a4FC81Cd",
      "vault": "ibUSDT",
      "borrowToken": "USDT",
      "posVal": 50806944.889090896,
      "posValUSD": 50826509.119359344,
      "debtVal": 24953445.383267127,
      "debtValUSD": 24963054.206480864
    }
  ]
}