{
  "blockNo": 14947420,
  "lpName": "USDT-WBNB LP",
  "lpTokens": 0,
  "token0_symbol": "USDT",
  "token0_decimals": 18,
  "token0": 0,
  "token0_liquidity": 95319726.6355716,
  "token0_price": 1.00060177,
  "token0_posVal": 37819413.31234622,
  "token0_posValUSD": 37842171.90069519,
  "token0_debtVal": 23436334.043614704,
  "token0_debtValUSD": 23450437.32635213,
  "token1_symbol": "WBNB",
  "token1_decimals": 18,
  "token1": 0,
  "token1_liquidity": 257187.46170536464,
  "token1_price": 370.96036446,
  "token1_posVal": 130032.619947522,
  "token1_posValUSD": 48236948.08742143,
  "token1_debtVal": 77410.63765949478,
  "token1_debtValUSD": 28716278.359247185,
  "liquidity": 190783441.71623343,
  "tvl": 0,
  "health": 86079119.98811662,
  "debt": 52166715.68559931,
  "leverage": 2.538278301362637,
  "workerPositions": [
    {
      "name": "USDT-WBNB PancakeswapWorker",
      "address": "0x41867cc58aece8B570FF1A2a8aa6149014D2a94C",
      "vault": "ibWBNB",
      "borrowToken": "WBNB",
      "posVal": 130032.619947522,
      "posValUSD": 48236948.08742143,
      "debtVal": 77410.63765949478,
      "debtValUSD": 28716278.359247185
    },
    {
      "name": "WBNB-USDT PancakeswapWorker",
      "address": "0x81b6534f4F7ba45Ecf98295Cef1450B4a4FC81Cd",
      "vault": "ibUSDT",
      "borrowToken": "USDT",
      "posVal": 37819413.31234622,
      "posValUSD": 37842171.90069519,
      "debtVal": 23436334.043614704,
      "debtValUSD": 23450437.32635213
    }
  ]
}