{
  "blockNo": 15931711,
  "lpName": "USDT-WBNB LP",
  "lpTokens": 0,
  "token0_symbol": "USDT",
  "token0_decimals": 18,
  "token0": 0,
  "token0_liquidity": 118625824.99046423,
  "token0_price": 1.00034933,
  "token0_posVal": 45788161.05506934,
  "token0_posValUSD": 45804156.23337071,
  "token0_debtVal": 24681135.463782556,
  "token0_debtValUSD": 24689757.32483412,
  "token1_symbol": "WBNB",
  "token1_decimals": 18,
  "token1": 0,
  "token1_liquidity": 313751.80970258766,
  "token1_price": 377.92,
  "token1_posVal": 181732.3931963604,
  "token1_posValUSD": 68680306.03676853,
  "token1_debtVal": 110125.23131972857,
  "token1_debtValUSD": 41618527.420351826,
  "liquidity": 237240348.47271007,
  "tvl": 0,
  "health": 114484462.27013923,
  "debt": 66308284.74518594,
  "leverage": 2.376370815447966,
  "workerPositions": [
    {
      "name": "USDT-WBNB PancakeswapWorker",
      "address": "0x41867cc58aece8B570FF1A2a8aa6149014D2a94C",
      "vault": "ibWBNB",
      "borrowToken": "WBNB",
      "posVal": 181732.3931963604,
      "posValUSD": 68680306.03676853,
      "debtVal": 110125.23131972857,
      "debtValUSD": 41618527.420351826
    },
    {
      "name": "WBNB-USDT PancakeswapWorker",
      "address": "0x81b6534f4F7ba45Ecf98295Cef1450B4a4FC81Cd",
      "vault": "ibUSDT",
      "borrowToken": "USDT",
      "posVal": 45788161.05506934,
      "posValUSD": 45804156.23337071,
      "debtVal": 24681135.463782556,
      "debtValUSD": 24689757.32483412
    }
  ]
}