{
  "blockNo": 10460703,
  "lpName": "USDT-WBNB LP",
  "lpTokens": 0,
  "token0_symbol": "USDT",
  "token0_decimals": 18,
  "token0": 0,
  "token0_liquidity": 144380210.02976888,
  "token0_price": 1.00085489,
  "token0_posVal": 54392408.01537424,
  "token0_posValUSD": 54438907.54106251,
  "token0_debtVal": 29542261.028106358,
  "token0_debtValUSD": 29567516.411636677,
  "token1_symbol": "WBNB",
  "token1_decimals": 18,
  "token1": 0,
  "token1_liquidity": 299393.13057988853,
  "token1_price": 482.72256524,
  "token1_posVal": 121832.40700948052,
  "token1_posValUSD": 58811252.04098019,
  "token1_debtVal": 80373.20611433464,
  "token1_debtValUSD": 38797960.23207487,
  "liquidity": 289027459.2362793,
  "tvl": 0,
  "health": 113250159.5820427,
  "debt": 68365476.64371155,
  "leverage": 2.5231360047177254,
  "workerPositions": [
    {
      "name": "USDT-WBNB PancakeswapWorker",
      "address": "0x41867cc58aece8B570FF1A2a8aa6149014D2a94C",
      "vault": "ibWBNB",
      "borrowToken": "WBNB",
      "posVal": 121832.40700948052,
      "posValUSD": 58811252.04098019,
      "debtVal": 80373.20611433464,
      "debtValUSD": 38797960.23207487
    },
    {
      "name": "WBNB-USDT PancakeswapWorker",
      "address": "0x81b6534f4F7ba45Ecf98295Cef1450B4a4FC81Cd",
      "vault": "ibUSDT",
      "borrowToken": "USDT",
      "posVal": 54392408.01537424,
      "posValUSD": 54438907.54106251,
      "debtVal": 29542261.028106358,
      "debtValUSD": 29567516.411636677
    }
  ]
}