{
  "blockNo": 11860012,
  "lpName": "USDT-WBNB LP",
  "lpTokens": 0,
  "token0_symbol": "USDT",
  "token0_decimals": 18,
  "token0": 0,
  "token0_liquidity": 113208395.28450203,
  "token0_price": 1.0000181,
  "token0_posVal": 45382209.16333901,
  "token0_posValUSD": 45383030.58132486,
  "token0_debtVal": 26911568.741559237,
  "token0_debtValUSD": 26912055.840953458,
  "token1_symbol": "WBNB",
  "token1_decimals": 18,
  "token1": 0,
  "token1_liquidity": 245663.2705036656,
  "token1_price": 461.56149412,
  "token1_posVal": 120902.79871874103,
  "token1_posValUSD": 55804076.419911735,
  "token1_debtVal": 78997.55421590531,
  "token1_debtValUSD": 36462229.15571897,
  "liquidity": 226599150.54053432,
  "tvl": 0,
  "health": 101187107.00123659,
  "debt": 63374284.99667242,
  "leverage": 2.675999876153726,
  "workerPositions": [
    {
      "name": "USDT-WBNB PancakeswapWorker",
      "address": "0x41867cc58aece8B570FF1A2a8aa6149014D2a94C",
      "vault": "ibWBNB",
      "borrowToken": "WBNB",
      "posVal": 120902.79871874103,
      "posValUSD": 55804076.419911735,
      "debtVal": 78997.55421590531,
      "debtValUSD": 36462229.15571897
    },
    {
      "name": "WBNB-USDT PancakeswapWorker",
      "address": "0x81b6534f4F7ba45Ecf98295Cef1450B4a4FC81Cd",
      "vault": "ibUSDT",
      "borrowToken": "USDT",
      "posVal": 45382209.16333901,
      "posValUSD": 45383030.58132486,
      "debtVal": 26911568.741559237,
      "debtValUSD": 26912055.840953458
    }
  ]
}