{
  "blockNo": 12162027,
  "lpName": "USDT-WBNB LP",
  "lpTokens": 0,
  "token0_symbol": "USDT",
  "token0_decimals": 18,
  "token0": 0,
  "token0_liquidity": 141782150.49578932,
  "token0_price": 1.00059657,
  "token0_posVal": 48510631.13469306,
  "token0_posValUSD": 48539571.121909074,
  "token0_debtVal": 28997830.407378964,
  "token0_debtValUSD": 29015129.64306509,
  "token1_symbol": "WBNB",
  "token1_decimals": 18,
  "token1": 0,
  "token1_liquidity": 296092.0406023088,
  "token1_price": 479.20476692,
  "token1_posVal": 145612.37002075263,
  "token1_posValUSD": 69778141.83646356,
  "token1_debtVal": 95053.12306265814,
  "token1_debtValUSD": 45549909.68225917,
  "liquidity": 283755450.77700716,
  "tvl": 0,
  "health": 118317712.95837262,
  "debt": 74565039.32532427,
  "leverage": 2.704239607176873,
  "workerPositions": [
    {
      "name": "USDT-WBNB PancakeswapWorker",
      "address": "0x41867cc58aece8B570FF1A2a8aa6149014D2a94C",
      "vault": "ibWBNB",
      "borrowToken": "WBNB",
      "posVal": 145612.37002075263,
      "posValUSD": 69778141.83646356,
      "debtVal": 95053.12306265814,
      "debtValUSD": 45549909.68225917
    },
    {
      "name": "WBNB-USDT PancakeswapWorker",
      "address": "0x81b6534f4F7ba45Ecf98295Cef1450B4a4FC81Cd",
      "vault": "ibUSDT",
      "borrowToken": "USDT",
      "posVal": 48510631.13469306,
      "posValUSD": 48539571.121909074,
      "debtVal": 28997830.407378964,
      "debtValUSD": 29015129.64306509
    }
  ]
}