{
  "blockNo": 13942089,
  "lpName": "USDT-WBNB LP",
  "lpTokens": 0,
  "token0_symbol": "USDT",
  "token0_decimals": 18,
  "token0": 0,
  "token0_liquidity": 144809342.4567381,
  "token0_price": 1.00004355,
  "token0_posVal": 49282149.56773123,
  "token0_posValUSD": 49284295.80534491,
  "token0_debtVal": 31195515.331434652,
  "token0_debtValUSD": 31196873.896127336,
  "token1_symbol": "WBNB",
  "token1_decimals": 18,
  "token1": 0,
  "token1_liquidity": 280067.8964245062,
  "token1_price": 517.77,
  "token1_posVal": 161340.51709914306,
  "token1_posValUSD": 83537279.5384233,
  "token1_debtVal": 101387.49244063826,
  "token1_debtValUSD": 52495401.960989274,
  "liquidity": 289826403.63531864,
  "tvl": 0,
  "health": 132821575.34376821,
  "debt": 83692275.85711661,
  "leverage": 2.7035104658851434,
  "workerPositions": [
    {
      "name": "USDT-WBNB PancakeswapWorker",
      "address": "0x41867cc58aece8B570FF1A2a8aa6149014D2a94C",
      "vault": "ibWBNB",
      "borrowToken": "WBNB",
      "posVal": 161340.51709914306,
      "posValUSD": 83537279.5384233,
      "debtVal": 101387.49244063826,
      "debtValUSD": 52495401.960989274
    },
    {
      "name": "WBNB-USDT PancakeswapWorker",
      "address": "0x81b6534f4F7ba45Ecf98295Cef1450B4a4FC81Cd",
      "vault": "ibUSDT",
      "borrowToken": "USDT",
      "posVal": 49282149.56773123,
      "posValUSD": 49284295.80534491,
      "debtVal": 31195515.331434652,
      "debtValUSD": 31196873.896127336
    }
  ]
}