{
  "blockNo": 10106059,
  "lpName": "USDT-WBNB LP",
  "lpTokens": 0,
  "token0_symbol": "USDT",
  "token0_decimals": 18,
  "token0": 0,
  "token0_liquidity": 117836757.69572768,
  "token0_price": 1.00026689,
  "token0_posVal": 38411259.88441425,
  "token0_posValUSD": 38421511.4655648,
  "token0_debtVal": 20917231.897390585,
  "token0_debtValUSD": 20922814.49741168,
  "token1_symbol": "WBNB",
  "token1_decimals": 18,
  "token1": 0,
  "token1_liquidity": 274356.0539390479,
  "token1_price": 430.15,
  "token1_posVal": 79949.43141061558,
  "token1_posValUSD": 34390247.921276286,
  "token1_debtVal": 55106.954796399434,
  "token1_debtValUSD": 23704256.605671216,
  "liquidity": 235882463.74987054,
  "tvl": 0,
  "health": 72811759.38684109,
  "debt": 44627071.103082895,
  "leverage": 2.583379977588748,
  "workerPositions": [
    {
      "name": "USDT-WBNB PancakeswapWorker",
      "address": "0x41867cc58aece8B570FF1A2a8aa6149014D2a94C",
      "vault": "ibWBNB",
      "borrowToken": "WBNB",
      "posVal": 79949.43141061558,
      "posValUSD": 34390247.921276286,
      "debtVal": 55106.954796399434,
      "debtValUSD": 23704256.605671216
    },
    {
      "name": "WBNB-USDT PancakeswapWorker",
      "address": "0x81b6534f4F7ba45Ecf98295Cef1450B4a4FC81Cd",
      "vault": "ibUSDT",
      "borrowToken": "USDT",
      "posVal": 38411259.88441425,
      "posValUSD": 38421511.4655648,
      "debtVal": 20917231.897390585,
      "debtValUSD": 20922814.49741168
    }
  ]
}