{
  "blockNo": 11046310,
  "lpName": "USDT-WBNB LP",
  "lpTokens": 0,
  "token0_symbol": "USDT",
  "token0_decimals": 18,
  "token0": 0,
  "token0_liquidity": 136652224.8822729,
  "token0_price": 1.00014511,
  "token0_posVal": 50807923.50791899,
  "token0_posValUSD": 50815296.24569923,
  "token0_debtVal": 30324013.379953194,
  "token0_debtValUSD": 30328413.697534762,
  "token1_symbol": "WBNB",
  "token1_decimals": 18,
  "token1": 0,
  "token1_liquidity": 332158.9940262321,
  "token1_price": 411.8343187,
  "token1_posVal": 167713.1355565168,
  "token1_posValUSD": 69070024.91895883,
  "token1_debtVal": 102963.06884239217,
  "token1_debtValUSD": 42403725.307967775,
  "liquidity": 273466527.4914962,
  "tvl": 0,
  "health": 119885321.16465805,
  "debt": 72732139.00550254,
  "leverage": 2.5424651248352803,
  "workerPositions": [
    {
      "name": "USDT-WBNB PancakeswapWorker",
      "address": "0x41867cc58aece8B570FF1A2a8aa6149014D2a94C",
      "vault": "ibWBNB",
      "borrowToken": "WBNB",
      "posVal": 167713.1355565168,
      "posValUSD": 69070024.91895883,
      "debtVal": 102963.06884239217,
      "debtValUSD": 42403725.307967775
    },
    {
      "name": "WBNB-USDT PancakeswapWorker",
      "address": "0x81b6534f4F7ba45Ecf98295Cef1450B4a4FC81Cd",
      "vault": "ibUSDT",
      "borrowToken": "USDT",
      "posVal": 50807923.50791899,
      "posValUSD": 50815296.24569923,
      "debtVal": 30324013.379953194,
      "debtValUSD": 30328413.697534762
    }
  ]
}