{
  "blockNo": 10889506,
  "lpName": "USDT-WBNB LP",
  "lpTokens": 0,
  "token0_symbol": "USDT",
  "token0_decimals": 18,
  "token0": 0,
  "token0_liquidity": 120573010.73570484,
  "token0_price": 0.9999171,
  "token0_posVal": 44333575.27819182,
  "token0_posValUSD": 44329900.024801254,
  "token0_debtVal": 26752656.00037737,
  "token0_debtValUSD": 26750438.205194935,
  "token1_symbol": "WBNB",
  "token1_decimals": 18,
  "token1": 0,
  "token1_liquidity": 300961.8398722308,
  "token1_price": 401.32598792,
  "token1_posVal": 139351.28199003733,
  "token1_posValUSD": 55925290.91257023,
  "token1_debtVal": 82456.33525309307,
  "token1_debtValUSD": 33091870.2057103,
  "liquidity": 241346822.9460587,
  "tvl": 0,
  "health": 100255190.93737149,
  "debt": 59842308.410905235,
  "leverage": 2.4807730770433096,
  "workerPositions": [
    {
      "name": "USDT-WBNB PancakeswapWorker",
      "address": "0x41867cc58aece8B570FF1A2a8aa6149014D2a94C",
      "vault": "ibWBNB",
      "borrowToken": "WBNB",
      "posVal": 139351.28199003733,
      "posValUSD": 55925290.91257023,
      "debtVal": 82456.33525309307,
      "debtValUSD": 33091870.2057103
    },
    {
      "name": "WBNB-USDT PancakeswapWorker",
      "address": "0x81b6534f4F7ba45Ecf98295Cef1450B4a4FC81Cd",
      "vault": "ibUSDT",
      "borrowToken": "USDT",
      "posVal": 44333575.27819182,
      "posValUSD": 44329900.024801254,
      "debtVal": 26752656.00037737,
      "debtValUSD": 26750438.205194935
    }
  ]
}