{
  "blockNo": 8570428,
  "lpName": "USDT-WBNB LP",
  "lpTokens": 0,
  "token0_symbol": "USDT",
  "token0_decimals": 18,
  "token0": 0,
  "token0_liquidity": 61381026.64310368,
  "token0_price": 1.00041379,
  "token0_posVal": 24145582.724075507,
  "token0_posValUSD": 24155573.924750905,
  "token0_debtVal": 12989153.006150132,
  "token0_debtValUSD": 12994527.787772547,
  "token1_symbol": "WBNB",
  "token1_decimals": 18,
  "token1": 0,
  "token1_liquidity": 207253.39168618928,
  "token1_price": 296.59160302,
  "token1_posVal": 48053.379649404946,
  "token1_posValUSD": 14252228.900745658,
  "token1_debtVal": 23828.308521177438,
  "token1_debtValUSD": 7067276.221551142,
  "liquidity": 122876041.16965714,
  "tvl": 0,
  "health": 38407802.82549656,
  "debt": 20061804.00932369,
  "leverage": 2.093524763101928,
  "workerPositions": [
    {
      "name": "USDT-WBNB PancakeswapWorker",
      "address": "0x41867cc58aece8B570FF1A2a8aa6149014D2a94C",
      "vault": "ibWBNB",
      "borrowToken": "WBNB",
      "posVal": 48053.379649404946,
      "posValUSD": 14252228.900745658,
      "debtVal": 23828.308521177438,
      "debtValUSD": 7067276.221551142
    },
    {
      "name": "WBNB-USDT PancakeswapWorker",
      "address": "0x81b6534f4F7ba45Ecf98295Cef1450B4a4FC81Cd",
      "vault": "ibUSDT",
      "borrowToken": "USDT",
      "posVal": 24145582.724075507,
      "posValUSD": 24155573.924750905,
      "debtVal": 12989153.006150132,
      "debtValUSD": 12994527.787772547
    }
  ]
}