{
  "blockNo": 13980454,
  "lpName": "USDT-WBNB LP",
  "lpTokens": 0,
  "token0_symbol": "USDT",
  "token0_decimals": 18,
  "token0": 0,
  "token0_liquidity": 142040629.87852743,
  "token0_price": 1.00000754,
  "token0_posVal": 49118961.437648304,
  "token0_posValUSD": 49119331.79461754,
  "token0_debtVal": 31118770.049023155,
  "token0_debtValUSD": 31119004.68454932,
  "token1_symbol": "WBNB",
  "token1_decimals": 18,
  "token1": 0,
  "token1_liquidity": 275219.4157247422,
  "token1_price": 515.78967021,
  "token1_posVal": 160466.4145076028,
  "token1_posValUSD": 82766919.01865762,
  "token1_debtVal": 100738.15435724896,
  "token1_debtValUSD": 51959699.41348952,
  "liquidity": 283997032.53693044,
  "tvl": 0,
  "health": 131886250.81327516,
  "debt": 83078704.09803884,
  "leverage": 2.7021692276965856,
  "workerPositions": [
    {
      "name": "USDT-WBNB PancakeswapWorker",
      "address": "0x41867cc58aece8B570FF1A2a8aa6149014D2a94C",
      "vault": "ibWBNB",
      "borrowToken": "WBNB",
      "posVal": 160466.4145076028,
      "posValUSD": 82766919.01865762,
      "debtVal": 100738.15435724896,
      "debtValUSD": 51959699.41348952
    },
    {
      "name": "WBNB-USDT PancakeswapWorker",
      "address": "0x81b6534f4F7ba45Ecf98295Cef1450B4a4FC81Cd",
      "vault": "ibUSDT",
      "borrowToken": "USDT",
      "posVal": 49118961.437648304,
      "posValUSD": 49119331.79461754,
      "debtVal": 31118770.049023155,
      "debtValUSD": 31119004.68454932
    }
  ]
}