{
  "blockNo": 15694170,
  "lpName": "USDT-WBNB LP",
  "lpTokens": 0,
  "token0_symbol": "USDT",
  "token0_decimals": 18,
  "token0": 0,
  "token0_liquidity": 114945507.05952802,
  "token0_price": 1.00052509,
  "token0_posVal": 43237645.765538655,
  "token0_posValUSD": 43260349.42095368,
  "token0_debtVal": 24649816.715874605,
  "token0_debtValUSD": 24662760.088133942,
  "token1_symbol": "WBNB",
  "token1_decimals": 18,
  "token1": 0,
  "token1_liquidity": 281514.54835471953,
  "token1_price": 409.01259719,
  "token1_posVal": 188588.83439315495,
  "token1_posValUSD": 77135208.9561791,
  "token1_debtVal": 118369.79727520596,
  "token1_debtValUSD": 48414738.21238577,
  "liquidity": 230148860.36516356,
  "tvl": 0,
  "health": 120395558.37713277,
  "debt": 73077498.30051972,
  "leverage": 2.5443891440646413,
  "workerPositions": [
    {
      "name": "USDT-WBNB PancakeswapWorker",
      "address": "0x41867cc58aece8B570FF1A2a8aa6149014D2a94C",
      "vault": "ibWBNB",
      "borrowToken": "WBNB",
      "posVal": 188588.83439315495,
      "posValUSD": 77135208.9561791,
      "debtVal": 118369.79727520596,
      "debtValUSD": 48414738.21238577
    },
    {
      "name": "WBNB-USDT PancakeswapWorker",
      "address": "0x81b6534f4F7ba45Ecf98295Cef1450B4a4FC81Cd",
      "vault": "ibUSDT",
      "borrowToken": "USDT",
      "posVal": 43237645.765538655,
      "posValUSD": 43260349.42095368,
      "debtVal": 24649816.715874605,
      "debtValUSD": 24662760.088133942
    }
  ]
}