{
  "blockNo": 15363068,
  "lpName": "USDT-WBNB LP",
  "lpTokens": 0,
  "token0_symbol": "USDT",
  "token0_decimals": 18,
  "token0": 0,
  "token0_liquidity": 98982899.3751211,
  "token0_price": 1.00075561,
  "token0_posVal": 28181323.981157854,
  "token0_posValUSD": 28202618.071371254,
  "token0_debtVal": 16097924.3968147,
  "token0_debtValUSD": 16110088.149468176,
  "token1_symbol": "WBNB",
  "token1_decimals": 18,
  "token1": 0,
  "token1_liquidity": 245063.33141251394,
  "token1_price": 404.14961008,
  "token1_posVal": 190836.73115405787,
  "token1_posValUSD": 77126590.48485428,
  "token1_debtVal": 118559.48208384989,
  "token1_debtValUSD": 47915768.455474675,
  "liquidity": 198099941.67899126,
  "tvl": 0,
  "health": 105329208.55622554,
  "debt": 64025856.60494285,
  "leverage": 2.5501370610419554,
  "workerPositions": [
    {
      "name": "USDT-WBNB PancakeswapWorker",
      "address": "0x41867cc58aece8B570FF1A2a8aa6149014D2a94C",
      "vault": "ibWBNB",
      "borrowToken": "WBNB",
      "posVal": 190836.73115405787,
      "posValUSD": 77126590.48485428,
      "debtVal": 118559.48208384989,
      "debtValUSD": 47915768.455474675
    },
    {
      "name": "WBNB-USDT PancakeswapWorker",
      "address": "0x81b6534f4F7ba45Ecf98295Cef1450B4a4FC81Cd",
      "vault": "ibUSDT",
      "borrowToken": "USDT",
      "posVal": 28181323.981157854,
      "posValUSD": 28202618.071371254,
      "debtVal": 16097924.3968147,
      "debtValUSD": 16110088.149468176
    }
  ]
}