{
  "blockNo": 9938241,
  "lpName": "USDT-WBNB LP",
  "lpTokens": 0,
  "token0_symbol": "USDT",
  "token0_decimals": 18,
  "token0": 0,
  "token0_liquidity": 107799615.82126206,
  "token0_price": 1.00010882,
  "token0_posVal": 31760204.023056664,
  "token0_posValUSD": 31763660.16845845,
  "token0_debtVal": 16539935.706722375,
  "token0_debtValUSD": 16541735.58252598,
  "token1_symbol": "WBNB",
  "token1_decimals": 18,
  "token1": 0,
  "token1_liquidity": 278435.2248366598,
  "token1_price": 386.62536172,
  "token1_posVal": 80488.77679357877,
  "token1_posValUSD": 31119002.442217734,
  "token1_debtVal": 51631.90080966501,
  "token1_debtValUSD": 19962202.326827895,
  "liquidity": 215461466.09351885,
  "tvl": 0,
  "health": 62882662.610676184,
  "debt": 36503937.909353875,
  "leverage": 2.3838401333906796,
  "workerPositions": [
    {
      "name": "USDT-WBNB PancakeswapWorker",
      "address": "0x41867cc58aece8B570FF1A2a8aa6149014D2a94C",
      "vault": "ibWBNB",
      "borrowToken": "WBNB",
      "posVal": 80488.77679357877,
      "posValUSD": 31119002.442217734,
      "debtVal": 51631.90080966501,
      "debtValUSD": 19962202.326827895
    },
    {
      "name": "WBNB-USDT PancakeswapWorker",
      "address": "0x81b6534f4F7ba45Ecf98295Cef1450B4a4FC81Cd",
      "vault": "ibUSDT",
      "borrowToken": "USDT",
      "posVal": 31760204.023056664,
      "posValUSD": 31763660.16845845,
      "debtVal": 16539935.706722375,
      "debtValUSD": 16541735.58252598
    }
  ]
}