{
  "blockNo": 14463912,
  "lpName": "USDT-WBNB LP",
  "lpTokens": 0,
  "token0_symbol": "USDT",
  "token0_decimals": 18,
  "token0": 0,
  "token0_liquidity": 90238306.21835345,
  "token0_price": 1.00035804,
  "token0_posVal": 28796712.073185183,
  "token0_posValUSD": 28807022.447975866,
  "token0_debtVal": 17605305.506469194,
  "token0_debtValUSD": 17611608.91005273,
  "token1_symbol": "WBNB",
  "token1_decimals": 18,
  "token1": 0,
  "token1_liquidity": 191596.98644912327,
  "token1_price": 471.37935372,
  "token1_posVal": 104341.59929525784,
  "token1_posValUSD": 49184475.641909845,
  "token1_debtVal": 66984.86573047328,
  "token1_debtValUSD": 31575282.71705147,
  "liquidity": 180585478.7885992,
  "tvl": 0,
  "health": 77991498.08988571,
  "debt": 49186891.6271042,
  "leverage": 2.7076050558322566,
  "workerPositions": [
    {
      "name": "USDT-WBNB PancakeswapWorker",
      "address": "0x41867cc58aece8B570FF1A2a8aa6149014D2a94C",
      "vault": "ibWBNB",
      "borrowToken": "WBNB",
      "posVal": 104341.59929525784,
      "posValUSD": 49184475.641909845,
      "debtVal": 66984.86573047328,
      "debtValUSD": 31575282.71705147
    },
    {
      "name": "WBNB-USDT PancakeswapWorker",
      "address": "0x81b6534f4F7ba45Ecf98295Cef1450B4a4FC81Cd",
      "vault": "ibUSDT",
      "borrowToken": "USDT",
      "posVal": 28796712.073185183,
      "posValUSD": 28807022.447975866,
      "debtVal": 17605305.506469194,
      "debtValUSD": 17611608.91005273
    }
  ]
}