{
  "blockNo": 12544626,
  "lpName": "USDT-WBNB LP",
  "lpTokens": 0,
  "token0_symbol": "USDT",
  "token0_decimals": 18,
  "token0": 0,
  "token0_liquidity": 145996625.14139313,
  "token0_price": 1.0000673,
  "token0_posVal": 50670486.7926112,
  "token0_posValUSD": 50673896.91637234,
  "token0_debtVal": 29916136.969769336,
  "token0_debtValUSD": 29918150.325787403,
  "token1_symbol": "WBNB",
  "token1_decimals": 18,
  "token1": 0,
  "token1_liquidity": 236609.47073250895,
  "token1_price": 617.7333374,
  "token1_posVal": 129669.7481944626,
  "token1_posValUSD": 80101326.311983,
  "token1_debtVal": 89809.31779032867,
  "token1_debtValUSD": 55478209.608236924,
  "liquidity": 292168008.73030555,
  "tvl": 0,
  "health": 130775223.22835535,
  "debt": 85396359.93402433,
  "leverage": 2.881853218317448,
  "workerPositions": [
    {
      "name": "USDT-WBNB PancakeswapWorker",
      "address": "0x41867cc58aece8B570FF1A2a8aa6149014D2a94C",
      "vault": "ibWBNB",
      "borrowToken": "WBNB",
      "posVal": 129669.7481944626,
      "posValUSD": 80101326.311983,
      "debtVal": 89809.31779032867,
      "debtValUSD": 55478209.608236924
    },
    {
      "name": "WBNB-USDT PancakeswapWorker",
      "address": "0x81b6534f4F7ba45Ecf98295Cef1450B4a4FC81Cd",
      "vault": "ibUSDT",
      "borrowToken": "USDT",
      "posVal": 50670486.7926112,
      "posValUSD": 50673896.91637234,
      "debtVal": 29916136.969769336,
      "debtValUSD": 29918150.325787403
    }
  ]
}