{
  "blockNo": 13327575,
  "lpName": "USDT-WBNB LP",
  "lpTokens": 0,
  "token0_symbol": "USDT",
  "token0_decimals": 18,
  "token0": 0,
  "token0_liquidity": 132724333.84736949,
  "token0_price": 1.00085697,
  "token0_posVal": 47667243.54100069,
  "token0_posValUSD": 47708092.93869802,
  "token0_debtVal": 29101065.7965533,
  "token0_debtValUSD": 29126004.536908973,
  "token1_symbol": "WBNB",
  "token1_decimals": 18,
  "token1": 0,
  "token1_liquidity": 227604.01744272767,
  "token1_price": 583.67109238,
  "token1_posVal": 139136.12829631247,
  "token1_posValUSD": 81209735.99223253,
  "token1_debtVal": 92424.16999834005,
  "token1_debtValUSD": 53945316.26524596,
  "liquidity": 265683960.1106201,
  "tvl": 0,
  "health": 128917828.93093055,
  "debt": 83071320.80215493,
  "leverage": 2.8119443375888227,
  "workerPositions": [
    {
      "name": "USDT-WBNB PancakeswapWorker",
      "address": "0x41867cc58aece8B570FF1A2a8aa6149014D2a94C",
      "vault": "ibWBNB",
      "borrowToken": "WBNB",
      "posVal": 139136.12829631247,
      "posValUSD": 81209735.99223253,
      "debtVal": 92424.16999834005,
      "debtValUSD": 53945316.26524596
    },
    {
      "name": "WBNB-USDT PancakeswapWorker",
      "address": "0x81b6534f4F7ba45Ecf98295Cef1450B4a4FC81Cd",
      "vault": "ibUSDT",
      "borrowToken": "USDT",
      "posVal": 47667243.54100069,
      "posValUSD": 47708092.93869802,
      "debtVal": 29101065.7965533,
      "debtValUSD": 29126004.536908973
    }
  ]
}