{
  "blockNo": 14410353,
  "lpName": "USDT-WBNB LP",
  "lpTokens": 0,
  "token0_symbol": "USDT",
  "token0_decimals": 18,
  "token0": 0,
  "token0_liquidity": 91341064.75132114,
  "token0_price": 1.00048278,
  "token0_posVal": 29484217.011134636,
  "token0_posValUSD": 29498451.40142327,
  "token0_debtVal": 17587276.400235187,
  "token0_debtValUSD": 17595767.18553569,
  "token1_symbol": "WBNB",
  "token1_decimals": 18,
  "token1": 0,
  "token1_liquidity": 184308.0228638219,
  "token1_price": 496.73693931,
  "token1_posVal": 97285.9841327944,
  "token1_posValUSD": 48325541.99588552,
  "token1_debtVal": 64819.29913486852,
  "token1_debtValUSD": 32198140.26047392,
  "liquidity": 182937765.5582142,
  "tvl": 0,
  "health": 77823993.3973088,
  "debt": 49793907.446009606,
  "leverage": 2.776445050240799,
  "workerPositions": [
    {
      "name": "USDT-WBNB PancakeswapWorker",
      "address": "0x41867cc58aece8B570FF1A2a8aa6149014D2a94C",
      "vault": "ibWBNB",
      "borrowToken": "WBNB",
      "posVal": 97285.9841327944,
      "posValUSD": 48325541.99588552,
      "debtVal": 64819.29913486852,
      "debtValUSD": 32198140.26047392
    },
    {
      "name": "WBNB-USDT PancakeswapWorker",
      "address": "0x81b6534f4F7ba45Ecf98295Cef1450B4a4FC81Cd",
      "vault": "ibUSDT",
      "borrowToken": "USDT",
      "posVal": 29484217.011134636,
      "posValUSD": 29498451.40142327,
      "debtVal": 17587276.400235187,
      "debtValUSD": 17595767.18553569
    }
  ]
}