{
  "blockNo": 11449733,
  "lpName": "USDT-WBNB LP",
  "lpTokens": 0,
  "token0_symbol": "USDT",
  "token0_decimals": 18,
  "token0": 0,
  "token0_liquidity": 86745392.53490207,
  "token0_price": 1.00046578,
  "token0_posVal": 36337999.56379371,
  "token0_posValUSD": 36354925.077230535,
  "token0_debtVal": 21934298.49057899,
  "token0_debtValUSD": 21944515.048129935,
  "token1_symbol": "WBNB",
  "token1_decimals": 18,
  "token1": 0,
  "token1_liquidity": 202719.06303580015,
  "token1_price": 428.84069847,
  "token1_posVal": 126600.96786572783,
  "token1_posValUSD": 54291647.486516744,
  "token1_debtVal": 80729.19918506463,
  "token1_debtValUSD": 34619966.16544687,
  "liquidity": 173719981.3892935,
  "tvl": 0,
  "health": 90646572.56374729,
  "debt": 56564481.21357681,
  "leverage": 2.659654057974757,
  "workerPositions": [
    {
      "name": "USDT-WBNB PancakeswapWorker",
      "address": "0x41867cc58aece8B570FF1A2a8aa6149014D2a94C",
      "vault": "ibWBNB",
      "borrowToken": "WBNB",
      "posVal": 126600.96786572783,
      "posValUSD": 54291647.486516744,
      "debtVal": 80729.19918506463,
      "debtValUSD": 34619966.16544687
    },
    {
      "name": "WBNB-USDT PancakeswapWorker",
      "address": "0x81b6534f4F7ba45Ecf98295Cef1450B4a4FC81Cd",
      "vault": "ibUSDT",
      "borrowToken": "USDT",
      "posVal": 36337999.56379371,
      "posValUSD": 36354925.077230535,
      "debtVal": 21934298.49057899,
      "debtValUSD": 21944515.048129935
    }
  ]
}