{
  "blockNo": 11040312,
  "lpName": "USDT-WBNB LP",
  "lpTokens": 0,
  "token0_symbol": "USDT",
  "token0_decimals": 18,
  "token0": 0,
  "token0_liquidity": 136369986.6356275,
  "token0_price": 1.00014511,
  "token0_posVal": 50644992.66417934,
  "token0_posValUSD": 50652341.759064846,
  "token0_debtVal": 30321338.522861805,
  "token0_debtValUSD": 30325738.45229486,
  "token1_symbol": "WBNB",
  "token1_decimals": 18,
  "token1": 0,
  "token1_liquidity": 333554.31280713883,
  "token1_price": 408.65136466,
  "token1_posVal": 168218.5286592619,
  "token1_posValUSD": 68742731.2977047,
  "token1_debtVal": 102952.60427311424,
  "token1_debtValUSD": 42071722.23150908,
  "liquidity": 272697200.40125406,
  "tvl": 0,
  "health": 119395073.05676955,
  "debt": 72397460.68380395,
  "leverage": 2.540449759644579,
  "workerPositions": [
    {
      "name": "USDT-WBNB PancakeswapWorker",
      "address": "0x41867cc58aece8B570FF1A2a8aa6149014D2a94C",
      "vault": "ibWBNB",
      "borrowToken": "WBNB",
      "posVal": 168218.5286592619,
      "posValUSD": 68742731.2977047,
      "debtVal": 102952.60427311424,
      "debtValUSD": 42071722.23150908
    },
    {
      "name": "WBNB-USDT PancakeswapWorker",
      "address": "0x81b6534f4F7ba45Ecf98295Cef1450B4a4FC81Cd",
      "vault": "ibUSDT",
      "borrowToken": "USDT",
      "posVal": 50644992.66417934,
      "posValUSD": 50652341.759064846,
      "debtVal": 30321338.522861805,
      "debtValUSD": 30325738.45229486
    }
  ]
}