{
  "blockNo": 14656308,
  "lpName": "USDT-WBNB LP",
  "lpTokens": 0,
  "token0_symbol": "USDT",
  "token0_decimals": 18,
  "token0": 0,
  "token0_liquidity": 87690088.31906709,
  "token0_price": 1.00064458,
  "token0_posVal": 35363224.32420559,
  "token0_posValUSD": 35386018.751340486,
  "token0_debtVal": 22142331.18494414,
  "token0_debtValUSD": 22156603.68877933,
  "token1_symbol": "WBNB",
  "token1_decimals": 18,
  "token1": 0,
  "token1_liquidity": 236102.79955978363,
  "token1_price": 371.5284234,
  "token1_posVal": 122028.90227142164,
  "token1_posValUSD": 45337205.67013396,
  "token1_debtVal": 72467.18452376303,
  "token1_debtValUSD": 26923618.81435056,
  "liquidity": 175465512.4769684,
  "tvl": 0,
  "health": 80723224.42147446,
  "debt": 49080222.50312989,
  "leverage": 2.5510608832177946,
  "workerPositions": [
    {
      "name": "USDT-WBNB PancakeswapWorker",
      "address": "0x41867cc58aece8B570FF1A2a8aa6149014D2a94C",
      "vault": "ibWBNB",
      "borrowToken": "WBNB",
      "posVal": 122028.90227142164,
      "posValUSD": 45337205.67013396,
      "debtVal": 72467.18452376303,
      "debtValUSD": 26923618.81435056
    },
    {
      "name": "WBNB-USDT PancakeswapWorker",
      "address": "0x81b6534f4F7ba45Ecf98295Cef1450B4a4FC81Cd",
      "vault": "ibUSDT",
      "borrowToken": "USDT",
      "posVal": 35363224.32420559,
      "posValUSD": 35386018.751340486,
      "debtVal": 22142331.18494414,
      "debtValUSD": 22156603.68877933
    }
  ]
}