{
  "blockNo": 16457877,
  "lpName": "USDT-WBNB LP",
  "lpTokens": 0,
  "token0_symbol": "USDT",
  "token0_decimals": 18,
  "token0": 0,
  "token0_liquidity": 166669067.2431406,
  "token0_price": 1.00023485,
  "token0_posVal": 52660134.20414659,
  "token0_posValUSD": 52672501.43666443,
  "token0_debtVal": 26522804.369219836,
  "token0_debtValUSD": 26529033.249825947,
  "token1_symbol": "WBNB",
  "token1_decimals": 18,
  "token1": 0,
  "token1_liquidity": 381360.05294983386,
  "token1_price": 437.3353451,
  "token1_posVal": 167639.69656577872,
  "token1_posValUSD": 73314764.55005412,
  "token1_debtVal": 110766.62882234449,
  "token1_debtValUSD": 48442161.84158363,
  "liquidity": 333490439.8377525,
  "tvl": 0,
  "health": 125987265.98671855,
  "debt": 74971195.09140958,
  "leverage": 2.469560351781292,
  "workerPositions": [
    {
      "name": "USDT-WBNB PancakeswapWorker",
      "address": "0x41867cc58aece8B570FF1A2a8aa6149014D2a94C",
      "vault": "ibWBNB",
      "borrowToken": "WBNB",
      "posVal": 167639.69656577872,
      "posValUSD": 73314764.55005412,
      "debtVal": 110766.62882234449,
      "debtValUSD": 48442161.84158363
    },
    {
      "name": "WBNB-USDT PancakeswapWorker",
      "address": "0x81b6534f4F7ba45Ecf98295Cef1450B4a4FC81Cd",
      "vault": "ibUSDT",
      "borrowToken": "USDT",
      "posVal": 52660134.20414659,
      "posValUSD": 52672501.43666443,
      "debtVal": 26522804.369219836,
      "debtValUSD": 26529033.249825947
    }
  ]
}