{
  "blockNo": 14404354,
  "lpName": "USDT-WBNB LP",
  "lpTokens": 0,
  "token0_symbol": "USDT",
  "token0_decimals": 18,
  "token0": 0,
  "token0_liquidity": 90828969.47684772,
  "token0_price": 1.00048278,
  "token0_posVal": 29410372.684429068,
  "token0_posValUSD": 29424571.424153656,
  "token0_debtVal": 17637270.184717823,
  "token0_debtValUSD": 17645785.1060176,
  "token1_symbol": "WBNB",
  "token1_decimals": 18,
  "token1": 0,
  "token1_liquidity": 185436.895916915,
  "token1_price": 489.83141866,
  "token1_posVal": 97849.88102248854,
  "token1_posValUSD": 47929946.03695777,
  "token1_debtVal": 64797.3839469357,
  "token1_debtValUSD": 31739794.504184224,
  "liquidity": 181705637.685621,
  "tvl": 0,
  "health": 77354517.46111143,
  "debt": 49385579.61020182,
  "leverage": 2.765729534437637,
  "workerPositions": [
    {
      "name": "USDT-WBNB PancakeswapWorker",
      "address": "0x41867cc58aece8B570FF1A2a8aa6149014D2a94C",
      "vault": "ibWBNB",
      "borrowToken": "WBNB",
      "posVal": 97849.88102248854,
      "posValUSD": 47929946.03695777,
      "debtVal": 64797.3839469357,
      "debtValUSD": 31739794.504184224
    },
    {
      "name": "WBNB-USDT PancakeswapWorker",
      "address": "0x81b6534f4F7ba45Ecf98295Cef1450B4a4FC81Cd",
      "vault": "ibUSDT",
      "borrowToken": "USDT",
      "posVal": 29410372.684429068,
      "posValUSD": 29424571.424153656,
      "debtVal": 17637270.184717823,
      "debtValUSD": 17645785.1060176
    }
  ]
}