{
  "blockNo": 10991231,
  "lpName": "USDT-WBNB LP",
  "lpTokens": 0,
  "token0_symbol": "USDT",
  "token0_decimals": 18,
  "token0": 0,
  "token0_liquidity": 134273408.08604836,
  "token0_price": 1,
  "token0_posVal": 49348968.133425996,
  "token0_posValUSD": 49348968.133425996,
  "token0_debtVal": 29467659.972058695,
  "token0_debtValUSD": 29467659.972058695,
  "token1_symbol": "WBNB",
  "token1_decimals": 18,
  "token1": 0,
  "token1_liquidity": 327430.1662133623,
  "token1_price": 410.00037334,
  "token1_posVal": 165200.17669510745,
  "token1_posValUSD": 67732134.12082802,
  "token1_debtVal": 100885.02636299407,
  "token1_debtValUSD": 41362898.47324331,
  "liquidity": 268519898.4763051,
  "tvl": 0,
  "health": 117081102.25425401,
  "debt": 70830558.44530201,
  "leverage": 2.531453527073825,
  "workerPositions": [
    {
      "name": "USDT-WBNB PancakeswapWorker",
      "address": "0x41867cc58aece8B570FF1A2a8aa6149014D2a94C",
      "vault": "ibWBNB",
      "borrowToken": "WBNB",
      "posVal": 165200.17669510745,
      "posValUSD": 67732134.12082802,
      "debtVal": 100885.02636299407,
      "debtValUSD": 41362898.47324331
    },
    {
      "name": "WBNB-USDT PancakeswapWorker",
      "address": "0x81b6534f4F7ba45Ecf98295Cef1450B4a4FC81Cd",
      "vault": "ibUSDT",
      "borrowToken": "USDT",
      "posVal": 49348968.133425996,
      "posValUSD": 49348968.133425996,
      "debtVal": 29467659.972058695,
      "debtValUSD": 29467659.972058695
    }
  ]
}