{
  "blockNo": 15294844,
  "lpName": "USDT-WBNB LP",
  "lpTokens": 0,
  "token0_symbol": "USDT",
  "token0_decimals": 18,
  "token0": 0,
  "token0_liquidity": 102914689.69749461,
  "token0_price": 1.00064632,
  "token0_posVal": 31462901.74964396,
  "token0_posValUSD": 31483236.85230279,
  "token0_debtVal": 17464030.316203568,
  "token0_debtValUSD": 17475317.668277536,
  "token1_symbol": "WBNB",
  "token1_decimals": 18,
  "token1": 0,
  "token1_liquidity": 238784.08474467185,
  "token1_price": 432.01230932,
  "token1_posVal": 178171.31143160613,
  "token1_posValUSD": 76972199.70614107,
  "token1_debtVal": 114780.7320624536,
  "token1_debtValUSD": 49586689.12374074,
  "liquidity": 206138869.39914817,
  "tvl": 0,
  "health": 108455436.55844386,
  "debt": 67062006.79201828,
  "leverage": 2.6201123504487325,
  "workerPositions": [
    {
      "name": "USDT-WBNB PancakeswapWorker",
      "address": "0x41867cc58aece8B570FF1A2a8aa6149014D2a94C",
      "vault": "ibWBNB",
      "borrowToken": "WBNB",
      "posVal": 178171.31143160613,
      "posValUSD": 76972199.70614107,
      "debtVal": 114780.7320624536,
      "debtValUSD": 49586689.12374074
    },
    {
      "name": "WBNB-USDT PancakeswapWorker",
      "address": "0x81b6534f4F7ba45Ecf98295Cef1450B4a4FC81Cd",
      "vault": "ibUSDT",
      "borrowToken": "USDT",
      "posVal": 31462901.74964396,
      "posValUSD": 31483236.85230279,
      "debtVal": 17464030.316203568,
      "debtValUSD": 17475317.668277536
    }
  ]
}