{
  "blockNo": 12749045,
  "lpName": "USDT-WBNB LP",
  "lpTokens": 0,
  "token0_symbol": "USDT",
  "token0_decimals": 18,
  "token0": 0,
  "token0_liquidity": 142919920.33454344,
  "token0_price": 1.00055532,
  "token0_posVal": 50980923.82223653,
  "token0_posValUSD": 51009234.548853494,
  "token0_debtVal": 30590088.587171633,
  "token0_debtValUSD": 30607075.875165857,
  "token1_symbol": "WBNB",
  "token1_decimals": 18,
  "token1": 0,
  "token1_liquidity": 249160.11618624482,
  "token1_price": 572.43338788,
  "token1_posVal": 145237.52603118317,
  "token1_posValUSD": 83138809.07333988,
  "token1_debtVal": 96271.70566592431,
  "token1_debtValUSD": 55109138.63133125,
  "liquidity": 285626856.05777013,
  "tvl": 0,
  "health": 134148043.62219337,
  "debt": 85716214.50649711,
  "leverage": 2.7698322791347434,
  "workerPositions": [
    {
      "name": "USDT-WBNB PancakeswapWorker",
      "address": "0x41867cc58aece8B570FF1A2a8aa6149014D2a94C",
      "vault": "ibWBNB",
      "borrowToken": "WBNB",
      "posVal": 145237.52603118317,
      "posValUSD": 83138809.07333988,
      "debtVal": 96271.70566592431,
      "debtValUSD": 55109138.63133125
    },
    {
      "name": "WBNB-USDT PancakeswapWorker",
      "address": "0x81b6534f4F7ba45Ecf98295Cef1450B4a4FC81Cd",
      "vault": "ibUSDT",
      "borrowToken": "USDT",
      "posVal": 50980923.82223653,
      "posValUSD": 51009234.548853494,
      "debtVal": 30590088.587171633,
      "debtValUSD": 30607075.875165857
    }
  ]
}