{
  "blockNo": 17835919,
  "lpName": "USDT-WBNB LP",
  "lpTokens": 0,
  "token0_symbol": "USDT",
  "token0_decimals": 18,
  "token0": 0,
  "token0_liquidity": 104031912.62804444,
  "token0_price": 0.99938424,
  "token0_posVal": 30798806.02656051,
  "token0_posValUSD": 30779841.3537616,
  "token0_debtVal": 18190486.542396445,
  "token0_debtValUSD": 18179285.5684031,
  "token1_symbol": "WBNB",
  "token1_decimals": 18,
  "token1": 0,
  "token1_liquidity": 335239.7662587044,
  "token1_price": 310.18027036,
  "token1_posVal": 99533.05875351913,
  "token1_posValUSD": 30873191.07392433,
  "token1_debtVal": 51463.37843287512,
  "token1_debtValUSD": 15962924.635948198,
  "liquidity": 207952615.27107275,
  "tvl": 0,
  "health": 61653032.42768593,
  "debt": 34142210.2043513,
  "leverage": 2.2410465207903503,
  "workerPositions": [
    {
      "name": "USDT-WBNB PancakeswapWorker",
      "address": "0x41867cc58aece8B570FF1A2a8aa6149014D2a94C",
      "vault": "ibWBNB",
      "borrowToken": "WBNB",
      "posVal": 99533.05875351913,
      "posValUSD": 30873191.07392433,
      "debtVal": 51463.37843287512,
      "debtValUSD": 15962924.635948198
    },
    {
      "name": "WBNB-USDT PancakeswapWorker",
      "address": "0x81b6534f4F7ba45Ecf98295Cef1450B4a4FC81Cd",
      "vault": "ibUSDT",
      "borrowToken": "USDT",
      "posVal": 30798806.02656051,
      "posValUSD": 30779841.3537616,
      "debtVal": 18190486.542396445,
      "debtValUSD": 18179285.5684031
    }
  ]
}