{
  "blockNo": 17556733,
  "lpName": "USDT-WBNB LP",
  "lpTokens": 0,
  "token0_symbol": "USDT",
  "token0_decimals": 18,
  "token0": 0,
  "token0_liquidity": 156128359.85808197,
  "token0_price": 0.99992324,
  "token0_posVal": 35714687.62028371,
  "token0_posValUSD": 35711946.16086198,
  "token0_debtVal": 18973371.097468868,
  "token0_debtValUSD": 18971914.701503426,
  "token1_symbol": "WBNB",
  "token1_decimals": 18,
  "token1": 0,
  "token1_liquidity": 412110.0687921586,
  "token1_price": 378.03752176,
  "token1_posVal": 166108.62972831805,
  "token1_posValUSD": 62795294.72544282,
  "token1_debtVal": 101562.10979264292,
  "token1_debtValUSD": 38394288.29072776,
  "liquidity": 311909444.54371,
  "tvl": 0,
  "health": 98507240.8863048,
  "debt": 57366202.99223118,
  "leverage": 2.394379090287725,
  "workerPositions": [
    {
      "name": "USDT-WBNB PancakeswapWorker",
      "address": "0x41867cc58aece8B570FF1A2a8aa6149014D2a94C",
      "vault": "ibWBNB",
      "borrowToken": "WBNB",
      "posVal": 166108.62972831805,
      "posValUSD": 62795294.72544282,
      "debtVal": 101562.10979264292,
      "debtValUSD": 38394288.29072776
    },
    {
      "name": "WBNB-USDT PancakeswapWorker",
      "address": "0x81b6534f4F7ba45Ecf98295Cef1450B4a4FC81Cd",
      "vault": "ibUSDT",
      "borrowToken": "USDT",
      "posVal": 35714687.62028371,
      "posValUSD": 35711946.16086198,
      "debtVal": 18973371.097468868,
      "debtValUSD": 18971914.701503426
    }
  ]
}