{
  "blockNo": 11803940,
  "lpName": "USDT-WBNB LP",
  "lpTokens": 0,
  "token0_symbol": "USDT",
  "token0_decimals": 18,
  "token0": 0,
  "token0_liquidity": 112257388.44270256,
  "token0_price": 1.00030137,
  "token0_posVal": 45087829.73769896,
  "token0_posValUSD": 45101417.85694701,
  "token0_debtVal": 26233518.68290474,
  "token0_debtValUSD": 26241424.678430207,
  "token1_symbol": "WBNB",
  "token1_decimals": 18,
  "token1": 0,
  "token1_liquidity": 235601.47730098394,
  "token1_price": 475.86576976,
  "token1_posVal": 119925.9310213673,
  "token1_posValUSD": 57068645.47966761,
  "token1_debtVal": 79672.29000146787,
  "token1_debtValUSD": 37913315.61009046,
  "liquidity": 224405897.80428344,
  "tvl": 0,
  "health": 102170063.33661462,
  "debt": 64154740.288520664,
  "leverage": 2.6876021336806,
  "workerPositions": [
    {
      "name": "USDT-WBNB PancakeswapWorker",
      "address": "0x41867cc58aece8B570FF1A2a8aa6149014D2a94C",
      "vault": "ibWBNB",
      "borrowToken": "WBNB",
      "posVal": 119925.9310213673,
      "posValUSD": 57068645.47966761,
      "debtVal": 79672.29000146787,
      "debtValUSD": 37913315.61009046
    },
    {
      "name": "WBNB-USDT PancakeswapWorker",
      "address": "0x81b6534f4F7ba45Ecf98295Cef1450B4a4FC81Cd",
      "vault": "ibUSDT",
      "borrowToken": "USDT",
      "posVal": 45087829.73769896,
      "posValUSD": 45101417.85694701,
      "debtVal": 26233518.68290474,
      "debtValUSD": 26241424.678430207
    }
  ]
}