{
  "blockNo": 11089186,
  "lpName": "USDT-WBNB LP",
  "lpTokens": 0,
  "token0_symbol": "USDT",
  "token0_decimals": 18,
  "token0": 0,
  "token0_liquidity": 133327313.04615326,
  "token0_price": 1.00019448,
  "token0_posVal": 42835057.316626586,
  "token0_posValUSD": 42843387.87857352,
  "token0_debtVal": 26651502.9358077,
  "token0_debtValUSD": 26656686.120098658,
  "token1_symbol": "WBNB",
  "token1_decimals": 18,
  "token1": 0,
  "token1_liquidity": 365073.6055285224,
  "token1_price": 364.29466051,
  "token1_posVal": 144499.73551615523,
  "token1_posValUSD": 52640482.09364256,
  "token1_debtVal": 86275.18535432227,
  "token1_debtValUSD": 31429589.359090157,
  "liquidity": 266347607.72916922,
  "tvl": 0,
  "health": 95483869.97221608,
  "debt": 58086275.479188815,
  "leverage": 2.553208869891857,
  "workerPositions": [
    {
      "name": "USDT-WBNB PancakeswapWorker",
      "address": "0x41867cc58aece8B570FF1A2a8aa6149014D2a94C",
      "vault": "ibWBNB",
      "borrowToken": "WBNB",
      "posVal": 144499.73551615523,
      "posValUSD": 52640482.09364256,
      "debtVal": 86275.18535432227,
      "debtValUSD": 31429589.359090157
    },
    {
      "name": "WBNB-USDT PancakeswapWorker",
      "address": "0x81b6534f4F7ba45Ecf98295Cef1450B4a4FC81Cd",
      "vault": "ibUSDT",
      "borrowToken": "USDT",
      "posVal": 42835057.316626586,
      "posValUSD": 42843387.87857352,
      "debtVal": 26651502.9358077,
      "debtValUSD": 26656686.120098658
    }
  ]
}