{
  "blockNo": 9116319,
  "lpName": "USDT-WBNB LP",
  "lpTokens": 0,
  "token0_symbol": "USDT",
  "token0_decimals": 18,
  "token0": 0,
  "token0_liquidity": 116559310.46351075,
  "token0_price": 0.99999226,
  "token0_posVal": 26327172.6616989,
  "token0_posValUSD": 26326968.889382496,
  "token0_debtVal": 14787645.465068052,
  "token0_debtValUSD": 14787531.008692151,
  "token1_symbol": "WBNB",
  "token1_decimals": 18,
  "token1": 0,
  "token1_liquidity": 369933.94955422776,
  "token1_price": 315.65,
  "token1_posVal": 77354.49995096948,
  "token1_posValUSD": 24416947.909523513,
  "token1_debtVal": 47981.85052733515,
  "token1_debtValUSD": 15145471.118953338,
  "liquidity": 233328059.47123975,
  "tvl": 0,
  "health": 50743916.79890601,
  "debt": 29933002.12764549,
  "leverage": 2.4383318849979427,
  "workerPositions": [
    {
      "name": "USDT-WBNB PancakeswapWorker",
      "address": "0x41867cc58aece8B570FF1A2a8aa6149014D2a94C",
      "vault": "ibWBNB",
      "borrowToken": "WBNB",
      "posVal": 77354.49995096948,
      "posValUSD": 24416947.909523513,
      "debtVal": 47981.85052733515,
      "debtValUSD": 15145471.118953338
    },
    {
      "name": "WBNB-USDT PancakeswapWorker",
      "address": "0x81b6534f4F7ba45Ecf98295Cef1450B4a4FC81Cd",
      "vault": "ibUSDT",
      "borrowToken": "USDT",
      "posVal": 26327172.6616989,
      "posValUSD": 26326968.889382496,
      "debtVal": 14787645.465068052,
      "debtValUSD": 14787531.008692151
    }
  ]
}