{
  "blockNo": 13682056,
  "lpName": "USDT-WBNB LP",
  "lpTokens": 0,
  "token0_symbol": "USDT",
  "token0_decimals": 18,
  "token0": 0,
  "token0_liquidity": 144414671.3720776,
  "token0_price": 1.00034966,
  "token0_posVal": 49748915.745955415,
  "token0_posValUSD": 49766310.95183514,
  "token0_debtVal": 31193435.414238494,
  "token0_debtValUSD": 31204342.510865435,
  "token1_symbol": "WBNB",
  "token1_decimals": 18,
  "token1": 0,
  "token1_liquidity": 272804.3408132073,
  "token1_price": 528.99,
  "token1_posVal": 151227.60564196738,
  "token1_posValUSD": 79997891.10854433,
  "token1_debtVal": 95922.36398362709,
  "token1_debtValUSD": 50741971.32369889,
  "liquidity": 288775935.6528481,
  "tvl": 0,
  "health": 129764202.06037948,
  "debt": 81946313.83456433,
  "leverage": 2.713716704668787,
  "workerPositions": [
    {
      "name": "USDT-WBNB PancakeswapWorker",
      "address": "0x41867cc58aece8B570FF1A2a8aa6149014D2a94C",
      "vault": "ibWBNB",
      "borrowToken": "WBNB",
      "posVal": 151227.60564196738,
      "posValUSD": 79997891.10854433,
      "debtVal": 95922.36398362709,
      "debtValUSD": 50741971.32369889
    },
    {
      "name": "WBNB-USDT PancakeswapWorker",
      "address": "0x81b6534f4F7ba45Ecf98295Cef1450B4a4FC81Cd",
      "vault": "ibUSDT",
      "borrowToken": "USDT",
      "posVal": 49748915.745955415,
      "posValUSD": 49766310.95183514,
      "debtVal": 31193435.414238494,
      "debtValUSD": 31204342.510865435
    }
  ]
}