{
  "blockNo": 15948371,
  "lpName": "USDT-WBNB LP",
  "lpTokens": 0,
  "token0_symbol": "USDT",
  "token0_decimals": 18,
  "token0": 0,
  "token0_liquidity": 118433774.49820288,
  "token0_price": 1.00034933,
  "token0_posVal": 47001895.322796404,
  "token0_posValUSD": 47018314.49488951,
  "token0_debtVal": 25522740.03949476,
  "token0_debtValUSD": 25531655.898272756,
  "token1_symbol": "WBNB",
  "token1_decimals": 18,
  "token1": 0,
  "token1_liquidity": 319231.86538138735,
  "token1_price": 370.71,
  "token1_posVal": 183464.2270164022,
  "token1_posValUSD": 68012023.59725046,
  "token1_debtVal": 110065.22112672577,
  "token1_debtValUSD": 40802278.12388851,
  "liquidity": 236817591.78418243,
  "tvl": 0,
  "health": 115030338.09213997,
  "debt": 66333934.02216126,
  "leverage": 2.3621936832714936,
  "workerPositions": [
    {
      "name": "USDT-WBNB PancakeswapWorker",
      "address": "0x41867cc58aece8B570FF1A2a8aa6149014D2a94C",
      "vault": "ibWBNB",
      "borrowToken": "WBNB",
      "posVal": 183464.2270164022,
      "posValUSD": 68012023.59725046,
      "debtVal": 110065.22112672577,
      "debtValUSD": 40802278.12388851
    },
    {
      "name": "WBNB-USDT PancakeswapWorker",
      "address": "0x81b6534f4F7ba45Ecf98295Cef1450B4a4FC81Cd",
      "vault": "ibUSDT",
      "borrowToken": "USDT",
      "posVal": 47001895.322796404,
      "posValUSD": 47018314.49488951,
      "debtVal": 25522740.03949476,
      "debtValUSD": 25531655.898272756
    }
  ]
}