{
  "blockNo": 18171767,
  "lpName": "USDT-WBNB LP",
  "lpTokens": 0,
  "token0_symbol": "USDT",
  "token0_decimals": 18,
  "token0": 0,
  "token0_liquidity": 118289975.35288288,
  "token0_price": 0.9992353,
  "token0_posVal": 29739385.732309975,
  "token0_posValUSD": 29716644.02404048,
  "token0_debtVal": 18220909.226129454,
  "token0_debtValUSD": 18206975.696844235,
  "token1_symbol": "WBNB",
  "token1_decimals": 18,
  "token1": 0,
  "token1_liquidity": 392180.2657944094,
  "token1_price": 301.4331296,
  "token1_posVal": 179500.11943187783,
  "token1_posValUSD": 54107282.7639247,
  "token1_debtVal": 91369.5745122563,
  "token1_debtValUSD": 27541816.795449805,
  "liquidity": 236415643.89449918,
  "tvl": 0,
  "health": 83823926.78796518,
  "debt": 45748792.49229404,
  "leverage": 2.201539885244616,
  "workerPositions": [
    {
      "name": "USDT-WBNB PancakeswapWorker",
      "address": "0x41867cc58aece8B570FF1A2a8aa6149014D2a94C",
      "vault": "ibWBNB",
      "borrowToken": "WBNB",
      "posVal": 179500.11943187783,
      "posValUSD": 54107282.7639247,
      "debtVal": 91369.5745122563,
      "debtValUSD": 27541816.795449805
    },
    {
      "name": "WBNB-USDT PancakeswapWorker",
      "address": "0x81b6534f4F7ba45Ecf98295Cef1450B4a4FC81Cd",
      "vault": "ibUSDT",
      "borrowToken": "USDT",
      "posVal": 29739385.732309975,
      "posValUSD": 29716644.02404048,
      "debtVal": 18220909.226129454,
      "debtValUSD": 18206975.696844235
    }
  ]
}