{
  "blockNo": 15310384,
  "lpName": "USDT-WBNB LP",
  "lpTokens": 0,
  "token0_symbol": "USDT",
  "token0_decimals": 18,
  "token0": 0,
  "token0_liquidity": 99846155.58163501,
  "token0_price": 1.00064632,
  "token0_posVal": 28617635.184379395,
  "token0_posValUSD": 28636131.334351763,
  "token0_debtVal": 15971697.98180971,
  "token0_debtValUSD": 15982020.809649313,
  "token1_symbol": "WBNB",
  "token1_decimals": 18,
  "token1": 0,
  "token1_liquidity": 235008.78781663763,
  "token1_price": 425.32,
  "token1_posVal": 179432.9293326872,
  "token1_posValUSD": 76316413.50377852,
  "token1_debtVal": 115298.72081012685,
  "token1_debtValUSD": 49038851.93496315,
  "liquidity": 199864625.78308284,
  "tvl": 0,
  "health": 104952544.83813028,
  "debt": 65020872.74461246,
  "leverage": 2.628303282475552,
  "workerPositions": [
    {
      "name": "USDT-WBNB PancakeswapWorker",
      "address": "0x41867cc58aece8B570FF1A2a8aa6149014D2a94C",
      "vault": "ibWBNB",
      "borrowToken": "WBNB",
      "posVal": 179432.9293326872,
      "posValUSD": 76316413.50377852,
      "debtVal": 115298.72081012685,
      "debtValUSD": 49038851.93496315
    },
    {
      "name": "WBNB-USDT PancakeswapWorker",
      "address": "0x81b6534f4F7ba45Ecf98295Cef1450B4a4FC81Cd",
      "vault": "ibUSDT",
      "borrowToken": "USDT",
      "posVal": 28617635.184379395,
      "posValUSD": 28636131.334351763,
      "debtVal": 15971697.98180971,
      "debtValUSD": 15982020.809649313
    }
  ]
}