{
  "blockNo": 14213987,
  "lpName": "USDT-WBNB LP",
  "lpTokens": 0,
  "token0_symbol": "USDT",
  "token0_decimals": 18,
  "token0": 0,
  "token0_liquidity": 108507844.60650986,
  "token0_price": 1.00014539,
  "token0_posVal": 31230088.21658388,
  "token0_posValUSD": 31234628.759109687,
  "token0_debtVal": 19565479.380720988,
  "token0_debtValUSD": 19568324.00576815,
  "token1_symbol": "WBNB",
  "token1_decimals": 18,
  "token1": 0,
  "token1_liquidity": 249872.7106155987,
  "token1_price": 434.83838529,
  "token1_posVal": 109092.4197845788,
  "token1_posValUSD": 47437571.6665051,
  "token1_debtVal": 64239.56050459288,
  "token1_debtValUSD": 27933826.761556428,
  "liquidity": 217177866.5741596,
  "tvl": 0,
  "health": 78672200.42561479,
  "debt": 47502150.76732458,
  "leverage": 2.5239677603365824,
  "workerPositions": [
    {
      "name": "USDT-WBNB PancakeswapWorker",
      "address": "0x41867cc58aece8B570FF1A2a8aa6149014D2a94C",
      "vault": "ibWBNB",
      "borrowToken": "WBNB",
      "posVal": 109092.4197845788,
      "posValUSD": 47437571.6665051,
      "debtVal": 64239.56050459288,
      "debtValUSD": 27933826.761556428
    },
    {
      "name": "WBNB-USDT PancakeswapWorker",
      "address": "0x81b6534f4F7ba45Ecf98295Cef1450B4a4FC81Cd",
      "vault": "ibUSDT",
      "borrowToken": "USDT",
      "posVal": 31230088.21658388,
      "posValUSD": 31234628.759109687,
      "debtVal": 19565479.380720988,
      "debtValUSD": 19568324.00576815
    }
  ]
}