{
  "blockNo": 8985535,
  "lpName": "USDT-WBNB LP",
  "lpTokens": 0,
  "token0_symbol": "USDT",
  "token0_decimals": 18,
  "token0": 0,
  "token0_liquidity": 91976732.42212933,
  "token0_price": 1.0002,
  "token0_posVal": 28675270.741465986,
  "token0_posValUSD": 28681005.79561428,
  "token0_debtVal": 16202825.769966634,
  "token0_debtValUSD": 16206066.335120628,
  "token1_symbol": "WBNB",
  "token1_decimals": 18,
  "token1": 0,
  "token1_liquidity": 290526.46350602433,
  "token1_price": 316.9278637,
  "token1_posVal": 92289.00311404628,
  "token1_posValUSD": 29248956.599937335,
  "token1_debtVal": 56234.78771024186,
  "token1_debtValUSD": 17822371.134629965,
  "liquidity": 184071059.19589406,
  "tvl": 0,
  "health": 57929962.395551614,
  "debt": 34028437.46975059,
  "leverage": 2.4236931566244064,
  "workerPositions": [
    {
      "name": "USDT-WBNB PancakeswapWorker",
      "address": "0x41867cc58aece8B570FF1A2a8aa6149014D2a94C",
      "vault": "ibWBNB",
      "borrowToken": "WBNB",
      "posVal": 92289.00311404628,
      "posValUSD": 29248956.599937335,
      "debtVal": 56234.78771024186,
      "debtValUSD": 17822371.134629965
    },
    {
      "name": "WBNB-USDT PancakeswapWorker",
      "address": "0x81b6534f4F7ba45Ecf98295Cef1450B4a4FC81Cd",
      "vault": "ibUSDT",
      "borrowToken": "USDT",
      "posVal": 28675270.741465986,
      "posValUSD": 28681005.79561428,
      "debtVal": 16202825.769966634,
      "debtValUSD": 16206066.335120628
    }
  ]
}