{
  "blockNo": 8849385,
  "lpName": "USDT-WBNB LP",
  "lpTokens": 0,
  "token0_symbol": "USDT",
  "token0_decimals": 18,
  "token0": 0,
  "token0_liquidity": 79693715.77994634,
  "token0_price": 1.0002,
  "token0_posVal": 29375890.56175585,
  "token0_posValUSD": 29381765.7398682,
  "token0_debtVal": 16555575.119472012,
  "token0_debtValUSD": 16558886.234495906,
  "token1_symbol": "WBNB",
  "token1_decimals": 18,
  "token1": 0,
  "token1_liquidity": 270829.83171635075,
  "token1_price": 293.78546285,
  "token1_posVal": 71797.9581762361,
  "token1_posValUSD": 21093196.374490466,
  "token1_debtVal": 42374.83669993886,
  "token1_debtValUSD": 12449111.013084704,
  "liquidity": 159275521.98747802,
  "tvl": 0,
  "health": 50474962.11435866,
  "debt": 29007997.24758061,
  "leverage": 2.351285448483355,
  "workerPositions": [
    {
      "name": "USDT-WBNB PancakeswapWorker",
      "address": "0x41867cc58aece8B570FF1A2a8aa6149014D2a94C",
      "vault": "ibWBNB",
      "borrowToken": "WBNB",
      "posVal": 71797.9581762361,
      "posValUSD": 21093196.374490466,
      "debtVal": 42374.83669993886,
      "debtValUSD": 12449111.013084704
    },
    {
      "name": "WBNB-USDT PancakeswapWorker",
      "address": "0x81b6534f4F7ba45Ecf98295Cef1450B4a4FC81Cd",
      "vault": "ibUSDT",
      "borrowToken": "USDT",
      "posVal": 29375890.56175585,
      "posValUSD": 29381765.7398682,
      "debtVal": 16555575.119472012,
      "debtValUSD": 16558886.234495906
    }
  ]
}