{
  "blockNo": 10949308,
  "lpName": "USDT-WBNB LP",
  "lpTokens": 0,
  "token0_symbol": "USDT",
  "token0_decimals": 18,
  "token0": 0,
  "token0_liquidity": 129188496.78624411,
  "token0_price": 1.00039557,
  "token0_posVal": 47569389.135168225,
  "token0_posValUSD": 47588206.15842842,
  "token0_debtVal": 27541349.88574152,
  "token0_debtValUSD": 27552244.417515825,
  "token1_symbol": "WBNB",
  "token1_decimals": 18,
  "token1": 0,
  "token1_liquidity": 300275.40612497507,
  "token1_price": 431.02014701,
  "token1_posVal": 143523.7671323512,
  "token1_posValUSD": 61861635.20881502,
  "token1_debtVal": 89162.53699406437,
  "token1_debtValUSD": 38430849.80296619,
  "liquidity": 258664349.57139206,
  "tvl": 0,
  "health": 109449841.36724344,
  "debt": 65983094.22048202,
  "leverage": 2.5180131606742107,
  "workerPositions": [
    {
      "name": "USDT-WBNB PancakeswapWorker",
      "address": "0x41867cc58aece8B570FF1A2a8aa6149014D2a94C",
      "vault": "ibWBNB",
      "borrowToken": "WBNB",
      "posVal": 143523.7671323512,
      "posValUSD": 61861635.20881502,
      "debtVal": 89162.53699406437,
      "debtValUSD": 38430849.80296619
    },
    {
      "name": "WBNB-USDT PancakeswapWorker",
      "address": "0x81b6534f4F7ba45Ecf98295Cef1450B4a4FC81Cd",
      "vault": "ibUSDT",
      "borrowToken": "USDT",
      "posVal": 47569389.135168225,
      "posValUSD": 47588206.15842842,
      "debtVal": 27541349.88574152,
      "debtValUSD": 27552244.417515825
    }
  ]
}