{
  "blockNo": 11275127,
  "lpName": "USDT-WBNB LP",
  "lpTokens": 0,
  "token0_symbol": "USDT",
  "token0_decimals": 18,
  "token0": 0,
  "token0_liquidity": 127728081.82599083,
  "token0_price": 1.00048523,
  "token0_posVal": 45603071.41181798,
  "token0_posValUSD": 45625199.39015914,
  "token0_debtVal": 28044685.509436727,
  "token0_debtValUSD": 28058293.632186472,
  "token1_symbol": "WBNB",
  "token1_decimals": 18,
  "token1": 0,
  "token1_liquidity": 363580.4576669104,
  "token1_price": 351.79330546,
  "token1_posVal": 160557.95999911556,
  "token1_posValUSD": 56483215.46600332,
  "token1_debtVal": 95875.13241535945,
  "token1_debtValUSD": 33728229.74381449,
  "liquidity": 255695230.3264373,
  "tvl": 0,
  "health": 102108414.85616246,
  "debt": 61786523.37600096,
  "leverage": 2.532331969257944,
  "workerPositions": [
    {
      "name": "USDT-WBNB PancakeswapWorker",
      "address": "0x41867cc58aece8B570FF1A2a8aa6149014D2a94C",
      "vault": "ibWBNB",
      "borrowToken": "WBNB",
      "posVal": 160557.95999911556,
      "posValUSD": 56483215.46600332,
      "debtVal": 95875.13241535945,
      "debtValUSD": 33728229.74381449
    },
    {
      "name": "WBNB-USDT PancakeswapWorker",
      "address": "0x81b6534f4F7ba45Ecf98295Cef1450B4a4FC81Cd",
      "vault": "ibUSDT",
      "borrowToken": "USDT",
      "posVal": 45603071.41181798,
      "posValUSD": 45625199.39015914,
      "debtVal": 28044685.509436727,
      "debtValUSD": 28058293.632186472
    }
  ]
}