{
  "blockNo": 15670282,
  "lpName": "USDT-WBNB LP",
  "lpTokens": 0,
  "token0_symbol": "USDT",
  "token0_decimals": 18,
  "token0": 0,
  "token0_liquidity": 126825508.50409637,
  "token0_price": 1.00037319,
  "token0_posVal": 46561933.0042642,
  "token0_posValUSD": 46579309.45204206,
  "token0_debtVal": 27739702.3102178,
  "token0_debtValUSD": 27750054.48972295,
  "token1_symbol": "WBNB",
  "token1_decimals": 18,
  "token1": 0,
  "token1_liquidity": 320656.04939025035,
  "token1_price": 396.03107042,
  "token1_posVal": 195117.72804599843,
  "token1_posValUSD": 77272682.69597521,
  "token1_debtVal": 120982.67173817272,
  "token1_debtValUSD": 47912896.99074002,
  "liquidity": 253862596.99228424,
  "tvl": 0,
  "health": 123851992.14801727,
  "debt": 75662951.48046297,
  "leverage": 2.570127780763373,
  "workerPositions": [
    {
      "name": "USDT-WBNB PancakeswapWorker",
      "address": "0x41867cc58aece8B570FF1A2a8aa6149014D2a94C",
      "vault": "ibWBNB",
      "borrowToken": "WBNB",
      "posVal": 195117.72804599843,
      "posValUSD": 77272682.69597521,
      "debtVal": 120982.67173817272,
      "debtValUSD": 47912896.99074002
    },
    {
      "name": "WBNB-USDT PancakeswapWorker",
      "address": "0x81b6534f4F7ba45Ecf98295Cef1450B4a4FC81Cd",
      "vault": "ibUSDT",
      "borrowToken": "USDT",
      "posVal": 46561933.0042642,
      "posValUSD": 46579309.45204206,
      "debtVal": 27739702.3102178,
      "debtValUSD": 27750054.48972295
    }
  ]
}