{
  "blockNo": 11279878,
  "lpName": "USDT-WBNB LP",
  "lpTokens": 0,
  "token0_symbol": "USDT",
  "token0_decimals": 18,
  "token0": 0,
  "token0_liquidity": 127392218.29769556,
  "token0_price": 1.00048523,
  "token0_posVal": 45374891.80347835,
  "token0_posValUSD": 45396909.06222816,
  "token0_debtVal": 28046800.033459384,
  "token0_debtValUSD": 28060409.18223962,
  "token1_symbol": "WBNB",
  "token1_decimals": 18,
  "token1": 0,
  "token1_liquidity": 366356.9730208538,
  "token1_price": 348.12200814,
  "token1_posVal": 162541.05662550073,
  "token1_posValUSD": 56584119.03766677,
  "token1_debtVal": 96450.55674781241,
  "token1_debtValUSD": 33576561.50126948,
  "liquidity": 254990957.96789157,
  "tvl": 0,
  "health": 101981028.09989493,
  "debt": 61636970.6835091,
  "leverage": 2.52778313909684,
  "workerPositions": [
    {
      "name": "USDT-WBNB PancakeswapWorker",
      "address": "0x41867cc58aece8B570FF1A2a8aa6149014D2a94C",
      "vault": "ibWBNB",
      "borrowToken": "WBNB",
      "posVal": 162541.05662550073,
      "posValUSD": 56584119.03766677,
      "debtVal": 96450.55674781241,
      "debtValUSD": 33576561.50126948
    },
    {
      "name": "WBNB-USDT PancakeswapWorker",
      "address": "0x81b6534f4F7ba45Ecf98295Cef1450B4a4FC81Cd",
      "vault": "ibUSDT",
      "borrowToken": "USDT",
      "posVal": 45374891.80347835,
      "posValUSD": 45396909.06222816,
      "debtVal": 28046800.033459384,
      "debtValUSD": 28060409.18223962
    }
  ]
}