{
  "blockNo": 12806325,
  "lpName": "USDT-WBNB LP",
  "lpTokens": 0,
  "token0_symbol": "USDT",
  "token0_decimals": 18,
  "token0": 0,
  "token0_liquidity": 153303979.95746243,
  "token0_price": 1.00166629,
  "token0_posVal": 65825995.832492635,
  "token0_posValUSD": 65935681.03108836,
  "token0_debtVal": 37293080.406870775,
  "token0_debtValUSD": 37355221.49382194,
  "token1_symbol": "WBNB",
  "token1_decimals": 18,
  "token1": 0,
  "token1_liquidity": 259644.76937406557,
  "token1_price": 590.88610215,
  "token1_posVal": 146204.5538501883,
  "token1_posValUSD": 86390238.94111754,
  "token1_debtVal": 98429.99094034269,
  "token1_debtValUSD": 58160913.681398906,
  "liquidity": 306979914.5653031,
  "tvl": 0,
  "health": 152325919.9722059,
  "debt": 95516135.17522085,
  "leverage": 2.681332459127533,
  "workerPositions": [
    {
      "name": "USDT-WBNB PancakeswapWorker",
      "address": "0x41867cc58aece8B570FF1A2a8aa6149014D2a94C",
      "vault": "ibWBNB",
      "borrowToken": "WBNB",
      "posVal": 146204.5538501883,
      "posValUSD": 86390238.94111754,
      "debtVal": 98429.99094034269,
      "debtValUSD": 58160913.681398906
    },
    {
      "name": "WBNB-USDT PancakeswapWorker",
      "address": "0x81b6534f4F7ba45Ecf98295Cef1450B4a4FC81Cd",
      "vault": "ibUSDT",
      "borrowToken": "USDT",
      "posVal": 65825995.832492635,
      "posValUSD": 65935681.03108836,
      "debtVal": 37293080.406870775,
      "debtValUSD": 37355221.49382194
    }
  ]
}