{
  "blockNo": 15999801,
  "lpName": "USDT-WBNB LP",
  "lpTokens": 0,
  "token0_symbol": "USDT",
  "token0_decimals": 18,
  "token0": 0,
  "token0_liquidity": 122822385.91780159,
  "token0_price": 1.00019129,
  "token0_posVal": 49058784.61536095,
  "token0_posValUSD": 49068169.07027003,
  "token0_debtVal": 26433079.835095678,
  "token0_debtValUSD": 26438136.218937334,
  "token1_symbol": "WBNB",
  "token1_decimals": 18,
  "token1": 0,
  "token1_liquidity": 325511.8413849058,
  "token1_price": 377.76575322,
  "token1_posVal": 183726.92081712646,
  "token1_posValUSD": 69405738.62927309,
  "token1_debtVal": 111876.53901986913,
  "token1_debtValUSD": 42263125.03048758,
  "liquidity": 245813106.55480194,
  "tvl": 0,
  "health": 118473907.69954312,
  "debt": 68701261.24942492,
  "leverage": 2.380301554153381,
  "workerPositions": [
    {
      "name": "USDT-WBNB PancakeswapWorker",
      "address": "0x41867cc58aece8B570FF1A2a8aa6149014D2a94C",
      "vault": "ibWBNB",
      "borrowToken": "WBNB",
      "posVal": 183726.92081712646,
      "posValUSD": 69405738.62927309,
      "debtVal": 111876.53901986913,
      "debtValUSD": 42263125.03048758
    },
    {
      "name": "WBNB-USDT PancakeswapWorker",
      "address": "0x81b6534f4F7ba45Ecf98295Cef1450B4a4FC81Cd",
      "vault": "ibUSDT",
      "borrowToken": "USDT",
      "posVal": 49058784.61536095,
      "posValUSD": 49068169.07027003,
      "debtVal": 26433079.835095678,
      "debtValUSD": 26438136.218937334
    }
  ]
}