{
  "blockNo": 14787973,
  "lpName": "USDT-WBNB LP",
  "lpTokens": 0,
  "token0_symbol": "USDT",
  "token0_decimals": 18,
  "token0": 0,
  "token0_liquidity": 102385972.95737155,
  "token0_price": 1.0004,
  "token0_posVal": 38265805.196193755,
  "token0_posValUSD": 38281111.51827223,
  "token0_debtVal": 23195355.71983615,
  "token0_debtValUSD": 23204633.86212408,
  "token1_symbol": "WBNB",
  "token1_decimals": 18,
  "token1": 0,
  "token1_liquidity": 262577.45231122716,
  "token1_price": 390.74883502,
  "token1_posVal": 124173.98363987768,
  "token1_posValUSD": 48520839.44707474,
  "token1_debtVal": 75766.7936396715,
  "token1_debtValUSD": 29605786.347902384,
  "liquidity": 205028760.93968612,
  "tvl": 0,
  "health": 86801950.96534696,
  "debt": 52810420.210026465,
  "leverage": 2.553634656531623,
  "workerPositions": [
    {
      "name": "USDT-WBNB PancakeswapWorker",
      "address": "0x41867cc58aece8B570FF1A2a8aa6149014D2a94C",
      "vault": "ibWBNB",
      "borrowToken": "WBNB",
      "posVal": 124173.98363987768,
      "posValUSD": 48520839.44707474,
      "debtVal": 75766.7936396715,
      "debtValUSD": 29605786.347902384
    },
    {
      "name": "WBNB-USDT PancakeswapWorker",
      "address": "0x81b6534f4F7ba45Ecf98295Cef1450B4a4FC81Cd",
      "vault": "ibUSDT",
      "borrowToken": "USDT",
      "posVal": 38265805.196193755,
      "posValUSD": 38281111.51827223,
      "debtVal": 23195355.71983615,
      "debtValUSD": 23204633.86212408
    }
  ]
}