{
  "blockNo": 17479133,
  "lpName": "USDT-WBNB LP",
  "lpTokens": 0,
  "token0_symbol": "USDT",
  "token0_decimals": 18,
  "token0": 0,
  "token0_liquidity": 134039284.59004928,
  "token0_price": 1.00027397,
  "token0_posVal": 16338703.225763042,
  "token0_posValUSD": 16343179.540285805,
  "token0_debtVal": 9149625.449416516,
  "token0_debtValUSD": 9152132.172300894,
  "token1_symbol": "WBNB",
  "token1_decimals": 18,
  "token1": 0,
  "token1_liquidity": 345077.41987399367,
  "token1_price": 388.51545349,
  "token1_posVal": 162681.1803133556,
  "token1_posValUSD": 63204152.543731816,
  "token1_debtVal": 100862.86342590605,
  "token1_debtValUSD": 39186781.12421583,
  "liquidity": 268143917.60435224,
  "tvl": 0,
  "health": 79547332.08401762,
  "debt": 48338913.29651672,
  "leverage": 2.5489061982171504,
  "workerPositions": [
    {
      "name": "USDT-WBNB PancakeswapWorker",
      "address": "0x41867cc58aece8B570FF1A2a8aa6149014D2a94C",
      "vault": "ibWBNB",
      "borrowToken": "WBNB",
      "posVal": 162681.1803133556,
      "posValUSD": 63204152.543731816,
      "debtVal": 100862.86342590605,
      "debtValUSD": 39186781.12421583
    },
    {
      "name": "WBNB-USDT PancakeswapWorker",
      "address": "0x81b6534f4F7ba45Ecf98295Cef1450B4a4FC81Cd",
      "vault": "ibUSDT",
      "borrowToken": "USDT",
      "posVal": 16338703.225763042,
      "posValUSD": 16343179.540285805,
      "debtVal": 9149625.449416516,
      "debtValUSD": 9152132.172300894
    }
  ]
}