{
  "blockNo": 10441557,
  "lpName": "USDT-WBNB LP",
  "lpTokens": 0,
  "token0_symbol": "USDT",
  "token0_decimals": 18,
  "token0": 0,
  "token0_liquidity": 145046464.23406336,
  "token0_price": 1.00061809,
  "token0_posVal": 53792110.287202306,
  "token0_posValUSD": 53825358.652649716,
  "token0_debtVal": 29147474.73837269,
  "token0_debtValUSD": 29165490.50103373,
  "token1_symbol": "WBNB",
  "token1_decimals": 18,
  "token1": 0,
  "token1_liquidity": 301258.1020514891,
  "token1_price": 482.52993086,
  "token1_posVal": 119508.11188105909,
  "token1_posValUSD": 57666240.963176586,
  "token1_debtVal": 78729.81061846057,
  "token1_debtValUSD": 37989490.07434667,
  "liquidity": 290502167.1570616,
  "tvl": 0,
  "health": 111491599.61582631,
  "debt": 67154980.5753804,
  "leverage": 2.514661740763736,
  "workerPositions": [
    {
      "name": "USDT-WBNB PancakeswapWorker",
      "address": "0x41867cc58aece8B570FF1A2a8aa6149014D2a94C",
      "vault": "ibWBNB",
      "borrowToken": "WBNB",
      "posVal": 119508.11188105909,
      "posValUSD": 57666240.963176586,
      "debtVal": 78729.81061846057,
      "debtValUSD": 37989490.07434667
    },
    {
      "name": "WBNB-USDT PancakeswapWorker",
      "address": "0x81b6534f4F7ba45Ecf98295Cef1450B4a4FC81Cd",
      "vault": "ibUSDT",
      "borrowToken": "USDT",
      "posVal": 53792110.287202306,
      "posValUSD": 53825358.652649716,
      "debtVal": 29147474.73837269,
      "debtValUSD": 29165490.50103373
    }
  ]
}