{
  "blockNo": 11284674,
  "lpName": "USDT-WBNB LP",
  "lpTokens": 0,
  "token0_symbol": "USDT",
  "token0_decimals": 18,
  "token0": 0,
  "token0_liquidity": 126434799.57654545,
  "token0_price": 1.00056543,
  "token0_posVal": 44964839.96564885,
  "token0_posValUSD": 44990264.43511063,
  "token0_debtVal": 28053803.95242283,
  "token0_debtValUSD": 28069666.414791647,
  "token1_symbol": "WBNB",
  "token1_decimals": 18,
  "token1": 0,
  "token1_liquidity": 370523.7949007569,
  "token1_price": 341.62291799,
  "token1_posVal": 164136.23399492304,
  "token1_posValUSD": 56072699.20523505,
  "token1_debtVal": 96486.40716022045,
  "token1_debtValUSD": 32961967.960445743,
  "liquidity": 253085709.60399488,
  "tvl": 0,
  "health": 101062963.64034568,
  "debt": 61031634.37523739,
  "leverage": 2.5245967469891935,
  "workerPositions": [
    {
      "name": "USDT-WBNB PancakeswapWorker",
      "address": "0x41867cc58aece8B570FF1A2a8aa6149014D2a94C",
      "vault": "ibWBNB",
      "borrowToken": "WBNB",
      "posVal": 164136.23399492304,
      "posValUSD": 56072699.20523505,
      "debtVal": 96486.40716022045,
      "debtValUSD": 32961967.960445743
    },
    {
      "name": "WBNB-USDT PancakeswapWorker",
      "address": "0x81b6534f4F7ba45Ecf98295Cef1450B4a4FC81Cd",
      "vault": "ibUSDT",
      "borrowToken": "USDT",
      "posVal": 44964839.96564885,
      "posValUSD": 44990264.43511063,
      "debtVal": 28053803.95242283,
      "debtValUSD": 28069666.414791647
    }
  ]
}