{
  "blockNo": 10630106,
  "lpName": "USDT-WBNB LP",
  "lpTokens": 0,
  "token0_symbol": "USDT",
  "token0_decimals": 18,
  "token0": 0,
  "token0_liquidity": 137887185.70341906,
  "token0_price": 1.00053971,
  "token0_posVal": 62931711.87615748,
  "token0_posValUSD": 62965676.75037415,
  "token0_debtVal": 33778544.84769171,
  "token0_debtValUSD": 33796775.466131456,
  "token1_symbol": "WBNB",
  "token1_decimals": 18,
  "token1": 0,
  "token1_liquidity": 279436.2528409138,
  "token1_price": 494.20910394,
  "token1_posVal": 127467.09470254596,
  "token1_posValUSD": 62995398.65478036,
  "token1_debtVal": 82808.41149249971,
  "token1_debtValUSD": 40924670.84240308,
  "liquidity": 276061544.9212743,
  "tvl": 0,
  "health": 125961075.40515451,
  "debt": 74721446.30853453,
  "leverage": 2.4582745352749544,
  "workerPositions": [
    {
      "name": "USDT-WBNB PancakeswapWorker",
      "address": "0x41867cc58aece8B570FF1A2a8aa6149014D2a94C",
      "vault": "ibWBNB",
      "borrowToken": "WBNB",
      "posVal": 127467.09470254596,
      "posValUSD": 62995398.65478036,
      "debtVal": 82808.41149249971,
      "debtValUSD": 40924670.84240308
    },
    {
      "name": "WBNB-USDT PancakeswapWorker",
      "address": "0x81b6534f4F7ba45Ecf98295Cef1450B4a4FC81Cd",
      "vault": "ibUSDT",
      "borrowToken": "USDT",
      "posVal": 62931711.87615748,
      "posValUSD": 62965676.75037415,
      "debtVal": 33778544.84769171,
      "debtValUSD": 33796775.466131456
    }
  ]
}