{
  "blockNo": 10165824,
  "lpName": "USDT-WBNB LP",
  "lpTokens": 0,
  "token0_symbol": "USDT",
  "token0_decimals": 18,
  "token0": 0,
  "token0_liquidity": 115243464.02518037,
  "token0_price": 1.00035428,
  "token0_posVal": 36219293.612046696,
  "token0_posValUSD": 36232125.38338757,
  "token0_debtVal": 20476690.190196235,
  "token0_debtValUSD": 20483944.671996817,
  "token1_symbol": "WBNB",
  "token1_decimals": 18,
  "token1": 0,
  "token1_liquidity": 283605.1117924409,
  "token1_price": 406.82378653,
  "token1_posVal": 92925.97279659667,
  "token1_posValUSD": 37804496.12009523,
  "token1_debtVal": 61290.35086738611,
  "token1_debtValUSD": 24934372.617622286,
  "liquidity": 230661597.93828,
  "tvl": 0,
  "health": 74036621.5034828,
  "debt": 45418317.2896191,
  "leverage": 2.587037336321867,
  "workerPositions": [
    {
      "name": "USDT-WBNB PancakeswapWorker",
      "address": "0x41867cc58aece8B570FF1A2a8aa6149014D2a94C",
      "vault": "ibWBNB",
      "borrowToken": "WBNB",
      "posVal": 92925.97279659667,
      "posValUSD": 37804496.12009523,
      "debtVal": 61290.35086738611,
      "debtValUSD": 24934372.617622286
    },
    {
      "name": "WBNB-USDT PancakeswapWorker",
      "address": "0x81b6534f4F7ba45Ecf98295Cef1450B4a4FC81Cd",
      "vault": "ibUSDT",
      "borrowToken": "USDT",
      "posVal": 36219293.612046696,
      "posValUSD": 36232125.38338757,
      "debtVal": 20476690.190196235,
      "debtValUSD": 20483944.671996817
    }
  ]
}