{
  "blockNo": 15866256,
  "lpName": "USDT-WBNB LP",
  "lpTokens": 0,
  "token0_symbol": "USDT",
  "token0_decimals": 18,
  "token0": 0,
  "token0_liquidity": 98300915.50933653,
  "token0_price": 1.0001529,
  "token0_posVal": 22702208.333358563,
  "token0_posValUSD": 22705679.501012735,
  "token0_debtVal": 12757072.684289053,
  "token0_debtValUSD": 12759023.240702482,
  "token1_symbol": "WBNB",
  "token1_decimals": 18,
  "token1": 0,
  "token1_liquidity": 256799.94814681157,
  "token1_price": 382.70927377,
  "token1_posVal": 180196.74031105297,
  "token1_posValUSD": 68962963.62016436,
  "token1_debtVal": 110088.75851282306,
  "token1_debtValUSD": 42131988.82068341,
  "liquidity": 196595667.37875783,
  "tvl": 0,
  "health": 91668643.1211771,
  "debt": 54891012.06138589,
  "leverage": 2.4925108137646728,
  "workerPositions": [
    {
      "name": "USDT-WBNB PancakeswapWorker",
      "address": "0x41867cc58aece8B570FF1A2a8aa6149014D2a94C",
      "vault": "ibWBNB",
      "borrowToken": "WBNB",
      "posVal": 180196.74031105297,
      "posValUSD": 68962963.62016436,
      "debtVal": 110088.75851282306,
      "debtValUSD": 42131988.82068341
    },
    {
      "name": "WBNB-USDT PancakeswapWorker",
      "address": "0x81b6534f4F7ba45Ecf98295Cef1450B4a4FC81Cd",
      "vault": "ibUSDT",
      "borrowToken": "USDT",
      "posVal": 22702208.333358563,
      "posValUSD": 22705679.501012735,
      "debtVal": 12757072.684289053,
      "debtValUSD": 12759023.240702482
    }
  ]
}