{
  "blockNo": 12813265,
  "lpName": "USDT-WBNB LP",
  "lpTokens": 0,
  "token0_symbol": "USDT",
  "token0_decimals": 18,
  "token0": 0,
  "token0_liquidity": 154492959.6589438,
  "token0_price": 1.00106008,
  "token0_posVal": 66377548.88861788,
  "token0_posValUSD": 66447914.40064373,
  "token0_debtVal": 37396171.123635724,
  "token0_debtValUSD": 37435814.056720465,
  "token1_symbol": "WBNB",
  "token1_decimals": 18,
  "token1": 0,
  "token1_liquidity": 258805.5550432477,
  "token1_price": 596.8011582,
  "token1_posVal": 146169.75875816811,
  "token1_posValUSD": 87234281.32068934,
  "token1_debtVal": 98944.17384260816,
  "token1_debtValUSD": 59049997.546410695,
  "liquidity": 309112189.55402315,
  "tvl": 0,
  "health": 153682195.72133306,
  "debt": 96485811.60313116,
  "leverage": 2.686921526433102,
  "workerPositions": [
    {
      "name": "USDT-WBNB PancakeswapWorker",
      "address": "0x41867cc58aece8B570FF1A2a8aa6149014D2a94C",
      "vault": "ibWBNB",
      "borrowToken": "WBNB",
      "posVal": 146169.75875816811,
      "posValUSD": 87234281.32068934,
      "debtVal": 98944.17384260816,
      "debtValUSD": 59049997.546410695
    },
    {
      "name": "WBNB-USDT PancakeswapWorker",
      "address": "0x81b6534f4F7ba45Ecf98295Cef1450B4a4FC81Cd",
      "vault": "ibUSDT",
      "borrowToken": "USDT",
      "posVal": 66377548.88861788,
      "posValUSD": 66447914.40064373,
      "debtVal": 37396171.123635724,
      "debtValUSD": 37435814.056720465
    }
  ]
}