{
  "blockNo": 10865567,
  "lpName": "USDT-WBNB LP",
  "lpTokens": 0,
  "token0_symbol": "USDT",
  "token0_decimals": 18,
  "token0": 0,
  "token0_liquidity": 118643582.14721513,
  "token0_price": 0.9999171,
  "token0_posVal": 44900600.52033115,
  "token0_posValUSD": 44896878.26054802,
  "token0_debtVal": 26894527.154455602,
  "token0_debtValUSD": 26892297.598154496,
  "token1_symbol": "WBNB",
  "token1_decimals": 18,
  "token1": 0,
  "token1_liquidity": 291630.59606938105,
  "token1_price": 407.49455357,
  "token1_posVal": 137514.6082261274,
  "token1_posValUSD": 56036453.888459235,
  "token1_debtVal": 81958.85276681658,
  "token1_debtValUSD": 33397786.11932328,
  "liquidity": 237471626.14690053,
  "tvl": 0,
  "health": 100933332.14900726,
  "debt": 60290083.717477776,
  "leverage": 2.483397268775077,
  "workerPositions": [
    {
      "name": "USDT-WBNB PancakeswapWorker",
      "address": "0x41867cc58aece8B570FF1A2a8aa6149014D2a94C",
      "vault": "ibWBNB",
      "borrowToken": "WBNB",
      "posVal": 137514.6082261274,
      "posValUSD": 56036453.888459235,
      "debtVal": 81958.85276681658,
      "debtValUSD": 33397786.11932328
    },
    {
      "name": "WBNB-USDT PancakeswapWorker",
      "address": "0x81b6534f4F7ba45Ecf98295Cef1450B4a4FC81Cd",
      "vault": "ibUSDT",
      "borrowToken": "USDT",
      "posVal": 44900600.52033115,
      "posValUSD": 44896878.26054802,
      "debtVal": 26894527.154455602,
      "debtValUSD": 26892297.598154496
    }
  ]
}