{
  "blockNo": 16777660,
  "lpName": "USDT-WBNB LP",
  "lpTokens": 0,
  "token0_symbol": "USDT",
  "token0_decimals": 18,
  "token0": 0,
  "token0_liquidity": 153760496.71158335,
  "token0_price": 1.00013293,
  "token0_posVal": 48341794.02954042,
  "token0_posValUSD": 48348220.10422076,
  "token0_debtVal": 24112980.800141603,
  "token0_debtValUSD": 24116186.138679363,
  "token1_symbol": "WBNB",
  "token1_decimals": 18,
  "token1": 0,
  "token1_liquidity": 361011.0088465903,
  "token1_price": 426.2,
  "token1_posVal": 158014.80024739497,
  "token1_posValUSD": 67345907.86543974,
  "token1_debtVal": 102544.86526925875,
  "token1_debtValUSD": 43704621.57775808,
  "liquidity": 307643828.064828,
  "tvl": 0,
  "health": 115694127.9696605,
  "debt": 67820807.71643744,
  "leverage": 2.416672320985955,
  "workerPositions": [
    {
      "name": "USDT-WBNB PancakeswapWorker",
      "address": "0x41867cc58aece8B570FF1A2a8aa6149014D2a94C",
      "vault": "ibWBNB",
      "borrowToken": "WBNB",
      "posVal": 158014.80024739497,
      "posValUSD": 67345907.86543974,
      "debtVal": 102544.86526925875,
      "debtValUSD": 43704621.57775808
    },
    {
      "name": "WBNB-USDT PancakeswapWorker",
      "address": "0x81b6534f4F7ba45Ecf98295Cef1450B4a4FC81Cd",
      "vault": "ibUSDT",
      "borrowToken": "USDT",
      "posVal": 48341794.02954042,
      "posValUSD": 48348220.10422076,
      "debtVal": 24112980.800141603,
      "debtValUSD": 24116186.138679363
    }
  ]
}