{
  "blockNo": 15916318,
  "lpName": "USDT-WBNB LP",
  "lpTokens": 0,
  "token0_symbol": "USDT",
  "token0_decimals": 18,
  "token0": 0,
  "token0_liquidity": 115594325.68063273,
  "token0_price": 1.00018929,
  "token0_posVal": 46463265.86057679,
  "token0_posValUSD": 46472060.89217154,
  "token0_debtVal": 24559102.00665375,
  "token0_debtValUSD": 24563750.79907259,
  "token1_symbol": "WBNB",
  "token1_decimals": 18,
  "token1": 0,
  "token1_liquidity": 293895.0405783701,
  "token1_price": 394.30406313,
  "token1_posVal": 177440.44835539823,
  "token1_posValUSD": 69965489.75014244,
  "token1_debtVal": 109749.69820922555,
  "token1_debtValUSD": 43274751.93118892,
  "liquidity": 231500215.16434836,
  "tvl": 0,
  "health": 116437550.64231399,
  "debt": 67838502.7302615,
  "leverage": 2.3958813113587287,
  "workerPositions": [
    {
      "name": "USDT-WBNB PancakeswapWorker",
      "address": "0x41867cc58aece8B570FF1A2a8aa6149014D2a94C",
      "vault": "ibWBNB",
      "borrowToken": "WBNB",
      "posVal": 177440.44835539823,
      "posValUSD": 69965489.75014244,
      "debtVal": 109749.69820922555,
      "debtValUSD": 43274751.93118892
    },
    {
      "name": "WBNB-USDT PancakeswapWorker",
      "address": "0x81b6534f4F7ba45Ecf98295Cef1450B4a4FC81Cd",
      "vault": "ibUSDT",
      "borrowToken": "USDT",
      "posVal": 46463265.86057679,
      "posValUSD": 46472060.89217154,
      "debtVal": 24559102.00665375,
      "debtValUSD": 24563750.79907259
    }
  ]
}