{
  "blockNo": 11392776,
  "lpName": "USDT-WBNB LP",
  "lpTokens": 0,
  "token0_symbol": "USDT",
  "token0_decimals": 18,
  "token0": 0,
  "token0_liquidity": 91334299.4074361,
  "token0_price": 1.00004925,
  "token0_posVal": 44700144.31889781,
  "token0_posValUSD": 44702345.80100552,
  "token0_debtVal": 26013975.61728868,
  "token0_debtValUSD": 26015256.805587832,
  "token1_symbol": "WBNB",
  "token1_decimals": 18,
  "token1": 0,
  "token1_liquidity": 220495.86815626262,
  "token1_price": 413.91061189,
  "token1_posVal": 131632.99614301528,
  "token1_posValUSD": 54484293.97846946,
  "token1_debtVal": 87318.53943017215,
  "token1_debtValUSD": 36142070.084883645,
  "liquidity": 182604377.32945734,
  "tvl": 0,
  "health": 99186639.77947497,
  "debt": 62157326.89047147,
  "leverage": 2.678597900986982,
  "workerPositions": [
    {
      "name": "USDT-WBNB PancakeswapWorker",
      "address": "0x41867cc58aece8B570FF1A2a8aa6149014D2a94C",
      "vault": "ibWBNB",
      "borrowToken": "WBNB",
      "posVal": 131632.99614301528,
      "posValUSD": 54484293.97846946,
      "debtVal": 87318.53943017215,
      "debtValUSD": 36142070.084883645
    },
    {
      "name": "WBNB-USDT PancakeswapWorker",
      "address": "0x81b6534f4F7ba45Ecf98295Cef1450B4a4FC81Cd",
      "vault": "ibUSDT",
      "borrowToken": "USDT",
      "posVal": 44700144.31889781,
      "posValUSD": 44702345.80100552,
      "debtVal": 26013975.61728868,
      "debtValUSD": 26015256.805587832
    }
  ]
}