{
  "blockNo": 10108458,
  "lpName": "USDT-WBNB LP",
  "lpTokens": 0,
  "token0_symbol": "USDT",
  "token0_decimals": 18,
  "token0": 0,
  "token0_liquidity": 114622170.3898666,
  "token0_price": 1.00026689,
  "token0_posVal": 37893593.557363,
  "token0_posValUSD": 37903706.97854753,
  "token0_debtVal": 20923019.879998807,
  "token0_debtValUSD": 20928604.02477458,
  "token1_symbol": "WBNB",
  "token1_decimals": 18,
  "token1": 0,
  "token1_liquidity": 266887.11226560484,
  "token1_price": 429.43455104,
  "token1_posVal": 80141.16323501588,
  "token1_posValUSD": 34415384.4536524,
  "token1_debtVal": 55222.83582996659,
  "token1_debtValUSD": 23714593.711797327,
  "liquidity": 229263309.13506404,
  "tvl": 0,
  "health": 72319091.43219993,
  "debt": 44643197.73657191,
  "leverage": 2.6130715859637887,
  "workerPositions": [
    {
      "name": "USDT-WBNB PancakeswapWorker",
      "address": "0x41867cc58aece8B570FF1A2a8aa6149014D2a94C",
      "vault": "ibWBNB",
      "borrowToken": "WBNB",
      "posVal": 80141.16323501588,
      "posValUSD": 34415384.4536524,
      "debtVal": 55222.83582996659,
      "debtValUSD": 23714593.711797327
    },
    {
      "name": "WBNB-USDT PancakeswapWorker",
      "address": "0x81b6534f4F7ba45Ecf98295Cef1450B4a4FC81Cd",
      "vault": "ibUSDT",
      "borrowToken": "USDT",
      "posVal": 37893593.557363,
      "posValUSD": 37903706.97854753,
      "debtVal": 20923019.879998807,
      "debtValUSD": 20928604.02477458
    }
  ]
}