{
  "blockNo": 17060571,
  "lpName": "USDT-WBNB LP",
  "lpTokens": 0,
  "token0_symbol": "USDT",
  "token0_decimals": 18,
  "token0": 0,
  "token0_liquidity": 170425922.84436485,
  "token0_price": 1.00029464,
  "token0_posVal": 55239743.483871706,
  "token0_posValUSD": 55256019.321891785,
  "token0_debtVal": 28229213.894578192,
  "token0_debtValUSD": 28237531.35016009,
  "token1_symbol": "WBNB",
  "token1_decimals": 18,
  "token1": 0,
  "token1_liquidity": 410543.50245388714,
  "token1_price": 415.28757923,
  "token1_posVal": 182085.39538179032,
  "token1_posValUSD": 75617803.06124112,
  "token1_debtVal": 115096.86657494382,
  "token1_debtValUSD": 47798299.09686672,
  "liquidity": 340969754.44095206,
  "tvl": 0,
  "health": 130873822.3831329,
  "debt": 76035830.4470268,
  "leverage": 2.3865538792087633,
  "workerPositions": [
    {
      "name": "USDT-WBNB PancakeswapWorker",
      "address": "0x41867cc58aece8B570FF1A2a8aa6149014D2a94C",
      "vault": "ibWBNB",
      "borrowToken": "WBNB",
      "posVal": 182085.39538179032,
      "posValUSD": 75617803.06124112,
      "debtVal": 115096.86657494382,
      "debtValUSD": 47798299.09686672
    },
    {
      "name": "WBNB-USDT PancakeswapWorker",
      "address": "0x81b6534f4F7ba45Ecf98295Cef1450B4a4FC81Cd",
      "vault": "ibUSDT",
      "borrowToken": "USDT",
      "posVal": 55239743.483871706,
      "posValUSD": 55256019.321891785,
      "debtVal": 28229213.894578192,
      "debtValUSD": 28237531.35016009
    }
  ]
}