{
  "blockNo": 13785095,
  "lpName": "USDT-WBNB LP",
  "lpTokens": 0,
  "token0_symbol": "USDT",
  "token0_decimals": 18,
  "token0": 0,
  "token0_liquidity": 131363942.04945731,
  "token0_price": 1.00046124,
  "token0_posVal": 50074682.81351613,
  "token0_posValUSD": 50097779.26021703,
  "token0_debtVal": 30867978.622209795,
  "token0_debtValUSD": 30882216.1686695,
  "token1_symbol": "WBNB",
  "token1_decimals": 18,
  "token1": 0,
  "token1_liquidity": 240494.05311701944,
  "token1_price": 546.99369809,
  "token1_posVal": 148407.1602597846,
  "token1_posValUSD": 81177781.41353486,
  "token1_debtVal": 95615.35411913237,
  "token1_debtValUSD": 52300996.143809125,
  "liquidity": 262973263.83721954,
  "tvl": 0,
  "health": 131275560.67375189,
  "debt": 83183212.31247863,
  "leverage": 2.7296558630824226,
  "workerPositions": [
    {
      "name": "USDT-WBNB PancakeswapWorker",
      "address": "0x41867cc58aece8B570FF1A2a8aa6149014D2a94C",
      "vault": "ibWBNB",
      "borrowToken": "WBNB",
      "posVal": 148407.1602597846,
      "posValUSD": 81177781.41353486,
      "debtVal": 95615.35411913237,
      "debtValUSD": 52300996.143809125
    },
    {
      "name": "WBNB-USDT PancakeswapWorker",
      "address": "0x81b6534f4F7ba45Ecf98295Cef1450B4a4FC81Cd",
      "vault": "ibUSDT",
      "borrowToken": "USDT",
      "posVal": 50074682.81351613,
      "posValUSD": 50097779.26021703,
      "debtVal": 30867978.622209795,
      "debtValUSD": 30882216.1686695
    }
  ]
}