{
  "blockNo": 13125303,
  "lpName": "USDT-WBNB LP",
  "lpTokens": 0,
  "token0_symbol": "USDT",
  "token0_decimals": 18,
  "token0": 0,
  "token0_liquidity": 151556169.82425365,
  "token0_price": 1.00083759,
  "token0_posVal": 55699160.91948663,
  "token0_posValUSD": 55745813.97968118,
  "token0_debtVal": 32603993.508894876,
  "token0_debtValUSD": 32631302.28781799,
  "token1_symbol": "WBNB",
  "token1_decimals": 18,
  "token1": 0,
  "token1_liquidity": 242122.1185323041,
  "token1_price": 626.93453524,
  "token1_posVal": 127091.71988563273,
  "token1_posValUSD": 79678188.33935142,
  "token1_debtVal": 87122.47697478921,
  "token1_debtValUSD": 54620089.61114707,
  "liquidity": 303477829.60991096,
  "tvl": 0,
  "health": 135424002.3190326,
  "debt": 87251391.89896506,
  "leverage": 2.8112240781250715,
  "workerPositions": [
    {
      "name": "USDT-WBNB PancakeswapWorker",
      "address": "0x41867cc58aece8B570FF1A2a8aa6149014D2a94C",
      "vault": "ibWBNB",
      "borrowToken": "WBNB",
      "posVal": 127091.71988563273,
      "posValUSD": 79678188.33935142,
      "debtVal": 87122.47697478921,
      "debtValUSD": 54620089.61114707
    },
    {
      "name": "WBNB-USDT PancakeswapWorker",
      "address": "0x81b6534f4F7ba45Ecf98295Cef1450B4a4FC81Cd",
      "vault": "ibUSDT",
      "borrowToken": "USDT",
      "posVal": 55699160.91948663,
      "posValUSD": 55745813.97968118,
      "debtVal": 32603993.508894876,
      "debtValUSD": 32631302.28781799
    }
  ]
}