{
  "blockNo": 11301260,
  "lpName": "USDT-WBNB LP",
  "lpTokens": 0,
  "token0_symbol": "USDT",
  "token0_decimals": 18,
  "token0": 0,
  "token0_liquidity": 125946742.06149767,
  "token0_price": 1.00056543,
  "token0_posVal": 45413955.173168175,
  "token0_posValUSD": 45439633.58584174,
  "token0_debtVal": 28377382.504609942,
  "token0_debtValUSD": 28393427.927999523,
  "token1_symbol": "WBNB",
  "token1_decimals": 18,
  "token1": 0,
  "token1_liquidity": 373249.1615228321,
  "token1_price": 338.24474155,
  "token1_posVal": 163391.5556439442,
  "token1_posValUSD": 55266334.51023835,
  "token1_debtVal": 96679.48003773266,
  "token1_debtValUSD": 32701325.73855127,
  "liquidity": 252267522.30090606,
  "tvl": 0,
  "health": 100705968.0960801,
  "debt": 61094753.66655079,
  "leverage": 2.542360024715778,
  "workerPositions": [
    {
      "name": "USDT-WBNB PancakeswapWorker",
      "address": "0x41867cc58aece8B570FF1A2a8aa6149014D2a94C",
      "vault": "ibWBNB",
      "borrowToken": "WBNB",
      "posVal": 163391.5556439442,
      "posValUSD": 55266334.51023835,
      "debtVal": 96679.48003773266,
      "debtValUSD": 32701325.73855127
    },
    {
      "name": "WBNB-USDT PancakeswapWorker",
      "address": "0x81b6534f4F7ba45Ecf98295Cef1450B4a4FC81Cd",
      "vault": "ibUSDT",
      "borrowToken": "USDT",
      "posVal": 45413955.173168175,
      "posValUSD": 45439633.58584174,
      "debtVal": 28377382.504609942,
      "debtValUSD": 28393427.927999523
    }
  ]
}