{
  "blockNo": 17058176,
  "lpName": "USDT-WBNB LP",
  "lpTokens": 0,
  "token0_symbol": "USDT",
  "token0_decimals": 18,
  "token0": 0,
  "token0_liquidity": 167053586.3584172,
  "token0_price": 1.00029464,
  "token0_posVal": 53850375.92434567,
  "token0_posValUSD": 53866242.399108015,
  "token0_debtVal": 27647059.268816836,
  "token0_debtValUSD": 27655205.1983598,
  "token1_symbol": "WBNB",
  "token1_decimals": 18,
  "token1": 0,
  "token1_liquidity": 410195.859349525,
  "token1_price": 407.87699374,
  "token1_posVal": 177010.68997608186,
  "token1_posValUSD": 72198588.08728743,
  "token1_debtVal": 110553.77934556249,
  "token1_debtValUSD": 45092343.16606333,
  "liquidity": 334412260.98318195,
  "tvl": 0,
  "health": 126064830.48639545,
  "debt": 72747548.36442313,
  "leverage": 2.3644271701247033,
  "workerPositions": [
    {
      "name": "USDT-WBNB PancakeswapWorker",
      "address": "0x41867cc58aece8B570FF1A2a8aa6149014D2a94C",
      "vault": "ibWBNB",
      "borrowToken": "WBNB",
      "posVal": 177010.68997608186,
      "posValUSD": 72198588.08728743,
      "debtVal": 110553.77934556249,
      "debtValUSD": 45092343.16606333
    },
    {
      "name": "WBNB-USDT PancakeswapWorker",
      "address": "0x81b6534f4F7ba45Ecf98295Cef1450B4a4FC81Cd",
      "vault": "ibUSDT",
      "borrowToken": "USDT",
      "posVal": 53850375.92434567,
      "posValUSD": 53866242.399108015,
      "debtVal": 27647059.268816836,
      "debtValUSD": 27655205.1983598
    }
  ]
}