{
  "blockNo": 9057525,
  "lpName": "USDT-WBNB LP",
  "lpTokens": 0,
  "token0_symbol": "USDT",
  "token0_decimals": 18,
  "token0": 0,
  "token0_liquidity": 120526719.04800388,
  "token0_price": 1.00029238,
  "token0_posVal": 27206749.048670527,
  "token0_posValUSD": 27214703.75795738,
  "token0_debtVal": 15278825.000609323,
  "token0_debtValUSD": 15283292.223463003,
  "token1_symbol": "WBNB",
  "token1_decimals": 18,
  "token1": 0,
  "token1_liquidity": 381956.2786211444,
  "token1_price": 315.83677738,
  "token1_posVal": 82606.79310699741,
  "token1_posValUSD": 26090263.32461046,
  "token1_debtVal": 50686.76680681499,
  "token1_debtValUSD": 16008745.084075999,
  "liquidity": 241197798.7898788,
  "tvl": 0,
  "health": 53304967.08256784,
  "debt": 31292037.307539,
  "leverage": 2.421529874820945,
  "workerPositions": [
    {
      "name": "USDT-WBNB PancakeswapWorker",
      "address": "0x41867cc58aece8B570FF1A2a8aa6149014D2a94C",
      "vault": "ibWBNB",
      "borrowToken": "WBNB",
      "posVal": 82606.79310699741,
      "posValUSD": 26090263.32461046,
      "debtVal": 50686.76680681499,
      "debtValUSD": 16008745.084075999
    },
    {
      "name": "WBNB-USDT PancakeswapWorker",
      "address": "0x81b6534f4F7ba45Ecf98295Cef1450B4a4FC81Cd",
      "vault": "ibUSDT",
      "borrowToken": "USDT",
      "posVal": 27206749.048670527,
      "posValUSD": 27214703.75795738,
      "debtVal": 15278825.000609323,
      "debtValUSD": 15283292.223463003
    }
  ]
}