{
  "blockNo": 16557277,
  "lpName": "USDT-WBNB LP",
  "lpTokens": 0,
  "token0_symbol": "USDT",
  "token0_decimals": 18,
  "token0": 0,
  "token0_liquidity": 161938135.56401336,
  "token0_price": 1.00024121,
  "token0_posVal": 49214076.59815921,
  "token0_posValUSD": 49225947.52557545,
  "token0_debtVal": 24916250.54361873,
  "token0_debtValUSD": 24922260.592412356,
  "token1_symbol": "WBNB",
  "token1_decimals": 18,
  "token1": 0,
  "token1_liquidity": 385475.8910462901,
  "token1_price": 420.31982163,
  "token1_posVal": 163120.7261089465,
  "token1_posValUSD": 68562874.50226846,
  "token1_debtVal": 105268.43742653924,
  "token1_debtValUSD": 44246410.84239179,
  "liquidity": 324000354.4289347,
  "tvl": 0,
  "health": 117788822.02784392,
  "debt": 69168671.43480414,
  "leverage": 2.4226338378455368,
  "workerPositions": [
    {
      "name": "USDT-WBNB PancakeswapWorker",
      "address": "0x41867cc58aece8B570FF1A2a8aa6149014D2a94C",
      "vault": "ibWBNB",
      "borrowToken": "WBNB",
      "posVal": 163120.7261089465,
      "posValUSD": 68562874.50226846,
      "debtVal": 105268.43742653924,
      "debtValUSD": 44246410.84239179
    },
    {
      "name": "WBNB-USDT PancakeswapWorker",
      "address": "0x81b6534f4F7ba45Ecf98295Cef1450B4a4FC81Cd",
      "vault": "ibUSDT",
      "borrowToken": "USDT",
      "posVal": 49214076.59815921,
      "posValUSD": 49225947.52557545,
      "debtVal": 24916250.54361873,
      "debtValUSD": 24922260.592412356
    }
  ]
}