{
  "blockNo": 11670053,
  "lpName": "USDT-WBNB LP",
  "lpTokens": 0,
  "token0_symbol": "USDT",
  "token0_decimals": 18,
  "token0": 0,
  "token0_liquidity": 140681662.74680623,
  "token0_price": 1.00041,
  "token0_posVal": 52507167.62074237,
  "token0_posValUSD": 52528695.559466876,
  "token0_debtVal": 31557828.143418107,
  "token0_debtValUSD": 31570766.85295691,
  "token1_symbol": "WBNB",
  "token1_decimals": 18,
  "token1": 0,
  "token1_liquidity": 339435.4197785243,
  "token1_price": 415.4153866,
  "token1_posVal": 150035.56115397034,
  "token1_posValUSD": 62327080.64052453,
  "token1_debtVal": 92801.06505584296,
  "token1_debtValUSD": 38550990.317064755,
  "liquidity": 281746038.3615614,
  "tvl": 0,
  "health": 114855776.1999914,
  "debt": 70121757.17002167,
  "leverage": 2.5675264304565015,
  "workerPositions": [
    {
      "name": "USDT-WBNB PancakeswapWorker",
      "address": "0x41867cc58aece8B570FF1A2a8aa6149014D2a94C",
      "vault": "ibWBNB",
      "borrowToken": "WBNB",
      "posVal": 150035.56115397034,
      "posValUSD": 62327080.64052453,
      "debtVal": 92801.06505584296,
      "debtValUSD": 38550990.317064755
    },
    {
      "name": "WBNB-USDT PancakeswapWorker",
      "address": "0x81b6534f4F7ba45Ecf98295Cef1450B4a4FC81Cd",
      "vault": "ibUSDT",
      "borrowToken": "USDT",
      "posVal": 52507167.62074237,
      "posValUSD": 52528695.559466876,
      "debtVal": 31557828.143418107,
      "debtValUSD": 31570766.85295691
    }
  ]
}