{
  "blockNo": 10867967,
  "lpName": "USDT-WBNB LP",
  "lpTokens": 0,
  "token0_symbol": "USDT",
  "token0_decimals": 18,
  "token0": 0,
  "token0_liquidity": 117440311.71363074,
  "token0_price": 0.9999171,
  "token0_posVal": 44422370.57210339,
  "token0_posValUSD": 44418687.95758296,
  "token0_debtVal": 26896921.732425585,
  "token0_debtValUSD": 26894691.977613967,
  "token1_symbol": "WBNB",
  "token1_decimals": 18,
  "token1": 0,
  "token1_liquidity": 295021.7401932451,
  "token1_price": 399.88861171,
  "token1_posVal": 139025.67598855152,
  "token1_posValUSD": 55594784.56310615,
  "token1_debtVal": 81962.05557061106,
  "token1_debtValUSD": 32775692.615029532,
  "liquidity": 235406410.02193478,
  "tvl": 0,
  "health": 100013472.5206891,
  "debt": 59670384.5926435,
  "leverage": 2.479073309883203,
  "workerPositions": [
    {
      "name": "USDT-WBNB PancakeswapWorker",
      "address": "0x41867cc58aece8B570FF1A2a8aa6149014D2a94C",
      "vault": "ibWBNB",
      "borrowToken": "WBNB",
      "posVal": 139025.67598855152,
      "posValUSD": 55594784.56310615,
      "debtVal": 81962.05557061106,
      "debtValUSD": 32775692.615029532
    },
    {
      "name": "WBNB-USDT PancakeswapWorker",
      "address": "0x81b6534f4F7ba45Ecf98295Cef1450B4a4FC81Cd",
      "vault": "ibUSDT",
      "borrowToken": "USDT",
      "posVal": 44422370.57210339,
      "posValUSD": 44418687.95758296,
      "debtVal": 26896921.732425585,
      "debtValUSD": 26894691.977613967
    }
  ]
}