{
  "blockNo": 12976136,
  "lpName": "USDT-WBNB LP",
  "lpTokens": 0,
  "token0_symbol": "USDT",
  "token0_decimals": 18,
  "token0": 0,
  "token0_liquidity": 145093958.4461618,
  "token0_price": 1.0008987,
  "token0_posVal": 57879820.16508438,
  "token0_posValUSD": 57931836.75946674,
  "token0_debtVal": 33164949.78838534,
  "token0_debtValUSD": 33194755.128760163,
  "token1_symbol": "WBNB",
  "token1_decimals": 18,
  "token1": 0,
  "token1_liquidity": 245331.5177316258,
  "token1_price": 591.03003795,
  "token1_posVal": 136324.17567751787,
  "token1_posValUSD": 80571682.72418584,
  "token1_debtVal": 91507.79465058274,
  "token1_debtValUSD": 54083855.34505472,
  "liquidity": 290222650.62187123,
  "tvl": 0,
  "health": 138503519.4836526,
  "debt": 87278610.47381489,
  "leverage": 2.7038314398382455,
  "workerPositions": [
    {
      "name": "USDT-WBNB PancakeswapWorker",
      "address": "0x41867cc58aece8B570FF1A2a8aa6149014D2a94C",
      "vault": "ibWBNB",
      "borrowToken": "WBNB",
      "posVal": 136324.17567751787,
      "posValUSD": 80571682.72418584,
      "debtVal": 91507.79465058274,
      "debtValUSD": 54083855.34505472
    },
    {
      "name": "WBNB-USDT PancakeswapWorker",
      "address": "0x81b6534f4F7ba45Ecf98295Cef1450B4a4FC81Cd",
      "vault": "ibUSDT",
      "borrowToken": "USDT",
      "posVal": 57879820.16508438,
      "posValUSD": 57931836.75946674,
      "debtVal": 33164949.78838534,
      "debtValUSD": 33194755.128760163
    }
  ]
}