{
  "blockNo": 11042711,
  "lpName": "USDT-WBNB LP",
  "lpTokens": 0,
  "token0_symbol": "USDT",
  "token0_decimals": 18,
  "token0": 0,
  "token0_liquidity": 136455394.19826072,
  "token0_price": 1.00014511,
  "token0_posVal": 50676392.31907547,
  "token0_posValUSD": 50683745.9703649,
  "token0_debtVal": 30322372.45910506,
  "token0_debtValUSD": 30326772.538572602,
  "token1_symbol": "WBNB",
  "token1_decimals": 18,
  "token1": 0,
  "token1_liquidity": 333393.3772105688,
  "token1_price": 410.12,
  "token1_posVal": 168142.71358761087,
  "token1_posValUSD": 68958689.69655097,
  "token1_debtVal": 102956.91724711026,
  "token1_debtValUSD": 42224690.90138486,
  "liquidity": 273206487.10211134,
  "tvl": 0,
  "health": 119642435.66691586,
  "debt": 72551463.43995747,
  "leverage": 2.540666076934882,
  "workerPositions": [
    {
      "name": "USDT-WBNB PancakeswapWorker",
      "address": "0x41867cc58aece8B570FF1A2a8aa6149014D2a94C",
      "vault": "ibWBNB",
      "borrowToken": "WBNB",
      "posVal": 168142.71358761087,
      "posValUSD": 68958689.69655097,
      "debtVal": 102956.91724711026,
      "debtValUSD": 42224690.90138486
    },
    {
      "name": "WBNB-USDT PancakeswapWorker",
      "address": "0x81b6534f4F7ba45Ecf98295Cef1450B4a4FC81Cd",
      "vault": "ibUSDT",
      "borrowToken": "USDT",
      "posVal": 50676392.31907547,
      "posValUSD": 50683745.9703649,
      "debtVal": 30322372.45910506,
      "debtValUSD": 30326772.538572602
    }
  ]
}