{
  "blockNo": 9778938,
  "lpName": "USDT-WBNB LP",
  "lpTokens": 0,
  "token0_symbol": "USDT",
  "token0_decimals": 18,
  "token0": 0,
  "token0_liquidity": 135514886.34130648,
  "token0_price": 1.00038347,
  "token0_posVal": 29647722.75082193,
  "token0_posValUSD": 29659091.76306519,
  "token0_debtVal": 16259022.16344177,
  "token0_debtValUSD": 16265257.010670785,
  "token1_symbol": "WBNB",
  "token1_decimals": 18,
  "token1": 0,
  "token1_liquidity": 400625.94945032586,
  "token1_price": 338.61374065,
  "token1_posVal": 99950.52913098231,
  "token1_posValUSD": 33844622.548988715,
  "token1_debtVal": 61933.36833598599,
  "token1_debtValUSD": 20971489.523302484,
  "liquidity": 271224303.57960445,
  "tvl": 0,
  "health": 63503714.312053904,
  "debt": 37236746.53397327,
  "leverage": 2.4176263833942317,
  "workerPositions": [
    {
      "name": "USDT-WBNB PancakeswapWorker",
      "address": "0x41867cc58aece8B570FF1A2a8aa6149014D2a94C",
      "vault": "ibWBNB",
      "borrowToken": "WBNB",
      "posVal": 99950.52913098231,
      "posValUSD": 33844622.548988715,
      "debtVal": 61933.36833598599,
      "debtValUSD": 20971489.523302484
    },
    {
      "name": "WBNB-USDT PancakeswapWorker",
      "address": "0x81b6534f4F7ba45Ecf98295Cef1450B4a4FC81Cd",
      "vault": "ibUSDT",
      "borrowToken": "USDT",
      "posVal": 29647722.75082193,
      "posValUSD": 29659091.76306519,
      "debtVal": 16259022.16344177,
      "debtValUSD": 16265257.010670785
    }
  ]
}