{
  "blockNo": 8830321,
  "lpName": "USDT-WBNB LP",
  "lpTokens": 0,
  "token0_symbol": "USDT",
  "token0_decimals": 18,
  "token0": 0,
  "token0_liquidity": 79201327.54831734,
  "token0_price": 1.00025883,
  "token0_posVal": 28718145.829425905,
  "token0_posValUSD": 28725578.947110932,
  "token0_debtVal": 16095457.19903666,
  "token0_debtValUSD": 16099623.186223485,
  "token1_symbol": "WBNB",
  "token1_decimals": 18,
  "token1": 0,
  "token1_liquidity": 268841.05191561667,
  "token1_price": 295.59750295,
  "token1_posVal": 71731.91722662575,
  "token1_posValUSD": 21203775.61400666,
  "token1_debtVal": 42383.51600528615,
  "token1_debtValUSD": 12528461.497403942,
  "liquidity": 158690570.86463428,
  "tvl": 0,
  "health": 49929354.56111759,
  "debt": 28628084.683627427,
  "leverage": 2.3439614092622607,
  "workerPositions": [
    {
      "name": "USDT-WBNB PancakeswapWorker",
      "address": "0x41867cc58aece8B570FF1A2a8aa6149014D2a94C",
      "vault": "ibWBNB",
      "borrowToken": "WBNB",
      "posVal": 71731.91722662575,
      "posValUSD": 21203775.61400666,
      "debtVal": 42383.51600528615,
      "debtValUSD": 12528461.497403942
    },
    {
      "name": "WBNB-USDT PancakeswapWorker",
      "address": "0x81b6534f4F7ba45Ecf98295Cef1450B4a4FC81Cd",
      "vault": "ibUSDT",
      "borrowToken": "USDT",
      "posVal": 28718145.829425905,
      "posValUSD": 28725578.947110932,
      "debtVal": 16095457.19903666,
      "debtValUSD": 16099623.186223485
    }
  ]
}