{
  "blockNo": 12307624,
  "lpName": "USDT-WBNB LP",
  "lpTokens": 0,
  "token0_symbol": "USDT",
  "token0_decimals": 18,
  "token0": 0,
  "token0_liquidity": 133024689.40067898,
  "token0_price": 1.001,
  "token0_posVal": 50631446.26582238,
  "token0_posValUSD": 50682077.7120882,
  "token0_debtVal": 28721573.68668763,
  "token0_debtValUSD": 28750295.260374315,
  "token1_symbol": "WBNB",
  "token1_decimals": 18,
  "token1": 0,
  "token1_liquidity": 239336.76903681213,
  "token1_price": 556.53310229,
  "token1_posVal": 137511.23309637816,
  "token1_posValUSD": 76529553.15485066,
  "token1_debtVal": 94617.94667569648,
  "token1_debtValUSD": 52658019.39573515,
  "liquidity": 266356548.6542019,
  "tvl": 0,
  "health": 127211630.86693886,
  "debt": 81408314.65610947,
  "leverage": 2.777345428033918,
  "workerPositions": [
    {
      "name": "USDT-WBNB PancakeswapWorker",
      "address": "0x41867cc58aece8B570FF1A2a8aa6149014D2a94C",
      "vault": "ibWBNB",
      "borrowToken": "WBNB",
      "posVal": 137511.23309637816,
      "posValUSD": 76529553.15485066,
      "debtVal": 94617.94667569648,
      "debtValUSD": 52658019.39573515
    },
    {
      "name": "WBNB-USDT PancakeswapWorker",
      "address": "0x81b6534f4F7ba45Ecf98295Cef1450B4a4FC81Cd",
      "vault": "ibUSDT",
      "borrowToken": "USDT",
      "posVal": 50631446.26582238,
      "posValUSD": 50682077.7120882,
      "debtVal": 28721573.68668763,
      "debtValUSD": 28750295.260374315
    }
  ]
}