{
  "blockNo": 9797569,
  "lpName": "USDT-WBNB LP",
  "lpTokens": 0,
  "token0_symbol": "USDT",
  "token0_decimals": 18,
  "token0": 0,
  "token0_liquidity": 132362888.51877771,
  "token0_price": 1.00038347,
  "token0_posVal": 29506295.22418365,
  "token0_posValUSD": 29517610.003213268,
  "token0_debtVal": 16259286.311154963,
  "token0_debtValUSD": 16265521.259676702,
  "token1_symbol": "WBNB",
  "token1_decimals": 18,
  "token1": 0,
  "token1_liquidity": 395170.9409449411,
  "token1_price": 334.72086706,
  "token1_posVal": 100407.10659523065,
  "token1_posValUSD": 33608353.778541446,
  "token1_debtVal": 61865.003697498745,
  "token1_debtValUSD": 20707507.678296886,
  "liquidity": 264685605.70564473,
  "tvl": 0,
  "health": 63125963.78175472,
  "debt": 36973028.93797359,
  "leverage": 2.4137238959537024,
  "workerPositions": [
    {
      "name": "USDT-WBNB PancakeswapWorker",
      "address": "0x41867cc58aece8B570FF1A2a8aa6149014D2a94C",
      "vault": "ibWBNB",
      "borrowToken": "WBNB",
      "posVal": 100407.10659523065,
      "posValUSD": 33608353.778541446,
      "debtVal": 61865.003697498745,
      "debtValUSD": 20707507.678296886
    },
    {
      "name": "WBNB-USDT PancakeswapWorker",
      "address": "0x81b6534f4F7ba45Ecf98295Cef1450B4a4FC81Cd",
      "vault": "ibUSDT",
      "borrowToken": "USDT",
      "posVal": 29506295.22418365,
      "posValUSD": 29517610.003213268,
      "debtVal": 16259286.311154963,
      "debtValUSD": 16265521.259676702
    }
  ]
}