{
  "blockNo": 12087234,
  "lpName": "USDT-WBNB LP",
  "lpTokens": 0,
  "token0_symbol": "USDT",
  "token0_decimals": 18,
  "token0": 0,
  "token0_liquidity": 142692449.7528942,
  "token0_price": 0.9999,
  "token0_posVal": 49308011.799936235,
  "token0_posValUSD": 49303080.998756245,
  "token0_debtVal": 29413199.95093598,
  "token0_debtValUSD": 29410258.630940884,
  "token1_symbol": "WBNB",
  "token1_decimals": 18,
  "token1": 0,
  "token1_liquidity": 295274.93798043876,
  "token1_price": 483.67842953,
  "token1_posVal": 131719.3958551354,
  "token1_posValUSD": 63709830.525852285,
  "token1_debtVal": 86077.23776607105,
  "token1_debtValUSD": 41633703.18097365,
  "liquidity": 285496298.7898657,
  "tvl": 0,
  "health": 113012911.52460852,
  "debt": 71043961.81191453,
  "leverage": 2.6927743557620283,
  "workerPositions": [
    {
      "name": "USDT-WBNB PancakeswapWorker",
      "address": "0x41867cc58aece8B570FF1A2a8aa6149014D2a94C",
      "vault": "ibWBNB",
      "borrowToken": "WBNB",
      "posVal": 131719.3958551354,
      "posValUSD": 63709830.525852285,
      "debtVal": 86077.23776607105,
      "debtValUSD": 41633703.18097365
    },
    {
      "name": "WBNB-USDT PancakeswapWorker",
      "address": "0x81b6534f4F7ba45Ecf98295Cef1450B4a4FC81Cd",
      "vault": "ibUSDT",
      "borrowToken": "USDT",
      "posVal": 49308011.799936235,
      "posValUSD": 49303080.998756245,
      "debtVal": 29413199.95093598,
      "debtValUSD": 29410258.630940884
    }
  ]
}