{
  "blockNo": 16273848,
  "lpName": "USDT-WBNB LP",
  "lpTokens": 0,
  "token0_symbol": "USDT",
  "token0_decimals": 18,
  "token0": 0,
  "token0_liquidity": 131259564.3779697,
  "token0_price": 1.00014022,
  "token0_posVal": 48485317.29271033,
  "token0_posValUSD": 48492115.903901115,
  "token0_debtVal": 25256167.33140818,
  "token0_debtValUSD": 25259708.751191393,
  "token1_symbol": "WBNB",
  "token1_decimals": 18,
  "token1": 0,
  "token1_liquidity": 325466.7662910623,
  "token1_price": 403.38811263,
  "token1_posVal": 173535.6020033015,
  "token1_posValUSD": 70002198.96622264,
  "token1_debtVal": 109802.31967390135,
  "token1_debtValUSD": 44292950.495650984,
  "liquidity": 262567394.1720277,
  "tvl": 0,
  "health": 118494314.87012376,
  "debt": 69552659.24684238,
  "leverage": 2.421134172129568,
  "workerPositions": [
    {
      "name": "USDT-WBNB PancakeswapWorker",
      "address": "0x41867cc58aece8B570FF1A2a8aa6149014D2a94C",
      "vault": "ibWBNB",
      "borrowToken": "WBNB",
      "posVal": 173535.6020033015,
      "posValUSD": 70002198.96622264,
      "debtVal": 109802.31967390135,
      "debtValUSD": 44292950.495650984
    },
    {
      "name": "WBNB-USDT PancakeswapWorker",
      "address": "0x81b6534f4F7ba45Ecf98295Cef1450B4a4FC81Cd",
      "vault": "ibUSDT",
      "borrowToken": "USDT",
      "posVal": 48485317.29271033,
      "posValUSD": 48492115.903901115,
      "debtVal": 25256167.33140818,
      "debtValUSD": 25259708.751191393
    }
  ]
}