{
  "blockNo": 12996164,
  "lpName": "USDT-WBNB LP",
  "lpTokens": 0,
  "token0_symbol": "USDT",
  "token0_decimals": 18,
  "token0": 0,
  "token0_liquidity": 144464858.28542888,
  "token0_price": 1.0008987,
  "token0_posVal": 58256946.682098575,
  "token0_posValUSD": 58309302.20008178,
  "token0_debtVal": 33143481.604263324,
  "token0_debtValUSD": 33173267.651181076,
  "token1_symbol": "WBNB",
  "token1_decimals": 18,
  "token1": 0,
  "token1_liquidity": 240787.76476608898,
  "token1_price": 599.35094781,
  "token1_posVal": 130751.46385361228,
  "token1_posValUSD": 78366013.78820747,
  "token1_debtVal": 88029.40914633054,
  "token1_debtValUSD": 52760509.80700749,
  "liquidity": 288911063.88717675,
  "tvl": 0,
  "health": 136675315.98828924,
  "debt": 85933777.45818856,
  "leverage": 2.6935587675807526,
  "workerPositions": [
    {
      "name": "USDT-WBNB PancakeswapWorker",
      "address": "0x41867cc58aece8B570FF1A2a8aa6149014D2a94C",
      "vault": "ibWBNB",
      "borrowToken": "WBNB",
      "posVal": 130751.46385361228,
      "posValUSD": 78366013.78820747,
      "debtVal": 88029.40914633054,
      "debtValUSD": 52760509.80700749
    },
    {
      "name": "WBNB-USDT PancakeswapWorker",
      "address": "0x81b6534f4F7ba45Ecf98295Cef1450B4a4FC81Cd",
      "vault": "ibUSDT",
      "borrowToken": "USDT",
      "posVal": 58256946.682098575,
      "posValUSD": 58309302.20008178,
      "debtVal": 33143481.604263324,
      "debtValUSD": 33173267.651181076
    }
  ]
}