{
  "blockNo": 15850723,
  "lpName": "USDT-WBNB LP",
  "lpTokens": 0,
  "token0_symbol": "USDT",
  "token0_decimals": 18,
  "token0": 0,
  "token0_liquidity": 97498167.79239821,
  "token0_price": 1.00024228,
  "token0_posVal": 22479641.60134294,
  "token0_posValUSD": 22485087.96891011,
  "token0_debtVal": 12749775.940836577,
  "token0_debtValUSD": 12752864.956551522,
  "token1_symbol": "WBNB",
  "token1_decimals": 18,
  "token1": 0,
  "token1_liquidity": 259405.92677269343,
  "token1_price": 375.49,
  "token1_posVal": 181509.41372893623,
  "token1_posValUSD": 68154969.76107827,
  "token1_debtVal": 109791.6019632754,
  "token1_debtValUSD": 41225648.62119028,
  "liquidity": 194926121.09236962,
  "tvl": 0,
  "health": 90640057.72998838,
  "debt": 53978513.5777418,
  "leverage": 2.472346973536685,
  "workerPositions": [
    {
      "name": "USDT-WBNB PancakeswapWorker",
      "address": "0x41867cc58aece8B570FF1A2a8aa6149014D2a94C",
      "vault": "ibWBNB",
      "borrowToken": "WBNB",
      "posVal": 181509.41372893623,
      "posValUSD": 68154969.76107827,
      "debtVal": 109791.6019632754,
      "debtValUSD": 41225648.62119028
    },
    {
      "name": "WBNB-USDT PancakeswapWorker",
      "address": "0x81b6534f4F7ba45Ecf98295Cef1450B4a4FC81Cd",
      "vault": "ibUSDT",
      "borrowToken": "USDT",
      "posVal": 22479641.60134294,
      "posValUSD": 22485087.96891011,
      "debtVal": 12749775.940836577,
      "debtValUSD": 12752864.956551522
    }
  ]
}