{
  "blockNo": 18141978,
  "lpName": "USDT-WBNB LP",
  "lpTokens": 0,
  "token0_symbol": "USDT",
  "token0_decimals": 18,
  "token0": 0,
  "token0_liquidity": 120294077.0510323,
  "token0_price": 0.99910361,
  "token0_posVal": 30262922.273235332,
  "token0_posValUSD": 30235794.892338827,
  "token0_debtVal": 18203148.884522308,
  "token0_debtValUSD": 18186831.763893712,
  "token1_symbol": "WBNB",
  "token1_decimals": 18,
  "token1": 0,
  "token1_liquidity": 384270.444836942,
  "token1_price": 313.10119924,
  "token1_posVal": 175916.7117923941,
  "token1_posValUSD": 55079733.428556055,
  "token1_debtVal": 91254.77669923552,
  "token1_debtValUSD": 28571980.020909052,
  "liquidity": 240501783.75423935,
  "tvl": 0,
  "health": 85315528.32089488,
  "debt": 46758811.784802765,
  "leverage": 2.21272805325715,
  "workerPositions": [
    {
      "name": "USDT-WBNB PancakeswapWorker",
      "address": "0x41867cc58aece8B570FF1A2a8aa6149014D2a94C",
      "vault": "ibWBNB",
      "borrowToken": "WBNB",
      "posVal": 175916.7117923941,
      "posValUSD": 55079733.428556055,
      "debtVal": 91254.77669923552,
      "debtValUSD": 28571980.020909052
    },
    {
      "name": "WBNB-USDT PancakeswapWorker",
      "address": "0x81b6534f4F7ba45Ecf98295Cef1450B4a4FC81Cd",
      "vault": "ibUSDT",
      "borrowToken": "USDT",
      "posVal": 30262922.273235332,
      "posValUSD": 30235794.892338827,
      "debtVal": 18203148.884522308,
      "debtValUSD": 18186831.763893712
    }
  ]
}