{
  "blockNo": 10276768,
  "lpName": "USDT-WBNB LP",
  "lpTokens": 0,
  "token0_symbol": "USDT",
  "token0_decimals": 18,
  "token0": 0,
  "token0_liquidity": 127578326.63910389,
  "token0_price": 1.00088597,
  "token0_posVal": 41491135.842985086,
  "token0_posValUSD": 41527895.74460789,
  "token0_debtVal": 21757384.667849313,
  "token0_debtValUSD": 21776661.057943486,
  "token1_symbol": "WBNB",
  "token1_decimals": 18,
  "token1": 0,
  "token1_liquidity": 254940.74295108687,
  "token1_price": 498.63234799,
  "token1_posVal": 83078.71575183904,
  "token1_posValUSD": 41425735.1033333,
  "token1_debtVal": 59331.54941666298,
  "token1_debtValUSD": 29584629.795515377,
  "liquidity": 254813058.4651718,
  "tvl": 0,
  "health": 82953630.84794119,
  "debt": 51361290.85345887,
  "leverage": 2.625751396143155,
  "workerPositions": [
    {
      "name": "USDT-WBNB PancakeswapWorker",
      "address": "0x41867cc58aece8B570FF1A2a8aa6149014D2a94C",
      "vault": "ibWBNB",
      "borrowToken": "WBNB",
      "posVal": 83078.71575183904,
      "posValUSD": 41425735.1033333,
      "debtVal": 59331.54941666298,
      "debtValUSD": 29584629.795515377
    },
    {
      "name": "WBNB-USDT PancakeswapWorker",
      "address": "0x81b6534f4F7ba45Ecf98295Cef1450B4a4FC81Cd",
      "vault": "ibUSDT",
      "borrowToken": "USDT",
      "posVal": 41491135.842985086,
      "posValUSD": 41527895.74460789,
      "debtVal": 21757384.667849313,
      "debtValUSD": 21776661.057943486
    }
  ]
}