{
  "blockNo": 12026685,
  "lpName": "USDT-WBNB LP",
  "lpTokens": 0,
  "token0_symbol": "USDT",
  "token0_decimals": 18,
  "token0": 0,
  "token0_liquidity": 134894563.7097019,
  "token0_price": 0.99983912,
  "token0_posVal": 49323334.83482869,
  "token0_posValUSD": 49315399.69672046,
  "token0_debtVal": 29476629.74572459,
  "token0_debtValUSD": 29471887.545531094,
  "token1_symbol": "WBNB",
  "token1_decimals": 18,
  "token1": 0,
  "token1_liquidity": 280214.5539669406,
  "token1_price": 480.92,
  "token1_posVal": 131668.71782184188,
  "token1_posValUSD": 63322119.7748802,
  "token1_debtVal": 85990.3079296338,
  "token1_debtValUSD": 41354458.88951949,
  "liquidity": 269633645.1660733,
  "tvl": 0,
  "health": 112637519.47160065,
  "debt": 70826346.43505058,
  "leverage": 2.693957411171801,
  "workerPositions": [
    {
      "name": "USDT-WBNB PancakeswapWorker",
      "address": "0x41867cc58aece8B570FF1A2a8aa6149014D2a94C",
      "vault": "ibWBNB",
      "borrowToken": "WBNB",
      "posVal": 131668.71782184188,
      "posValUSD": 63322119.7748802,
      "debtVal": 85990.3079296338,
      "debtValUSD": 41354458.88951949
    },
    {
      "name": "WBNB-USDT PancakeswapWorker",
      "address": "0x81b6534f4F7ba45Ecf98295Cef1450B4a4FC81Cd",
      "vault": "ibUSDT",
      "borrowToken": "USDT",
      "posVal": 49323334.83482869,
      "posValUSD": 49315399.69672046,
      "debtVal": 29476629.74572459,
      "debtValUSD": 29471887.545531094
    }
  ]
}