{
  "blockNo": 15263782,
  "lpName": "USDT-WBNB LP",
  "lpTokens": 0,
  "token0_symbol": "USDT",
  "token0_decimals": 18,
  "token0": 0,
  "token0_liquidity": 121235314.0501958,
  "token0_price": 1.00051701,
  "token0_posVal": 43480933.48633571,
  "token0_posValUSD": 43503413.56375748,
  "token0_debtVal": 25917325.65909769,
  "token0_debtValUSD": 25930725.1756367,
  "token1_symbol": "WBNB",
  "token1_decimals": 18,
  "token1": 0,
  "token1_liquidity": 300943.5054971286,
  "token1_price": 403.4653299,
  "token1_posVal": 172183.9765868216,
  "token1_posValUSD": 69470264.91709585,
  "token1_debtVal": 100983.44467065901,
  "token1_debtValUSD": 40743318.81848583,
  "liquidity": 242718264.64657432,
  "tvl": 0,
  "health": 112973678.48085333,
  "debt": 66674043.994122535,
  "leverage": 2.4400555151948535,
  "workerPositions": [
    {
      "name": "USDT-WBNB PancakeswapWorker",
      "address": "0x41867cc58aece8B570FF1A2a8aa6149014D2a94C",
      "vault": "ibWBNB",
      "borrowToken": "WBNB",
      "posVal": 172183.9765868216,
      "posValUSD": 69470264.91709585,
      "debtVal": 100983.44467065901,
      "debtValUSD": 40743318.81848583
    },
    {
      "name": "WBNB-USDT PancakeswapWorker",
      "address": "0x81b6534f4F7ba45Ecf98295Cef1450B4a4FC81Cd",
      "vault": "ibUSDT",
      "borrowToken": "USDT",
      "posVal": 43480933.48633571,
      "posValUSD": 43503413.56375748,
      "debtVal": 25917325.65909769,
      "debtValUSD": 25930725.1756367
    }
  ]
}