{
  "blockNo": 12118207,
  "lpName": "USDT-WBNB LP",
  "lpTokens": 0,
  "token0_symbol": "USDT",
  "token0_decimals": 18,
  "token0": 0,
  "token0_liquidity": 143713462.14201304,
  "token0_price": 1.0000352,
  "token0_posVal": 49136426.54801876,
  "token0_posValUSD": 49138156.15023325,
  "token0_debtVal": 29363222.920248732,
  "token0_debtValUSD": 29364256.50569552,
  "token1_symbol": "WBNB",
  "token1_decimals": 18,
  "token1": 0,
  "token1_liquidity": 298370.0562993657,
  "token1_price": 481.59266361,
  "token1_posVal": 143711.70985878143,
  "token1_posValUSD": 69210505.14283805,
  "token1_debtVal": 93927.6502112929,
  "token1_debtValUSD": 45234867.25188493,
  "liquidity": 287411351.01055765,
  "tvl": 0,
  "health": 118348661.2930713,
  "debt": 74599123.75758046,
  "leverage": 2.7051408531361862,
  "workerPositions": [
    {
      "name": "USDT-WBNB PancakeswapWorker",
      "address": "0x41867cc58aece8B570FF1A2a8aa6149014D2a94C",
      "vault": "ibWBNB",
      "borrowToken": "WBNB",
      "posVal": 143711.70985878143,
      "posValUSD": 69210505.14283805,
      "debtVal": 93927.6502112929,
      "debtValUSD": 45234867.25188493
    },
    {
      "name": "WBNB-USDT PancakeswapWorker",
      "address": "0x81b6534f4F7ba45Ecf98295Cef1450B4a4FC81Cd",
      "vault": "ibUSDT",
      "borrowToken": "USDT",
      "posVal": 49136426.54801876,
      "posValUSD": 49138156.15023325,
      "debtVal": 29363222.920248732,
      "debtValUSD": 29364256.50569552
    }
  ]
}