{
  "blockNo": 15178751,
  "lpName": "USDT-WBNB LP",
  "lpTokens": 0,
  "token0_symbol": "USDT",
  "token0_decimals": 18,
  "token0": 0,
  "token0_liquidity": 114044410.23009753,
  "token0_price": 1.00053644,
  "token0_posVal": 43318970.684496745,
  "token0_posValUSD": 43342208.71313074,
  "token0_debtVal": 25887202.637634408,
  "token0_debtValUSD": 25901089.568617344,
  "token1_symbol": "WBNB",
  "token1_decimals": 18,
  "token1": 0,
  "token1_liquidity": 283887.16974706907,
  "token1_price": 402.49787588,
  "token1_posVal": 147106.84759235632,
  "token1_posValUSD": 59210193.68332631,
  "token1_debtVal": 88299.71039418894,
  "token1_debtValUSD": 35540445.8744802,
  "liquidity": 228369571.02630168,
  "tvl": 0,
  "health": 102552402.39645705,
  "debt": 61441535.44309755,
  "leverage": 2.4945327110908,
  "workerPositions": [
    {
      "name": "USDT-WBNB PancakeswapWorker",
      "address": "0x41867cc58aece8B570FF1A2a8aa6149014D2a94C",
      "vault": "ibWBNB",
      "borrowToken": "WBNB",
      "posVal": 147106.84759235632,
      "posValUSD": 59210193.68332631,
      "debtVal": 88299.71039418894,
      "debtValUSD": 35540445.8744802
    },
    {
      "name": "WBNB-USDT PancakeswapWorker",
      "address": "0x81b6534f4F7ba45Ecf98295Cef1450B4a4FC81Cd",
      "vault": "ibUSDT",
      "borrowToken": "USDT",
      "posVal": 43318970.684496745,
      "posValUSD": 43342208.71313074,
      "debtVal": 25887202.637634408,
      "debtValUSD": 25901089.568617344
    }
  ]
}