{
  "blockNo": 16713134,
  "lpName": "USDT-WBNB LP",
  "lpTokens": 0,
  "token0_symbol": "USDT",
  "token0_decimals": 18,
  "token0": 0,
  "token0_liquidity": 155110012.86259383,
  "token0_price": 1.00017467,
  "token0_posVal": 49222279.11860483,
  "token0_posValUSD": 49230876.77409848,
  "token0_debtVal": 24554105.3235805,
  "token0_debtValUSD": 24558394.18915737,
  "token1_symbol": "WBNB",
  "token1_decimals": 18,
  "token1": 0,
  "token1_liquidity": 363378.47497492464,
  "token1_price": 426.76039622,
  "token1_posVal": 157507.76104024018,
  "token1_posValUSD": 67218074.50925799,
  "token1_debtVal": 102395.10481384769,
  "token1_debtValUSD": 43698175.501346074,
  "liquidity": 310212647.8866588,
  "tvl": 0,
  "health": 116448951.28335646,
  "debt": 68256569.69050345,
  "leverage": 2.4163352678263568,
  "workerPositions": [
    {
      "name": "USDT-WBNB PancakeswapWorker",
      "address": "0x41867cc58aece8B570FF1A2a8aa6149014D2a94C",
      "vault": "ibWBNB",
      "borrowToken": "WBNB",
      "posVal": 157507.76104024018,
      "posValUSD": 67218074.50925799,
      "debtVal": 102395.10481384769,
      "debtValUSD": 43698175.501346074
    },
    {
      "name": "WBNB-USDT PancakeswapWorker",
      "address": "0x81b6534f4F7ba45Ecf98295Cef1450B4a4FC81Cd",
      "vault": "ibUSDT",
      "borrowToken": "USDT",
      "posVal": 49222279.11860483,
      "posValUSD": 49230876.77409848,
      "debtVal": 24554105.3235805,
      "debtValUSD": 24558394.18915737
    }
  ]
}