{
  "blockNo": 15304410,
  "lpName": "USDT-WBNB LP",
  "lpTokens": 0,
  "token0_symbol": "USDT",
  "token0_decimals": 18,
  "token0": 0,
  "token0_liquidity": 100618691.45514026,
  "token0_price": 1.00064632,
  "token0_posVal": 28950945.798837215,
  "token0_posValUSD": 28969657.37412592,
  "token0_debtVal": 16056301.662693495,
  "token0_debtValUSD": 16066679.171584127,
  "token1_symbol": "WBNB",
  "token1_decimals": 18,
  "token1": 0,
  "token1_liquidity": 233781.63847511585,
  "token1_price": 429.84589572,
  "token1_posVal": 178552.57314906252,
  "token1_posValUSD": 76750090.7383696,
  "token1_debtVal": 115489.86142206732,
  "token1_debtValUSD": 49642842.9295472,
  "liquidity": 201173801.12102693,
  "tvl": 0,
  "health": 105719748.11249551,
  "debt": 65709522.10113133,
  "leverage": 2.642318193415546,
  "workerPositions": [
    {
      "name": "USDT-WBNB PancakeswapWorker",
      "address": "0x41867cc58aece8B570FF1A2a8aa6149014D2a94C",
      "vault": "ibWBNB",
      "borrowToken": "WBNB",
      "posVal": 178552.57314906252,
      "posValUSD": 76750090.7383696,
      "debtVal": 115489.86142206732,
      "debtValUSD": 49642842.9295472
    },
    {
      "name": "WBNB-USDT PancakeswapWorker",
      "address": "0x81b6534f4F7ba45Ecf98295Cef1450B4a4FC81Cd",
      "vault": "ibUSDT",
      "borrowToken": "USDT",
      "posVal": 28950945.798837215,
      "posValUSD": 28969657.37412592,
      "debtVal": 16056301.662693495,
      "debtValUSD": 16066679.171584127
    }
  ]
}