{
  "blockNo": 13433968,
  "lpName": "USDT-WBNB LP",
  "lpTokens": 0,
  "token0_symbol": "USDT",
  "token0_decimals": 18,
  "token0": 0,
  "token0_liquidity": 126429836.93316336,
  "token0_price": 1.00073955,
  "token0_posVal": 45456688.214109905,
  "token0_posValUSD": 45490305.70787865,
  "token0_debtVal": 28506743.411241867,
  "token0_debtValUSD": 28527825.57333165,
  "token1_symbol": "WBNB",
  "token1_decimals": 18,
  "token1": 0,
  "token1_liquidity": 229329.08003895433,
  "token1_price": 552.111536,
  "token1_posVal": 145578.83074185223,
  "token1_posValUSD": 80375751.84996806,
  "token1_debtVal": 93912.83321377802,
  "token1_debtValUSD": 51850358.5957708,
  "liquidity": 253138568.7488413,
  "tvl": 0,
  "health": 125866057.55784671,
  "debt": 80378184.16910245,
  "leverage": 2.7670244436837446,
  "workerPositions": [
    {
      "name": "USDT-WBNB PancakeswapWorker",
      "address": "0x41867cc58aece8B570FF1A2a8aa6149014D2a94C",
      "vault": "ibWBNB",
      "borrowToken": "WBNB",
      "posVal": 145578.83074185223,
      "posValUSD": 80375751.84996806,
      "debtVal": 93912.83321377802,
      "debtValUSD": 51850358.5957708
    },
    {
      "name": "WBNB-USDT PancakeswapWorker",
      "address": "0x81b6534f4F7ba45Ecf98295Cef1450B4a4FC81Cd",
      "vault": "ibUSDT",
      "borrowToken": "USDT",
      "posVal": 45456688.214109905,
      "posValUSD": 45490305.70787865,
      "debtVal": 28506743.411241867,
      "debtValUSD": 28527825.57333165
    }
  ]
}