{
  "blockNo": 14125346,
  "lpName": "USDT-WBNB LP",
  "lpTokens": 0,
  "token0_symbol": "USDT",
  "token0_decimals": 18,
  "token0": 0,
  "token0_liquidity": 118129402.67035732,
  "token0_price": 0.99995135,
  "token0_posVal": 34185929.449296005,
  "token0_posValUSD": 34184266.3038283,
  "token0_debtVal": 21696378.72544334,
  "token0_debtValUSD": 21695323.19661835,
  "token1_symbol": "WBNB",
  "token1_decimals": 18,
  "token1": 0,
  "token1_liquidity": 256777.0394659675,
  "token1_price": 461.6497345,
  "token1_posVal": 109694.95698030951,
  "token1_posValUSD": 50640647.76594881,
  "token1_debtVal": 64791.4859873778,
  "token1_debtValUSD": 29910972.30393343,
  "liquidity": 236664707.77007735,
  "tvl": 0,
  "health": 84824914.0697771,
  "debt": 51606295.500551775,
  "leverage": 2.5535352679705143,
  "workerPositions": [
    {
      "name": "USDT-WBNB PancakeswapWorker",
      "address": "0x41867cc58aece8B570FF1A2a8aa6149014D2a94C",
      "vault": "ibWBNB",
      "borrowToken": "WBNB",
      "posVal": 109694.95698030951,
      "posValUSD": 50640647.76594881,
      "debtVal": 64791.4859873778,
      "debtValUSD": 29910972.30393343
    },
    {
      "name": "WBNB-USDT PancakeswapWorker",
      "address": "0x81b6534f4F7ba45Ecf98295Cef1450B4a4FC81Cd",
      "vault": "ibUSDT",
      "borrowToken": "USDT",
      "posVal": 34185929.449296005,
      "posValUSD": 34184266.3038283,
      "debtVal": 21696378.72544334,
      "debtValUSD": 21695323.19661835
    }
  ]
}