{
  "blockNo": 17424222,
  "lpName": "USDT-WBNB LP",
  "lpTokens": 0,
  "token0_symbol": "USDT",
  "token0_decimals": 18,
  "token0": 0,
  "token0_liquidity": 135574603.38044465,
  "token0_price": 1.00028139,
  "token0_posVal": 17229409.514442805,
  "token0_posValUSD": 17234257.697986074,
  "token0_debtVal": 9837680.02332068,
  "token0_debtValUSD": 9840448.248102443,
  "token1_symbol": "WBNB",
  "token1_decimals": 18,
  "token1": 0,
  "token1_liquidity": 352540.6502425453,
  "token1_price": 384.16172762,
  "token1_posVal": 173350.43990263026,
  "token1_posValUSD": 66594604.476681426,
  "token1_debtVal": 107197.26777255323,
  "token1_debtValUSD": 41181087.5836478,
  "liquidity": 271045377.97154427,
  "tvl": 0,
  "health": 83828862.1746675,
  "debt": 51021535.831750244,
  "leverage": 2.5551872559942765,
  "workerPositions": [
    {
      "name": "USDT-WBNB PancakeswapWorker",
      "address": "0x41867cc58aece8B570FF1A2a8aa6149014D2a94C",
      "vault": "ibWBNB",
      "borrowToken": "WBNB",
      "posVal": 173350.43990263026,
      "posValUSD": 66594604.476681426,
      "debtVal": 107197.26777255323,
      "debtValUSD": 41181087.5836478
    },
    {
      "name": "WBNB-USDT PancakeswapWorker",
      "address": "0x81b6534f4F7ba45Ecf98295Cef1450B4a4FC81Cd",
      "vault": "ibUSDT",
      "borrowToken": "USDT",
      "posVal": 17229409.514442805,
      "posValUSD": 17234257.697986074,
      "debtVal": 9837680.02332068,
      "debtValUSD": 9840448.248102443
    }
  ]
}