{
  "blockNo": 17528047,
  "lpName": "USDT-WBNB LP",
  "lpTokens": 0,
  "token0_symbol": "USDT",
  "token0_decimals": 18,
  "token0": 0,
  "token0_liquidity": 135038057.99148145,
  "token0_price": 1,
  "token0_posVal": 16782465.46105204,
  "token0_posValUSD": 16782465.46105204,
  "token0_debtVal": 9232098.127558893,
  "token0_debtValUSD": 9232098.127558893,
  "token1_symbol": "WBNB",
  "token1_decimals": 18,
  "token1": 0,
  "token1_liquidity": 335210.0143601229,
  "token1_price": 403.91711669,
  "token1_posVal": 159860.29063042984,
  "token1_posValUSD": 64570307.66466864,
  "token1_debtVal": 100986.08243562609,
  "token1_debtValUSD": 40790007.24321674,
  "liquidity": 270435120.4774358,
  "tvl": 0,
  "health": 81352773.12572068,
  "debt": 50022105.37077563,
  "leverage": 2.5965859956138484,
  "workerPositions": [
    {
      "name": "USDT-WBNB PancakeswapWorker",
      "address": "0x41867cc58aece8B570FF1A2a8aa6149014D2a94C",
      "vault": "ibWBNB",
      "borrowToken": "WBNB",
      "posVal": 159860.29063042984,
      "posValUSD": 64570307.66466864,
      "debtVal": 100986.08243562609,
      "debtValUSD": 40790007.24321674
    },
    {
      "name": "WBNB-USDT PancakeswapWorker",
      "address": "0x81b6534f4F7ba45Ecf98295Cef1450B4a4FC81Cd",
      "vault": "ibUSDT",
      "borrowToken": "USDT",
      "posVal": 16782465.46105204,
      "posValUSD": 16782465.46105204,
      "debtVal": 9232098.127558893,
      "debtValUSD": 9232098.127558893
    }
  ]
}