{
  "blockNo": 12250286,
  "lpName": "USDT-WBNB LP",
  "lpTokens": 0,
  "token0_symbol": "USDT",
  "token0_decimals": 18,
  "token0": 0,
  "token0_liquidity": 120629563.97643484,
  "token0_price": 1.00066287,
  "token0_posVal": 48310420.630049825,
  "token0_posValUSD": 48342444.15857287,
  "token0_debtVal": 28379273.961736497,
  "token0_debtValUSD": 28398085.731067512,
  "token1_symbol": "WBNB",
  "token1_decimals": 18,
  "token1": 0,
  "token1_liquidity": 234890.98527886064,
  "token1_price": 514.95,
  "token1_posVal": 137949.55110780193,
  "token1_posValUSD": 71037121.34296261,
  "token1_debtVal": 91984.95797976524,
  "token1_debtValUSD": 47367654.11168011,
  "liquidity": 241666638.56485718,
  "tvl": 0,
  "health": 119379565.50153548,
  "debt": 75765739.84274763,
  "leverage": 2.7371954580526787,
  "workerPositions": [
    {
      "name": "USDT-WBNB PancakeswapWorker",
      "address": "0x41867cc58aece8B570FF1A2a8aa6149014D2a94C",
      "vault": "ibWBNB",
      "borrowToken": "WBNB",
      "posVal": 137949.55110780193,
      "posValUSD": 71037121.34296261,
      "debtVal": 91984.95797976524,
      "debtValUSD": 47367654.11168011
    },
    {
      "name": "WBNB-USDT PancakeswapWorker",
      "address": "0x81b6534f4F7ba45Ecf98295Cef1450B4a4FC81Cd",
      "vault": "ibUSDT",
      "borrowToken": "USDT",
      "posVal": 48310420.630049825,
      "posValUSD": 48342444.15857287,
      "debtVal": 28379273.961736497,
      "debtValUSD": 28398085.731067512
    }
  ]
}