{
  "blockNo": 15154802,
  "lpName": "USDT-WBNB LP",
  "lpTokens": 0,
  "token0_symbol": "USDT",
  "token0_decimals": 18,
  "token0": 0,
  "token0_liquidity": 110477121.78720951,
  "token0_price": 1.00070884,
  "token0_posVal": 44113023.5884337,
  "token0_posValUSD": 44144292.66407412,
  "token0_debtVal": 26035936.220382597,
  "token0_debtValUSD": 26054391.533413053,
  "token1_symbol": "WBNB",
  "token1_decimals": 18,
  "token1": 0,
  "token1_liquidity": 268232.4485399346,
  "token1_price": 412.35,
  "token1_posVal": 125533.40272808682,
  "token1_posValUSD": 51763698.6149266,
  "token1_debtVal": 78440.18003703364,
  "token1_debtValUSD": 32344808.238270823,
  "liquidity": 221161082.54565918,
  "tvl": 0,
  "health": 95907991.27900073,
  "debt": 58399199.77168387,
  "leverage": 2.5569469829570997,
  "workerPositions": [
    {
      "name": "USDT-WBNB PancakeswapWorker",
      "address": "0x41867cc58aece8B570FF1A2a8aa6149014D2a94C",
      "vault": "ibWBNB",
      "borrowToken": "WBNB",
      "posVal": 125533.40272808682,
      "posValUSD": 51763698.6149266,
      "debtVal": 78440.18003703364,
      "debtValUSD": 32344808.238270823
    },
    {
      "name": "WBNB-USDT PancakeswapWorker",
      "address": "0x81b6534f4F7ba45Ecf98295Cef1450B4a4FC81Cd",
      "vault": "ibUSDT",
      "borrowToken": "USDT",
      "posVal": 44113023.5884337,
      "posValUSD": 44144292.66407412,
      "debtVal": 26035936.220382597,
      "debtValUSD": 26054391.533413053
    }
  ]
}