{
  "blockNo": 17617542,
  "lpName": "USDT-WBNB LP",
  "lpTokens": 0,
  "token0_symbol": "USDT",
  "token0_decimals": 18,
  "token0": 0,
  "token0_liquidity": 153002111.62539902,
  "token0_price": 0.99989071,
  "token0_posVal": 35143622.28670306,
  "token0_posValUSD": 35139781.44022334,
  "token0_debtVal": 19146283.52010799,
  "token0_debtValUSD": 19144191.022782076,
  "token1_symbol": "WBNB",
  "token1_decimals": 18,
  "token1": 0,
  "token1_liquidity": 426613.09091822105,
  "token1_price": 359.08047846,
  "token1_posVal": 169490.75718080896,
  "token1_posValUSD": 60860822.18303256,
  "token1_debtVal": 101179.29567879906,
  "token1_debtValUSD": 36331509.90258897,
  "liquidity": 306173822.8288338,
  "tvl": 0,
  "health": 96000603.62325591,
  "debt": 55475700.92537105,
  "leverage": 2.3689286644053196,
  "workerPositions": [
    {
      "name": "USDT-WBNB PancakeswapWorker",
      "address": "0x41867cc58aece8B570FF1A2a8aa6149014D2a94C",
      "vault": "ibWBNB",
      "borrowToken": "WBNB",
      "posVal": 169490.75718080896,
      "posValUSD": 60860822.18303256,
      "debtVal": 101179.29567879906,
      "debtValUSD": 36331509.90258897
    },
    {
      "name": "WBNB-USDT PancakeswapWorker",
      "address": "0x81b6534f4F7ba45Ecf98295Cef1450B4a4FC81Cd",
      "vault": "ibUSDT",
      "borrowToken": "USDT",
      "posVal": 35143622.28670306,
      "posValUSD": 35139781.44022334,
      "debtVal": 19146283.52010799,
      "debtValUSD": 19144191.022782076
    }
  ]
}