{
  "blockNo": 13963668,
  "lpName": "USDT-WBNB LP",
  "lpTokens": 0,
  "token0_symbol": "USDT",
  "token0_decimals": 18,
  "token0": 0,
  "token0_liquidity": 142713485.04992223,
  "token0_price": 1.00008501,
  "token0_posVal": 49186468.1365227,
  "token0_posValUSD": 49190649.47817899,
  "token0_debtVal": 31206373.760078654,
  "token0_debtValUSD": 31209026.613912,
  "token1_symbol": "WBNB",
  "token1_decimals": 18,
  "token1": 0,
  "token1_liquidity": 277265.8401696297,
  "token1_price": 514.85,
  "token1_posVal": 161751.38162850848,
  "token1_posValUSD": 83277698.83143759,
  "token1_debtVal": 101422.42289232869,
  "token1_debtValUSD": 52217334.42611542,
  "liquidity": 285475934.9346202,
  "tvl": 0,
  "health": 132468348.30961658,
  "debt": 83426361.04002742,
  "leverage": 2.701121134863961,
  "workerPositions": [
    {
      "name": "USDT-WBNB PancakeswapWorker",
      "address": "0x41867cc58aece8B570FF1A2a8aa6149014D2a94C",
      "vault": "ibWBNB",
      "borrowToken": "WBNB",
      "posVal": 161751.38162850848,
      "posValUSD": 83277698.83143759,
      "debtVal": 101422.42289232869,
      "debtValUSD": 52217334.42611542
    },
    {
      "name": "WBNB-USDT PancakeswapWorker",
      "address": "0x81b6534f4F7ba45Ecf98295Cef1450B4a4FC81Cd",
      "vault": "ibUSDT",
      "borrowToken": "USDT",
      "posVal": 49186468.1365227,
      "posValUSD": 49190649.47817899,
      "debtVal": 31206373.760078654,
      "debtValUSD": 31209026.613912
    }
  ]
}