{
  "blockNo": 16792045,
  "lpName": "USDT-WBNB LP",
  "lpTokens": 0,
  "token0_symbol": "USDT",
  "token0_decimals": 18,
  "token0": 0,
  "token0_liquidity": 153547680.7314447,
  "token0_price": 1.00024835,
  "token0_posVal": 48315196.85372186,
  "token0_posValUSD": 48327195.93286047,
  "token0_debtVal": 24118436.56537206,
  "token0_debtValUSD": 24124426.37909307,
  "token1_symbol": "WBNB",
  "token1_decimals": 18,
  "token1": 0,
  "token1_liquidity": 361232.8882011127,
  "token1_price": 425.68849406,
  "token1_posVal": 158234.41342604297,
  "token1_posValUSD": 67358569.15979968,
  "token1_debtVal": 102553.22969945885,
  "token1_debtValUSD": 43655729.9117519,
  "liquidity": 307358498.4812303,
  "tvl": 0,
  "health": 115685765.09266016,
  "debt": 67780156.29084498,
  "leverage": 2.4148689054605383,
  "workerPositions": [
    {
      "name": "USDT-WBNB PancakeswapWorker",
      "address": "0x41867cc58aece8B570FF1A2a8aa6149014D2a94C",
      "vault": "ibWBNB",
      "borrowToken": "WBNB",
      "posVal": 158234.41342604297,
      "posValUSD": 67358569.15979968,
      "debtVal": 102553.22969945885,
      "debtValUSD": 43655729.9117519
    },
    {
      "name": "WBNB-USDT PancakeswapWorker",
      "address": "0x81b6534f4F7ba45Ecf98295Cef1450B4a4FC81Cd",
      "vault": "ibUSDT",
      "borrowToken": "USDT",
      "posVal": 48315196.85372186,
      "posValUSD": 48327195.93286047,
      "debtVal": 24118436.56537206,
      "debtValUSD": 24124426.37909307
    }
  ]
}