{
  "blockNo": 17096352,
  "lpName": "USDT-WBNB LP",
  "lpTokens": 0,
  "token0_symbol": "USDT",
  "token0_decimals": 18,
  "token0": 0,
  "token0_liquidity": 171271609.25369576,
  "token0_price": 1.00016602,
  "token0_posVal": 55574944.30179948,
  "token0_posValUSD": 55584170.85405247,
  "token0_debtVal": 28241227.50717404,
  "token0_debtValUSD": 28245916.11576478,
  "token1_symbol": "WBNB",
  "token1_decimals": 18,
  "token1": 0,
  "token1_liquidity": 408044.45074845833,
  "token1_price": 420.78,
  "token1_posVal": 180416.47741258278,
  "token1_posValUSD": 75915645.36566658,
  "token1_debtVal": 114704.11215791141,
  "token1_debtValUSD": 48265196.31380596,
  "liquidity": 342996987.75220037,
  "tvl": 0,
  "health": 131499816.21971905,
  "debt": 76511112.42957073,
  "leverage": 2.39139690801874,
  "workerPositions": [
    {
      "name": "USDT-WBNB PancakeswapWorker",
      "address": "0x41867cc58aece8B570FF1A2a8aa6149014D2a94C",
      "vault": "ibWBNB",
      "borrowToken": "WBNB",
      "posVal": 180416.47741258278,
      "posValUSD": 75915645.36566658,
      "debtVal": 114704.11215791141,
      "debtValUSD": 48265196.31380596
    },
    {
      "name": "WBNB-USDT PancakeswapWorker",
      "address": "0x81b6534f4F7ba45Ecf98295Cef1450B4a4FC81Cd",
      "vault": "ibUSDT",
      "borrowToken": "USDT",
      "posVal": 55574944.30179948,
      "posValUSD": 55584170.85405247,
      "debtVal": 28241227.50717404,
      "debtValUSD": 28245916.11576478
    }
  ]
}