{
  "blockNo": 12877732,
  "lpName": "USDT-WBNB LP",
  "lpTokens": 0,
  "token0_symbol": "USDT",
  "token0_decimals": 18,
  "token0": 0,
  "token0_liquidity": 152078482.1858801,
  "token0_price": 1.00075615,
  "token0_posVal": 65735717.16192029,
  "token0_posValUSD": 65785423.22445227,
  "token0_debtVal": 38133320.13533187,
  "token0_debtValUSD": 38162154.6453522,
  "token1_symbol": "WBNB",
  "token1_decimals": 18,
  "token1": 0,
  "token1_liquidity": 269535.55247770046,
  "token1_price": 564.58679416,
  "token1_posVal": 148917.19500690492,
  "token1_posValUSD": 84076681.724248,
  "token1_debtVal": 97915.97854608498,
  "token1_debtValUSD": 55282068.424373455,
  "liquidity": 304369689.81571424,
  "tvl": 0,
  "health": 149862104.94870028,
  "debt": 93444223.06972566,
  "leverage": 2.6562873322713263,
  "workerPositions": [
    {
      "name": "USDT-WBNB PancakeswapWorker",
      "address": "0x41867cc58aece8B570FF1A2a8aa6149014D2a94C",
      "vault": "ibWBNB",
      "borrowToken": "WBNB",
      "posVal": 148917.19500690492,
      "posValUSD": 84076681.724248,
      "debtVal": 97915.97854608498,
      "debtValUSD": 55282068.424373455
    },
    {
      "name": "WBNB-USDT PancakeswapWorker",
      "address": "0x81b6534f4F7ba45Ecf98295Cef1450B4a4FC81Cd",
      "vault": "ibUSDT",
      "borrowToken": "USDT",
      "posVal": 65735717.16192029,
      "posValUSD": 65785423.22445227,
      "debtVal": 38133320.13533187,
      "debtValUSD": 38162154.6453522
    }
  ]
}