{
  "blockNo": 13163081,
  "lpName": "USDT-WBNB LP",
  "lpTokens": 0,
  "token0_symbol": "USDT",
  "token0_decimals": 18,
  "token0": 0,
  "token0_liquidity": 148967816.9717645,
  "token0_price": 1.00078189,
  "token0_posVal": 54249068.18951325,
  "token0_posValUSD": 54291484.99343995,
  "token0_debtVal": 32107164.921416603,
  "token0_debtValUSD": 32132269.192597013,
  "token1_symbol": "WBNB",
  "token1_decimals": 18,
  "token1": 0,
  "token1_liquidity": 245139.86934768182,
  "token1_price": 608.06719764,
  "token1_posVal": 130324.34103144097,
  "token1_posValUSD": 79245956.83526798,
  "token1_debtVal": 87943.08094983577,
  "token1_debtValUSD": 53475302.784994304,
  "liquidity": 298145806.8022572,
  "tvl": 0,
  "health": 133537441.82870793,
  "debt": 85607571.97759132,
  "leverage": 2.7861006558856105,
  "workerPositions": [
    {
      "name": "USDT-WBNB PancakeswapWorker",
      "address": "0x41867cc58aece8B570FF1A2a8aa6149014D2a94C",
      "vault": "ibWBNB",
      "borrowToken": "WBNB",
      "posVal": 130324.34103144097,
      "posValUSD": 79245956.83526798,
      "debtVal": 87943.08094983577,
      "debtValUSD": 53475302.784994304
    },
    {
      "name": "WBNB-USDT PancakeswapWorker",
      "address": "0x81b6534f4F7ba45Ecf98295Cef1450B4a4FC81Cd",
      "vault": "ibUSDT",
      "borrowToken": "USDT",
      "posVal": 54249068.18951325,
      "posValUSD": 54291484.99343995,
      "debtVal": 32107164.921416603,
      "debtValUSD": 32132269.192597013
    }
  ]
}