{
  "blockNo": 17922282,
  "lpName": "USDT-WBNB LP",
  "lpTokens": 0,
  "token0_symbol": "USDT",
  "token0_decimals": 18,
  "token0": 0,
  "token0_liquidity": 112804519.37456301,
  "token0_price": 0.99883655,
  "token0_posVal": 30010014.78124615,
  "token0_posValUSD": 29975099.62954891,
  "token0_debtVal": 18416558.015645817,
  "token0_debtValUSD": 18395131.271222513,
  "token1_symbol": "WBNB",
  "token1_decimals": 18,
  "token1": 0,
  "token1_liquidity": 392242.6944253651,
  "token1_price": 287.61910849,
  "token1_posVal": 151466.47520558612,
  "token1_posValUSD": 43564652.56475336,
  "token1_debtVal": 75105.21019302541,
  "token1_debtValUSD": 21601693.59867203,
  "liquidity": 225489771.03883567,
  "tvl": 0,
  "health": 73539752.19430228,
  "debt": 39996824.86989454,
  "leverage": 2.1924071051720815,
  "workerPositions": [
    {
      "name": "USDT-WBNB PancakeswapWorker",
      "address": "0x41867cc58aece8B570FF1A2a8aa6149014D2a94C",
      "vault": "ibWBNB",
      "borrowToken": "WBNB",
      "posVal": 151466.47520558612,
      "posValUSD": 43564652.56475336,
      "debtVal": 75105.21019302541,
      "debtValUSD": 21601693.59867203
    },
    {
      "name": "WBNB-USDT PancakeswapWorker",
      "address": "0x81b6534f4F7ba45Ecf98295Cef1450B4a4FC81Cd",
      "vault": "ibUSDT",
      "borrowToken": "USDT",
      "posVal": 30010014.78124615,
      "posValUSD": 29975099.62954891,
      "debtVal": 18416558.015645817,
      "debtValUSD": 18395131.271222513
    }
  ]
}