{
  "blockNo": 16522586,
  "lpName": "USDT-WBNB LP",
  "lpTokens": 0,
  "token0_symbol": "USDT",
  "token0_decimals": 18,
  "token0": 0,
  "token0_liquidity": 169222511.83545664,
  "token0_price": 1.00024313,
  "token0_posVal": 50731886.3315982,
  "token0_posValUSD": 50744220.77512201,
  "token0_debtVal": 25046956.53043658,
  "token0_debtValUSD": 25053046.196977828,
  "token1_symbol": "WBNB",
  "token1_decimals": 18,
  "token1": 0,
  "token1_liquidity": 382142.4702033072,
  "token1_price": 442.87436857,
  "token1_posVal": 158157.53570560814,
  "token1_posValUSD": 70043918.76020843,
  "token1_debtVal": 104916.5842470699,
  "token1_debtValUSD": 46464866.00094229,
  "liquidity": 338504760.09982896,
  "tvl": 0,
  "health": 120788139.53533044,
  "debt": 71517912.19792011,
  "leverage": 2.4515441893164835,
  "workerPositions": [
    {
      "name": "USDT-WBNB PancakeswapWorker",
      "address": "0x41867cc58aece8B570FF1A2a8aa6149014D2a94C",
      "vault": "ibWBNB",
      "borrowToken": "WBNB",
      "posVal": 158157.53570560814,
      "posValUSD": 70043918.76020843,
      "debtVal": 104916.5842470699,
      "debtValUSD": 46464866.00094229
    },
    {
      "name": "WBNB-USDT PancakeswapWorker",
      "address": "0x81b6534f4F7ba45Ecf98295Cef1450B4a4FC81Cd",
      "vault": "ibUSDT",
      "borrowToken": "USDT",
      "posVal": 50731886.3315982,
      "posValUSD": 50744220.77512201,
      "debtVal": 25046956.53043658,
      "debtValUSD": 25053046.196977828
    }
  ]
}