{
  "blockNo": 13855786,
  "lpName": "USDT-WBNB LP",
  "lpTokens": 0,
  "token0_symbol": "USDT",
  "token0_decimals": 18,
  "token0": 0,
  "token0_liquidity": 133832043.81836493,
  "token0_price": 1.0005099,
  "token0_posVal": 50730053.84698195,
  "token0_posValUSD": 50755921.10143852,
  "token0_debtVal": 30897207.266194005,
  "token0_debtValUSD": 30912961.752179034,
  "token1_symbol": "WBNB",
  "token1_decimals": 18,
  "token1": 0,
  "token1_liquidity": 239227.77886655676,
  "token1_price": 560.7,
  "token1_posVal": 146873.07100407398,
  "token1_posValUSD": 82351730.91198428,
  "token1_debtVal": 95752.20886049083,
  "token1_debtValUSD": 53688263.50807722,
  "liquidity": 268035300.3879863,
  "tvl": 0,
  "health": 133107652.0134228,
  "debt": 84601225.26025626,
  "leverage": 2.744124045474725,
  "workerPositions": [
    {
      "name": "USDT-WBNB PancakeswapWorker",
      "address": "0x41867cc58aece8B570FF1A2a8aa6149014D2a94C",
      "vault": "ibWBNB",
      "borrowToken": "WBNB",
      "posVal": 146873.07100407398,
      "posValUSD": 82351730.91198428,
      "debtVal": 95752.20886049083,
      "debtValUSD": 53688263.50807722
    },
    {
      "name": "WBNB-USDT PancakeswapWorker",
      "address": "0x81b6534f4F7ba45Ecf98295Cef1450B4a4FC81Cd",
      "vault": "ibUSDT",
      "borrowToken": "USDT",
      "posVal": 50730053.84698195,
      "posValUSD": 50755921.10143852,
      "debtVal": 30897207.266194005,
      "debtValUSD": 30912961.752179034
    }
  ]
}