{
  "blockNo": 17056977,
  "lpName": "USDT-WBNB LP",
  "lpTokens": 0,
  "token0_symbol": "USDT",
  "token0_decimals": 18,
  "token0": 0,
  "token0_liquidity": 166660241.3109936,
  "token0_price": 1.00029464,
  "token0_posVal": 53724462.466105975,
  "token0_posValUSD": 53740291.84172698,
  "token0_debtVal": 27646811.60543167,
  "token0_debtValUSD": 27654957.46200309,
  "token1_symbol": "WBNB",
  "token1_decimals": 18,
  "token1": 0,
  "token1_liquidity": 411140.0457821338,
  "token1_price": 404.59104835,
  "token1_posVal": 177412.0992282686,
  "token1_posValUSD": 71779347.21673942,
  "token1_debtVal": 110547.30211721407,
  "token1_debtValUSD": 44726448.85586782,
  "liquidity": 333052928.22615397,
  "tvl": 0,
  "health": 125519639.0584664,
  "debt": 72381406.31787091,
  "leverage": 2.362134240918675,
  "workerPositions": [
    {
      "name": "USDT-WBNB PancakeswapWorker",
      "address": "0x41867cc58aece8B570FF1A2a8aa6149014D2a94C",
      "vault": "ibWBNB",
      "borrowToken": "WBNB",
      "posVal": 177412.0992282686,
      "posValUSD": 71779347.21673942,
      "debtVal": 110547.30211721407,
      "debtValUSD": 44726448.85586782
    },
    {
      "name": "WBNB-USDT PancakeswapWorker",
      "address": "0x81b6534f4F7ba45Ecf98295Cef1450B4a4FC81Cd",
      "vault": "ibUSDT",
      "borrowToken": "USDT",
      "posVal": 53724462.466105975,
      "posValUSD": 53740291.84172698,
      "debtVal": 27646811.60543167,
      "debtValUSD": 27654957.46200309
    }
  ]
}