{
  "blockNo": 14730512,
  "lpName": "USDT-WBNB LP",
  "lpTokens": 0,
  "token0_symbol": "USDT",
  "token0_decimals": 18,
  "token0": 0,
  "token0_liquidity": 95221607.15665688,
  "token0_price": 1.00059707,
  "token0_posVal": 35801073.80306078,
  "token0_posValUSD": 35822449.55019637,
  "token0_debtVal": 22392097.03288649,
  "token0_debtValUSD": 22405466.682261914,
  "token1_symbol": "WBNB",
  "token1_decimals": 18,
  "token1": 0,
  "token1_liquidity": 257079.27849355998,
  "token1_price": 370.64,
  "token1_posVal": 126673.71998491028,
  "token1_posValUSD": 46950347.575207144,
  "token1_debtVal": 75628.45413881594,
  "token1_debtValUSD": 28030930.24201074,
  "liquidity": 190562324.90249497,
  "tvl": 0,
  "health": 82772797.12540352,
  "debt": 50436396.92427266,
  "leverage": 2.559740620803821,
  "workerPositions": [
    {
      "name": "USDT-WBNB PancakeswapWorker",
      "address": "0x41867cc58aece8B570FF1A2a8aa6149014D2a94C",
      "vault": "ibWBNB",
      "borrowToken": "WBNB",
      "posVal": 126673.71998491028,
      "posValUSD": 46950347.575207144,
      "debtVal": 75628.45413881594,
      "debtValUSD": 28030930.24201074
    },
    {
      "name": "WBNB-USDT PancakeswapWorker",
      "address": "0x81b6534f4F7ba45Ecf98295Cef1450B4a4FC81Cd",
      "vault": "ibUSDT",
      "borrowToken": "USDT",
      "posVal": 35801073.80306078,
      "posValUSD": 35822449.55019637,
      "debtVal": 22392097.03288649,
      "debtValUSD": 22405466.682261914
    }
  ]
}