{
  "blockNo": 16202962,
  "lpName": "USDT-WBNB LP",
  "lpTokens": 0,
  "token0_symbol": "USDT",
  "token0_decimals": 18,
  "token0": 0,
  "token0_liquidity": 126626249.18034075,
  "token0_price": 1.00049393,
  "token0_posVal": 48282348.118194,
  "token0_posValUSD": 48306196.21840002,
  "token0_debtVal": 25223771.304372177,
  "token0_debtValUSD": 25236230.081732545,
  "token1_symbol": "WBNB",
  "token1_decimals": 18,
  "token1": 0,
  "token1_liquidity": 315647.19187215436,
  "token1_price": 401.9550275,
  "token1_posVal": 176507.6908112518,
  "token1_posValUSD": 70948153.71399823,
  "token1_debtVal": 111014.6519280532,
  "token1_debtValUSD": 44622897.46864355,
  "liquidity": 253564769.372868,
  "tvl": 0,
  "health": 119254349.93239824,
  "debt": 69859127.5503761,
  "leverage": 2.4142891595888836,
  "workerPositions": [
    {
      "name": "USDT-WBNB PancakeswapWorker",
      "address": "0x41867cc58aece8B570FF1A2a8aa6149014D2a94C",
      "vault": "ibWBNB",
      "borrowToken": "WBNB",
      "posVal": 176507.6908112518,
      "posValUSD": 70948153.71399823,
      "debtVal": 111014.6519280532,
      "debtValUSD": 44622897.46864355
    },
    {
      "name": "WBNB-USDT PancakeswapWorker",
      "address": "0x81b6534f4F7ba45Ecf98295Cef1450B4a4FC81Cd",
      "vault": "ibUSDT",
      "borrowToken": "USDT",
      "posVal": 48282348.118194,
      "posValUSD": 48306196.21840002,
      "debtVal": 25223771.304372177,
      "debtValUSD": 25236230.081732545
    }
  ]
}