{
  "blockNo": 14083437,
  "lpName": "USDT-WBNB LP",
  "lpTokens": 0,
  "token0_symbol": "USDT",
  "token0_decimals": 18,
  "token0": 0,
  "token0_liquidity": 141824440.76353595,
  "token0_price": 1.00003684,
  "token0_posVal": 48895839.79845498,
  "token0_posValUSD": 48897641.12119315,
  "token0_debtVal": 31173344.833366603,
  "token0_debtValUSD": 31174493.25939026,
  "token1_symbol": "WBNB",
  "token1_decimals": 18,
  "token1": 0,
  "token1_liquidity": 278341.57508757536,
  "token1_price": 510.00145281,
  "token1_posVal": 160595.66593009947,
  "token1_posValUSD": 81904022.93934014,
  "token1_debtVal": 100254.09251802591,
  "token1_debtValUSD": 51129732.83434136,
  "liquidity": 283784273.24802077,
  "tvl": 0,
  "health": 130801664.06053329,
  "debt": 82304226.09373163,
  "leverage": 2.6970840016347255,
  "workerPositions": [
    {
      "name": "USDT-WBNB PancakeswapWorker",
      "address": "0x41867cc58aece8B570FF1A2a8aa6149014D2a94C",
      "vault": "ibWBNB",
      "borrowToken": "WBNB",
      "posVal": 160595.66593009947,
      "posValUSD": 81904022.93934014,
      "debtVal": 100254.09251802591,
      "debtValUSD": 51129732.83434136
    },
    {
      "name": "WBNB-USDT PancakeswapWorker",
      "address": "0x81b6534f4F7ba45Ecf98295Cef1450B4a4FC81Cd",
      "vault": "ibUSDT",
      "borrowToken": "USDT",
      "posVal": 48895839.79845498,
      "posValUSD": 48897641.12119315,
      "debtVal": 31173344.833366603,
      "debtValUSD": 31174493.25939026
    }
  ]
}