{
  "blockNo": 13339547,
  "lpName": "USDT-WBNB LP",
  "lpTokens": 0,
  "token0_symbol": "USDT",
  "token0_decimals": 18,
  "token0": 0,
  "token0_liquidity": 132331054.1235297,
  "token0_price": 1.00049066,
  "token0_posVal": 47441466.55996663,
  "token0_posValUSD": 47464744.189948946,
  "token0_debtVal": 29171173.38239478,
  "token0_debtValUSD": 29185486.510326587,
  "token1_symbol": "WBNB",
  "token1_decimals": 18,
  "token1": 0,
  "token1_liquidity": 230212.06603934325,
  "token1_price": 575.28608773,
  "token1_posVal": 141740.20247503222,
  "token1_posValUSD": 81541166.55591933,
  "token1_debtVal": 93490.16201278918,
  "token1_debtValUSD": 53783589.54558135,
  "liquidity": 264833782.49856013,
  "tvl": 0,
  "health": 129005910.74586828,
  "debt": 82969076.05590793,
  "leverage": 2.8022324213789123,
  "workerPositions": [
    {
      "name": "USDT-WBNB PancakeswapWorker",
      "address": "0x41867cc58aece8B570FF1A2a8aa6149014D2a94C",
      "vault": "ibWBNB",
      "borrowToken": "WBNB",
      "posVal": 141740.20247503222,
      "posValUSD": 81541166.55591933,
      "debtVal": 93490.16201278918,
      "debtValUSD": 53783589.54558135
    },
    {
      "name": "WBNB-USDT PancakeswapWorker",
      "address": "0x81b6534f4F7ba45Ecf98295Cef1450B4a4FC81Cd",
      "vault": "ibUSDT",
      "borrowToken": "USDT",
      "posVal": 47441466.55996663,
      "posValUSD": 47464744.189948946,
      "debtVal": 29171173.38239478,
      "debtValUSD": 29185486.510326587
    }
  ]
}