{
  "blockNo": 15229066,
  "lpName": "USDT-WBNB LP",
  "lpTokens": 0,
  "token0_symbol": "USDT",
  "token0_decimals": 18,
  "token0": 0,
  "token0_liquidity": 119968851.95907821,
  "token0_price": 1.0006496,
  "token0_posVal": 43102557.54472225,
  "token0_posValUSD": 43130556.96610331,
  "token0_debtVal": 25937347.69285472,
  "token0_debtValUSD": 25954196.593916,
  "token1_symbol": "WBNB",
  "token1_decimals": 18,
  "token1": 0,
  "token1_liquidity": 303307.90960838716,
  "token1_price": 396.42,
  "token1_posVal": 173920.48408220834,
  "token1_posValUSD": 68945558.29986903,
  "token1_debtVal": 101018.5812145777,
  "token1_debtValUSD": 40045785.96508289,
  "liquidity": 240284105.25226766,
  "tvl": 0,
  "health": 112076115.26597235,
  "debt": 65999982.55899889,
  "leverage": 2.4324115042105094,
  "workerPositions": [
    {
      "name": "USDT-WBNB PancakeswapWorker",
      "address": "0x41867cc58aece8B570FF1A2a8aa6149014D2a94C",
      "vault": "ibWBNB",
      "borrowToken": "WBNB",
      "posVal": 173920.48408220834,
      "posValUSD": 68945558.29986903,
      "debtVal": 101018.5812145777,
      "debtValUSD": 40045785.96508289
    },
    {
      "name": "WBNB-USDT PancakeswapWorker",
      "address": "0x81b6534f4F7ba45Ecf98295Cef1450B4a4FC81Cd",
      "vault": "ibUSDT",
      "borrowToken": "USDT",
      "posVal": 43102557.54472225,
      "posValUSD": 43130556.96610331,
      "debtVal": 25937347.69285472,
      "debtValUSD": 25954196.593916
    }
  ]
}