{
  "blockNo": 15649991,
  "lpName": "USDT-WBNB LP",
  "lpTokens": 0,
  "token0_symbol": "USDT",
  "token0_decimals": 18,
  "token0": 0,
  "token0_liquidity": 122301436.89489534,
  "token0_price": 1.00044764,
  "token0_posVal": 44765171.77551996,
  "token0_posValUSD": 44785210.457013555,
  "token0_debtVal": 27628378.426803146,
  "token0_debtValUSD": 27640745.994122118,
  "token1_symbol": "WBNB",
  "token1_decimals": 18,
  "token1": 0,
  "token1_liquidity": 333089.9380726406,
  "token1_price": 367.59,
  "token1_posVal": 202309.36617119817,
  "token1_posValUSD": 74366899.91087073,
  "token1_debtVal": 120899.4731114708,
  "token1_debtValUSD": 44441437.32104555,
  "liquidity": 244796714.24622893,
  "tvl": 0,
  "health": 119152110.36788428,
  "debt": 72082183.31516767,
  "leverage": 2.531385065339877,
  "workerPositions": [
    {
      "name": "USDT-WBNB PancakeswapWorker",
      "address": "0x41867cc58aece8B570FF1A2a8aa6149014D2a94C",
      "vault": "ibWBNB",
      "borrowToken": "WBNB",
      "posVal": 202309.36617119817,
      "posValUSD": 74366899.91087073,
      "debtVal": 120899.4731114708,
      "debtValUSD": 44441437.32104555
    },
    {
      "name": "WBNB-USDT PancakeswapWorker",
      "address": "0x81b6534f4F7ba45Ecf98295Cef1450B4a4FC81Cd",
      "vault": "ibUSDT",
      "borrowToken": "USDT",
      "posVal": 44765171.77551996,
      "posValUSD": 44785210.457013555,
      "debtVal": 27628378.426803146,
      "debtValUSD": 27640745.994122118
    }
  ]
}