{
  "blockNo": 16048883,
  "lpName": "USDT-WBNB LP",
  "lpTokens": 0,
  "token0_symbol": "USDT",
  "token0_decimals": 18,
  "token0": 0,
  "token0_liquidity": 120740741.47141553,
  "token0_price": 1.00037658,
  "token0_posVal": 46400516.029741034,
  "token0_posValUSD": 46417989.536067516,
  "token0_debtVal": 25230136.765498064,
  "token0_debtValUSD": 25239637.930401213,
  "token1_symbol": "WBNB",
  "token1_decimals": 18,
  "token1": 0,
  "token1_liquidity": 325871.75779915944,
  "token1_price": 371.11575372,
  "token1_posVal": 185783.86789267606,
  "token1_posValUSD": 68947320.16200738,
  "token1_debtVal": 112097.2152797803,
  "token1_debtValUSD": 41601042.53846876,
  "liquidity": 241722353.03153518,
  "tvl": 0,
  "health": 115365309.69807489,
  "debt": 66840680.46886998,
  "leverage": 2.377458860183138,
  "workerPositions": [
    {
      "name": "USDT-WBNB PancakeswapWorker",
      "address": "0x41867cc58aece8B570FF1A2a8aa6149014D2a94C",
      "vault": "ibWBNB",
      "borrowToken": "WBNB",
      "posVal": 185783.86789267606,
      "posValUSD": 68947320.16200738,
      "debtVal": 112097.2152797803,
      "debtValUSD": 41601042.53846876
    },
    {
      "name": "WBNB-USDT PancakeswapWorker",
      "address": "0x81b6534f4F7ba45Ecf98295Cef1450B4a4FC81Cd",
      "vault": "ibUSDT",
      "borrowToken": "USDT",
      "posVal": 46400516.029741034,
      "posValUSD": 46417989.536067516,
      "debtVal": 25230136.765498064,
      "debtValUSD": 25239637.930401213
    }
  ]
}