{
  "blockNo": 13286549,
  "lpName": "USDT-WBNB LP",
  "lpTokens": 0,
  "token0_symbol": "USDT",
  "token0_decimals": 18,
  "token0": 0,
  "token0_liquidity": 134528365.93098536,
  "token0_price": 1.00085625,
  "token0_posVal": 47314429.40955146,
  "token0_posValUSD": 47354942.38973338,
  "token0_debtVal": 29049723.980696455,
  "token0_debtValUSD": 29074597.806854926,
  "token1_symbol": "WBNB",
  "token1_decimals": 18,
  "token1": 0,
  "token1_liquidity": 234157.64408857297,
  "token1_price": 574.73,
  "token1_posVal": 142021.52038727415,
  "token1_posValUSD": 81624028.41217808,
  "token1_debtVal": 93484.12984633406,
  "token1_debtValUSD": 53728133.94658358,
  "liquidity": 269220978.6313393,
  "tvl": 0,
  "health": 128978970.80191147,
  "debt": 82802731.7534385,
  "leverage": 2.793189169575229,
  "workerPositions": [
    {
      "name": "USDT-WBNB PancakeswapWorker",
      "address": "0x41867cc58aece8B570FF1A2a8aa6149014D2a94C",
      "vault": "ibWBNB",
      "borrowToken": "WBNB",
      "posVal": 142021.52038727415,
      "posValUSD": 81624028.41217808,
      "debtVal": 93484.12984633406,
      "debtValUSD": 53728133.94658358
    },
    {
      "name": "WBNB-USDT PancakeswapWorker",
      "address": "0x81b6534f4F7ba45Ecf98295Cef1450B4a4FC81Cd",
      "vault": "ibUSDT",
      "borrowToken": "USDT",
      "posVal": 47314429.40955146,
      "posValUSD": 47354942.38973338,
      "debtVal": 29049723.980696455,
      "debtValUSD": 29074597.806854926
    }
  ]
}