{
  "blockNo": 17979614,
  "lpName": "USDT-WBNB LP",
  "lpTokens": 0,
  "token0_symbol": "USDT",
  "token0_decimals": 18,
  "token0": 0,
  "token0_liquidity": 114856939.54561841,
  "token0_price": 0.99919027,
  "token0_posVal": 32904097.653600406,
  "token0_posValUSD": 32877454.21860736,
  "token0_debtVal": 19850371.959701475,
  "token0_debtValUSD": 19834298.518014546,
  "token1_symbol": "WBNB",
  "token1_decimals": 18,
  "token1": 0,
  "token1_liquidity": 380042.47015947325,
  "token1_price": 302.63334212,
  "token1_posVal": 153192.69052267555,
  "token1_posValUSD": 46361215.92123215,
  "token1_debtVal": 78598.8918639056,
  "token1_debtValUSD": 23786645.331702232,
  "liquidity": 229777459.3278619,
  "tvl": 0,
  "health": 79238670.1398395,
  "debt": 43620943.84971678,
  "leverage": 2.22469759844871,
  "workerPositions": [
    {
      "name": "USDT-WBNB PancakeswapWorker",
      "address": "0x41867cc58aece8B570FF1A2a8aa6149014D2a94C",
      "vault": "ibWBNB",
      "borrowToken": "WBNB",
      "posVal": 153192.69052267555,
      "posValUSD": 46361215.92123215,
      "debtVal": 78598.8918639056,
      "debtValUSD": 23786645.331702232
    },
    {
      "name": "WBNB-USDT PancakeswapWorker",
      "address": "0x81b6534f4F7ba45Ecf98295Cef1450B4a4FC81Cd",
      "vault": "ibUSDT",
      "borrowToken": "USDT",
      "posVal": 32904097.653600406,
      "posValUSD": 32877454.21860736,
      "debtVal": 19850371.959701475,
      "debtValUSD": 19834298.518014546
    }
  ]
}