{
  "blockNo": 11525199,
  "lpName": "USDT-WBNB LP",
  "lpTokens": 0,
  "token0_symbol": "USDT",
  "token0_decimals": 18,
  "token0": 0,
  "token0_liquidity": 95439621.22677226,
  "token0_price": 1.00056847,
  "token0_posVal": 42357930.50559139,
  "token0_posValUSD": 42382009.7183459,
  "token0_debtVal": 25378040.8549231,
  "token0_debtValUSD": 25392467.509807896,
  "token1_symbol": "WBNB",
  "token1_decimals": 18,
  "token1": 0,
  "token1_liquidity": 217492.2592243717,
  "token1_price": 439.37061474,
  "token1_posVal": 118653.24899864553,
  "token1_posValUSD": 52132750.95343318,
  "token1_debtVal": 76466.42435915566,
  "token1_debtValUSD": 33597099.87765193,
  "liquidity": 191053583.42485467,
  "tvl": 0,
  "health": 94514760.67177908,
  "debt": 58989567.38745983,
  "leverage": 2.660499547894021,
  "workerPositions": [
    {
      "name": "USDT-WBNB PancakeswapWorker",
      "address": "0x41867cc58aece8B570FF1A2a8aa6149014D2a94C",
      "vault": "ibWBNB",
      "borrowToken": "WBNB",
      "posVal": 118653.24899864553,
      "posValUSD": 52132750.95343318,
      "debtVal": 76466.42435915566,
      "debtValUSD": 33597099.87765193
    },
    {
      "name": "WBNB-USDT PancakeswapWorker",
      "address": "0x81b6534f4F7ba45Ecf98295Cef1450B4a4FC81Cd",
      "vault": "ibUSDT",
      "borrowToken": "USDT",
      "posVal": 42357930.50559139,
      "posValUSD": 42382009.7183459,
      "debtVal": 25378040.8549231,
      "debtValUSD": 25392467.509807896
    }
  ]
}