{
  "blockNo": 11207295,
  "lpName": "USDT-WBNB LP",
  "lpTokens": 0,
  "token0_symbol": "USDT",
  "token0_decimals": 18,
  "token0": 0,
  "token0_liquidity": 129168762.61527677,
  "token0_price": 1.00151335,
  "token0_posVal": 45772511.307811,
  "token0_posValUSD": 45841781.137798674,
  "token0_debtVal": 28151597.145637944,
  "token0_debtValUSD": 28194200.365178294,
  "token1_symbol": "WBNB",
  "token1_decimals": 18,
  "token1": 0,
  "token1_liquidity": 364642.72166418325,
  "token1_price": 355.54019103,
  "token1_posVal": 165400.64522024483,
  "token1_posValUSD": 58806576.9980911,
  "token1_debtVal": 98692.74568369957,
  "token1_debtValUSD": 35089237.65365776,
  "liquidity": 259009383.08036342,
  "tvl": 0,
  "health": 104648358.13588977,
  "debt": 63283438.01883605,
  "leverage": 2.529881789684537,
  "workerPositions": [
    {
      "name": "USDT-WBNB PancakeswapWorker",
      "address": "0x41867cc58aece8B570FF1A2a8aa6149014D2a94C",
      "vault": "ibWBNB",
      "borrowToken": "WBNB",
      "posVal": 165400.64522024483,
      "posValUSD": 58806576.9980911,
      "debtVal": 98692.74568369957,
      "debtValUSD": 35089237.65365776
    },
    {
      "name": "WBNB-USDT PancakeswapWorker",
      "address": "0x81b6534f4F7ba45Ecf98295Cef1450B4a4FC81Cd",
      "vault": "ibUSDT",
      "borrowToken": "USDT",
      "posVal": 45772511.307811,
      "posValUSD": 45841781.137798674,
      "debtVal": 28151597.145637944,
      "debtValUSD": 28194200.365178294
    }
  ]
}