{
  "blockNo": 10625426,
  "lpName": "USDT-WBNB LP",
  "lpTokens": 0,
  "token0_symbol": "USDT",
  "token0_decimals": 18,
  "token0": 0,
  "token0_liquidity": 138750188.80606058,
  "token0_price": 1.00053971,
  "token0_posVal": 63326153.58886571,
  "token0_posValUSD": 63360331.347219154,
  "token0_debtVal": 33749871.37358764,
  "token0_debtValUSD": 33768086.51666667,
  "token1_symbol": "WBNB",
  "token1_decimals": 18,
  "token1": 0,
  "token1_liquidity": 277316.5245221104,
  "token1_price": 500.45453087,
  "token1_posVal": 126404.8567277781,
  "token1_posValUSD": 63259883.27338975,
  "token1_debtVal": 82726.4876866391,
  "token1_debtValUSD": 41400845.5857398,
  "liquidity": 277609384.8526727,
  "tvl": 0,
  "health": 126620214.6206089,
  "debt": 75168932.10240647,
  "leverage": 2.4609729519533983,
  "workerPositions": [
    {
      "name": "USDT-WBNB PancakeswapWorker",
      "address": "0x41867cc58aece8B570FF1A2a8aa6149014D2a94C",
      "vault": "ibWBNB",
      "borrowToken": "WBNB",
      "posVal": 126404.8567277781,
      "posValUSD": 63259883.27338975,
      "debtVal": 82726.4876866391,
      "debtValUSD": 41400845.5857398
    },
    {
      "name": "WBNB-USDT PancakeswapWorker",
      "address": "0x81b6534f4F7ba45Ecf98295Cef1450B4a4FC81Cd",
      "vault": "ibUSDT",
      "borrowToken": "USDT",
      "posVal": 63326153.58886571,
      "posValUSD": 63360331.347219154,
      "debtVal": 33749871.37358764,
      "debtValUSD": 33768086.51666667
    }
  ]
}