{
  "blockNo": 12759257,
  "lpName": "USDT-WBNB LP",
  "lpTokens": 0,
  "token0_symbol": "USDT",
  "token0_decimals": 18,
  "token0": 0,
  "token0_liquidity": 138481441.9361219,
  "token0_price": 1.00055532,
  "token0_posVal": 48028578.435774535,
  "token0_posValUSD": 48055249.66595148,
  "token0_debtVal": 29245246.64548089,
  "token0_debtValUSD": 29261487.115848057,
  "token1_symbol": "WBNB",
  "token1_decimals": 18,
  "token1": 0,
  "token1_liquidity": 256451.73753652265,
  "token1_price": 540.52997048,
  "token1_posVal": 150494.94747447758,
  "token1_posValUSD": 81347029.51576851,
  "token1_debtVal": 97170.13599167431,
  "token1_debtValUSD": 52523370.739117295,
  "liquidity": 277178193.57061917,
  "tvl": 0,
  "health": 129402279.18171999,
  "debt": 81784857.85496536,
  "leverage": 2.7175406726406077,
  "workerPositions": [
    {
      "name": "USDT-WBNB PancakeswapWorker",
      "address": "0x41867cc58aece8B570FF1A2a8aa6149014D2a94C",
      "vault": "ibWBNB",
      "borrowToken": "WBNB",
      "posVal": 150494.94747447758,
      "posValUSD": 81347029.51576851,
      "debtVal": 97170.13599167431,
      "debtValUSD": 52523370.739117295
    },
    {
      "name": "WBNB-USDT PancakeswapWorker",
      "address": "0x81b6534f4F7ba45Ecf98295Cef1450B4a4FC81Cd",
      "vault": "ibUSDT",
      "borrowToken": "USDT",
      "posVal": 48028578.435774535,
      "posValUSD": 48055249.66595148,
      "debtVal": 29245246.64548089,
      "debtValUSD": 29261487.115848057
    }
  ]
}