{
  "blockNo": 11263323,
  "lpName": "USDT-WBNB LP",
  "lpTokens": 0,
  "token0_symbol": "USDT",
  "token0_decimals": 18,
  "token0": 0,
  "token0_liquidity": 126021016.26046063,
  "token0_price": 1.00048523,
  "token0_posVal": 45044771.320718005,
  "token0_posValUSD": 45066628.39510596,
  "token0_debtVal": 28024027.032896016,
  "token0_debtValUSD": 28037625.131533187,
  "token1_symbol": "WBNB",
  "token1_decimals": 18,
  "token1": 0,
  "token1_liquidity": 367051.93086290726,
  "token1_price": 345.26695223,
  "token1_posVal": 162222.54993726872,
  "token1_posValUSD": 56010085.399819754,
  "token1_debtVal": 95765.73550042296,
  "token1_debtValUSD": 33064743.62429535,
  "liquidity": 252813066.9173534,
  "tvl": 0,
  "health": 101076713.79492572,
  "debt": 61102368.75582854,
  "leverage": 2.528539584477668,
  "workerPositions": [
    {
      "name": "USDT-WBNB PancakeswapWorker",
      "address": "0x41867cc58aece8B570FF1A2a8aa6149014D2a94C",
      "vault": "ibWBNB",
      "borrowToken": "WBNB",
      "posVal": 162222.54993726872,
      "posValUSD": 56010085.399819754,
      "debtVal": 95765.73550042296,
      "debtValUSD": 33064743.62429535
    },
    {
      "name": "WBNB-USDT PancakeswapWorker",
      "address": "0x81b6534f4F7ba45Ecf98295Cef1450B4a4FC81Cd",
      "vault": "ibUSDT",
      "borrowToken": "USDT",
      "posVal": 45044771.320718005,
      "posValUSD": 45066628.39510596,
      "debtVal": 28024027.032896016,
      "debtValUSD": 28037625.131533187
    }
  ]
}