{
  "blockNo": 13087349,
  "lpName": "USDT-WBNB LP",
  "lpTokens": 0,
  "token0_symbol": "USDT",
  "token0_decimals": 18,
  "token0": 0,
  "token0_liquidity": 148994072.19079983,
  "token0_price": 1.00084002,
  "token0_posVal": 64245257.20664054,
  "token0_posValUSD": 64299224.507599264,
  "token0_debtVal": 36585081.60743442,
  "token0_debtValUSD": 36615813.8076863,
  "token1_symbol": "WBNB",
  "token1_decimals": 18,
  "token1": 0,
  "token1_liquidity": 239700.8987178633,
  "token1_price": 620.40109988,
  "token1_posVal": 129623.80999061209,
  "token1_posValUSD": 80418754.28881186,
  "token1_debtVal": 88619.5259854052,
  "token1_debtValUSD": 54979651.39218962,
  "liquidity": 297829931.3981084,
  "tvl": 0,
  "health": 144717978.79641113,
  "debt": 91595465.19987592,
  "leverage": 2.724230632148589,
  "workerPositions": [
    {
      "name": "USDT-WBNB PancakeswapWorker",
      "address": "0x41867cc58aece8B570FF1A2a8aa6149014D2a94C",
      "vault": "ibWBNB",
      "borrowToken": "WBNB",
      "posVal": 129623.80999061209,
      "posValUSD": 80418754.28881186,
      "debtVal": 88619.5259854052,
      "debtValUSD": 54979651.39218962
    },
    {
      "name": "WBNB-USDT PancakeswapWorker",
      "address": "0x81b6534f4F7ba45Ecf98295Cef1450B4a4FC81Cd",
      "vault": "ibUSDT",
      "borrowToken": "USDT",
      "posVal": 64245257.20664054,
      "posValUSD": 64299224.507599264,
      "debtVal": 36585081.60743442,
      "debtValUSD": 36615813.8076863
    }
  ]
}