{
  "blockNo": 17818195,
  "lpName": "USDT-WBNB LP",
  "lpTokens": 0,
  "token0_symbol": "USDT",
  "token0_decimals": 18,
  "token0": 0,
  "token0_liquidity": 102452920.22958036,
  "token0_price": 0.99891184,
  "token0_posVal": 29994987.767136026,
  "token0_posValUSD": 29962348.42124734,
  "token0_debtVal": 18187531.386415757,
  "token0_debtValUSD": 18167740.442262314,
  "token1_symbol": "WBNB",
  "token1_decimals": 18,
  "token1": 0,
  "token1_liquidity": 347946.8708374329,
  "token1_price": 294.30123572,
  "token1_posVal": 102095.6904750299,
  "token1_posValUSD": 30046887.868487936,
  "token1_debtVal": 51426.55406422366,
  "token1_debtValUSD": 15134898.409922412,
  "liquidity": 204742629.11226708,
  "tvl": 0,
  "health": 60009236.28973527,
  "debt": 33302638.852184728,
  "leverage": 2.2469817216535373,
  "workerPositions": [
    {
      "name": "USDT-WBNB PancakeswapWorker",
      "address": "0x41867cc58aece8B570FF1A2a8aa6149014D2a94C",
      "vault": "ibWBNB",
      "borrowToken": "WBNB",
      "posVal": 102095.6904750299,
      "posValUSD": 30046887.868487936,
      "debtVal": 51426.55406422366,
      "debtValUSD": 15134898.409922412
    },
    {
      "name": "WBNB-USDT PancakeswapWorker",
      "address": "0x81b6534f4F7ba45Ecf98295Cef1450B4a4FC81Cd",
      "vault": "ibUSDT",
      "borrowToken": "USDT",
      "posVal": 29994987.767136026,
      "posValUSD": 29962348.42124734,
      "debtVal": 18187531.386415757,
      "debtValUSD": 18167740.442262314
    }
  ]
}