{
  "blockNo": 10881110,
  "lpName": "USDT-WBNB LP",
  "lpTokens": 0,
  "token0_symbol": "USDT",
  "token0_decimals": 18,
  "token0": 0,
  "token0_liquidity": 118452803.4971433,
  "token0_price": 0.9999171,
  "token0_posVal": 43943546.04170724,
  "token0_posValUSD": 43939903.121740386,
  "token0_debtVal": 26890808.344520085,
  "token0_debtValUSD": 26888579.096508324,
  "token1_symbol": "WBNB",
  "token1_decimals": 18,
  "token1": 0,
  "token1_liquidity": 304288.22857231525,
  "token1_price": 389.94,
  "token1_posVal": 140236.54894798947,
  "token1_posValUSD": 54683839.896779016,
  "token1_debtVal": 81868.20366326,
  "token1_debtValUSD": 31923687.336451605,
  "liquidity": 237097135.609222,
  "tvl": 0,
  "health": 98623743.0185194,
  "debt": 58812266.43295993,
  "leverage": 2.477269156459584,
  "workerPositions": [
    {
      "name": "USDT-WBNB PancakeswapWorker",
      "address": "0x41867cc58aece8B570FF1A2a8aa6149014D2a94C",
      "vault": "ibWBNB",
      "borrowToken": "WBNB",
      "posVal": 140236.54894798947,
      "posValUSD": 54683839.896779016,
      "debtVal": 81868.20366326,
      "debtValUSD": 31923687.336451605
    },
    {
      "name": "WBNB-USDT PancakeswapWorker",
      "address": "0x81b6534f4F7ba45Ecf98295Cef1450B4a4FC81Cd",
      "vault": "ibUSDT",
      "borrowToken": "USDT",
      "posVal": 43943546.04170724,
      "posValUSD": 43939903.121740386,
      "debtVal": 26890808.344520085,
      "debtValUSD": 26888579.096508324
    }
  ]
}