{
  "blockNo": 10975644,
  "lpName": "USDT-WBNB LP",
  "lpTokens": 0,
  "token0_symbol": "USDT",
  "token0_decimals": 18,
  "token0": 0,
  "token0_liquidity": 135991145.74703068,
  "token0_price": 1.00033759,
  "token0_posVal": 49775282.43037122,
  "token0_posValUSD": 49792086.067966886,
  "token0_debtVal": 29343684.268508248,
  "token0_debtValUSD": 29353590.402880453,
  "token1_symbol": "WBNB",
  "token1_decimals": 18,
  "token1": 0,
  "token1_liquidity": 322977.8718699278,
  "token1_price": 421.57937513,
  "token1_posVal": 164521.8051168578,
  "token1_posValUSD": 69358999.79642455,
  "token1_debtVal": 101725.37341398121,
  "token1_debtValUSD": 42885319.35873212,
  "liquidity": 272197864.40166473,
  "tvl": 0,
  "health": 119151085.86439145,
  "debt": 72238909.76161256,
  "leverage": 2.5398754814388886,
  "workerPositions": [
    {
      "name": "USDT-WBNB PancakeswapWorker",
      "address": "0x41867cc58aece8B570FF1A2a8aa6149014D2a94C",
      "vault": "ibWBNB",
      "borrowToken": "WBNB",
      "posVal": 164521.8051168578,
      "posValUSD": 69358999.79642455,
      "debtVal": 101725.37341398121,
      "debtValUSD": 42885319.35873212
    },
    {
      "name": "WBNB-USDT PancakeswapWorker",
      "address": "0x81b6534f4F7ba45Ecf98295Cef1450B4a4FC81Cd",
      "vault": "ibUSDT",
      "borrowToken": "USDT",
      "posVal": 49775282.43037122,
      "posValUSD": 49792086.067966886,
      "debtVal": 29343684.268508248,
      "debtValUSD": 29353590.402880453
    }
  ]
}