{
  "blockNo": 17604530,
  "lpName": "USDT-WBNB LP",
  "lpTokens": 0,
  "token0_symbol": "USDT",
  "token0_decimals": 18,
  "token0": 0,
  "token0_liquidity": 156406599.19799006,
  "token0_price": 0.99989071,
  "token0_posVal": 35978275.45723776,
  "token0_posValUSD": 35974343.391513035,
  "token0_debtVal": 19126433.94967716,
  "token0_debtValUSD": 19124343.621710796,
  "token1_symbol": "WBNB",
  "token1_decimals": 18,
  "token1": 0,
  "token1_liquidity": 414657.91090397484,
  "token1_price": 377.27565103,
  "token1_posVal": 165233.3368118632,
  "token1_posValUSD": 62338514.71755496,
  "token1_debtVal": 101167.31956738791,
  "token1_debtValUSD": 38167966.35274633,
  "liquidity": 312829838.81180054,
  "tvl": 0,
  "health": 98312858.10906799,
  "debt": 57292309.97445713,
  "leverage": 2.3966734375769363,
  "workerPositions": [
    {
      "name": "USDT-WBNB PancakeswapWorker",
      "address": "0x41867cc58aece8B570FF1A2a8aa6149014D2a94C",
      "vault": "ibWBNB",
      "borrowToken": "WBNB",
      "posVal": 165233.3368118632,
      "posValUSD": 62338514.71755496,
      "debtVal": 101167.31956738791,
      "debtValUSD": 38167966.35274633
    },
    {
      "name": "WBNB-USDT PancakeswapWorker",
      "address": "0x81b6534f4F7ba45Ecf98295Cef1450B4a4FC81Cd",
      "vault": "ibUSDT",
      "borrowToken": "USDT",
      "posVal": 35978275.45723776,
      "posValUSD": 35974343.391513035,
      "debtVal": 19126433.94967716,
      "debtValUSD": 19124343.621710796
    }
  ]
}