{
  "blockNo": 18004678,
  "lpName": "USDT-WBNB LP",
  "lpTokens": 0,
  "token0_symbol": "USDT",
  "token0_decimals": 18,
  "token0": 0,
  "token0_liquidity": 116749045.18760881,
  "token0_price": 0.999395,
  "token0_posVal": 33468079.309022967,
  "token0_posValUSD": 33447831.121041007,
  "token0_debtVal": 19854893.09478839,
  "token0_debtValUSD": 19842880.884466045,
  "token1_symbol": "WBNB",
  "token1_decimals": 18,
  "token1": 0,
  "token1_liquidity": 373590.356945058,
  "token1_price": 312.33,
  "token1_posVal": 150704.18494599004,
  "token1_posValUSD": 47069438.08418107,
  "token1_debtVal": 78620.54116183084,
  "token1_debtValUSD": 24555553.621074624,
  "liquidity": 233361888.19992027,
  "tvl": 0,
  "health": 80517269.20522207,
  "debt": 44398434.50554067,
  "leverage": 2.2292321962959756,
  "workerPositions": [
    {
      "name": "USDT-WBNB PancakeswapWorker",
      "address": "0x41867cc58aece8B570FF1A2a8aa6149014D2a94C",
      "vault": "ibWBNB",
      "borrowToken": "WBNB",
      "posVal": 150704.18494599004,
      "posValUSD": 47069438.08418107,
      "debtVal": 78620.54116183084,
      "debtValUSD": 24555553.621074624
    },
    {
      "name": "WBNB-USDT PancakeswapWorker",
      "address": "0x81b6534f4F7ba45Ecf98295Cef1450B4a4FC81Cd",
      "vault": "ibUSDT",
      "borrowToken": "USDT",
      "posVal": 33468079.309022967,
      "posValUSD": 33447831.121041007,
      "debtVal": 19854893.09478839,
      "debtValUSD": 19842880.884466045
    }
  ]
}