{
  "blockNo": 16508396,
  "lpName": "USDT-WBNB LP",
  "lpTokens": 0,
  "token0_symbol": "USDT",
  "token0_decimals": 18,
  "token0": 0,
  "token0_liquidity": 168850319.4504803,
  "token0_price": 1.00038507,
  "token0_posVal": 50405569.913714394,
  "token0_posValUSD": 50424979.586521074,
  "token0_debtVal": 24959454.03224814,
  "token0_debtValUSD": 24969065.16921234,
  "token1_symbol": "WBNB",
  "token1_decimals": 18,
  "token1": 0,
  "token1_liquidity": 384250.8102585535,
  "token1_price": 439.39569044,
  "token1_posVal": 158894.22774411485,
  "token1_posValUSD": 69817438.90655595,
  "token1_debtVal": 105012.11566143815,
  "token1_debtValUSD": 46141871.065622754,
  "liquidity": 337753488.71867764,
  "tvl": 0,
  "health": 120242418.49307702,
  "debt": 71110936.23483509,
  "leverage": 2.447359879375633,
  "workerPositions": [
    {
      "name": "USDT-WBNB PancakeswapWorker",
      "address": "0x41867cc58aece8B570FF1A2a8aa6149014D2a94C",
      "vault": "ibWBNB",
      "borrowToken": "WBNB",
      "posVal": 158894.22774411485,
      "posValUSD": 69817438.90655595,
      "debtVal": 105012.11566143815,
      "debtValUSD": 46141871.065622754
    },
    {
      "name": "WBNB-USDT PancakeswapWorker",
      "address": "0x81b6534f4F7ba45Ecf98295Cef1450B4a4FC81Cd",
      "vault": "ibUSDT",
      "borrowToken": "USDT",
      "posVal": 50405569.913714394,
      "posValUSD": 50424979.586521074,
      "debtVal": 24959454.03224814,
      "debtValUSD": 24969065.16921234
    }
  ]
}