{
  "blockNo": 12655097,
  "lpName": "USDT-WBNB LP",
  "lpTokens": 0,
  "token0_symbol": "USDT",
  "token0_decimals": 18,
  "token0": 0,
  "token0_liquidity": 153326215.37173465,
  "token0_price": 1.00024627,
  "token0_posVal": 54299591.84613046,
  "token0_posValUSD": 54312964.20661441,
  "token0_debtVal": 31450833.893721234,
  "token0_debtValUSD": 31458579.290584244,
  "token1_symbol": "WBNB",
  "token1_decimals": 18,
  "token1": 0,
  "token1_liquidity": 235708.50903286925,
  "token1_price": 650.92,
  "token1_posVal": 128628.03439536672,
  "token1_posValUSD": 83726560.1486321,
  "token1_debtVal": 91179.73382153326,
  "token1_debtValUSD": 59350712.33911242,
  "liquidity": 306791357.7184695,
  "tvl": 0,
  "health": 138039524.3552465,
  "debt": 90809291.62969667,
  "leverage": 2.9226941386755465,
  "workerPositions": [
    {
      "name": "USDT-WBNB PancakeswapWorker",
      "address": "0x41867cc58aece8B570FF1A2a8aa6149014D2a94C",
      "vault": "ibWBNB",
      "borrowToken": "WBNB",
      "posVal": 128628.03439536672,
      "posValUSD": 83726560.1486321,
      "debtVal": 91179.73382153326,
      "debtValUSD": 59350712.33911242
    },
    {
      "name": "WBNB-USDT PancakeswapWorker",
      "address": "0x81b6534f4F7ba45Ecf98295Cef1450B4a4FC81Cd",
      "vault": "ibUSDT",
      "borrowToken": "USDT",
      "posVal": 54299591.84613046,
      "posValUSD": 54312964.20661441,
      "debtVal": 31450833.893721234,
      "debtValUSD": 31458579.290584244
    }
  ]
}