{
  "blockNo": 15506532,
  "lpName": "USDT-WBNB LP",
  "lpTokens": 0,
  "token0_symbol": "USDT",
  "token0_decimals": 18,
  "token0": 0,
  "token0_liquidity": 121261221.22764058,
  "token0_price": 1.00079641,
  "token0_posVal": 45220935.8131141,
  "token0_posValUSD": 45256950.21860502,
  "token0_debtVal": 27632215.594579805,
  "token0_debtValUSD": 27654222.16740148,
  "token1_symbol": "WBNB",
  "token1_decimals": 18,
  "token1": 0,
  "token1_liquidity": 318913.45528016775,
  "token1_price": 380.18975575,
  "token1_posVal": 200874.58427229794,
  "token1_posValUSD": 76370459.13086775,
  "token1_debtVal": 121676.34279129689,
  "token1_debtValUSD": 46260099.04637644,
  "liquidity": 242605423.54519403,
  "tvl": 0,
  "health": 121627409.34947276,
  "debt": 73914321.21377791,
  "leverage": 2.5491414222354964,
  "workerPositions": [
    {
      "name": "USDT-WBNB PancakeswapWorker",
      "address": "0x41867cc58aece8B570FF1A2a8aa6149014D2a94C",
      "vault": "ibWBNB",
      "borrowToken": "WBNB",
      "posVal": 200874.58427229794,
      "posValUSD": 76370459.13086775,
      "debtVal": 121676.34279129689,
      "debtValUSD": 46260099.04637644
    },
    {
      "name": "WBNB-USDT PancakeswapWorker",
      "address": "0x81b6534f4F7ba45Ecf98295Cef1450B4a4FC81Cd",
      "vault": "ibUSDT",
      "borrowToken": "USDT",
      "posVal": 45220935.8131141,
      "posValUSD": 45256950.21860502,
      "debtVal": 27632215.594579805,
      "debtValUSD": 27654222.16740148
    }
  ]
}