{
  "blockNo": 13315671,
  "lpName": "USDT-WBNB LP",
  "lpTokens": 0,
  "token0_symbol": "USDT",
  "token0_decimals": 18,
  "token0": 0,
  "token0_liquidity": 135899463.47815034,
  "token0_price": 1.00085697,
  "token0_posVal": 48425763.383207984,
  "token0_posValUSD": 48467262.8096545,
  "token0_debtVal": 29064177.345367316,
  "token0_debtValUSD": 29089084.47342698,
  "token1_symbol": "WBNB",
  "token1_decimals": 18,
  "token1": 0,
  "token1_liquidity": 225112.60821975677,
  "token1_price": 605.36402853,
  "token1_posVal": 136654.13396069847,
  "token1_posValUSD": 82725497.04972671,
  "token1_debtVal": 92356.79424027576,
  "token1_debtValUSD": 55909481.02340964,
  "liquidity": 272291000.6261748,
  "tvl": 0,
  "health": 131192759.8593812,
  "debt": 84998565.49683662,
  "leverage": 2.8400270135624575,
  "workerPositions": [
    {
      "name": "USDT-WBNB PancakeswapWorker",
      "address": "0x41867cc58aece8B570FF1A2a8aa6149014D2a94C",
      "vault": "ibWBNB",
      "borrowToken": "WBNB",
      "posVal": 136654.13396069847,
      "posValUSD": 82725497.04972671,
      "debtVal": 92356.79424027576,
      "debtValUSD": 55909481.02340964
    },
    {
      "name": "WBNB-USDT PancakeswapWorker",
      "address": "0x81b6534f4F7ba45Ecf98295Cef1450B4a4FC81Cd",
      "vault": "ibUSDT",
      "borrowToken": "USDT",
      "posVal": 48425763.383207984,
      "posValUSD": 48467262.8096545,
      "debtVal": 29064177.345367316,
      "debtValUSD": 29089084.47342698
    }
  ]
}