{
  "blockNo": 16475785,
  "lpName": "USDT-WBNB LP",
  "lpTokens": 0,
  "token0_symbol": "USDT",
  "token0_decimals": 18,
  "token0": 0,
  "token0_liquidity": 169268088.57410252,
  "token0_price": 1.00036443,
  "token0_posVal": 52483801.89566982,
  "token0_posValUSD": 52502928.56759466,
  "token0_debtVal": 26474336.591984965,
  "token0_debtValUSD": 26483984.634469185,
  "token1_symbol": "WBNB",
  "token1_decimals": 18,
  "token1": 0,
  "token1_liquidity": 388909.0431989737,
  "token1_price": 434.90593,
  "token1_posVal": 167758.4438441201,
  "token1_posValUSD": 72959142.03537983,
  "token1_debtVal": 110587.8293624285,
  "token1_debtValUSD": 48095302.77554827,
  "liquidity": 338468624.0614815,
  "tvl": 0,
  "health": 125462070.60297449,
  "debt": 74579287.41001746,
  "leverage": 2.4657077056339243,
  "workerPositions": [
    {
      "name": "USDT-WBNB PancakeswapWorker",
      "address": "0x41867cc58aece8B570FF1A2a8aa6149014D2a94C",
      "vault": "ibWBNB",
      "borrowToken": "WBNB",
      "posVal": 167758.4438441201,
      "posValUSD": 72959142.03537983,
      "debtVal": 110587.8293624285,
      "debtValUSD": 48095302.77554827
    },
    {
      "name": "WBNB-USDT PancakeswapWorker",
      "address": "0x81b6534f4F7ba45Ecf98295Cef1450B4a4FC81Cd",
      "vault": "ibUSDT",
      "borrowToken": "USDT",
      "posVal": 52483801.89566982,
      "posValUSD": 52502928.56759466,
      "debtVal": 26474336.591984965,
      "debtValUSD": 26483984.634469185
    }
  ]
}