{
  "blockNo": 14909061,
  "lpName": "USDT-WBNB LP",
  "lpTokens": 0,
  "token0_symbol": "USDT",
  "token0_decimals": 18,
  "token0": 0,
  "token0_liquidity": 94838464.9695521,
  "token0_price": 1.00057531,
  "token0_posVal": 37968731.04500982,
  "token0_posValUSD": 37990574.83566733,
  "token0_debtVal": 23507452.632618137,
  "token0_debtValUSD": 23520976.705192212,
  "token1_symbol": "WBNB",
  "token1_decimals": 18,
  "token1": 0,
  "token1_liquidity": 255115.01201693242,
  "token1_price": 372.43567505,
  "token1_posVal": 129766.98254746146,
  "token1_posValUSD": 48329853.74426538,
  "token1_debtVal": 77372.92883894165,
  "token1_debtValUSD": 28816438.982726842,
  "liquidity": 189906958.20274884,
  "tvl": 0,
  "health": 86320428.5799327,
  "debt": 52337415.68791905,
  "leverage": 2.5401052241668327,
  "workerPositions": [
    {
      "name": "USDT-WBNB PancakeswapWorker",
      "address": "0x41867cc58aece8B570FF1A2a8aa6149014D2a94C",
      "vault": "ibWBNB",
      "borrowToken": "WBNB",
      "posVal": 129766.98254746146,
      "posValUSD": 48329853.74426538,
      "debtVal": 77372.92883894165,
      "debtValUSD": 28816438.982726842
    },
    {
      "name": "WBNB-USDT PancakeswapWorker",
      "address": "0x81b6534f4F7ba45Ecf98295Cef1450B4a4FC81Cd",
      "vault": "ibUSDT",
      "borrowToken": "USDT",
      "posVal": 37968731.04500982,
      "posValUSD": 37990574.83566733,
      "debtVal": 23507452.632618137,
      "debtValUSD": 23520976.705192212
    }
  ]
}