{
  "blockNo": 11380855,
  "lpName": "USDT-WBNB LP",
  "lpTokens": 0,
  "token0_symbol": "USDT",
  "token0_decimals": 18,
  "token0": 0,
  "token0_liquidity": 87858771.97872332,
  "token0_price": 1.00004925,
  "token0_posVal": 41176364.54819256,
  "token0_posValUSD": 41178392.48414656,
  "token0_debtVal": 24961779.492503095,
  "token0_debtValUSD": 24963008.860143103,
  "token1_symbol": "WBNB",
  "token1_decimals": 18,
  "token1": 0,
  "token1_liquidity": 226458.76087697496,
  "token1_price": 388.25373134,
  "token1_posVal": 114495.67972892367,
  "token1_posValUSD": 44453374.87706421,
  "token1_debtVal": 74340.16776509481,
  "token1_debtValUSD": 28862847.52323965,
  "liquidity": 175786557.9283616,
  "tvl": 0,
  "health": 85631767.36121076,
  "debt": 53825856.38338275,
  "leverage": 2.6923224246243067,
  "workerPositions": [
    {
      "name": "USDT-WBNB PancakeswapWorker",
      "address": "0x41867cc58aece8B570FF1A2a8aa6149014D2a94C",
      "vault": "ibWBNB",
      "borrowToken": "WBNB",
      "posVal": 114495.67972892367,
      "posValUSD": 44453374.87706421,
      "debtVal": 74340.16776509481,
      "debtValUSD": 28862847.52323965
    },
    {
      "name": "WBNB-USDT PancakeswapWorker",
      "address": "0x81b6534f4F7ba45Ecf98295Cef1450B4a4FC81Cd",
      "vault": "ibUSDT",
      "borrowToken": "USDT",
      "posVal": 41176364.54819256,
      "posValUSD": 41178392.48414656,
      "debtVal": 24961779.492503095,
      "debtValUSD": 24963008.860143103
    }
  ]
}