{
  "blockNo": 10642085,
  "lpName": "USDT-WBNB LP",
  "lpTokens": 0,
  "token0_symbol": "USDT",
  "token0_decimals": 18,
  "token0": 0,
  "token0_liquidity": 137955614.23165017,
  "token0_price": 1.00053971,
  "token0_posVal": 62830021.269581094,
  "token0_posValUSD": 62863931.2603605,
  "token0_debtVal": 33784017.611301884,
  "token0_debtValUSD": 33802251.18344688,
  "token1_symbol": "WBNB",
  "token1_decimals": 18,
  "token1": 0,
  "token1_liquidity": 280558.50556474895,
  "token1_price": 491.8,
  "token1_posVal": 127713.26849258562,
  "token1_posValUSD": 62809385.44465361,
  "token1_debtVal": 82823.59131555687,
  "token1_debtValUSD": 40732642.20899087,
  "liquidity": 276008743.2929507,
  "tvl": 0,
  "health": 125673316.70501411,
  "debt": 74534893.39243776,
  "leverage": 2.4575125427089097,
  "workerPositions": [
    {
      "name": "USDT-WBNB PancakeswapWorker",
      "address": "0x41867cc58aece8B570FF1A2a8aa6149014D2a94C",
      "vault": "ibWBNB",
      "borrowToken": "WBNB",
      "posVal": 127713.26849258562,
      "posValUSD": 62809385.44465361,
      "debtVal": 82823.59131555687,
      "debtValUSD": 40732642.20899087
    },
    {
      "name": "WBNB-USDT PancakeswapWorker",
      "address": "0x81b6534f4F7ba45Ecf98295Cef1450B4a4FC81Cd",
      "vault": "ibUSDT",
      "borrowToken": "USDT",
      "posVal": 62830021.269581094,
      "posValUSD": 62863931.2603605,
      "debtVal": 33784017.611301884,
      "debtValUSD": 33802251.18344688
    }
  ]
}