{
  "blockNo": 18157415,
  "lpName": "USDT-WBNB LP",
  "lpTokens": 0,
  "token0_symbol": "USDT",
  "token0_decimals": 18,
  "token0": 0,
  "token0_liquidity": 116984985.22791134,
  "token0_price": 0.99914379,
  "token0_posVal": 29520989.820554495,
  "token0_posValUSD": 29495713.653860237,
  "token0_debtVal": 18200973.18506451,
  "token0_debtValUSD": 18185389.329813726,
  "token1_symbol": "WBNB",
  "token1_decimals": 18,
  "token1": 0,
  "token1_liquidity": 392666.29365608894,
  "token1_price": 297.94518023,
  "token1_posVal": 180579.5355674361,
  "token1_posValUSD": 53802802.27048945,
  "token1_debtVal": 91375.40347711009,
  "token1_debtValUSD": 27224861.057576533,
  "liquidity": 233877851.14731887,
  "tvl": 0,
  "health": 83298515.92434968,
  "debt": 45410250.387390256,
  "leverage": 2.1985307256436233,
  "workerPositions": [
    {
      "name": "USDT-WBNB PancakeswapWorker",
      "address": "0x41867cc58aece8B570FF1A2a8aa6149014D2a94C",
      "vault": "ibWBNB",
      "borrowToken": "WBNB",
      "posVal": 180579.5355674361,
      "posValUSD": 53802802.27048945,
      "debtVal": 91375.40347711009,
      "debtValUSD": 27224861.057576533
    },
    {
      "name": "WBNB-USDT PancakeswapWorker",
      "address": "0x81b6534f4F7ba45Ecf98295Cef1450B4a4FC81Cd",
      "vault": "ibUSDT",
      "borrowToken": "USDT",
      "posVal": 29520989.820554495,
      "posValUSD": 29495713.653860237,
      "debtVal": 18200973.18506451,
      "debtValUSD": 18185389.329813726
    }
  ]
}