{
  "blockNo": 13792278,
  "lpName": "USDT-WBNB LP",
  "lpTokens": 0,
  "token0_symbol": "USDT",
  "token0_decimals": 18,
  "token0": 0,
  "token0_liquidity": 131271622.94319507,
  "token0_price": 1.00050268,
  "token0_posVal": 50038591.04453125,
  "token0_posValUSD": 50063744.44347752,
  "token0_debtVal": 30871050.690328673,
  "token0_debtValUSD": 30886568.95008969,
  "token1_symbol": "WBNB",
  "token1_decimals": 18,
  "token1": 0,
  "token1_liquidity": 240750.5334950781,
  "token1_price": 546.72,
  "token1_posVal": 148558.92797281916,
  "token1_posValUSD": 81220137.1012997,
  "token1_debtVal": 95627.19793933883,
  "token1_debtValUSD": 52281301.657395326,
  "liquidity": 262960742.23504525,
  "tvl": 0,
  "health": 131283881.54477721,
  "debt": 83167870.60748501,
  "leverage": 2.7284864016652293,
  "workerPositions": [
    {
      "name": "USDT-WBNB PancakeswapWorker",
      "address": "0x41867cc58aece8B570FF1A2a8aa6149014D2a94C",
      "vault": "ibWBNB",
      "borrowToken": "WBNB",
      "posVal": 148558.92797281916,
      "posValUSD": 81220137.1012997,
      "debtVal": 95627.19793933883,
      "debtValUSD": 52281301.657395326
    },
    {
      "name": "WBNB-USDT PancakeswapWorker",
      "address": "0x81b6534f4F7ba45Ecf98295Cef1450B4a4FC81Cd",
      "vault": "ibUSDT",
      "borrowToken": "USDT",
      "posVal": 50038591.04453125,
      "posValUSD": 50063744.44347752,
      "debtVal": 30871050.690328673,
      "debtValUSD": 30886568.95008969
    }
  ]
}