{
  "blockNo": 12849733,
  "lpName": "USDT-WBNB LP",
  "lpTokens": 0,
  "token0_symbol": "USDT",
  "token0_decimals": 18,
  "token0": 0,
  "token0_liquidity": 153391059.7055464,
  "token0_price": 1.00106544,
  "token0_posVal": 66169859.81898688,
  "token0_posValUSD": 66240359.83443242,
  "token0_debtVal": 38067199.52173713,
  "token0_debtValUSD": 38107757.83879557,
  "token1_symbol": "WBNB",
  "token1_decimals": 18,
  "token1": 0,
  "token1_liquidity": 266958.1765368927,
  "token1_price": 575.62,
  "token1_posVal": 149481.8733968458,
  "token1_posValUSD": 86044755.96469238,
  "token1_debtVal": 99159.74009529366,
  "token1_debtValUSD": 57078329.593652934,
  "liquidity": 307220954.2543653,
  "tvl": 0,
  "health": 152285115.7991248,
  "debt": 95186087.4324485,
  "leverage": 2.6670351520026965,
  "workerPositions": [
    {
      "name": "USDT-WBNB PancakeswapWorker",
      "address": "0x41867cc58aece8B570FF1A2a8aa6149014D2a94C",
      "vault": "ibWBNB",
      "borrowToken": "WBNB",
      "posVal": 149481.8733968458,
      "posValUSD": 86044755.96469238,
      "debtVal": 99159.74009529366,
      "debtValUSD": 57078329.593652934
    },
    {
      "name": "WBNB-USDT PancakeswapWorker",
      "address": "0x81b6534f4F7ba45Ecf98295Cef1450B4a4FC81Cd",
      "vault": "ibUSDT",
      "borrowToken": "USDT",
      "posVal": 66169859.81898688,
      "posValUSD": 66240359.83443242,
      "debtVal": 38067199.52173713,
      "debtValUSD": 38107757.83879557
    }
  ]
}