{
  "blockNo": 14338547,
  "lpName": "USDT-WBNB LP",
  "lpTokens": 0,
  "token0_symbol": "USDT",
  "token0_decimals": 18,
  "token0": 0,
  "token0_liquidity": 100171399.56451656,
  "token0_price": 1.00041002,
  "token0_posVal": 28644591.610776752,
  "token0_posValUSD": 28656336.466229,
  "token0_debtVal": 17465404.03309304,
  "token0_debtValUSD": 17472565.198054686,
  "token1_symbol": "WBNB",
  "token1_decimals": 18,
  "token1": 0,
  "token1_liquidity": 211045.88488835242,
  "token1_price": 475.76225452,
  "token1_posVal": 103098.71092517515,
  "token1_posValUSD": 49050475.14786708,
  "token1_debtVal": 66613.35994620011,
  "token1_debtValUSD": 31692122.309156433,
  "liquidity": 200620137.84341693,
  "tvl": 0,
  "health": 77706811.61409608,
  "debt": 49164687.50721112,
  "leverage": 2.722530787235683,
  "workerPositions": [
    {
      "name": "USDT-WBNB PancakeswapWorker",
      "address": "0x41867cc58aece8B570FF1A2a8aa6149014D2a94C",
      "vault": "ibWBNB",
      "borrowToken": "WBNB",
      "posVal": 103098.71092517515,
      "posValUSD": 49050475.14786708,
      "debtVal": 66613.35994620011,
      "debtValUSD": 31692122.309156433
    },
    {
      "name": "WBNB-USDT PancakeswapWorker",
      "address": "0x81b6534f4F7ba45Ecf98295Cef1450B4a4FC81Cd",
      "vault": "ibUSDT",
      "borrowToken": "USDT",
      "posVal": 28644591.610776752,
      "posValUSD": 28656336.466229,
      "debtVal": 17465404.03309304,
      "debtValUSD": 17472565.198054686
    }
  ]
}