{
  "blockNo": 12736312,
  "lpName": "USDT-WBNB LP",
  "lpTokens": 0,
  "token0_symbol": "USDT",
  "token0_decimals": 18,
  "token0": 0,
  "token0_liquidity": 142081740.75380263,
  "token0_price": 1.00044122,
  "token0_posVal": 50550930.88114092,
  "token0_posValUSD": 50573234.96286429,
  "token0_debtVal": 30169740.925077908,
  "token0_debtValUSD": 30183052.41816887,
  "token1_symbol": "WBNB",
  "token1_decimals": 18,
  "token1": 0,
  "token1_liquidity": 245630.10152004857,
  "token1_price": 577.84248387,
  "token1_posVal": 142385.34778997384,
  "token1_posValUSD": 82276303.0336523,
  "token1_debtVal": 94847.08788899996,
  "token1_debtValUSD": 54806676.85361593,
  "liquidity": 284079938.0350431,
  "tvl": 0,
  "health": 132849537.99651659,
  "debt": 84989729.2717848,
  "leverage": 2.775805870027766,
  "workerPositions": [
    {
      "name": "USDT-WBNB PancakeswapWorker",
      "address": "0x41867cc58aece8B570FF1A2a8aa6149014D2a94C",
      "vault": "ibWBNB",
      "borrowToken": "WBNB",
      "posVal": 142385.34778997384,
      "posValUSD": 82276303.0336523,
      "debtVal": 94847.08788899996,
      "debtValUSD": 54806676.85361593
    },
    {
      "name": "WBNB-USDT PancakeswapWorker",
      "address": "0x81b6534f4F7ba45Ecf98295Cef1450B4a4FC81Cd",
      "vault": "ibUSDT",
      "borrowToken": "USDT",
      "posVal": 50550930.88114092,
      "posValUSD": 50573234.96286429,
      "debtVal": 30169740.925077908,
      "debtValUSD": 30183052.41816887
    }
  ]
}