{
  "blockNo": 15869841,
  "lpName": "USDT-WBNB LP",
  "lpTokens": 0,
  "token0_symbol": "USDT",
  "token0_decimals": 18,
  "token0": 0,
  "token0_liquidity": 98163235.33445263,
  "token0_price": 1.0001529,
  "token0_posVal": 22684477.23593386,
  "token0_posValUSD": 22687945.692503233,
  "token0_debtVal": 12757443.58446553,
  "token0_debtValUSD": 12759394.197589595,
  "token1_symbol": "WBNB",
  "token1_decimals": 18,
  "token1": 0,
  "token1_liquidity": 256880.01705332933,
  "token1_price": 382.37926859,
  "token1_posVal": 180358.72356719465,
  "token1_posValUSD": 68965436.80144988,
  "token1_debtVal": 110095.92623408524,
  "token1_debtValUSD": 42098399.74812811,
  "liquidity": 196403837.52937406,
  "tvl": 0,
  "health": 91653382.49395311,
  "debt": 54857793.94571771,
  "leverage": 2.4908796437324146,
  "workerPositions": [
    {
      "name": "USDT-WBNB PancakeswapWorker",
      "address": "0x41867cc58aece8B570FF1A2a8aa6149014D2a94C",
      "vault": "ibWBNB",
      "borrowToken": "WBNB",
      "posVal": 180358.72356719465,
      "posValUSD": 68965436.80144988,
      "debtVal": 110095.92623408524,
      "debtValUSD": 42098399.74812811
    },
    {
      "name": "WBNB-USDT PancakeswapWorker",
      "address": "0x81b6534f4F7ba45Ecf98295Cef1450B4a4FC81Cd",
      "vault": "ibUSDT",
      "borrowToken": "USDT",
      "posVal": 22684477.23593386,
      "posValUSD": 22687945.692503233,
      "debtVal": 12757443.58446553,
      "debtValUSD": 12759394.197589595
    }
  ]
}