{
  "blockNo": 13424382,
  "lpName": "USDT-WBNB LP",
  "lpTokens": 0,
  "token0_symbol": "USDT",
  "token0_decimals": 18,
  "token0": 0,
  "token0_liquidity": 128858691.59231967,
  "token0_price": 1.00073955,
  "token0_posVal": 46767537.53011964,
  "token0_posValUSD": 46802124.46250004,
  "token0_debtVal": 28755815.504888162,
  "token0_debtValUSD": 28777081.868244804,
  "token1_symbol": "WBNB",
  "token1_decimals": 18,
  "token1": 0,
  "token1_liquidity": 225793.96606773676,
  "token1_price": 570.62758867,
  "token1_posVal": 143056.4410149633,
  "token1_posValUSD": 81631951.98008059,
  "token1_debtVal": 93895.22235279644,
  "token1_debtValUSD": 53579204.31880972,
  "liquidity": 257798255.4311552,
  "tvl": 0,
  "health": 128434076.44258064,
  "debt": 82356286.18705451,
  "leverage": 2.7873315046217413,
  "workerPositions": [
    {
      "name": "USDT-WBNB PancakeswapWorker",
      "address": "0x41867cc58aece8B570FF1A2a8aa6149014D2a94C",
      "vault": "ibWBNB",
      "borrowToken": "WBNB",
      "posVal": 143056.4410149633,
      "posValUSD": 81631951.98008059,
      "debtVal": 93895.22235279644,
      "debtValUSD": 53579204.31880972
    },
    {
      "name": "WBNB-USDT PancakeswapWorker",
      "address": "0x81b6534f4F7ba45Ecf98295Cef1450B4a4FC81Cd",
      "vault": "ibUSDT",
      "borrowToken": "USDT",
      "posVal": 46767537.53011964,
      "posValUSD": 46802124.46250004,
      "debtVal": 28755815.504888162,
      "debtValUSD": 28777081.868244804
    }
  ]
}