{
  "blockNo": 14883887,
  "lpName": "USDT-WBNB LP",
  "lpTokens": 0,
  "token0_symbol": "USDT",
  "token0_decimals": 18,
  "token0": 0,
  "token0_liquidity": 103404060.03643394,
  "token0_price": 1.00050557,
  "token0_posVal": 38474298.84519273,
  "token0_posValUSD": 38493750.2964599,
  "token0_debtVal": 23445312.027399037,
  "token0_debtValUSD": 23457165.27380073,
  "token1_symbol": "WBNB",
  "token1_decimals": 18,
  "token1": 0,
  "token1_liquidity": 269444.0708255329,
  "token1_price": 383.57892231,
  "token1_posVal": 128189.60954831645,
  "token1_posValUSD": 49170832.28188291,
  "token1_debtVal": 77618.20698442866,
  "token1_debtValUSD": 29772708.18672166,
  "liquidity": 206809404.33714378,
  "tvl": 0,
  "health": 87664582.57834281,
  "debt": 53229873.46052239,
  "leverage": 2.5458203314101824,
  "workerPositions": [
    {
      "name": "USDT-WBNB PancakeswapWorker",
      "address": "0x41867cc58aece8B570FF1A2a8aa6149014D2a94C",
      "vault": "ibWBNB",
      "borrowToken": "WBNB",
      "posVal": 128189.60954831645,
      "posValUSD": 49170832.28188291,
      "debtVal": 77618.20698442866,
      "debtValUSD": 29772708.18672166
    },
    {
      "name": "WBNB-USDT PancakeswapWorker",
      "address": "0x81b6534f4F7ba45Ecf98295Cef1450B4a4FC81Cd",
      "vault": "ibUSDT",
      "borrowToken": "USDT",
      "posVal": 38474298.84519273,
      "posValUSD": 38493750.2964599,
      "debtVal": 23445312.027399037,
      "debtValUSD": 23457165.27380073
    }
  ]
}