{
  "blockNo": 14633558,
  "lpName": "USDT-WBNB LP",
  "lpTokens": 0,
  "token0_symbol": "USDT",
  "token0_decimals": 18,
  "token0": 0,
  "token0_liquidity": 87621385.40763645,
  "token0_price": 1.00064458,
  "token0_posVal": 35168230.75405294,
  "token0_posValUSD": 35190899.49223238,
  "token0_debtVal": 22095803.48980582,
  "token0_debtValUSD": 22110046.002819277,
  "token1_symbol": "WBNB",
  "token1_decimals": 18,
  "token1": 0,
  "token1_liquidity": 235811.01477715993,
  "token1_price": 372.13222166,
  "token1_posVal": 122209.85682305883,
  "token1_posValUSD": 45478225.528315395,
  "token1_debtVal": 72189.11647092475,
  "token1_debtValUSD": 26863896.29199773,
  "liquidity": 175430741.22116613,
  "tvl": 0,
  "health": 80669125.02054778,
  "debt": 48973942.29481701,
  "leverage": 2.5451541238492057,
  "workerPositions": [
    {
      "name": "USDT-WBNB PancakeswapWorker",
      "address": "0x41867cc58aece8B570FF1A2a8aa6149014D2a94C",
      "vault": "ibWBNB",
      "borrowToken": "WBNB",
      "posVal": 122209.85682305883,
      "posValUSD": 45478225.528315395,
      "debtVal": 72189.11647092475,
      "debtValUSD": 26863896.29199773
    },
    {
      "name": "WBNB-USDT PancakeswapWorker",
      "address": "0x81b6534f4F7ba45Ecf98295Cef1450B4a4FC81Cd",
      "vault": "ibUSDT",
      "borrowToken": "USDT",
      "posVal": 35168230.75405294,
      "posValUSD": 35190899.49223238,
      "debtVal": 22095803.48980582,
      "debtValUSD": 22110046.002819277
    }
  ]
}