{
  "blockNo": 13717936,
  "lpName": "USDT-WBNB LP",
  "lpTokens": 0,
  "token0_symbol": "USDT",
  "token0_decimals": 18,
  "token0": 0,
  "token0_liquidity": 129448524.89509004,
  "token0_price": 1.00062179,
  "token0_posVal": 49171609.97043845,
  "token0_posValUSD": 49202184.38580197,
  "token0_debtVal": 30748796.147443134,
  "token0_debtValUSD": 30767915.441399656,
  "token1_symbol": "WBNB",
  "token1_decimals": 18,
  "token1": 0,
  "token1_liquidity": 243750.4877235377,
  "token1_price": 530.71354278,
  "token1_posVal": 151049.5279655175,
  "token1_posValUSD": 80164030.12182648,
  "token1_debtVal": 95999.45693716482,
  "token1_debtValUSD": 50948211.896078795,
  "liquidity": 258890699.58749616,
  "tvl": 0,
  "health": 129366214.50762846,
  "debt": 81716127.33747846,
  "leverage": 2.7149208362554447,
  "workerPositions": [
    {
      "name": "USDT-WBNB PancakeswapWorker",
      "address": "0x41867cc58aece8B570FF1A2a8aa6149014D2a94C",
      "vault": "ibWBNB",
      "borrowToken": "WBNB",
      "posVal": 151049.5279655175,
      "posValUSD": 80164030.12182648,
      "debtVal": 95999.45693716482,
      "debtValUSD": 50948211.896078795
    },
    {
      "name": "WBNB-USDT PancakeswapWorker",
      "address": "0x81b6534f4F7ba45Ecf98295Cef1450B4a4FC81Cd",
      "vault": "ibUSDT",
      "borrowToken": "USDT",
      "posVal": 49171609.97043845,
      "posValUSD": 49202184.38580197,
      "debtVal": 30748796.147443134,
      "debtValUSD": 30767915.441399656
    }
  ]
}