{
  "blockNo": 15551962,
  "lpName": "USDT-WBNB LP",
  "lpTokens": 0,
  "token0_symbol": "USDT",
  "token0_decimals": 18,
  "token0": 0,
  "token0_liquidity": 118530390.54992126,
  "token0_price": 1.00075402,
  "token0_posVal": 43720310.97160577,
  "token0_posValUSD": 43753276.96048458,
  "token0_debtVal": 27214325.056073375,
  "token0_debtValUSD": 27234845.201452155,
  "token1_symbol": "WBNB",
  "token1_decimals": 18,
  "token1": 0,
  "token1_liquidity": 324912.64734340936,
  "token1_price": 365.02336215,
  "token1_posVal": 207572.3434117925,
  "token1_posValUSD": 75768754.68152691,
  "token1_debtVal": 122945.55362668609,
  "token1_debtValUSD": 44877999.346206084,
  "liquidity": 237220471.77335227,
  "tvl": 0,
  "health": 119522031.6420115,
  "debt": 72112844.54765823,
  "leverage": 2.5210732131757507,
  "workerPositions": [
    {
      "name": "USDT-WBNB PancakeswapWorker",
      "address": "0x41867cc58aece8B570FF1A2a8aa6149014D2a94C",
      "vault": "ibWBNB",
      "borrowToken": "WBNB",
      "posVal": 207572.3434117925,
      "posValUSD": 75768754.68152691,
      "debtVal": 122945.55362668609,
      "debtValUSD": 44877999.346206084
    },
    {
      "name": "WBNB-USDT PancakeswapWorker",
      "address": "0x81b6534f4F7ba45Ecf98295Cef1450B4a4FC81Cd",
      "vault": "ibUSDT",
      "borrowToken": "USDT",
      "posVal": 43720310.97160577,
      "posValUSD": 43753276.96048458,
      "debtVal": 27214325.056073375,
      "debtValUSD": 27234845.201452155
    }
  ]
}