{
  "blockNo": 15253036,
  "lpName": "USDT-WBNB LP",
  "lpTokens": 0,
  "token0_symbol": "USDT",
  "token0_decimals": 18,
  "token0": 0,
  "token0_liquidity": 121015048.48454997,
  "token0_price": 1.00051733,
  "token0_posVal": 43371105.20071881,
  "token0_posValUSD": 43393542.37457231,
  "token0_debtVal": 25908316.392563395,
  "token0_debtValUSD": 25921719.54188276,
  "token1_symbol": "WBNB",
  "token1_decimals": 18,
  "token1": 0,
  "token1_liquidity": 301512.4553970152,
  "token1_price": 401.48006192,
  "token1_posVal": 172324.03737751045,
  "token1_posValUSD": 69184665.19662729,
  "token1_debtVal": 100869.56952640551,
  "token1_debtValUSD": 40497121.019305035,
  "liquidity": 242128892.4620274,
  "tvl": 0,
  "health": 112578207.5711996,
  "debt": 66418840.5611878,
  "leverage": 2.438902759363702,
  "workerPositions": [
    {
      "name": "USDT-WBNB PancakeswapWorker",
      "address": "0x41867cc58aece8B570FF1A2a8aa6149014D2a94C",
      "vault": "ibWBNB",
      "borrowToken": "WBNB",
      "posVal": 172324.03737751045,
      "posValUSD": 69184665.19662729,
      "debtVal": 100869.56952640551,
      "debtValUSD": 40497121.019305035
    },
    {
      "name": "WBNB-USDT PancakeswapWorker",
      "address": "0x81b6534f4F7ba45Ecf98295Cef1450B4a4FC81Cd",
      "vault": "ibUSDT",
      "borrowToken": "USDT",
      "posVal": 43371105.20071881,
      "posValUSD": 43393542.37457231,
      "debtVal": 25908316.392563395,
      "debtValUSD": 25921719.54188276
    }
  ]
}