{
  "blockNo": 16707156,
  "lpName": "USDT-WBNB LP",
  "lpTokens": 0,
  "token0_symbol": "USDT",
  "token0_decimals": 18,
  "token0": 0,
  "token0_liquidity": 156622435.48271626,
  "token0_price": 1.00017467,
  "token0_posVal": 49849670.42882576,
  "token0_posValUSD": 49858377.670759566,
  "token0_debtVal": 24549783.109749913,
  "token0_debtValUSD": 24554071.220365696,
  "token1_symbol": "WBNB",
  "token1_decimals": 18,
  "token1": 0,
  "token1_liquidity": 357567.3975736239,
  "token1_price": 438.44601198,
  "token1_posVal": 155470.87224927323,
  "token1_posValUSD": 68165583.9167459,
  "token1_debtVal": 102401.52058373866,
  "token1_debtValUSD": 44897538.32062809,
  "liquidity": 313423792.20374453,
  "tvl": 0,
  "health": 118023961.58750546,
  "debt": 69451609.54099378,
  "leverage": 2.429858893275101,
  "workerPositions": [
    {
      "name": "USDT-WBNB PancakeswapWorker",
      "address": "0x41867cc58aece8B570FF1A2a8aa6149014D2a94C",
      "vault": "ibWBNB",
      "borrowToken": "WBNB",
      "posVal": 155470.87224927323,
      "posValUSD": 68165583.9167459,
      "debtVal": 102401.52058373866,
      "debtValUSD": 44897538.32062809
    },
    {
      "name": "WBNB-USDT PancakeswapWorker",
      "address": "0x81b6534f4F7ba45Ecf98295Cef1450B4a4FC81Cd",
      "vault": "ibUSDT",
      "borrowToken": "USDT",
      "posVal": 49849670.42882576,
      "posValUSD": 49858377.670759566,
      "debtVal": 24549783.109749913,
      "debtValUSD": 24554071.220365696
    }
  ]
}