{
  "blockNo": 11660458,
  "lpName": "USDT-WBNB LP",
  "lpTokens": 0,
  "token0_symbol": "USDT",
  "token0_decimals": 18,
  "token0": 0,
  "token0_liquidity": 139801892.18002105,
  "token0_price": 1.00041,
  "token0_posVal": 51844397.36737234,
  "token0_posValUSD": 51865653.570292965,
  "token0_debtVal": 31212638.20738965,
  "token0_debtValUSD": 31225435.38905468,
  "token1_symbol": "WBNB",
  "token1_decimals": 18,
  "token1": 0,
  "token1_liquidity": 336787.84490658366,
  "token1_price": 415.1890801,
  "token1_posVal": 150268.587925747,
  "token1_posValUSD": 62389876.78881687,
  "token1_debtVal": 92978.79554527183,
  "token1_debtValUSD": 38603780.59124739,
  "liquidity": 279689846.4714408,
  "tvl": 0,
  "health": 114255530.35910983,
  "debt": 69829215.98030207,
  "leverage": 2.571798537796599,
  "workerPositions": [
    {
      "name": "USDT-WBNB PancakeswapWorker",
      "address": "0x41867cc58aece8B570FF1A2a8aa6149014D2a94C",
      "vault": "ibWBNB",
      "borrowToken": "WBNB",
      "posVal": 150268.587925747,
      "posValUSD": 62389876.78881687,
      "debtVal": 92978.79554527183,
      "debtValUSD": 38603780.59124739
    },
    {
      "name": "WBNB-USDT PancakeswapWorker",
      "address": "0x81b6534f4F7ba45Ecf98295Cef1450B4a4FC81Cd",
      "vault": "ibUSDT",
      "borrowToken": "USDT",
      "posVal": 51844397.36737234,
      "posValUSD": 51865653.570292965,
      "debtVal": 31212638.20738965,
      "debtValUSD": 31225435.38905468
    }
  ]
}