{
  "blockNo": 16688103,
  "lpName": "USDT-WBNB LP",
  "lpTokens": 0,
  "token0_symbol": "USDT",
  "token0_decimals": 18,
  "token0": 0,
  "token0_liquidity": 160520738.0319741,
  "token0_price": 1.00022598,
  "token0_posVal": 50570273.8633948,
  "token0_posValUSD": 50581701.73388244,
  "token0_debtVal": 24552030.82516435,
  "token0_debtValUSD": 24557579.09309022,
  "token1_symbol": "WBNB",
  "token1_decimals": 18,
  "token1": 0,
  "token1_liquidity": 356155.8730323722,
  "token1_price": 450.24336694,
  "token1_posVal": 153226.52823572705,
  "token1_posValUSD": 68989227.97738072,
  "token1_debtVal": 102379.9387355291,
  "token1_debtValUSD": 46095888.32339554,
  "liquidity": 320913831.93790495,
  "tvl": 0,
  "health": 119570929.71126316,
  "debt": 70653467.41648576,
  "leverage": 2.4443404073319837,
  "workerPositions": [
    {
      "name": "USDT-WBNB PancakeswapWorker",
      "address": "0x41867cc58aece8B570FF1A2a8aa6149014D2a94C",
      "vault": "ibWBNB",
      "borrowToken": "WBNB",
      "posVal": 153226.52823572705,
      "posValUSD": 68989227.97738072,
      "debtVal": 102379.9387355291,
      "debtValUSD": 46095888.32339554
    },
    {
      "name": "WBNB-USDT PancakeswapWorker",
      "address": "0x81b6534f4F7ba45Ecf98295Cef1450B4a4FC81Cd",
      "vault": "ibUSDT",
      "borrowToken": "USDT",
      "posVal": 50570273.8633948,
      "posValUSD": 50581701.73388244,
      "debtVal": 24552030.82516435,
      "debtValUSD": 24557579.09309022
    }
  ]
}