{
  "blockNo": 14035529,
  "lpName": "USDT-WBNB LP",
  "lpTokens": 0,
  "token0_symbol": "USDT",
  "token0_decimals": 18,
  "token0": 0,
  "token0_liquidity": 143985961.64694583,
  "token0_price": 1.00016523,
  "token0_posVal": 49575820.865323044,
  "token0_posValUSD": 49584012.27820462,
  "token0_debtVal": 31146484.997703925,
  "token0_debtValUSD": 31151631.331420094,
  "token1_symbol": "WBNB",
  "token1_decimals": 18,
  "token1": 0,
  "token1_liquidity": 274370.1885915792,
  "token1_price": 524.47071285,
  "token1_posVal": 158980.0815956703,
  "token1_posValUSD": 83380396.72343236,
  "token1_debtVal": 100671.3014646881,
  "token1_debtValUSD": 52799149.24272222,
  "liquidity": 287908880.84280324,
  "tvl": 0,
  "health": 132964409.00163698,
  "debt": 83950780.5741423,
  "leverage": 2.7128048517838215,
  "workerPositions": [
    {
      "name": "USDT-WBNB PancakeswapWorker",
      "address": "0x41867cc58aece8B570FF1A2a8aa6149014D2a94C",
      "vault": "ibWBNB",
      "borrowToken": "WBNB",
      "posVal": 158980.0815956703,
      "posValUSD": 83380396.72343236,
      "debtVal": 100671.3014646881,
      "debtValUSD": 52799149.24272222
    },
    {
      "name": "WBNB-USDT PancakeswapWorker",
      "address": "0x81b6534f4F7ba45Ecf98295Cef1450B4a4FC81Cd",
      "vault": "ibUSDT",
      "borrowToken": "USDT",
      "posVal": 49575820.865323044,
      "posValUSD": 49584012.27820462,
      "debtVal": 31146484.997703925,
      "debtValUSD": 31151631.331420094
    }
  ]
}