{
  "blockNo": 15000131,
  "lpName": "USDT-WBNB LP",
  "lpTokens": 0,
  "token0_symbol": "USDT",
  "token0_decimals": 18,
  "token0": 0,
  "token0_liquidity": 102165960.47767752,
  "token0_price": 1.00066047,
  "token0_posVal": 40690824.11011891,
  "token0_posValUSD": 40717699.17871892,
  "token0_debtVal": 23812186.53026108,
  "token0_debtValUSD": 23827913.76509872,
  "token1_symbol": "WBNB",
  "token1_decimals": 18,
  "token1": 0,
  "token1_liquidity": 247609.9823666469,
  "token1_price": 412.86,
  "token1_posVal": 121262.10997209231,
  "token1_posValUSD": 50064274.723078035,
  "token1_debtVal": 76045.58780276615,
  "token1_debtValUSD": 31396181.380250037,
  "liquidity": 204461695.34948805,
  "tvl": 0,
  "health": 90781973.90179695,
  "debt": 55224095.14534876,
  "leverage": 2.553076197925171,
  "workerPositions": [
    {
      "name": "USDT-WBNB PancakeswapWorker",
      "address": "0x41867cc58aece8B570FF1A2a8aa6149014D2a94C",
      "vault": "ibWBNB",
      "borrowToken": "WBNB",
      "posVal": 121262.10997209231,
      "posValUSD": 50064274.723078035,
      "debtVal": 76045.58780276615,
      "debtValUSD": 31396181.380250037
    },
    {
      "name": "WBNB-USDT PancakeswapWorker",
      "address": "0x81b6534f4F7ba45Ecf98295Cef1450B4a4FC81Cd",
      "vault": "ibUSDT",
      "borrowToken": "USDT",
      "posVal": 40690824.11011891,
      "posValUSD": 40717699.17871892,
      "debtVal": 23812186.53026108,
      "debtValUSD": 23827913.76509872
    }
  ]
}