{
  "blockNo": 14703045,
  "lpName": "USDT-WBNB LP",
  "lpTokens": 0,
  "token0_symbol": "USDT",
  "token0_decimals": 18,
  "token0": 0,
  "token0_liquidity": 94167404.77297802,
  "token0_price": 1.00064656,
  "token0_posVal": 36173977.89606293,
  "token0_posValUSD": 36197366.543211415,
  "token0_debtVal": 22168731.69272108,
  "token0_debtValUSD": 22183065.10788433,
  "token1_symbol": "WBNB",
  "token1_decimals": 18,
  "token1": 0,
  "token1_liquidity": 243039.60061261227,
  "token1_price": 387.55,
  "token1_posVal": 119246.17074129659,
  "token1_posValUSD": 46213853.47078949,
  "token1_debtVal": 72495.67476576073,
  "token1_debtValUSD": 28095698.755470574,
  "liquidity": 188418286.86762592,
  "tvl": 0,
  "health": 82411220.01400091,
  "debt": 50278763.86335491,
  "leverage": 2.564734535935688,
  "workerPositions": [
    {
      "name": "USDT-WBNB PancakeswapWorker",
      "address": "0x41867cc58aece8B570FF1A2a8aa6149014D2a94C",
      "vault": "ibWBNB",
      "borrowToken": "WBNB",
      "posVal": 119246.17074129659,
      "posValUSD": 46213853.47078949,
      "debtVal": 72495.67476576073,
      "debtValUSD": 28095698.755470574
    },
    {
      "name": "WBNB-USDT PancakeswapWorker",
      "address": "0x81b6534f4F7ba45Ecf98295Cef1450B4a4FC81Cd",
      "vault": "ibUSDT",
      "borrowToken": "USDT",
      "posVal": 36173977.89606293,
      "posValUSD": 36197366.543211415,
      "debtVal": 22168731.69272108,
      "debtValUSD": 22183065.10788433
    }
  ]
}