{
  "blockNo": 10274371,
  "lpName": "USDT-WBNB LP",
  "lpTokens": 0,
  "token0_symbol": "USDT",
  "token0_decimals": 18,
  "token0": 0,
  "token0_liquidity": 126172216.91225627,
  "token0_price": 1.00088597,
  "token0_posVal": 40531949.53725176,
  "token0_posValUSD": 40567859.628583275,
  "token0_debtVal": 21484641.174997527,
  "token0_debtValUSD": 21503675.92253934,
  "token1_symbol": "WBNB",
  "token1_decimals": 18,
  "token1": 0,
  "token1_liquidity": 259931.24269548774,
  "token1_price": 485.58551335,
  "token1_posVal": 85147.01504486406,
  "token1_posValUSD": 41346157.01078049,
  "token1_debtVal": 59925.51673523504,
  "token1_debtValUSD": 29098962.80664312,
  "liquidity": 252502847.63126588,
  "tvl": 0,
  "health": 81914016.63936377,
  "debt": 50602638.72918246,
  "leverage": 2.6161102483046057,
  "workerPositions": [
    {
      "name": "USDT-WBNB PancakeswapWorker",
      "address": "0x41867cc58aece8B570FF1A2a8aa6149014D2a94C",
      "vault": "ibWBNB",
      "borrowToken": "WBNB",
      "posVal": 85147.01504486406,
      "posValUSD": 41346157.01078049,
      "debtVal": 59925.51673523504,
      "debtValUSD": 29098962.80664312
    },
    {
      "name": "WBNB-USDT PancakeswapWorker",
      "address": "0x81b6534f4F7ba45Ecf98295Cef1450B4a4FC81Cd",
      "vault": "ibUSDT",
      "borrowToken": "USDT",
      "posVal": 40531949.53725176,
      "posValUSD": 40567859.628583275,
      "debtVal": 21484641.174997527,
      "debtValUSD": 21503675.92253934
    }
  ]
}