{
  "blockNo": 15510112,
  "lpName": "USDT-WBNB LP",
  "lpTokens": 0,
  "token0_symbol": "USDT",
  "token0_decimals": 18,
  "token0": 0,
  "token0_liquidity": 120962770.26430279,
  "token0_price": 1.00079641,
  "token0_posVal": 45133480.91760399,
  "token0_posValUSD": 45169425.67314158,
  "token0_debtVal": 27640366.3702951,
  "token0_debtValUSD": 27662379.434476066,
  "token1_symbol": "WBNB",
  "token1_decimals": 18,
  "token1": 0,
  "token1_liquidity": 319596.59551799373,
  "token1_price": 379,
  "token1_posVal": 201366.08267848848,
  "token1_posValUSD": 76317745.33514714,
  "token1_debtVal": 121687.09761411074,
  "token1_debtValUSD": 46119409.99574797,
  "liquidity": 242186215.9254886,
  "tvl": 0,
  "health": 121487171.00828871,
  "debt": 73781789.43022403,
  "leverage": 2.5466135473518463,
  "workerPositions": [
    {
      "name": "USDT-WBNB PancakeswapWorker",
      "address": "0x41867cc58aece8B570FF1A2a8aa6149014D2a94C",
      "vault": "ibWBNB",
      "borrowToken": "WBNB",
      "posVal": 201366.08267848848,
      "posValUSD": 76317745.33514714,
      "debtVal": 121687.09761411074,
      "debtValUSD": 46119409.99574797
    },
    {
      "name": "WBNB-USDT PancakeswapWorker",
      "address": "0x81b6534f4F7ba45Ecf98295Cef1450B4a4FC81Cd",
      "vault": "ibUSDT",
      "borrowToken": "USDT",
      "posVal": 45133480.91760399,
      "posValUSD": 45169425.67314158,
      "debtVal": 27640366.3702951,
      "debtValUSD": 27662379.434476066
    }
  ]
}