{
  "blockNo": 14994137,
  "lpName": "USDT-WBNB LP",
  "lpTokens": 0,
  "token0_symbol": "USDT",
  "token0_decimals": 18,
  "token0": 0,
  "token0_liquidity": 103148447.71948119,
  "token0_price": 1.00066047,
  "token0_posVal": 41078256.0792525,
  "token0_posValUSD": 41105387.035045154,
  "token0_debtVal": 23811513.947997805,
  "token0_debtValUSD": 23827240.738615036,
  "token1_symbol": "WBNB",
  "token1_decimals": 18,
  "token1": 0,
  "token1_liquidity": 245248.81200765911,
  "token1_price": 422.07679407,
  "token1_posVal": 120090.88027418112,
  "token1_posValUSD": 50687573.743170574,
  "token1_debtVal": 76040.22941244152,
  "token1_debtValUSD": 32094816.25075064,
  "liquidity": 206730406.49641535,
  "tvl": 0,
  "health": 91792960.77821574,
  "debt": 55922056.989365675,
  "leverage": 2.5589809868896647,
  "workerPositions": [
    {
      "name": "USDT-WBNB PancakeswapWorker",
      "address": "0x41867cc58aece8B570FF1A2a8aa6149014D2a94C",
      "vault": "ibWBNB",
      "borrowToken": "WBNB",
      "posVal": 120090.88027418112,
      "posValUSD": 50687573.743170574,
      "debtVal": 76040.22941244152,
      "debtValUSD": 32094816.25075064
    },
    {
      "name": "WBNB-USDT PancakeswapWorker",
      "address": "0x81b6534f4F7ba45Ecf98295Cef1450B4a4FC81Cd",
      "vault": "ibUSDT",
      "borrowToken": "USDT",
      "posVal": 41078256.0792525,
      "posValUSD": 41105387.035045154,
      "debtVal": 23811513.947997805,
      "debtValUSD": 23827240.738615036
    }
  ]
}