{
  "blockNo": 17411198,
  "lpName": "USDT-WBNB LP",
  "lpTokens": 0,
  "token0_symbol": "USDT",
  "token0_decimals": 18,
  "token0": 0,
  "token0_liquidity": 134578252.37283456,
  "token0_price": 1.00028139,
  "token0_posVal": 17099174.14931401,
  "token0_posValUSD": 17103985.685927887,
  "token0_debtVal": 9836185.261279654,
  "token0_debtValUSD": 9838953.065450326,
  "token1_symbol": "WBNB",
  "token1_decimals": 18,
  "token1": 0,
  "token1_liquidity": 355170.56673149316,
  "token1_price": 379.7081006,
  "token1_posVal": 174602.00852376496,
  "token1_posValUSD": 66297797.017503805,
  "token1_debtVal": 107163.69846081473,
  "token1_debtValUSD": 40690924.39582711,
  "liquidity": 269477262.6299106,
  "tvl": 0,
  "health": 83401782.7034317,
  "debt": 50529877.46127743,
  "leverage": 2.5371751983660182,
  "workerPositions": [
    {
      "name": "USDT-WBNB PancakeswapWorker",
      "address": "0x41867cc58aece8B570FF1A2a8aa6149014D2a94C",
      "vault": "ibWBNB",
      "borrowToken": "WBNB",
      "posVal": 174602.00852376496,
      "posValUSD": 66297797.017503805,
      "debtVal": 107163.69846081473,
      "debtValUSD": 40690924.39582711
    },
    {
      "name": "WBNB-USDT PancakeswapWorker",
      "address": "0x81b6534f4F7ba45Ecf98295Cef1450B4a4FC81Cd",
      "vault": "ibUSDT",
      "borrowToken": "USDT",
      "posVal": 17099174.14931401,
      "posValUSD": 17103985.685927887,
      "debtVal": 9836185.261279654,
      "debtValUSD": 9838953.065450326
    }
  ]
}