{
  "blockNo": 17547153,
  "lpName": "USDT-WBNB LP",
  "lpTokens": 0,
  "token0_symbol": "USDT",
  "token0_decimals": 18,
  "token0": 0,
  "token0_liquidity": 132380330.46712244,
  "token0_price": 0.99992324,
  "token0_posVal": 16255701.082057875,
  "token0_posValUSD": 16254453.294442816,
  "token0_debtVal": 9249040.353481516,
  "token0_debtValUSD": 9248330.397143982,
  "token1_symbol": "WBNB",
  "token1_decimals": 18,
  "token1": 0,
  "token1_liquidity": 351570.66107401624,
  "token1_price": 376.84099918,
  "token1_posVal": 166495.76682696212,
  "token1_posValUSD": 62742431.1303127,
  "token1_debtVal": 101539.45926232738,
  "token1_debtValUSD": 38264231.28461235,
  "liquidity": 264856408.1544612,
  "tvl": 0,
  "health": 78996884.42475551,
  "debt": 47512561.68175633,
  "leverage": 2.5090863497237264,
  "workerPositions": [
    {
      "name": "USDT-WBNB PancakeswapWorker",
      "address": "0x41867cc58aece8B570FF1A2a8aa6149014D2a94C",
      "vault": "ibWBNB",
      "borrowToken": "WBNB",
      "posVal": 166495.76682696212,
      "posValUSD": 62742431.1303127,
      "debtVal": 101539.45926232738,
      "debtValUSD": 38264231.28461235
    },
    {
      "name": "WBNB-USDT PancakeswapWorker",
      "address": "0x81b6534f4F7ba45Ecf98295Cef1450B4a4FC81Cd",
      "vault": "ibUSDT",
      "borrowToken": "USDT",
      "posVal": 16255701.082057875,
      "posValUSD": 16254453.294442816,
      "debtVal": 9249040.353481516,
      "debtValUSD": 9248330.397143982
    }
  ]
}