{
  "blockNo": 14065508,
  "lpName": "USDT-WBNB LP",
  "lpTokens": 0,
  "token0_symbol": "USDT",
  "token0_decimals": 18,
  "token0": 0,
  "token0_liquidity": 142152843.1455063,
  "token0_price": 1.00016126,
  "token0_posVal": 48952082.26063622,
  "token0_posValUSD": 48959976.27342157,
  "token0_debtVal": 31155587.293321095,
  "token0_debtValUSD": 31160611.44332802,
  "token1_symbol": "WBNB",
  "token1_decimals": 18,
  "token1": 0,
  "token1_liquidity": 278008.6110108717,
  "token1_price": 512.15987846,
  "token1_posVal": 161125.34577429993,
  "token1_posValUSD": 82521937.50859092,
  "token1_debtVal": 100709.6894870147,
  "token1_debtValUSD": 51579462.32741378,
  "liquidity": 284560623.1391534,
  "tvl": 0,
  "health": 131481913.78201249,
  "debt": 82740073.7707418,
  "leverage": 2.6975164202174073,
  "workerPositions": [
    {
      "name": "USDT-WBNB PancakeswapWorker",
      "address": "0x41867cc58aece8B570FF1A2a8aa6149014D2a94C",
      "vault": "ibWBNB",
      "borrowToken": "WBNB",
      "posVal": 161125.34577429993,
      "posValUSD": 82521937.50859092,
      "debtVal": 100709.6894870147,
      "debtValUSD": 51579462.32741378
    },
    {
      "name": "WBNB-USDT PancakeswapWorker",
      "address": "0x81b6534f4F7ba45Ecf98295Cef1450B4a4FC81Cd",
      "vault": "ibUSDT",
      "borrowToken": "USDT",
      "posVal": 48952082.26063622,
      "posValUSD": 48959976.27342157,
      "debtVal": 31155587.293321095,
      "debtValUSD": 31160611.44332802
    }
  ]
}