{
  "blockNo": 12354912,
  "lpName": "USDT-WBNB LP",
  "lpTokens": 0,
  "token0_symbol": "USDT",
  "token0_decimals": 18,
  "token0": 0,
  "token0_liquidity": 141356210.2210833,
  "token0_price": 1.00093452,
  "token0_posVal": 52797301.87015784,
  "token0_posValUSD": 52846642.00470153,
  "token0_debtVal": 30266644.344438426,
  "token0_debtValUSD": 30294929.12891119,
  "token1_symbol": "WBNB",
  "token1_decimals": 18,
  "token1": 0,
  "token1_liquidity": 254924.3218514181,
  "token1_price": 555.12829985,
  "token1_posVal": 155634.7648636515,
  "token1_posValUSD": 86397262.41631338,
  "token1_debtVal": 104250.78891371509,
  "token1_debtValUSD": 57872563.207691886,
  "liquidity": 283004015.806451,
  "tvl": 0,
  "health": 139243904.4210149,
  "debt": 88167492.33660308,
  "leverage": 2.726188053125039,
  "workerPositions": [
    {
      "name": "USDT-WBNB PancakeswapWorker",
      "address": "0x41867cc58aece8B570FF1A2a8aa6149014D2a94C",
      "vault": "ibWBNB",
      "borrowToken": "WBNB",
      "posVal": 155634.7648636515,
      "posValUSD": 86397262.41631338,
      "debtVal": 104250.78891371509,
      "debtValUSD": 57872563.207691886
    },
    {
      "name": "WBNB-USDT PancakeswapWorker",
      "address": "0x81b6534f4F7ba45Ecf98295Cef1450B4a4FC81Cd",
      "vault": "ibUSDT",
      "borrowToken": "USDT",
      "posVal": 52797301.87015784,
      "posValUSD": 52846642.00470153,
      "debtVal": 30266644.344438426,
      "debtValUSD": 30294929.12891119
    }
  ]
}