{
  "blockNo": 16661823,
  "lpName": "USDT-WBNB LP",
  "lpTokens": 0,
  "token0_symbol": "USDT",
  "token0_decimals": 18,
  "token0": 0,
  "token0_liquidity": 160231984.11191234,
  "token0_price": 1.00029269,
  "token0_posVal": 50469306.84335177,
  "token0_posValUSD": 50484078.70477175,
  "token0_debtVal": 24639039.531205826,
  "token0_debtValUSD": 24646251.131686214,
  "token1_symbol": "WBNB",
  "token1_decimals": 18,
  "token1": 0,
  "token1_liquidity": 359966.50495372614,
  "token1_price": 445.74,
  "token1_posVal": 154126.90891777622,
  "token1_posValUSD": 68700528.38100958,
  "token1_debtVal": 102353.90688659158,
  "token1_debtValUSD": 45623230.45562933,
  "liquidity": 320730352.3294159,
  "tvl": 0,
  "health": 119184607.08578134,
  "debt": 70269481.58731554,
  "leverage": 2.436559364230181,
  "workerPositions": [
    {
      "name": "USDT-WBNB PancakeswapWorker",
      "address": "0x41867cc58aece8B570FF1A2a8aa6149014D2a94C",
      "vault": "ibWBNB",
      "borrowToken": "WBNB",
      "posVal": 154126.90891777622,
      "posValUSD": 68700528.38100958,
      "debtVal": 102353.90688659158,
      "debtValUSD": 45623230.45562933
    },
    {
      "name": "WBNB-USDT PancakeswapWorker",
      "address": "0x81b6534f4F7ba45Ecf98295Cef1450B4a4FC81Cd",
      "vault": "ibUSDT",
      "borrowToken": "USDT",
      "posVal": 50469306.84335177,
      "posValUSD": 50484078.70477175,
      "debtVal": 24639039.531205826,
      "debtValUSD": 24646251.131686214
    }
  ]
}