{
  "blockNo": 17233824,
  "lpName": "USDT-WBNB LP",
  "lpTokens": 0,
  "token0_symbol": "USDT",
  "token0_decimals": 18,
  "token0": 0,
  "token0_liquidity": 160771129.02895114,
  "token0_price": 1.00024947,
  "token0_posVal": 53660960.93349848,
  "token0_posValUSD": 53674347.733422555,
  "token0_debtVal": 27870844.22339172,
  "token0_debtValUSD": 27877797.162900127,
  "token1_symbol": "WBNB",
  "token1_decimals": 18,
  "token1": 0,
  "token1_liquidity": 399747.54878542316,
  "token1_price": 402.51,
  "token1_posVal": 182431.4343272647,
  "token1_posValUSD": 73430476.6310673,
  "token1_debtVal": 113711.76024483508,
  "token1_debtValUSD": 45770120.61614857,
  "liquidity": 321713622.46413064,
  "tvl": 0,
  "health": 127104824.36448985,
  "debt": 73647917.7790487,
  "leverage": 2.3777063149237017,
  "workerPositions": [
    {
      "name": "USDT-WBNB PancakeswapWorker",
      "address": "0x41867cc58aece8B570FF1A2a8aa6149014D2a94C",
      "vault": "ibWBNB",
      "borrowToken": "WBNB",
      "posVal": 182431.4343272647,
      "posValUSD": 73430476.6310673,
      "debtVal": 113711.76024483508,
      "debtValUSD": 45770120.61614857
    },
    {
      "name": "WBNB-USDT PancakeswapWorker",
      "address": "0x81b6534f4F7ba45Ecf98295Cef1450B4a4FC81Cd",
      "vault": "ibUSDT",
      "borrowToken": "USDT",
      "posVal": 53660960.93349848,
      "posValUSD": 53674347.733422555,
      "debtVal": 27870844.22339172,
      "debtValUSD": 27877797.162900127
    }
  ]
}