{
  "blockNo": 11865954,
  "lpName": "USDT-WBNB LP",
  "lpTokens": 0,
  "token0_symbol": "USDT",
  "token0_decimals": 18,
  "token0": 0,
  "token0_liquidity": 114743556.93997799,
  "token0_price": 1.0000181,
  "token0_posVal": 45958146.72331063,
  "token0_posValUSD": 45958978.56576631,
  "token0_debtVal": 26900851.120484572,
  "token0_debtValUSD": 26901338.02588985,
  "token1_symbol": "WBNB",
  "token1_decimals": 18,
  "token1": 0,
  "token1_liquidity": 242664.4424300951,
  "token1_price": 472.87054422,
  "token1_posVal": 119268.01962385449,
  "token1_posValUSD": 56398333.34757371,
  "token1_debtVal": 78958.21112169666,
  "token1_debtValUSD": 37337012.26375435,
  "liquidity": 229494500.75312054,
  "tvl": 0,
  "health": 102357311.91334003,
  "debt": 64238350.289644204,
  "leverage": 2.685207244724941,
  "workerPositions": [
    {
      "name": "USDT-WBNB PancakeswapWorker",
      "address": "0x41867cc58aece8B570FF1A2a8aa6149014D2a94C",
      "vault": "ibWBNB",
      "borrowToken": "WBNB",
      "posVal": 119268.01962385449,
      "posValUSD": 56398333.34757371,
      "debtVal": 78958.21112169666,
      "debtValUSD": 37337012.26375435
    },
    {
      "name": "WBNB-USDT PancakeswapWorker",
      "address": "0x81b6534f4F7ba45Ecf98295Cef1450B4a4FC81Cd",
      "vault": "ibUSDT",
      "borrowToken": "USDT",
      "posVal": 45958146.72331063,
      "posValUSD": 45958978.56576631,
      "debtVal": 26900851.120484572,
      "debtValUSD": 26901338.02588985
    }
  ]
}