{
  "blockNo": 11919148,
  "lpName": "USDT-WBNB LP",
  "lpTokens": 0,
  "token0_symbol": "USDT",
  "token0_decimals": 18,
  "token0": 0,
  "token0_liquidity": 109336715.26643513,
  "token0_price": 1.00013285,
  "token0_posVal": 47253515.208446674,
  "token0_posValUSD": 47259792.837942116,
  "token0_debtVal": 27974409.512183923,
  "token0_debtValUSD": 27978125.912487615,
  "token1_symbol": "WBNB",
  "token1_decimals": 18,
  "token1": 0,
  "token1_liquidity": 225580.505073963,
  "token1_price": 485.23928019,
  "token1_posVal": 116556.26425153854,
  "token1_posValUSD": 56557677.76705199,
  "token1_debtVal": 77516.54982441955,
  "token1_debtValUSD": 37614074.83961361,
  "liquidity": 218811762.5560447,
  "tvl": 0,
  "health": 103817470.6049941,
  "debt": 65592200.75210123,
  "leverage": 2.7159382001625616,
  "workerPositions": [
    {
      "name": "USDT-WBNB PancakeswapWorker",
      "address": "0x41867cc58aece8B570FF1A2a8aa6149014D2a94C",
      "vault": "ibWBNB",
      "borrowToken": "WBNB",
      "posVal": 116556.26425153854,
      "posValUSD": 56557677.76705199,
      "debtVal": 77516.54982441955,
      "debtValUSD": 37614074.83961361
    },
    {
      "name": "WBNB-USDT PancakeswapWorker",
      "address": "0x81b6534f4F7ba45Ecf98295Cef1450B4a4FC81Cd",
      "vault": "ibUSDT",
      "borrowToken": "USDT",
      "posVal": 47253515.208446674,
      "posValUSD": 47259792.837942116,
      "debtVal": 27974409.512183923,
      "debtValUSD": 27978125.912487615
    }
  ]
}