{
  "blockNo": 8939968,
  "lpName": "USDT-WBNB LP",
  "lpTokens": 0,
  "token0_symbol": "USDT",
  "token0_decimals": 18,
  "token0": 0,
  "token0_liquidity": 92314450.81844139,
  "token0_price": 1.00014646,
  "token0_posVal": 32634030.246101785,
  "token0_posValUSD": 32638809.826171633,
  "token0_debtVal": 17451739.915864673,
  "token0_debtValUSD": 17454295.89769275,
  "token1_symbol": "WBNB",
  "token1_decimals": 18,
  "token1": 0,
  "token1_liquidity": 277053.3882743091,
  "token1_price": 333.16571847,
  "token1_posVal": 84507.50732623921,
  "token1_posValUSD": 28155004.394455276,
  "token1_debtVal": 52753.23901631538,
  "token1_debtValUSD": 17575570.77849035,
  "liquidity": 184632662.35186633,
  "tvl": 0,
  "health": 60793814.220626906,
  "debt": 35029866.676183105,
  "leverage": 2.3596467162400185,
  "workerPositions": [
    {
      "name": "USDT-WBNB PancakeswapWorker",
      "address": "0x41867cc58aece8B570FF1A2a8aa6149014D2a94C",
      "vault": "ibWBNB",
      "borrowToken": "WBNB",
      "posVal": 84507.50732623921,
      "posValUSD": 28155004.394455276,
      "debtVal": 52753.23901631538,
      "debtValUSD": 17575570.77849035
    },
    {
      "name": "WBNB-USDT PancakeswapWorker",
      "address": "0x81b6534f4F7ba45Ecf98295Cef1450B4a4FC81Cd",
      "vault": "ibUSDT",
      "borrowToken": "USDT",
      "posVal": 32634030.246101785,
      "posValUSD": 32638809.826171633,
      "debtVal": 17451739.915864673,
      "debtValUSD": 17454295.89769275
    }
  ]
}