{
  "blockNo": 11372535,
  "lpName": "USDT-WBNB LP",
  "lpTokens": 0,
  "token0_symbol": "USDT",
  "token0_decimals": 18,
  "token0": 0,
  "token0_liquidity": 86952748.44000433,
  "token0_price": 1,
  "token0_posVal": 40728692.816530965,
  "token0_posValUSD": 40728692.816530965,
  "token0_debtVal": 24661580.084631044,
  "token0_debtValUSD": 24661580.084631044,
  "token1_symbol": "WBNB",
  "token1_decimals": 18,
  "token1": 0,
  "token1_liquidity": 225156.0964380149,
  "token1_price": 386.94098669,
  "token1_posVal": 112155.18610596929,
  "token1_posValUSD": 43397438.37424433,
  "token1_debtVal": 73125.31136065663,
  "token1_debtValUSD": 28295180.129905943,
  "liquidity": 174074870.55499864,
  "tvl": 0,
  "health": 84126131.1907753,
  "debt": 52956760.21453699,
  "leverage": 2.698999965540148,
  "workerPositions": [
    {
      "name": "USDT-WBNB PancakeswapWorker",
      "address": "0x41867cc58aece8B570FF1A2a8aa6149014D2a94C",
      "vault": "ibWBNB",
      "borrowToken": "WBNB",
      "posVal": 112155.18610596929,
      "posValUSD": 43397438.37424433,
      "debtVal": 73125.31136065663,
      "debtValUSD": 28295180.129905943
    },
    {
      "name": "WBNB-USDT PancakeswapWorker",
      "address": "0x81b6534f4F7ba45Ecf98295Cef1450B4a4FC81Cd",
      "vault": "ibUSDT",
      "borrowToken": "USDT",
      "posVal": 40728692.816530965,
      "posValUSD": 40728692.816530965,
      "debtVal": 24661580.084631044,
      "debtValUSD": 24661580.084631044
    }
  ]
}