{
  "blockNo": 17672267,
  "lpName": "USDT-WBNB LP",
  "lpTokens": 0,
  "token0_symbol": "USDT",
  "token0_decimals": 18,
  "token0": 0,
  "token0_liquidity": 132871325.94704798,
  "token0_price": 1.00000941,
  "token0_posVal": 32597501.08949571,
  "token0_posValUSD": 32597807.831980966,
  "token0_debtVal": 20530764.647560347,
  "token0_debtValUSD": 20530957.842055682,
  "token1_symbol": "WBNB",
  "token1_decimals": 18,
  "token1": 0,
  "token1_liquidity": 431733.6313604635,
  "token1_price": 308.44706171,
  "token1_posVal": 186311.9901458186,
  "token1_posValUSD": 57467385.92182022,
  "token1_debtVal": 103185.58011506757,
  "token1_debtValUSD": 31827288.9973344,
  "liquidity": 266039546.30074844,
  "tvl": 0,
  "health": 90065193.7538012,
  "debt": 52358246.839390084,
  "leverage": 2.3885570464836396,
  "workerPositions": [
    {
      "name": "USDT-WBNB PancakeswapWorker",
      "address": "0x41867cc58aece8B570FF1A2a8aa6149014D2a94C",
      "vault": "ibWBNB",
      "borrowToken": "WBNB",
      "posVal": 186311.9901458186,
      "posValUSD": 57467385.92182022,
      "debtVal": 103185.58011506757,
      "debtValUSD": 31827288.9973344
    },
    {
      "name": "WBNB-USDT PancakeswapWorker",
      "address": "0x81b6534f4F7ba45Ecf98295Cef1450B4a4FC81Cd",
      "vault": "ibUSDT",
      "borrowToken": "USDT",
      "posVal": 32597501.08949571,
      "posValUSD": 32597807.831980966,
      "debtVal": 20530764.647560347,
      "debtValUSD": 20530957.842055682
    }
  ]
}