{
  "blockNo": 9568513,
  "lpName": "USDT-WBNB LP",
  "lpTokens": 0,
  "token0_symbol": "USDT",
  "token0_decimals": 18,
  "token0": 0,
  "token0_liquidity": 109634331.00500882,
  "token0_price": 1.00029582,
  "token0_posVal": 30390569.553722627,
  "token0_posValUSD": 30399559.69200801,
  "token0_debtVal": 17376131.50671593,
  "token0_debtValUSD": 17381271.713938247,
  "token1_symbol": "WBNB",
  "token1_decimals": 18,
  "token1": 0,
  "token1_liquidity": 348866.16266743554,
  "token1_price": 314.29081452,
  "token1_posVal": 119376.16465456849,
  "token1_posValUSD": 37518832.02355797,
  "token1_debtVal": 71475.52462923454,
  "token1_debtValUSD": 22464100.853966445,
  "liquidity": 219312193.45602185,
  "tvl": 0,
  "health": 67918391.71556598,
  "debt": 39845372.567904696,
  "leverage": 2.4193476076912854,
  "workerPositions": [
    {
      "name": "USDT-WBNB PancakeswapWorker",
      "address": "0x41867cc58aece8B570FF1A2a8aa6149014D2a94C",
      "vault": "ibWBNB",
      "borrowToken": "WBNB",
      "posVal": 119376.16465456849,
      "posValUSD": 37518832.02355797,
      "debtVal": 71475.52462923454,
      "debtValUSD": 22464100.853966445
    },
    {
      "name": "WBNB-USDT PancakeswapWorker",
      "address": "0x81b6534f4F7ba45Ecf98295Cef1450B4a4FC81Cd",
      "vault": "ibUSDT",
      "borrowToken": "USDT",
      "posVal": 30390569.553722627,
      "posValUSD": 30399559.69200801,
      "debtVal": 17376131.50671593,
      "debtValUSD": 17381271.713938247
    }
  ]
}