{
  "blockNo": 15921097,
  "lpName": "USDT-WBNB LP",
  "lpTokens": 0,
  "token0_symbol": "USDT",
  "token0_decimals": 18,
  "token0": 0,
  "token0_liquidity": 115406144.59792353,
  "token0_price": 1.00018929,
  "token0_posVal": 46358240.527146116,
  "token0_posValUSD": 46367015.6784955,
  "token0_debtVal": 24560129.504648123,
  "token0_debtValUSD": 24564778.491562057,
  "token1_symbol": "WBNB",
  "token1_decimals": 18,
  "token1": 0,
  "token1_liquidity": 294778.48044621036,
  "token1_price": 391.82,
  "token1_posVal": 177862.20184436673,
  "token1_posValUSD": 69689967.92665978,
  "token1_debtVal": 109756.84011822617,
  "token1_debtValUSD": 43004925.09512338,
  "liquidity": 230928094.03546864,
  "tvl": 0,
  "health": 116056983.60515527,
  "debt": 67569703.58668543,
  "leverage": 2.393555249148781,
  "workerPositions": [
    {
      "name": "USDT-WBNB PancakeswapWorker",
      "address": "0x41867cc58aece8B570FF1A2a8aa6149014D2a94C",
      "vault": "ibWBNB",
      "borrowToken": "WBNB",
      "posVal": 177862.20184436673,
      "posValUSD": 69689967.92665978,
      "debtVal": 109756.84011822617,
      "debtValUSD": 43004925.09512338
    },
    {
      "name": "WBNB-USDT PancakeswapWorker",
      "address": "0x81b6534f4F7ba45Ecf98295Cef1450B4a4FC81Cd",
      "vault": "ibUSDT",
      "borrowToken": "USDT",
      "posVal": 46358240.527146116,
      "posValUSD": 46367015.6784955,
      "debtVal": 24560129.504648123,
      "debtValUSD": 24564778.491562057
    }
  ]
}