{
  "blockNo": 17647166,
  "lpName": "USDT-WBNB LP",
  "lpTokens": 0,
  "token0_symbol": "USDT",
  "token0_decimals": 18,
  "token0": 0,
  "token0_liquidity": 151200519.32994196,
  "token0_price": 0.99997934,
  "token0_posVal": 34495114.4534087,
  "token0_posValUSD": 34494401.78434409,
  "token0_debtVal": 19142201.9457065,
  "token0_debtValUSD": 19141806.467814304,
  "token1_symbol": "WBNB",
  "token1_decimals": 18,
  "token1": 0,
  "token1_liquidity": 438129.8668779419,
  "token1_price": 345.9975236,
  "token1_posVal": 173325.1194869063,
  "token1_posValUSD": 59970062.12014369,
  "token1_debtVal": 101657.32717338674,
  "token1_debtValUSD": 35173183.457786806,
  "liquidity": 302789244.48217815,
  "tvl": 0,
  "health": 94464463.90448779,
  "debt": 54314989.92560111,
  "leverage": 2.352819465434681,
  "workerPositions": [
    {
      "name": "USDT-WBNB PancakeswapWorker",
      "address": "0x41867cc58aece8B570FF1A2a8aa6149014D2a94C",
      "vault": "ibWBNB",
      "borrowToken": "WBNB",
      "posVal": 173325.1194869063,
      "posValUSD": 59970062.12014369,
      "debtVal": 101657.32717338674,
      "debtValUSD": 35173183.457786806
    },
    {
      "name": "WBNB-USDT PancakeswapWorker",
      "address": "0x81b6534f4F7ba45Ecf98295Cef1450B4a4FC81Cd",
      "vault": "ibUSDT",
      "borrowToken": "USDT",
      "posVal": 34495114.4534087,
      "posValUSD": 34494401.78434409,
      "debtVal": 19142201.9457065,
      "debtValUSD": 19141806.467814304
    }
  ]
}