{
  "blockNo": 12046963,
  "lpName": "USDT-WBNB LP",
  "lpTokens": 0,
  "token0_symbol": "USDT",
  "token0_decimals": 18,
  "token0": 0,
  "token0_liquidity": 141902179.489951,
  "token0_price": 1.00003067,
  "token0_posVal": 49212382.53727565,
  "token0_posValUSD": 49213891.88104806,
  "token0_debtVal": 29486541.781975757,
  "token0_debtValUSD": 29487446.134212207,
  "token1_symbol": "WBNB",
  "token1_decimals": 18,
  "token1": 0,
  "token1_liquidity": 296465.6712123316,
  "token1_price": 478.43,
  "token1_posVal": 132125.43705633216,
  "token1_posValUSD": 63212772.850861,
  "token1_debtVal": 86011.54907923621,
  "token1_debtValUSD": 41150505.42597898,
  "liquidity": 283744602.7079118,
  "tvl": 0,
  "health": 112426664.73190907,
  "debt": 70637951.56019118,
  "leverage": 2.690359577954129,
  "workerPositions": [
    {
      "name": "USDT-WBNB PancakeswapWorker",
      "address": "0x41867cc58aece8B570FF1A2a8aa6149014D2a94C",
      "vault": "ibWBNB",
      "borrowToken": "WBNB",
      "posVal": 132125.43705633216,
      "posValUSD": 63212772.850861,
      "debtVal": 86011.54907923621,
      "debtValUSD": 41150505.42597898
    },
    {
      "name": "WBNB-USDT PancakeswapWorker",
      "address": "0x81b6534f4F7ba45Ecf98295Cef1450B4a4FC81Cd",
      "vault": "ibUSDT",
      "borrowToken": "USDT",
      "posVal": 49212382.53727565,
      "posValUSD": 49213891.88104806,
      "debtVal": 29486541.781975757,
      "debtValUSD": 29487446.134212207
    }
  ]
}