{
  "blockNo": 15587830,
  "lpName": "USDT-WBNB LP",
  "lpTokens": 0,
  "token0_symbol": "USDT",
  "token0_decimals": 18,
  "token0": 0,
  "token0_liquidity": 123189799.21390712,
  "token0_price": 1.0007733,
  "token0_posVal": 44795010.10784324,
  "token0_posValUSD": 44829650.089159645,
  "token0_debtVal": 27396189.92531841,
  "token0_debtValUSD": 27417375.39898766,
  "token1_symbol": "WBNB",
  "token1_decimals": 18,
  "token1": 0,
  "token1_liquidity": 328215.70464016794,
  "token1_price": 376.04,
  "token1_posVal": 199176.3766993229,
  "token1_posValUSD": 74898284.69401339,
  "token1_debtVal": 120408.72120101721,
  "token1_debtValUSD": 45278495.52043051,
  "liquidity": 246707295.458528,
  "tvl": 0,
  "health": 119727934.78317302,
  "debt": 72695870.91941817,
  "leverage": 2.5456661891344528,
  "workerPositions": [
    {
      "name": "USDT-WBNB PancakeswapWorker",
      "address": "0x41867cc58aece8B570FF1A2a8aa6149014D2a94C",
      "vault": "ibWBNB",
      "borrowToken": "WBNB",
      "posVal": 199176.3766993229,
      "posValUSD": 74898284.69401339,
      "debtVal": 120408.72120101721,
      "debtValUSD": 45278495.52043051
    },
    {
      "name": "WBNB-USDT PancakeswapWorker",
      "address": "0x81b6534f4F7ba45Ecf98295Cef1450B4a4FC81Cd",
      "vault": "ibUSDT",
      "borrowToken": "USDT",
      "posVal": 44795010.10784324,
      "posValUSD": 44829650.089159645,
      "debtVal": 27396189.92531841,
      "debtValUSD": 27417375.39898766
    }
  ]
}