{
  "blockNo": 13552076,
  "lpName": "USDT-WBNB LP",
  "lpTokens": 0,
  "token0_symbol": "USDT",
  "token0_decimals": 18,
  "token0": 0,
  "token0_liquidity": 146254569.97010207,
  "token0_price": 1.00025288,
  "token0_posVal": 50500789.85551994,
  "token0_posValUSD": 50513560.4952586,
  "token0_debtVal": 31640281.58539527,
  "token0_debtValUSD": 31648282.77980258,
  "token1_symbol": "WBNB",
  "token1_decimals": 18,
  "token1": 0,
  "token1_liquidity": 276789.95254960307,
  "token1_price": 528.22479867,
  "token1_posVal": 154701.5639684596,
  "token1_posValUSD": 81717202.48117371,
  "token1_debtVal": 98003.70232426212,
  "token1_debtValUSD": 51767985.92914797,
  "liquidity": 292498871.78514904,
  "tvl": 0,
  "health": 132230762.97643231,
  "debt": 83416268.70895055,
  "leverage": 2.7088422191135777,
  "workerPositions": [
    {
      "name": "USDT-WBNB PancakeswapWorker",
      "address": "0x41867cc58aece8B570FF1A2a8aa6149014D2a94C",
      "vault": "ibWBNB",
      "borrowToken": "WBNB",
      "posVal": 154701.5639684596,
      "posValUSD": 81717202.48117371,
      "debtVal": 98003.70232426212,
      "debtValUSD": 51767985.92914797
    },
    {
      "name": "WBNB-USDT PancakeswapWorker",
      "address": "0x81b6534f4F7ba45Ecf98295Cef1450B4a4FC81Cd",
      "vault": "ibUSDT",
      "borrowToken": "USDT",
      "posVal": 50500789.85551994,
      "posValUSD": 50513560.4952586,
      "debtVal": 31640281.58539527,
      "debtValUSD": 31648282.77980258
    }
  ]
}