{
  "blockNo": 16810020,
  "lpName": "USDT-WBNB LP",
  "lpTokens": 0,
  "token0_symbol": "USDT",
  "token0_decimals": 18,
  "token0": 0,
  "token0_liquidity": 154536477.20448905,
  "token0_price": 1.00052317,
  "token0_posVal": 48656090.6764966,
  "token0_posValUSD": 48681546.08345582,
  "token0_debtVal": 24278693.387940478,
  "token0_debtValUSD": 24291395.271960244,
  "token1_symbol": "WBNB",
  "token1_decimals": 18,
  "token1": 0,
  "token1_liquidity": 363393.29374213115,
  "token1_price": 425.6952166,
  "token1_posVal": 158259.09887227914,
  "token1_posValUSD": 67370141.37335569,
  "token1_debtVal": 102564.63689224387,
  "token1_debtValUSD": 43661275.31734411,
  "liquidity": 309312112.943812,
  "tvl": 0,
  "health": 116051687.45681152,
  "debt": 67952670.58930436,
  "leverage": 2.412766310307044,
  "workerPositions": [
    {
      "name": "USDT-WBNB PancakeswapWorker",
      "address": "0x41867cc58aece8B570FF1A2a8aa6149014D2a94C",
      "vault": "ibWBNB",
      "borrowToken": "WBNB",
      "posVal": 158259.09887227914,
      "posValUSD": 67370141.37335569,
      "debtVal": 102564.63689224387,
      "debtValUSD": 43661275.31734411
    },
    {
      "name": "WBNB-USDT PancakeswapWorker",
      "address": "0x81b6534f4F7ba45Ecf98295Cef1450B4a4FC81Cd",
      "vault": "ibUSDT",
      "borrowToken": "USDT",
      "posVal": 48656090.6764966,
      "posValUSD": 48681546.08345582,
      "debtVal": 24278693.387940478,
      "debtValUSD": 24291395.271960244
    }
  ]
}