{
  "blockNo": 13752717,
  "lpName": "USDT-WBNB LP",
  "lpTokens": 0,
  "token0_symbol": "USDT",
  "token0_decimals": 18,
  "token0": 0,
  "token0_liquidity": 131204773.16566248,
  "token0_price": 1.00029778,
  "token0_posVal": 50179275.03748878,
  "token0_posValUSD": 50194217.42200944,
  "token0_debtVal": 30852572.285737284,
  "token0_debtValUSD": 30861759.56471253,
  "token1_symbol": "WBNB",
  "token1_decimals": 18,
  "token1": 0,
  "token1_liquidity": 238864.65677580837,
  "token1_price": 548.83858697,
  "token1_posVal": 148038.01533576605,
  "token1_posValUSD": 81248975.15472503,
  "token1_debtVal": 95636.4613860623,
  "token1_debtValUSD": 52488980.329937406,
  "liquidity": 262341984.02492446,
  "tvl": 0,
  "health": 131443192.57673447,
  "debt": 83350739.89464994,
  "leverage": 2.7331355596613163,
  "workerPositions": [
    {
      "name": "USDT-WBNB PancakeswapWorker",
      "address": "0x41867cc58aece8B570FF1A2a8aa6149014D2a94C",
      "vault": "ibWBNB",
      "borrowToken": "WBNB",
      "posVal": 148038.01533576605,
      "posValUSD": 81248975.15472503,
      "debtVal": 95636.4613860623,
      "debtValUSD": 52488980.329937406
    },
    {
      "name": "WBNB-USDT PancakeswapWorker",
      "address": "0x81b6534f4F7ba45Ecf98295Cef1450B4a4FC81Cd",
      "vault": "ibUSDT",
      "borrowToken": "USDT",
      "posVal": 50179275.03748878,
      "posValUSD": 50194217.42200944,
      "debtVal": 30852572.285737284,
      "debtValUSD": 30861759.56471253
    }
  ]
}