{
  "blockNo": 9898161,
  "lpName": "USDT-WBNB LP",
  "lpTokens": 0,
  "token0_symbol": "USDT",
  "token0_decimals": 18,
  "token0": 0,
  "token0_liquidity": 133924124.22688441,
  "token0_price": 1.0005089,
  "token0_posVal": 30397324.037123043,
  "token0_posValUSD": 30412793.235325538,
  "token0_debtVal": 16548659.382176708,
  "token0_debtValUSD": 16557080.994936299,
  "token1_symbol": "WBNB",
  "token1_decimals": 18,
  "token1": 0,
  "token1_liquidity": 380083.1999859287,
  "token1_price": 353.13,
  "token1_posVal": 89829.85941376665,
  "token1_posValUSD": 31721618.254783418,
  "token1_debtVal": 56114.305303919115,
  "token1_debtValUSD": 19815644.631972957,
  "liquidity": 268211058.62473446,
  "tvl": 0,
  "health": 62134411.49010895,
  "debt": 36372725.626909256,
  "leverage": 2.4118922891947583,
  "workerPositions": [
    {
      "name": "USDT-WBNB PancakeswapWorker",
      "address": "0x41867cc58aece8B570FF1A2a8aa6149014D2a94C",
      "vault": "ibWBNB",
      "borrowToken": "WBNB",
      "posVal": 89829.85941376665,
      "posValUSD": 31721618.254783418,
      "debtVal": 56114.305303919115,
      "debtValUSD": 19815644.631972957
    },
    {
      "name": "WBNB-USDT PancakeswapWorker",
      "address": "0x81b6534f4F7ba45Ecf98295Cef1450B4a4FC81Cd",
      "vault": "ibUSDT",
      "borrowToken": "USDT",
      "posVal": 30397324.037123043,
      "posValUSD": 30412793.235325538,
      "debtVal": 16548659.382176708,
      "debtValUSD": 16557080.994936299
    }
  ]
}