{
  "blockNo": 9051525,
  "lpName": "USDT-WBNB LP",
  "lpTokens": 0,
  "token0_symbol": "USDT",
  "token0_decimals": 18,
  "token0": 0,
  "token0_liquidity": 120780325.05393104,
  "token0_price": 1.00029238,
  "token0_posVal": 27279049.630950943,
  "token0_posValUSD": 27287025.479482044,
  "token0_debtVal": 15293847.980983334,
  "token0_debtValUSD": 15298319.596256016,
  "token1_symbol": "WBNB",
  "token1_decimals": 18,
  "token1": 0,
  "token1_liquidity": 381602.4246761593,
  "token1_price": 316.511,
  "token1_posVal": 82471.6976275093,
  "token1_posValUSD": 26103199.4877806,
  "token1_debtVal": 50680.80968712125,
  "token1_debtValUSD": 16041033.754880434,
  "liquidity": 241597003.84204617,
  "tvl": 0,
  "health": 53390224.96726264,
  "debt": 31339353.35113645,
  "leverage": 2.4212296863683807,
  "workerPositions": [
    {
      "name": "USDT-WBNB PancakeswapWorker",
      "address": "0x41867cc58aece8B570FF1A2a8aa6149014D2a94C",
      "vault": "ibWBNB",
      "borrowToken": "WBNB",
      "posVal": 82471.6976275093,
      "posValUSD": 26103199.4877806,
      "debtVal": 50680.80968712125,
      "debtValUSD": 16041033.754880434
    },
    {
      "name": "WBNB-USDT PancakeswapWorker",
      "address": "0x81b6534f4F7ba45Ecf98295Cef1450B4a4FC81Cd",
      "vault": "ibUSDT",
      "borrowToken": "USDT",
      "posVal": 27279049.630950943,
      "posValUSD": 27287025.479482044,
      "debtVal": 15293847.980983334,
      "debtValUSD": 15298319.596256016
    }
  ]
}