{
  "blockNo": 13637168,
  "lpName": "USDT-WBNB LP",
  "lpTokens": 0,
  "token0_symbol": "USDT",
  "token0_decimals": 18,
  "token0": 0,
  "token0_liquidity": 142796186.55256897,
  "token0_price": 1.00035778,
  "token0_posVal": 48919701.547196984,
  "token0_posValUSD": 48937204.03801654,
  "token0_debtVal": 31214246.52351818,
  "token0_debtValUSD": 31225414.356639367,
  "token1_symbol": "WBNB",
  "token1_decimals": 18,
  "token1": 0,
  "token1_liquidity": 279070.79041016864,
  "token1_price": 512.21394118,
  "token1_posVal": 156439.06921341515,
  "token1_posValUSD": 80130272.19633418,
  "token1_debtVal": 97513.41198882637,
  "token1_debtValUSD": 49947729.07270581,
  "liquidity": 285791225.59640396,
  "tvl": 0,
  "health": 129067476.23435073,
  "debt": 81173143.42934518,
  "leverage": 2.6948381713516967,
  "workerPositions": [
    {
      "name": "USDT-WBNB PancakeswapWorker",
      "address": "0x41867cc58aece8B570FF1A2a8aa6149014D2a94C",
      "vault": "ibWBNB",
      "borrowToken": "WBNB",
      "posVal": 156439.06921341515,
      "posValUSD": 80130272.19633418,
      "debtVal": 97513.41198882637,
      "debtValUSD": 49947729.07270581
    },
    {
      "name": "WBNB-USDT PancakeswapWorker",
      "address": "0x81b6534f4F7ba45Ecf98295Cef1450B4a4FC81Cd",
      "vault": "ibUSDT",
      "borrowToken": "USDT",
      "posVal": 48919701.547196984,
      "posValUSD": 48937204.03801654,
      "debtVal": 31214246.52351818,
      "debtValUSD": 31225414.356639367
    }
  ]
}