{
  "blockNo": 12386470,
  "lpName": "USDT-WBNB LP",
  "lpTokens": 0,
  "token0_symbol": "USDT",
  "token0_decimals": 18,
  "token0": 0,
  "token0_liquidity": 152644415.6137021,
  "token0_price": 1.00076422,
  "token0_posVal": 53780371.62257541,
  "token0_posValUSD": 53821471.65817682,
  "token0_debtVal": 31039650.602741573,
  "token0_debtValUSD": 31063371.7245252,
  "token1_symbol": "WBNB",
  "token1_decimals": 18,
  "token1": 0,
  "token1_liquidity": 254374.75258703268,
  "token1_price": 600.8086898,
  "token1_posVal": 153121.80978604645,
  "token1_posValUSD": 91996913.91735938,
  "token1_debtVal": 104462.0059389983,
  "token1_debtValUSD": 62761680.9220894,
  "liquidity": 305591631.34901667,
  "tvl": 0,
  "health": 145818385.5755362,
  "debt": 93825052.6466146,
  "leverage": 2.804559303302979,
  "workerPositions": [
    {
      "name": "USDT-WBNB PancakeswapWorker",
      "address": "0x41867cc58aece8B570FF1A2a8aa6149014D2a94C",
      "vault": "ibWBNB",
      "borrowToken": "WBNB",
      "posVal": 153121.80978604645,
      "posValUSD": 91996913.91735938,
      "debtVal": 104462.0059389983,
      "debtValUSD": 62761680.9220894
    },
    {
      "name": "WBNB-USDT PancakeswapWorker",
      "address": "0x81b6534f4F7ba45Ecf98295Cef1450B4a4FC81Cd",
      "vault": "ibUSDT",
      "borrowToken": "USDT",
      "posVal": 53780371.62257541,
      "posValUSD": 53821471.65817682,
      "debtVal": 31039650.602741573,
      "debtValUSD": 31063371.7245252
    }
  ]
}