{
  "blockNo": 8898198,
  "lpName": "USDT-WBNB LP",
  "lpTokens": 0,
  "token0_symbol": "USDT",
  "token0_decimals": 18,
  "token0": 0,
  "token0_liquidity": 86672054.36661631,
  "token0_price": 1.00031363,
  "token0_posVal": 29924008.901236214,
  "token0_posValUSD": 29933393.968147907,
  "token0_debtVal": 16621434.50589259,
  "token0_debtValUSD": 16626647.486396672,
  "token1_symbol": "WBNB",
  "token1_decimals": 18,
  "token1": 0,
  "token1_liquidity": 286996.4030403736,
  "token1_price": 301.72465775,
  "token1_posVal": 80516.00302186662,
  "token1_posValUSD": 24293663.455170672,
  "token1_debtVal": 48517.72528287467,
  "token1_debtValUSD": 14638994.055783883,
  "liquidity": 173293128.8058651,
  "tvl": 0,
  "health": 54227057.42331858,
  "debt": 31265641.542180553,
  "leverage": 2.3616599997156165,
  "workerPositions": [
    {
      "name": "USDT-WBNB PancakeswapWorker",
      "address": "0x41867cc58aece8B570FF1A2a8aa6149014D2a94C",
      "vault": "ibWBNB",
      "borrowToken": "WBNB",
      "posVal": 80516.00302186662,
      "posValUSD": 24293663.455170672,
      "debtVal": 48517.72528287467,
      "debtValUSD": 14638994.055783883
    },
    {
      "name": "WBNB-USDT PancakeswapWorker",
      "address": "0x81b6534f4F7ba45Ecf98295Cef1450B4a4FC81Cd",
      "vault": "ibUSDT",
      "borrowToken": "USDT",
      "posVal": 29924008.901236214,
      "posValUSD": 29933393.968147907,
      "debtVal": 16621434.50589259,
      "debtValUSD": 16626647.486396672
    }
  ]
}