{
  "blockNo": 13202235,
  "lpName": "USDT-WBNB LP",
  "lpTokens": 0,
  "token0_symbol": "USDT",
  "token0_decimals": 18,
  "token0": 0,
  "token0_liquidity": 141880217.78942552,
  "token0_price": 1.00130747,
  "token0_posVal": 51664436.14243407,
  "token0_posValUSD": 51731985.84275722,
  "token0_debtVal": 31598697.232580803,
  "token0_debtValUSD": 31640011.581251483,
  "token1_symbol": "WBNB",
  "token1_decimals": 18,
  "token1": 0,
  "token1_liquidity": 252859.32670408706,
  "token1_price": 562.22,
  "token1_posVal": 140149.75102463667,
  "token1_posValUSD": 78794993.02107124,
  "token1_debtVal": 91167.43232435135,
  "token1_debtValUSD": 51256153.80139682,
  "liquidity": 284228292.5773505,
  "tvl": 0,
  "health": 130526978.86382845,
  "debt": 82896165.3826483,
  "leverage": 2.7403894522062315,
  "workerPositions": [
    {
      "name": "USDT-WBNB PancakeswapWorker",
      "address": "0x41867cc58aece8B570FF1A2a8aa6149014D2a94C",
      "vault": "ibWBNB",
      "borrowToken": "WBNB",
      "posVal": 140149.75102463667,
      "posValUSD": 78794993.02107124,
      "debtVal": 91167.43232435135,
      "debtValUSD": 51256153.80139682
    },
    {
      "name": "WBNB-USDT PancakeswapWorker",
      "address": "0x81b6534f4F7ba45Ecf98295Cef1450B4a4FC81Cd",
      "vault": "ibUSDT",
      "borrowToken": "USDT",
      "posVal": 51664436.14243407,
      "posValUSD": 51731985.84275722,
      "debtVal": 31598697.232580803,
      "debtValUSD": 31640011.581251483
    }
  ]
}