{
  "blockNo": 17918722,
  "lpName": "USDT-WBNB LP",
  "lpTokens": 0,
  "token0_symbol": "USDT",
  "token0_decimals": 18,
  "token0": 0,
  "token0_liquidity": 113385684.82726383,
  "token0_price": 0.99883655,
  "token0_posVal": 30293909.23274543,
  "token0_posValUSD": 30258663.784048595,
  "token0_debtVal": 18415871.307587888,
  "token0_debtValUSD": 18394445.362115074,
  "token1_symbol": "WBNB",
  "token1_decimals": 18,
  "token1": 0,
  "token1_liquidity": 386848.9123541309,
  "token1_price": 293.31714321,
  "token1_posVal": 150022.38233448143,
  "token1_posValUSD": 44004136.603908464,
  "token1_debtVal": 75102.14163570892,
  "token1_debtValUSD": 22028745.633538935,
  "liquidity": 226723184.0778609,
  "tvl": 0,
  "health": 74262800.38795707,
  "debt": 40423190.99565401,
  "leverage": 2.1945525294641377,
  "workerPositions": [
    {
      "name": "USDT-WBNB PancakeswapWorker",
      "address": "0x41867cc58aece8B570FF1A2a8aa6149014D2a94C",
      "vault": "ibWBNB",
      "borrowToken": "WBNB",
      "posVal": 150022.38233448143,
      "posValUSD": 44004136.603908464,
      "debtVal": 75102.14163570892,
      "debtValUSD": 22028745.633538935
    },
    {
      "name": "WBNB-USDT PancakeswapWorker",
      "address": "0x81b6534f4F7ba45Ecf98295Cef1450B4a4FC81Cd",
      "vault": "ibUSDT",
      "borrowToken": "USDT",
      "posVal": 30293909.23274543,
      "posValUSD": 30258663.784048595,
      "debtVal": 18415871.307587888,
      "debtValUSD": 18394445.362115074
    }
  ]
}