{
  "blockNo": 12644783,
  "lpName": "USDT-WBNB LP",
  "lpTokens": 0,
  "token0_symbol": "USDT",
  "token0_decimals": 18,
  "token0": 0,
  "token0_liquidity": 153812204.11859378,
  "token0_price": 1.00024627,
  "token0_posVal": 54519984.09573353,
  "token0_posValUSD": 54533410.73221679,
  "token0_debtVal": 31481931.57558345,
  "token0_debtValUSD": 31489684.630872574,
  "token1_symbol": "WBNB",
  "token1_decimals": 18,
  "token1": 0,
  "token1_liquidity": 234912.8125261235,
  "token1_price": 655.19,
  "token1_posVal": 128120.1328379984,
  "token1_posValUSD": 83943029.83412819,
  "token1_debtVal": 91136.89688929332,
  "token1_debtValUSD": 59711983.47289609,
  "liquidity": 307762609.08909297,
  "tvl": 0,
  "health": 138476440.56634498,
  "debt": 91201668.10376866,
  "leverage": 2.929182592596628,
  "workerPositions": [
    {
      "name": "USDT-WBNB PancakeswapWorker",
      "address": "0x41867cc58aece8B570FF1A2a8aa6149014D2a94C",
      "vault": "ibWBNB",
      "borrowToken": "WBNB",
      "posVal": 128120.1328379984,
      "posValUSD": 83943029.83412819,
      "debtVal": 91136.89688929332,
      "debtValUSD": 59711983.47289609
    },
    {
      "name": "WBNB-USDT PancakeswapWorker",
      "address": "0x81b6534f4F7ba45Ecf98295Cef1450B4a4FC81Cd",
      "vault": "ibUSDT",
      "borrowToken": "USDT",
      "posVal": 54519984.09573353,
      "posValUSD": 54533410.73221679,
      "debtVal": 31481931.57558345,
      "debtValUSD": 31489684.630872574
    }
  ]
}