{
  "blockNo": 15975838,
  "lpName": "USDT-WBNB LP",
  "lpTokens": 0,
  "token0_symbol": "USDT",
  "token0_decimals": 18,
  "token0": 0,
  "token0_liquidity": 119574629.76184008,
  "token0_price": 1.0004805,
  "token0_posVal": 47993429.882947735,
  "token0_posValUSD": 48016490.7260065,
  "token0_debtVal": 26157077.808085892,
  "token0_debtValUSD": 26169646.28397268,
  "token1_symbol": "WBNB",
  "token1_decimals": 18,
  "token1": 0,
  "token1_liquidity": 323574.98289962247,
  "token1_price": 369.57984028,
  "token1_posVal": 188433.44931055055,
  "token1_posValUSD": 69641204.09960274,
  "token1_debtVal": 113134.50409209018,
  "token1_debtValUSD": 41812231.95251169,
  "liquidity": 239218875.87008685,
  "tvl": 0,
  "health": 117657694.82560924,
  "debt": 67981878.23648438,
  "leverage": 2.3685105329776728,
  "workerPositions": [
    {
      "name": "USDT-WBNB PancakeswapWorker",
      "address": "0x41867cc58aece8B570FF1A2a8aa6149014D2a94C",
      "vault": "ibWBNB",
      "borrowToken": "WBNB",
      "posVal": 188433.44931055055,
      "posValUSD": 69641204.09960274,
      "debtVal": 113134.50409209018,
      "debtValUSD": 41812231.95251169
    },
    {
      "name": "WBNB-USDT PancakeswapWorker",
      "address": "0x81b6534f4F7ba45Ecf98295Cef1450B4a4FC81Cd",
      "vault": "ibUSDT",
      "borrowToken": "USDT",
      "posVal": 47993429.882947735,
      "posValUSD": 48016490.7260065,
      "debtVal": 26157077.808085892,
      "debtValUSD": 26169646.28397268
    }
  ]
}