{
  "blockNo": 11422368,
  "lpName": "USDT-WBNB LP",
  "lpTokens": 0,
  "token0_symbol": "USDT",
  "token0_decimals": 18,
  "token0": 0,
  "token0_liquidity": 92229669.5297446,
  "token0_price": 1.00045006,
  "token0_posVal": 37898215.813300714,
  "token0_posValUSD": 37915272.28430965,
  "token0_debtVal": 22519575.136723712,
  "token0_debtValUSD": 22529710.296709742,
  "token1_symbol": "WBNB",
  "token1_decimals": 18,
  "token1": 0,
  "token1_liquidity": 217729.35271207197,
  "token1_price": 423.63316487,
  "token1_posVal": 151119.1406197557,
  "token1_posValUSD": 64019079.813181676,
  "token1_debtVal": 95749.12613778166,
  "token1_debtValUSD": 40562505.33928528,
  "liquidity": 184508553.1893247,
  "tvl": 0,
  "health": 101934352.09749132,
  "debt": 63092215.635995016,
  "leverage": 2.624324030129946,
  "workerPositions": [
    {
      "name": "USDT-WBNB PancakeswapWorker",
      "address": "0x41867cc58aece8B570FF1A2a8aa6149014D2a94C",
      "vault": "ibWBNB",
      "borrowToken": "WBNB",
      "posVal": 151119.1406197557,
      "posValUSD": 64019079.813181676,
      "debtVal": 95749.12613778166,
      "debtValUSD": 40562505.33928528
    },
    {
      "name": "WBNB-USDT PancakeswapWorker",
      "address": "0x81b6534f4F7ba45Ecf98295Cef1450B4a4FC81Cd",
      "vault": "ibUSDT",
      "borrowToken": "USDT",
      "posVal": 37898215.813300714,
      "posValUSD": 37915272.28430965,
      "debtVal": 22519575.136723712,
      "debtValUSD": 22529710.296709742
    }
  ]
}