{
  "blockNo": 15288883,
  "lpName": "USDT-WBNB LP",
  "lpTokens": 0,
  "token0_symbol": "USDT",
  "token0_decimals": 18,
  "token0": 0,
  "token0_liquidity": 116193420.933624,
  "token0_price": 1.00051701,
  "token0_posVal": 43790644.70803263,
  "token0_posValUSD": 43813284.909253135,
  "token0_debtVal": 25447366.038551774,
  "token0_debtValUSD": 25460522.581267368,
  "token1_symbol": "WBNB",
  "token1_decimals": 18,
  "token1": 0,
  "token1_liquidity": 271843.81362780917,
  "token1_price": 427.5722935,
  "token1_posVal": 167389.00901881728,
  "token1_posValUSD": 71570902.49286789,
  "token1_debtVal": 101127.10772379939,
  "token1_debtValUSD": 43239149.38448647,
  "liquidity": 232486376.96080983,
  "tvl": 0,
  "health": 115384187.40212102,
  "debt": 68699671.96575384,
  "leverage": 2.471572989964824,
  "workerPositions": [
    {
      "name": "USDT-WBNB PancakeswapWorker",
      "address": "0x41867cc58aece8B570FF1A2a8aa6149014D2a94C",
      "vault": "ibWBNB",
      "borrowToken": "WBNB",
      "posVal": 167389.00901881728,
      "posValUSD": 71570902.49286789,
      "debtVal": 101127.10772379939,
      "debtValUSD": 43239149.38448647
    },
    {
      "name": "WBNB-USDT PancakeswapWorker",
      "address": "0x81b6534f4F7ba45Ecf98295Cef1450B4a4FC81Cd",
      "vault": "ibUSDT",
      "borrowToken": "USDT",
      "posVal": 43790644.70803263,
      "posValUSD": 43813284.909253135,
      "debtVal": 25447366.038551774,
      "debtValUSD": 25460522.581267368
    }
  ]
}