{
  "blockNo": 14838356,
  "lpName": "USDT-WBNB LP",
  "lpTokens": 0,
  "token0_symbol": "USDT",
  "token0_decimals": 18,
  "token0": 0,
  "token0_liquidity": 101182511.52713428,
  "token0_price": 1.00042696,
  "token0_posVal": 37410280.8193908,
  "token0_posValUSD": 37426253.51288945,
  "token0_debtVal": 23287936.99539838,
  "token0_debtValUSD": 23297880.012977935,
  "token1_symbol": "WBNB",
  "token1_decimals": 18,
  "token1": 0,
  "token1_liquidity": 274069.6944692381,
  "token1_price": 369.91376871,
  "token1_posVal": 131275.06321093964,
  "token1_posValUSD": 48560453.37000216,
  "token1_debtVal": 78028.53553357867,
  "token1_debtValUSD": 28863829.64614824,
  "liquidity": 202607865.98257002,
  "tvl": 0,
  "health": 85986706.88289161,
  "debt": 52161709.65912618,
  "leverage": 2.542105364090832,
  "workerPositions": [
    {
      "name": "USDT-WBNB PancakeswapWorker",
      "address": "0x41867cc58aece8B570FF1A2a8aa6149014D2a94C",
      "vault": "ibWBNB",
      "borrowToken": "WBNB",
      "posVal": 131275.06321093964,
      "posValUSD": 48560453.37000216,
      "debtVal": 78028.53553357867,
      "debtValUSD": 28863829.64614824
    },
    {
      "name": "WBNB-USDT PancakeswapWorker",
      "address": "0x81b6534f4F7ba45Ecf98295Cef1450B4a4FC81Cd",
      "vault": "ibUSDT",
      "borrowToken": "USDT",
      "posVal": 37410280.8193908,
      "posValUSD": 37426253.51288945,
      "debtVal": 23287936.99539838,
      "debtValUSD": 23297880.012977935
    }
  ]
}