{
  "blockNo": 16249214,
  "lpName": "USDT-WBNB LP",
  "lpTokens": 0,
  "token0_symbol": "USDT",
  "token0_decimals": 18,
  "token0": 0,
  "token0_liquidity": 125948770.2048831,
  "token0_price": 1.00041016,
  "token0_posVal": 47878262.73755424,
  "token0_posValUSD": 47897900.48579867,
  "token0_debtVal": 25217207.38913607,
  "token0_debtValUSD": 25227550.478918795,
  "token1_symbol": "WBNB",
  "token1_decimals": 18,
  "token1": 0,
  "token1_liquidity": 319237.7960249057,
  "token1_price": 394.06265369,
  "token1_posVal": 178114.0295524717,
  "token1_posValUSD": 70188087.14486608,
  "token1_debtVal": 111049.39849459194,
  "token1_debtValUSD": 43760420.66145719,
  "liquidity": 251800122.41219157,
  "tvl": 0,
  "health": 118085987.63066475,
  "debt": 68987971.14037599,
  "leverage": 2.4051070913225447,
  "workerPositions": [
    {
      "name": "USDT-WBNB PancakeswapWorker",
      "address": "0x41867cc58aece8B570FF1A2a8aa6149014D2a94C",
      "vault": "ibWBNB",
      "borrowToken": "WBNB",
      "posVal": 178114.0295524717,
      "posValUSD": 70188087.14486608,
      "debtVal": 111049.39849459194,
      "debtValUSD": 43760420.66145719
    },
    {
      "name": "WBNB-USDT PancakeswapWorker",
      "address": "0x81b6534f4F7ba45Ecf98295Cef1450B4a4FC81Cd",
      "vault": "ibUSDT",
      "borrowToken": "USDT",
      "posVal": 47878262.73755424,
      "posValUSD": 47897900.48579867,
      "debtVal": 25217207.38913607,
      "debtValUSD": 25227550.478918795
    }
  ]
}