{
  "blockNo": 14382854,
  "lpName": "USDT-WBNB LP",
  "lpTokens": 0,
  "token0_symbol": "USDT",
  "token0_decimals": 18,
  "token0": 0,
  "token0_liquidity": 91090466.57651849,
  "token0_price": 1.00048278,
  "token0_posVal": 29367742.274915602,
  "token0_posValUSD": 29381920.433531087,
  "token0_debtVal": 17563557.96704367,
  "token0_debtValUSD": 17572037.301559,
  "token1_symbol": "WBNB",
  "token1_decimals": 18,
  "token1": 0,
  "token1_liquidity": 184975.3526036222,
  "token1_price": 493.07332375,
  "token1_posVal": 99652.77800063274,
  "token1_posValUSD": 49136126.46969286,
  "token1_debtVal": 65891.6737868782,
  "token1_debtValUSD": 32489426.60154678,
  "liquidity": 182340855.1520685,
  "tvl": 0,
  "health": 78518046.90322395,
  "debt": 50061463.90310578,
  "leverage": 2.7592225989641097,
  "workerPositions": [
    {
      "name": "USDT-WBNB PancakeswapWorker",
      "address": "0x41867cc58aece8B570FF1A2a8aa6149014D2a94C",
      "vault": "ibWBNB",
      "borrowToken": "WBNB",
      "posVal": 99652.77800063274,
      "posValUSD": 49136126.46969286,
      "debtVal": 65891.6737868782,
      "debtValUSD": 32489426.60154678
    },
    {
      "name": "WBNB-USDT PancakeswapWorker",
      "address": "0x81b6534f4F7ba45Ecf98295Cef1450B4a4FC81Cd",
      "vault": "ibUSDT",
      "borrowToken": "USDT",
      "posVal": 29367742.274915602,
      "posValUSD": 29381920.433531087,
      "debtVal": 17563557.96704367,
      "debtValUSD": 17572037.301559
    }
  ]
}