{
  "blockNo": 14131335,
  "lpName": "USDT-WBNB LP",
  "lpTokens": 0,
  "token0_symbol": "USDT",
  "token0_decimals": 18,
  "token0": 0,
  "token0_liquidity": 120627144.84039424,
  "token0_price": 0.99995135,
  "token0_posVal": 34532119.249133624,
  "token0_posValUSD": 34530439.26153216,
  "token0_debtVal": 21662271.816529986,
  "token0_debtValUSD": 21661217.94700611,
  "token1_symbol": "WBNB",
  "token1_decimals": 18,
  "token1": 0,
  "token1_liquidity": 256559.02017862137,
  "token1_price": 470.19790799,
  "token1_posVal": 108575.87292111298,
  "token1_posValUSD": 51052148.305695415,
  "token1_debtVal": 64872.59360637759,
  "token1_debtValUSD": 30502957.79960419,
  "liquidity": 241254790.8937497,
  "tvl": 0,
  "health": 85582587.56722757,
  "debt": 52164175.7466103,
  "leverage": 2.5609411969251017,
  "workerPositions": [
    {
      "name": "USDT-WBNB PancakeswapWorker",
      "address": "0x41867cc58aece8B570FF1A2a8aa6149014D2a94C",
      "vault": "ibWBNB",
      "borrowToken": "WBNB",
      "posVal": 108575.87292111298,
      "posValUSD": 51052148.305695415,
      "debtVal": 64872.59360637759,
      "debtValUSD": 30502957.79960419
    },
    {
      "name": "WBNB-USDT PancakeswapWorker",
      "address": "0x81b6534f4F7ba45Ecf98295Cef1450B4a4FC81Cd",
      "vault": "ibUSDT",
      "borrowToken": "USDT",
      "posVal": 34532119.249133624,
      "posValUSD": 34530439.26153216,
      "debtVal": 21662271.816529986,
      "debtValUSD": 21661217.94700611
    }
  ]
}