{
  "blockNo": 17536403,
  "lpName": "USDT-WBNB LP",
  "lpTokens": 0,
  "token0_symbol": "USDT",
  "token0_decimals": 18,
  "token0": 0,
  "token0_liquidity": 134677642.1897519,
  "token0_price": 1,
  "token0_posVal": 16707899.068184528,
  "token0_posValUSD": 16707899.068184528,
  "token0_debtVal": 9233429.330859495,
  "token0_debtValUSD": 9233429.330859495,
  "token1_symbol": "WBNB",
  "token1_decimals": 18,
  "token1": 0,
  "token1_liquidity": 337427.0563901104,
  "token1_price": 399.04,
  "token1_posVal": 161654.72519330867,
  "token1_posValUSD": 64506701.5411379,
  "token1_debtVal": 101513.22238222105,
  "token1_debtValUSD": 40507836.25940149,
  "liquidity": 269324534.7716615,
  "tvl": 0,
  "health": 81214600.60932243,
  "debt": 49741265.59026099,
  "leverage": 2.580425638405838,
  "workerPositions": [
    {
      "name": "USDT-WBNB PancakeswapWorker",
      "address": "0x41867cc58aece8B570FF1A2a8aa6149014D2a94C",
      "vault": "ibWBNB",
      "borrowToken": "WBNB",
      "posVal": 161654.72519330867,
      "posValUSD": 64506701.5411379,
      "debtVal": 101513.22238222105,
      "debtValUSD": 40507836.25940149
    },
    {
      "name": "WBNB-USDT PancakeswapWorker",
      "address": "0x81b6534f4F7ba45Ecf98295Cef1450B4a4FC81Cd",
      "vault": "ibUSDT",
      "borrowToken": "USDT",
      "posVal": 16707899.068184528,
      "posValUSD": 16707899.068184528,
      "debtVal": 9233429.330859495,
      "debtValUSD": 9233429.330859495
    }
  ]
}