{
  "blockNo": 16994257,
  "lpName": "USDT-WBNB LP",
  "lpTokens": 0,
  "token0_symbol": "USDT",
  "token0_decimals": 18,
  "token0": 0,
  "token0_liquidity": 167700845.08173758,
  "token0_price": 1.00019307,
  "token0_posVal": 53228315.84970478,
  "token0_posValUSD": 53238592.64064588,
  "token0_debtVal": 26935468.700515017,
  "token0_debtValUSD": 26940669.131457023,
  "token1_symbol": "WBNB",
  "token1_decimals": 18,
  "token1": 0,
  "token1_liquidity": 403258.0467283528,
  "token1_price": 416.11924543,
  "token1_posVal": 174266.3165050877,
  "token1_posValUSD": 72515568.12796265,
  "token1_debtVal": 110015.9766059733,
  "token1_debtValUSD": 45779765.17052214,
  "liquidity": 335536657.20207536,
  "tvl": 0,
  "health": 125754160.76860853,
  "debt": 72720434.30197915,
  "leverage": 2.3712110980497916,
  "workerPositions": [
    {
      "name": "USDT-WBNB PancakeswapWorker",
      "address": "0x41867cc58aece8B570FF1A2a8aa6149014D2a94C",
      "vault": "ibWBNB",
      "borrowToken": "WBNB",
      "posVal": 174266.3165050877,
      "posValUSD": 72515568.12796265,
      "debtVal": 110015.9766059733,
      "debtValUSD": 45779765.17052214
    },
    {
      "name": "WBNB-USDT PancakeswapWorker",
      "address": "0x81b6534f4F7ba45Ecf98295Cef1450B4a4FC81Cd",
      "vault": "ibUSDT",
      "borrowToken": "USDT",
      "posVal": 53228315.84970478,
      "posValUSD": 53238592.64064588,
      "debtVal": 26935468.700515017,
      "debtValUSD": 26940669.131457023
    }
  ]
}