{
  "blockNo": 15313973,
  "lpName": "USDT-WBNB LP",
  "lpTokens": 0,
  "token0_symbol": "USDT",
  "token0_decimals": 18,
  "token0": 0,
  "token0_liquidity": 99913401.30915432,
  "token0_price": 1.00064632,
  "token0_posVal": 28684246.567365803,
  "token0_posValUSD": 28702785.769607224,
  "token0_debtVal": 15972093.763798423,
  "token0_debtValUSD": 15982416.84743984,
  "token1_symbol": "WBNB",
  "token1_decimals": 18,
  "token1": 0,
  "token1_liquidity": 234110.67605197267,
  "token1_price": 427.77340048,
  "token1_posVal": 179041.20023477185,
  "token1_posValUSD": 76589063.05044894,
  "token1_debtVal": 115305.7816484413,
  "token1_debtValUSD": 49324746.31075812,
  "liquidity": 200124297.3221125,
  "tvl": 0,
  "health": 105291848.82005617,
  "debt": 65307163.15819796,
  "leverage": 2.6333044033529847,
  "workerPositions": [
    {
      "name": "USDT-WBNB PancakeswapWorker",
      "address": "0x41867cc58aece8B570FF1A2a8aa6149014D2a94C",
      "vault": "ibWBNB",
      "borrowToken": "WBNB",
      "posVal": 179041.20023477185,
      "posValUSD": 76589063.05044894,
      "debtVal": 115305.7816484413,
      "debtValUSD": 49324746.31075812
    },
    {
      "name": "WBNB-USDT PancakeswapWorker",
      "address": "0x81b6534f4F7ba45Ecf98295Cef1450B4a4FC81Cd",
      "vault": "ibUSDT",
      "borrowToken": "USDT",
      "posVal": 28684246.567365803,
      "posValUSD": 28702785.769607224,
      "debtVal": 15972093.763798423,
      "debtValUSD": 15982416.84743984
    }
  ]
}