{
  "blockNo": 11474862,
  "lpName": "USDT-WBNB LP",
  "lpTokens": 0,
  "token0_symbol": "USDT",
  "token0_decimals": 18,
  "token0": 0,
  "token0_liquidity": 86594505.73611604,
  "token0_price": 1.00042512,
  "token0_posVal": 35942415.85284031,
  "token0_posValUSD": 35957695.69266767,
  "token0_debtVal": 21904879.63080993,
  "token0_debtValUSD": 21914191.83323858,
  "token1_symbol": "WBNB",
  "token1_decimals": 18,
  "token1": 0,
  "token1_liquidity": 206567.2158135636,
  "token1_price": 419.48723422,
  "token1_posVal": 128249.64217780113,
  "token1_posValUSD": 53799087.686870456,
  "token1_debtVal": 80920.62068821874,
  "token1_debtValUSD": 33945167.36386659,
  "liquidity": 173283628.83455223,
  "tvl": 0,
  "health": 89756783.37953812,
  "debt": 55859359.19710517,
  "leverage": 2.647893919504769,
  "workerPositions": [
    {
      "name": "USDT-WBNB PancakeswapWorker",
      "address": "0x41867cc58aece8B570FF1A2a8aa6149014D2a94C",
      "vault": "ibWBNB",
      "borrowToken": "WBNB",
      "posVal": 128249.64217780113,
      "posValUSD": 53799087.686870456,
      "debtVal": 80920.62068821874,
      "debtValUSD": 33945167.36386659
    },
    {
      "name": "WBNB-USDT PancakeswapWorker",
      "address": "0x81b6534f4F7ba45Ecf98295Cef1450B4a4FC81Cd",
      "vault": "ibUSDT",
      "borrowToken": "USDT",
      "posVal": 35942415.85284031,
      "posValUSD": 35957695.69266767,
      "debtVal": 21904879.63080993,
      "debtValUSD": 21914191.83323858
    }
  ]
}