{
  "blockNo": 14005625,
  "lpName": "USDT-WBNB LP",
  "lpTokens": 0,
  "token0_symbol": "USDT",
  "token0_decimals": 18,
  "token0": 0,
  "token0_liquidity": 143603256.6141006,
  "token0_price": 1.00000754,
  "token0_posVal": 49404511.86699415,
  "token0_posValUSD": 49404884.37701362,
  "token0_debtVal": 31128615.29872129,
  "token0_debtValUSD": 31128850.008480642,
  "token1_symbol": "WBNB",
  "token1_decimals": 18,
  "token1": 0,
  "token1_liquidity": 275210.58020998584,
  "token1_price": 522.59098781,
  "token1_posVal": 159480.44415883304,
  "token1_posValUSD": 83343042.84934211,
  "token1_debtVal": 100694.251033741,
  "token1_debtValUSD": 52621908.11451083,
  "liquidity": 287426908.3503552,
  "tvl": 0,
  "health": 132747927.22635573,
  "debt": 83750758.12299147,
  "leverage": 2.7092978973195607,
  "workerPositions": [
    {
      "name": "USDT-WBNB PancakeswapWorker",
      "address": "0x41867cc58aece8B570FF1A2a8aa6149014D2a94C",
      "vault": "ibWBNB",
      "borrowToken": "WBNB",
      "posVal": 159480.44415883304,
      "posValUSD": 83343042.84934211,
      "debtVal": 100694.251033741,
      "debtValUSD": 52621908.11451083
    },
    {
      "name": "WBNB-USDT PancakeswapWorker",
      "address": "0x81b6534f4F7ba45Ecf98295Cef1450B4a4FC81Cd",
      "vault": "ibUSDT",
      "borrowToken": "USDT",
      "posVal": 49404511.86699415,
      "posValUSD": 49404884.37701362,
      "debtVal": 31128615.29872129,
      "debtValUSD": 31128850.008480642
    }
  ]
}