{
  "blockNo": 12206209,
  "lpName": "USDT-WBNB LP",
  "lpTokens": 0,
  "token0_symbol": "USDT",
  "token0_decimals": 18,
  "token0": 0,
  "token0_liquidity": 124946342.8187608,
  "token0_price": 1.00009887,
  "token0_posVal": 48103821.47690819,
  "token0_posValUSD": 48108577.50173761,
  "token0_debtVal": 27625528.615525194,
  "token0_debtValUSD": 27628259.95153941,
  "token1_symbol": "WBNB",
  "token1_decimals": 18,
  "token1": 0,
  "token1_liquidity": 232480.1684734965,
  "token1_price": 536.67053417,
  "token1_posVal": 129517.45987789058,
  "token1_posValUSD": 69508204.37700908,
  "token1_debtVal": 89301.57037962927,
  "token1_debtValUSD": 47925521.47785549,
  "liquidity": 249723952.46227825,
  "tvl": 0,
  "health": 117616781.87874669,
  "debt": 75553781.4293949,
  "leverage": 2.7962052307792327,
  "workerPositions": [
    {
      "name": "USDT-WBNB PancakeswapWorker",
      "address": "0x41867cc58aece8B570FF1A2a8aa6149014D2a94C",
      "vault": "ibWBNB",
      "borrowToken": "WBNB",
      "posVal": 129517.45987789058,
      "posValUSD": 69508204.37700908,
      "debtVal": 89301.57037962927,
      "debtValUSD": 47925521.47785549
    },
    {
      "name": "WBNB-USDT PancakeswapWorker",
      "address": "0x81b6534f4F7ba45Ecf98295Cef1450B4a4FC81Cd",
      "vault": "ibUSDT",
      "borrowToken": "USDT",
      "posVal": 48103821.47690819,
      "posValUSD": 48108577.50173761,
      "debtVal": 27625528.615525194,
      "debtValUSD": 27628259.95153941
    }
  ]
}