{
  "blockNo": 14063108,
  "lpName": "USDT-WBNB LP",
  "lpTokens": 0,
  "token0_symbol": "USDT",
  "token0_decimals": 18,
  "token0": 0,
  "token0_liquidity": 141701518.69311574,
  "token0_price": 1.00016126,
  "token0_posVal": 48791778.01462647,
  "token0_posValUSD": 48799646.17674912,
  "token0_debtVal": 31154563.31727659,
  "token0_debtValUSD": 31159587.302157134,
  "token1_symbol": "WBNB",
  "token1_decimals": 18,
  "token1": 0,
  "token1_liquidity": 278933.62240516633,
  "token1_price": 508.32279373,
  "token1_posVal": 161659.03035886877,
  "token1_posValUSD": 82174969.94370306,
  "token1_debtVal": 100714.29491683665,
  "token1_debtValUSD": 51195371.760673545,
  "liquidity": 283512687.6862433,
  "tvl": 0,
  "health": 130974616.12045217,
  "debt": 82354959.06283069,
  "leverage": 2.693861373090886,
  "workerPositions": [
    {
      "name": "USDT-WBNB PancakeswapWorker",
      "address": "0x41867cc58aece8B570FF1A2a8aa6149014D2a94C",
      "vault": "ibWBNB",
      "borrowToken": "WBNB",
      "posVal": 161659.03035886877,
      "posValUSD": 82174969.94370306,
      "debtVal": 100714.29491683665,
      "debtValUSD": 51195371.760673545
    },
    {
      "name": "WBNB-USDT PancakeswapWorker",
      "address": "0x81b6534f4F7ba45Ecf98295Cef1450B4a4FC81Cd",
      "vault": "ibUSDT",
      "borrowToken": "USDT",
      "posVal": 48791778.01462647,
      "posValUSD": 48799646.17674912,
      "debtVal": 31154563.31727659,
      "debtValUSD": 31159587.302157134
    }
  ]
}