{
  "blockNo": 10992431,
  "lpName": "USDT-WBNB LP",
  "lpTokens": 0,
  "token0_symbol": "USDT",
  "token0_decimals": 18,
  "token0": 0,
  "token0_liquidity": 134216778.68245067,
  "token0_price": 1,
  "token0_posVal": 49272218.892734945,
  "token0_posValUSD": 49272218.892734945,
  "token0_debtVal": 29468148.367474012,
  "token0_debtValUSD": 29468148.367474012,
  "token1_symbol": "WBNB",
  "token1_decimals": 18,
  "token1": 0,
  "token1_liquidity": 328330.5154888385,
  "token1_price": 408.32638457,
  "token1_posVal": 166210.5877311982,
  "token1_posValUSD": 67868168.36553496,
  "token1_debtVal": 101259.36938096513,
  "token1_debtValUSD": 41346872.203167655,
  "liquidity": 268282791.0160125,
  "tvl": 0,
  "health": 117140387.2582699,
  "debt": 70815020.57064167,
  "leverage": 2.5286445771308634,
  "workerPositions": [
    {
      "name": "USDT-WBNB PancakeswapWorker",
      "address": "0x41867cc58aece8B570FF1A2a8aa6149014D2a94C",
      "vault": "ibWBNB",
      "borrowToken": "WBNB",
      "posVal": 166210.5877311982,
      "posValUSD": 67868168.36553496,
      "debtVal": 101259.36938096513,
      "debtValUSD": 41346872.203167655
    },
    {
      "name": "WBNB-USDT PancakeswapWorker",
      "address": "0x81b6534f4F7ba45Ecf98295Cef1450B4a4FC81Cd",
      "vault": "ibUSDT",
      "borrowToken": "USDT",
      "posVal": 49272218.892734945,
      "posValUSD": 49272218.892734945,
      "debtVal": 29468148.367474012,
      "debtValUSD": 29468148.367474012
    }
  ]
}