{
  "blockNo": 14199588,
  "lpName": "USDT-WBNB LP",
  "lpTokens": 0,
  "token0_symbol": "USDT",
  "token0_decimals": 18,
  "token0": 0,
  "token0_liquidity": 107918422.21594843,
  "token0_price": 1.00004302,
  "token0_posVal": 31074961.080333,
  "token0_posValUSD": 31076297.925158672,
  "token0_debtVal": 19560262.900307413,
  "token0_debtValUSD": 19561104.382817384,
  "token1_symbol": "WBNB",
  "token1_decimals": 18,
  "token1": 0,
  "token1_liquidity": 250693.7662999528,
  "token1_price": 430.35125739,
  "token1_posVal": 109543.20185729065,
  "token1_posValUSD": 47142054.65781162,
  "token1_debtVal": 64226.36157318746,
  "token1_debtValUSD": 27639895.460606,
  "liquidity": 215809442.41349167,
  "tvl": 0,
  "health": 78218352.58297029,
  "debt": 47200999.84342338,
  "leverage": 2.5217610683855183,
  "workerPositions": [
    {
      "name": "USDT-WBNB PancakeswapWorker",
      "address": "0x41867cc58aece8B570FF1A2a8aa6149014D2a94C",
      "vault": "ibWBNB",
      "borrowToken": "WBNB",
      "posVal": 109543.20185729065,
      "posValUSD": 47142054.65781162,
      "debtVal": 64226.36157318746,
      "debtValUSD": 27639895.460606
    },
    {
      "name": "WBNB-USDT PancakeswapWorker",
      "address": "0x81b6534f4F7ba45Ecf98295Cef1450B4a4FC81Cd",
      "vault": "ibUSDT",
      "borrowToken": "USDT",
      "posVal": 31074961.080333,
      "posValUSD": 31076297.925158672,
      "debtVal": 19560262.900307413,
      "debtValUSD": 19561104.382817384
    }
  ]
}