{
  "blockNo": 13306098,
  "lpName": "USDT-WBNB LP",
  "lpTokens": 0,
  "token0_symbol": "USDT",
  "token0_decimals": 18,
  "token0": 0,
  "token0_liquidity": 135613484.16791862,
  "token0_price": 1.00085625,
  "token0_posVal": 48347734.68695096,
  "token0_posValUSD": 48389132.434776664,
  "token0_debtVal": 29059255.08164211,
  "token0_debtValUSD": 29084137.068805765,
  "token1_symbol": "WBNB",
  "token1_decimals": 18,
  "token1": 0,
  "token1_liquidity": 226355.58757481992,
  "token1_price": 600.33080802,
  "token1_posVal": 136878.58481143188,
  "token1_posValUSD": 82172431.420481,
  "token1_debtVal": 92198.37980155143,
  "token1_debtValUSD": 55349527.84440021,
  "liquidity": 271617836.0023709,
  "tvl": 0,
  "health": 130561563.85525766,
  "debt": 84433664.91320598,
  "leverage": 2.830425119064626,
  "workerPositions": [
    {
      "name": "USDT-WBNB PancakeswapWorker",
      "address": "0x41867cc58aece8B570FF1A2a8aa6149014D2a94C",
      "vault": "ibWBNB",
      "borrowToken": "WBNB",
      "posVal": 136878.58481143188,
      "posValUSD": 82172431.420481,
      "debtVal": 92198.37980155143,
      "debtValUSD": 55349527.84440021
    },
    {
      "name": "WBNB-USDT PancakeswapWorker",
      "address": "0x81b6534f4F7ba45Ecf98295Cef1450B4a4FC81Cd",
      "vault": "ibUSDT",
      "borrowToken": "USDT",
      "posVal": 48347734.68695096,
      "posValUSD": 48389132.434776664,
      "debtVal": 29059255.08164211,
      "debtValUSD": 29084137.068805765
    }
  ]
}