{
  "blockNo": 16790845,
  "lpName": "USDT-WBNB LP",
  "lpTokens": 0,
  "token0_symbol": "USDT",
  "token0_decimals": 18,
  "token0": 0,
  "token0_liquidity": 153723756.59595007,
  "token0_price": 1.00024835,
  "token0_posVal": 48321152.88656532,
  "token0_posValUSD": 48333153.444884695,
  "token0_debtVal": 24118065.4871067,
  "token0_debtValUSD": 24124055.20867042,
  "token1_symbol": "WBNB",
  "token1_decimals": 18,
  "token1": 0,
  "token1_liquidity": 361493.5739133723,
  "token1_price": 425.17382163,
  "token1_posVal": 158194.86158188144,
  "token1_posValUSD": 67260313.86099741,
  "token1_debtVal": 102552.03467041963,
  "token1_debtValUSD": 43602440.49675457,
  "liquidity": 307459538.206336,
  "tvl": 0,
  "health": 115593467.3058821,
  "debt": 67726495.705425,
  "leverage": 2.4148899218177875,
  "workerPositions": [
    {
      "name": "USDT-WBNB PancakeswapWorker",
      "address": "0x41867cc58aece8B570FF1A2a8aa6149014D2a94C",
      "vault": "ibWBNB",
      "borrowToken": "WBNB",
      "posVal": 158194.86158188144,
      "posValUSD": 67260313.86099741,
      "debtVal": 102552.03467041963,
      "debtValUSD": 43602440.49675457
    },
    {
      "name": "WBNB-USDT PancakeswapWorker",
      "address": "0x81b6534f4F7ba45Ecf98295Cef1450B4a4FC81Cd",
      "vault": "ibUSDT",
      "borrowToken": "USDT",
      "posVal": 48321152.88656532,
      "posValUSD": 48333153.444884695,
      "debtVal": 24118065.4871067,
      "debtValUSD": 24124055.20867042
    }
  ]
}