{
  "blockNo": 15364263,
  "lpName": "USDT-WBNB LP",
  "lpTokens": 0,
  "token0_symbol": "USDT",
  "token0_decimals": 18,
  "token0": 0,
  "token0_liquidity": 99154266.55301678,
  "token0_price": 1.00075561,
  "token0_posVal": 28221071.188266803,
  "token0_posValUSD": 28242395.311867367,
  "token0_debtVal": 16092161.310113885,
  "token0_debtValUSD": 16104320.708121419,
  "token1_symbol": "WBNB",
  "token1_decimals": 18,
  "token1": 0,
  "token1_liquidity": 244634.56437701406,
  "token1_price": 405.59,
  "token1_posVal": 190508.7858109909,
  "token1_posValUSD": 77268458.43707979,
  "token1_debtVal": 118562.1385687046,
  "token1_debtValUSD": 48087617.782080896,
  "liquidity": 198450521.47404003,
  "tvl": 0,
  "health": 105510853.74894716,
  "debt": 64191938.490202315,
  "leverage": 2.5535726939640937,
  "workerPositions": [
    {
      "name": "USDT-WBNB PancakeswapWorker",
      "address": "0x41867cc58aece8B570FF1A2a8aa6149014D2a94C",
      "vault": "ibWBNB",
      "borrowToken": "WBNB",
      "posVal": 190508.7858109909,
      "posValUSD": 77268458.43707979,
      "debtVal": 118562.1385687046,
      "debtValUSD": 48087617.782080896
    },
    {
      "name": "WBNB-USDT PancakeswapWorker",
      "address": "0x81b6534f4F7ba45Ecf98295Cef1450B4a4FC81Cd",
      "vault": "ibUSDT",
      "borrowToken": "USDT",
      "posVal": 28221071.188266803,
      "posValUSD": 28242395.311867367,
      "debtVal": 16092161.310113885,
      "debtValUSD": 16104320.708121419
    }
  ]
}