{
  "blockNo": 16501937,
  "lpName": "USDT-WBNB LP",
  "lpTokens": 0,
  "token0_symbol": "USDT",
  "token0_decimals": 18,
  "token0": 0,
  "token0_liquidity": 167167350.28136563,
  "token0_price": 1.00038507,
  "token0_posVal": 49999267.312926345,
  "token0_posValUSD": 50018520.53079054,
  "token0_debtVal": 24959751.01124396,
  "token0_debtValUSD": 24969362.262565862,
  "token1_symbol": "WBNB",
  "token1_decimals": 18,
  "token1": 0,
  "token1_liquidity": 386629.97583284427,
  "token1_price": 433.09936088,
  "token1_posVal": 160167.28819908225,
  "token1_posValUSD": 69368350.15290529,
  "token1_debtVal": 105004.21314784509,
  "token1_debtValUSD": 45477257.604039,
  "liquidity": 334680916.8431932,
  "tvl": 0,
  "health": 119386870.68369582,
  "debt": 70446619.86660486,
  "leverage": 2.439441332858953,
  "workerPositions": [
    {
      "name": "USDT-WBNB PancakeswapWorker",
      "address": "0x41867cc58aece8B570FF1A2a8aa6149014D2a94C",
      "vault": "ibWBNB",
      "borrowToken": "WBNB",
      "posVal": 160167.28819908225,
      "posValUSD": 69368350.15290529,
      "debtVal": 105004.21314784509,
      "debtValUSD": 45477257.604039
    },
    {
      "name": "WBNB-USDT PancakeswapWorker",
      "address": "0x81b6534f4F7ba45Ecf98295Cef1450B4a4FC81Cd",
      "vault": "ibUSDT",
      "borrowToken": "USDT",
      "posVal": 49999267.312926345,
      "posValUSD": 50018520.53079054,
      "debtVal": 24959751.01124396,
      "debtValUSD": 24969362.262565862
    }
  ]
}