{
  "blockNo": 15591406,
  "lpName": "USDT-WBNB LP",
  "lpTokens": 0,
  "token0_symbol": "USDT",
  "token0_decimals": 18,
  "token0": 0,
  "token0_liquidity": 123169587.99897718,
  "token0_price": 1.0007733,
  "token0_posVal": 44774437.985902585,
  "token0_posValUSD": 44809062.058797084,
  "token0_debtVal": 27397332.942717213,
  "token0_debtValUSD": 27418519.30028182,
  "token1_symbol": "WBNB",
  "token1_decimals": 18,
  "token1": 0,
  "token1_liquidity": 328535.2012661549,
  "token1_price": 375.49020493,
  "token1_posVal": 199305.4145433626,
  "token1_posValUSD": 74837230.95054582,
  "token1_debtVal": 120413.80650828159,
  "token1_debtValUSD": 45214204.882196024,
  "liquidity": 246626585.0915241,
  "tvl": 0,
  "health": 119646293.00934291,
  "debt": 72632724.18247785,
  "leverage": 2.5449310910635052,
  "workerPositions": [
    {
      "name": "USDT-WBNB PancakeswapWorker",
      "address": "0x41867cc58aece8B570FF1A2a8aa6149014D2a94C",
      "vault": "ibWBNB",
      "borrowToken": "WBNB",
      "posVal": 199305.4145433626,
      "posValUSD": 74837230.95054582,
      "debtVal": 120413.80650828159,
      "debtValUSD": 45214204.882196024
    },
    {
      "name": "WBNB-USDT PancakeswapWorker",
      "address": "0x81b6534f4F7ba45Ecf98295Cef1450B4a4FC81Cd",
      "vault": "ibUSDT",
      "borrowToken": "USDT",
      "posVal": 44774437.985902585,
      "posValUSD": 44809062.058797084,
      "debtVal": 27397332.942717213,
      "debtValUSD": 27418519.30028182
    }
  ]
}