{
  "blockNo": 12253814,
  "lpName": "USDT-WBNB LP",
  "lpTokens": 0,
  "token0_symbol": "USDT",
  "token0_decimals": 18,
  "token0": 0,
  "token0_liquidity": 121146302.45612778,
  "token0_price": 1.00066287,
  "token0_posVal": 48502042.32046978,
  "token0_posValUSD": 48534192.86926275,
  "token0_debtVal": 28442399.935729392,
  "token0_debtValUSD": 28461253.54937479,
  "token1_symbol": "WBNB",
  "token1_decimals": 18,
  "token1": 0,
  "token1_liquidity": 234726.0514254112,
  "token1_price": 517.27009176,
  "token1_posVal": 137634.43220247995,
  "token1_posValUSD": 71194175.3747123,
  "token1_debtVal": 91991.5895505782,
  "token1_debtValUSD": 47584497.96797584,
  "liquidity": 242643372.8649218,
  "tvl": 0,
  "health": 119728368.24397504,
  "debt": 76045751.51735063,
  "leverage": 2.740869874926723,
  "workerPositions": [
    {
      "name": "USDT-WBNB PancakeswapWorker",
      "address": "0x41867cc58aece8B570FF1A2a8aa6149014D2a94C",
      "vault": "ibWBNB",
      "borrowToken": "WBNB",
      "posVal": 137634.43220247995,
      "posValUSD": 71194175.3747123,
      "debtVal": 91991.5895505782,
      "debtValUSD": 47584497.96797584
    },
    {
      "name": "WBNB-USDT PancakeswapWorker",
      "address": "0x81b6534f4F7ba45Ecf98295Cef1450B4a4FC81Cd",
      "vault": "ibUSDT",
      "borrowToken": "USDT",
      "posVal": 48502042.32046978,
      "posValUSD": 48534192.86926275,
      "debtVal": 28442399.935729392,
      "debtValUSD": 28461253.54937479
    }
  ]
}