{
  "blockNo": 9570816,
  "lpName": "USDT-WBNB LP",
  "lpTokens": 0,
  "token0_symbol": "USDT",
  "token0_decimals": 18,
  "token0": 0,
  "token0_liquidity": 106479979.66057596,
  "token0_price": 1.00029582,
  "token0_posVal": 30350975.15776499,
  "token0_posValUSD": 30359953.58323616,
  "token0_debtVal": 17375358.985124063,
  "token0_debtValUSD": 17380498.96381904,
  "token1_symbol": "WBNB",
  "token1_decimals": 18,
  "token1": 0,
  "token1_liquidity": 339588.53340785997,
  "token1_price": 313.17874394,
  "token1_posVal": 119499.35914878713,
  "token1_posValUSD": 37424659.1998521,
  "token1_debtVal": 71478.45288845764,
  "token1_debtValUSD": 22385532.09438163,
  "liquidity": 212863388.91725945,
  "tvl": 0,
  "health": 67784612.78308827,
  "debt": 39766031.05820067,
  "leverage": 2.4192735181480782,
  "workerPositions": [
    {
      "name": "USDT-WBNB PancakeswapWorker",
      "address": "0x41867cc58aece8B570FF1A2a8aa6149014D2a94C",
      "vault": "ibWBNB",
      "borrowToken": "WBNB",
      "posVal": 119499.35914878713,
      "posValUSD": 37424659.1998521,
      "debtVal": 71478.45288845764,
      "debtValUSD": 22385532.09438163
    },
    {
      "name": "WBNB-USDT PancakeswapWorker",
      "address": "0x81b6534f4F7ba45Ecf98295Cef1450B4a4FC81Cd",
      "vault": "ibUSDT",
      "borrowToken": "USDT",
      "posVal": 30350975.15776499,
      "posValUSD": 30359953.58323616,
      "debtVal": 17375358.985124063,
      "debtValUSD": 17380498.96381904
    }
  ]
}