{
  "blockNo": 9371781,
  "lpName": "USDT-WBNB LP",
  "lpTokens": 0,
  "token0_symbol": "USDT",
  "token0_decimals": 18,
  "token0": 0,
  "token0_liquidity": 60660989.12090827,
  "token0_price": 1.00016224,
  "token0_posVal": 24677692.361957233,
  "token0_posValUSD": 24681696.07076604,
  "token0_debtVal": 14490347.075470142,
  "token0_debtValUSD": 14492697.989379667,
  "token1_symbol": "WBNB",
  "token1_decimals": 18,
  "token1": 0,
  "token1_liquidity": 209033.30745108495,
  "token1_price": 290.40094454,
  "token1_posVal": 84714.70759681713,
  "token1_posValUSD": 24601231.102545608,
  "token1_debtVal": 51493.427694267004,
  "token1_debtValUSD": 14953740.040017333,
  "liquidity": 121374300.68389854,
  "tvl": 0,
  "health": 49282927.17331165,
  "debt": 29446438.029397,
  "leverage": 2.4844581526378846,
  "workerPositions": [
    {
      "name": "USDT-WBNB PancakeswapWorker",
      "address": "0x41867cc58aece8B570FF1A2a8aa6149014D2a94C",
      "vault": "ibWBNB",
      "borrowToken": "WBNB",
      "posVal": 84714.70759681713,
      "posValUSD": 24601231.102545608,
      "debtVal": 51493.427694267004,
      "debtValUSD": 14953740.040017333
    },
    {
      "name": "WBNB-USDT PancakeswapWorker",
      "address": "0x81b6534f4F7ba45Ecf98295Cef1450B4a4FC81Cd",
      "vault": "ibUSDT",
      "borrowToken": "USDT",
      "posVal": 24677692.361957233,
      "posValUSD": 24681696.07076604,
      "debtVal": 14490347.075470142,
      "debtValUSD": 14492697.989379667
    }
  ]
}