{
  "blockNo": 10940908,
  "lpName": "USDT-WBNB LP",
  "lpTokens": 0,
  "token0_symbol": "USDT",
  "token0_decimals": 18,
  "token0": 0,
  "token0_liquidity": 130510371.9061016,
  "token0_price": 1.00039557,
  "token0_posVal": 47604463.02304606,
  "token0_posValUSD": 47623293.92048409,
  "token0_debtVal": 27445023.644883804,
  "token0_debtValUSD": 27455880.07288701,
  "token1_symbol": "WBNB",
  "token1_decimals": 18,
  "token1": 0,
  "token1_liquidity": 300768.88933108357,
  "token1_price": 433.61320423,
  "token1_posVal": 146895.28648422388,
  "token1_posValUSD": 63695735.85870813,
  "token1_debtVal": 90941.13247795073,
  "token1_debtValUSD": 39433275.850069135,
  "liquidity": 260979359.7294659,
  "tvl": 0,
  "health": 111319029.77919221,
  "debt": 66889155.92295615,
  "leverage": 2.5054995685874033,
  "workerPositions": [
    {
      "name": "USDT-WBNB PancakeswapWorker",
      "address": "0x41867cc58aece8B570FF1A2a8aa6149014D2a94C",
      "vault": "ibWBNB",
      "borrowToken": "WBNB",
      "posVal": 146895.28648422388,
      "posValUSD": 63695735.85870813,
      "debtVal": 90941.13247795073,
      "debtValUSD": 39433275.850069135
    },
    {
      "name": "WBNB-USDT PancakeswapWorker",
      "address": "0x81b6534f4F7ba45Ecf98295Cef1450B4a4FC81Cd",
      "vault": "ibUSDT",
      "borrowToken": "USDT",
      "posVal": 47604463.02304606,
      "posValUSD": 47623293.92048409,
      "debtVal": 27445023.644883804,
      "debtValUSD": 27455880.07288701
    }
  ]
}