{
  "blockNo": 15612925,
  "lpName": "USDT-WBNB LP",
  "lpTokens": 0,
  "token0_symbol": "USDT",
  "token0_decimals": 18,
  "token0": 0,
  "token0_liquidity": 121787725.1047913,
  "token0_price": 1.0007984,
  "token0_posVal": 44262776.11780484,
  "token0_posValUSD": 44298115.5182573,
  "token0_debtVal": 27432486.34815225,
  "token0_debtValUSD": 27454388.445252616,
  "token1_symbol": "WBNB",
  "token1_decimals": 18,
  "token1": 0,
  "token1_liquidity": 333320.52948450204,
  "token1_price": 365.69015507,
  "token1_posVal": 202537.3327326829,
  "token1_posValUSD": 74065908.614479,
  "token1_debtVal": 120781.84517557624,
  "token1_debtValUSD": 44168731.691897206,
  "liquidity": 243776996.53971702,
  "tvl": 0,
  "health": 118364024.1327363,
  "debt": 71623120.13714983,
  "leverage": 2.5323434939108767,
  "workerPositions": [
    {
      "name": "USDT-WBNB PancakeswapWorker",
      "address": "0x41867cc58aece8B570FF1A2a8aa6149014D2a94C",
      "vault": "ibWBNB",
      "borrowToken": "WBNB",
      "posVal": 202537.3327326829,
      "posValUSD": 74065908.614479,
      "debtVal": 120781.84517557624,
      "debtValUSD": 44168731.691897206
    },
    {
      "name": "WBNB-USDT PancakeswapWorker",
      "address": "0x81b6534f4F7ba45Ecf98295Cef1450B4a4FC81Cd",
      "vault": "ibUSDT",
      "borrowToken": "USDT",
      "posVal": 44262776.11780484,
      "posValUSD": 44298115.5182573,
      "debtVal": 27432486.34815225,
      "debtValUSD": 27454388.445252616
    }
  ]
}