{
  "blockNo": 14060708,
  "lpName": "USDT-WBNB LP",
  "lpTokens": 0,
  "token0_symbol": "USDT",
  "token0_decimals": 18,
  "token0": 0,
  "token0_liquidity": 141911170.8200364,
  "token0_price": 1.00016126,
  "token0_posVal": 48871858.065466546,
  "token0_posValUSD": 48879739.14129818,
  "token0_debtVal": 31158913.385452528,
  "token0_debtValUSD": 31163938.07182507,
  "token1_symbol": "WBNB",
  "token1_decimals": 18,
  "token1": 0,
  "token1_liquidity": 278507.0717107333,
  "token1_price": 509.98324347,
  "token1_posVal": 161409.6920250634,
  "token1_posValUSD": 82316238.26643564,
  "token1_debtVal": 100710.522811738,
  "token1_debtValUSD": 51360679.07508957,
  "liquidity": 283967995.1758145,
  "tvl": 0,
  "health": 131195977.40773383,
  "debt": 82524617.14691463,
  "leverage": 2.695547786309715,
  "workerPositions": [
    {
      "name": "USDT-WBNB PancakeswapWorker",
      "address": "0x41867cc58aece8B570FF1A2a8aa6149014D2a94C",
      "vault": "ibWBNB",
      "borrowToken": "WBNB",
      "posVal": 161409.6920250634,
      "posValUSD": 82316238.26643564,
      "debtVal": 100710.522811738,
      "debtValUSD": 51360679.07508957
    },
    {
      "name": "WBNB-USDT PancakeswapWorker",
      "address": "0x81b6534f4F7ba45Ecf98295Cef1450B4a4FC81Cd",
      "vault": "ibUSDT",
      "borrowToken": "USDT",
      "posVal": 48871858.065466546,
      "posValUSD": 48879739.14129818,
      "debtVal": 31158913.385452528,
      "debtValUSD": 31163938.07182507
    }
  ]
}