{
  "blockNo": 17780368,
  "lpName": "USDT-WBNB LP",
  "lpTokens": 0,
  "token0_symbol": "USDT",
  "token0_decimals": 18,
  "token0": 0,
  "token0_liquidity": 75422779.10143873,
  "token0_price": 1,
  "token0_posVal": 29736392.096788768,
  "token0_posValUSD": 29736392.096788768,
  "token0_debtVal": 18189257.27302021,
  "token0_debtValUSD": 18189257.27302021,
  "token1_symbol": "WBNB",
  "token1_decimals": 18,
  "token1": 0,
  "token1_liquidity": 259361.39533120205,
  "token1_price": 290.67,
  "token1_posVal": 4587.444494572805,
  "token1_posValUSD": 1333432.4912374772,
  "token1_debtVal": 1880.3067099834407,
  "token1_debtValUSD": 546548.7513908867,
  "liquidity": 150811355.88235924,
  "tvl": 0,
  "health": 31069824.588026244,
  "debt": 18735806.024411097,
  "leverage": 2.519035010996413,
  "workerPositions": [
    {
      "name": "USDT-WBNB PancakeswapWorker",
      "address": "0x41867cc58aece8B570FF1A2a8aa6149014D2a94C",
      "vault": "ibWBNB",
      "borrowToken": "WBNB",
      "posVal": 4587.444494572805,
      "posValUSD": 1333432.4912374772,
      "debtVal": 1880.3067099834407,
      "debtValUSD": 546548.7513908867
    },
    {
      "name": "WBNB-USDT PancakeswapWorker",
      "address": "0x81b6534f4F7ba45Ecf98295Cef1450B4a4FC81Cd",
      "vault": "ibUSDT",
      "borrowToken": "USDT",
      "posVal": 29736392.096788768,
      "posValUSD": 29736392.096788768,
      "debtVal": 18189257.27302021,
      "debtValUSD": 18189257.27302021
    }
  ]
}