{
  "blockNo": 15305609,
  "lpName": "USDT-WBNB LP",
  "lpTokens": 0,
  "token0_symbol": "USDT",
  "token0_decimals": 18,
  "token0": 0,
  "token0_liquidity": 100657444.80599813,
  "token0_price": 1.00064632,
  "token0_posVal": 28832386.987181675,
  "token0_posValUSD": 28851021.93553923,
  "token0_debtVal": 15971373.951348353,
  "token0_debtValUSD": 15981696.569760589,
  "token1_symbol": "WBNB",
  "token1_decimals": 18,
  "token1": 0,
  "token1_liquidity": 233355.35636728734,
  "token1_price": 430.85750468,
  "token1_posVal": 178358.4183801232,
  "token1_posValUSD": 76847063.08193134,
  "token1_debtVal": 115492.57364367398,
  "token1_debtValUSD": 49760842.08918451,
  "liquidity": 201265408.27384672,
  "tvl": 0,
  "health": 105698085.01747057,
  "debt": 65742538.6589451,
  "leverage": 2.6453920581896226,
  "workerPositions": [
    {
      "name": "USDT-WBNB PancakeswapWorker",
      "address": "0x41867cc58aece8B570FF1A2a8aa6149014D2a94C",
      "vault": "ibWBNB",
      "borrowToken": "WBNB",
      "posVal": 178358.4183801232,
      "posValUSD": 76847063.08193134,
      "debtVal": 115492.57364367398,
      "debtValUSD": 49760842.08918451
    },
    {
      "name": "WBNB-USDT PancakeswapWorker",
      "address": "0x81b6534f4F7ba45Ecf98295Cef1450B4a4FC81Cd",
      "vault": "ibUSDT",
      "borrowToken": "USDT",
      "posVal": 28832386.987181675,
      "posValUSD": 28851021.93553923,
      "debtVal": 15971373.951348353,
      "debtValUSD": 15981696.569760589
    }
  ]
}