{
  "blockNo": 18231218,
  "lpName": "USDT-WBNB LP",
  "lpTokens": 0,
  "token0_symbol": "USDT",
  "token0_decimals": 18,
  "token0": 0,
  "token0_liquidity": 90769535.23369622,
  "token0_price": 0.99907926,
  "token0_posVal": 28905751.154797316,
  "token0_posValUSD": 28879136.473479047,
  "token0_debtVal": 17673857.985445924,
  "token0_debtValUSD": 17657584.957444403,
  "token1_symbol": "WBNB",
  "token1_decimals": 18,
  "token1": 0,
  "token1_liquidity": 299429.247845429,
  "token1_price": 302.6562027,
  "token1_posVal": 11394.55175036311,
  "token1_posValUSD": 3448631.7642335375,
  "token1_debtVal": 6541.575687692204,
  "token1_debtValUSD": 1979848.4573115637,
  "liquidity": 181310079.22203985,
  "tvl": 0,
  "health": 32327768.237712584,
  "debt": 19637433.414755967,
  "leverage": 2.5474322536574965,
  "workerPositions": [
    {
      "name": "USDT-WBNB PancakeswapWorker",
      "address": "0x41867cc58aece8B570FF1A2a8aa6149014D2a94C",
      "vault": "ibWBNB",
      "borrowToken": "WBNB",
      "posVal": 11394.55175036311,
      "posValUSD": 3448631.7642335375,
      "debtVal": 6541.575687692204,
      "debtValUSD": 1979848.4573115637
    },
    {
      "name": "WBNB-USDT PancakeswapWorker",
      "address": "0x81b6534f4F7ba45Ecf98295Cef1450B4a4FC81Cd",
      "vault": "ibUSDT",
      "borrowToken": "USDT",
      "posVal": 28905751.154797316,
      "posValUSD": 28879136.473479047,
      "debtVal": 17673857.985445924,
      "debtValUSD": 17657584.957444403
    }
  ]
}