{
  "blockNo": 13858186,
  "lpName": "USDT-WBNB LP",
  "lpTokens": 0,
  "token0_symbol": "USDT",
  "token0_decimals": 18,
  "token0": 0,
  "token0_liquidity": 133266748.55579822,
  "token0_price": 1.00039438,
  "token0_posVal": 50361707.67592807,
  "token0_posValUSD": 50381569.3262013,
  "token0_debtVal": 30883214.69627829,
  "token0_debtValUSD": 30895394.418490205,
  "token1_symbol": "WBNB",
  "token1_decimals": 18,
  "token1": 0,
  "token1_liquidity": 241532.80860344126,
  "token1_price": 552.82,
  "token1_posVal": 147899.15993174515,
  "token1_posValUSD": 81761613.59346735,
  "token1_debtVal": 95756.25346729714,
  "token1_debtValUSD": 52935972.04179121,
  "liquidity": 266843473.54824805,
  "tvl": 0,
  "health": 132143182.91966864,
  "debt": 83831366.46028142,
  "leverage": 2.735214541783029,
  "workerPositions": [
    {
      "name": "USDT-WBNB PancakeswapWorker",
      "address": "0x41867cc58aece8B570FF1A2a8aa6149014D2a94C",
      "vault": "ibWBNB",
      "borrowToken": "WBNB",
      "posVal": 147899.15993174515,
      "posValUSD": 81761613.59346735,
      "debtVal": 95756.25346729714,
      "debtValUSD": 52935972.04179121
    },
    {
      "name": "WBNB-USDT PancakeswapWorker",
      "address": "0x81b6534f4F7ba45Ecf98295Cef1450B4a4FC81Cd",
      "vault": "ibUSDT",
      "borrowToken": "USDT",
      "posVal": 50361707.67592807,
      "posValUSD": 50381569.3262013,
      "debtVal": 30883214.69627829,
      "debtValUSD": 30895394.418490205
    }
  ]
}