{
  "blockNo": 12063371,
  "lpName": "USDT-WBNB LP",
  "lpTokens": 0,
  "token0_symbol": "USDT",
  "token0_decimals": 18,
  "token0": 0,
  "token0_liquidity": 141833988.20106107,
  "token0_price": 1.00015181,
  "token0_posVal": 48897371.062574625,
  "token0_posValUSD": 48904794.172475636,
  "token0_debtVal": 29399826.502971355,
  "token0_debtValUSD": 29404289.69063277,
  "token1_symbol": "WBNB",
  "token1_decimals": 18,
  "token1": 0,
  "token1_liquidity": 298046.0774645404,
  "token1_price": 476.61798916,
  "token1_posVal": 132348.76528714306,
  "token1_posValUSD": 63079802.378966935,
  "token1_debtVal": 85925.81786375679,
  "token1_debtValUSD": 40953790.527152166,
  "liquidity": 283909642.1369847,
  "tvl": 0,
  "health": 111984596.55144256,
  "debt": 70358080.21778494,
  "leverage": 2.690222637268737,
  "workerPositions": [
    {
      "name": "USDT-WBNB PancakeswapWorker",
      "address": "0x41867cc58aece8B570FF1A2a8aa6149014D2a94C",
      "vault": "ibWBNB",
      "borrowToken": "WBNB",
      "posVal": 132348.76528714306,
      "posValUSD": 63079802.378966935,
      "debtVal": 85925.81786375679,
      "debtValUSD": 40953790.527152166
    },
    {
      "name": "WBNB-USDT PancakeswapWorker",
      "address": "0x81b6534f4F7ba45Ecf98295Cef1450B4a4FC81Cd",
      "vault": "ibUSDT",
      "borrowToken": "USDT",
      "posVal": 48897371.062574625,
      "posValUSD": 48904794.172475636,
      "debtVal": 29399826.502971355,
      "debtValUSD": 29404289.69063277
    }
  ]
}