{
  "blockNo": 10222996,
  "lpName": "USDT-WBNB LP",
  "lpTokens": 0,
  "token0_symbol": "USDT",
  "token0_decimals": 18,
  "token0": 0,
  "token0_liquidity": 121379959.67962839,
  "token0_price": 1.00006598,
  "token0_posVal": 38139493.678947605,
  "token0_posValUSD": 38142010.122740544,
  "token0_debtVal": 20469554.858384017,
  "token0_debtValUSD": 20470905.439613573,
  "token1_symbol": "WBNB",
  "token1_decimals": 18,
  "token1": 0,
  "token1_liquidity": 264954.9856548256,
  "token1_price": 458.54499793,
  "token1_posVal": 89985.5329404047,
  "token1_posValUSD": 41262416.01588782,
  "token1_debtVal": 61480.237142415164,
  "token1_debtValUSD": 28191455.21320467,
  "liquidity": 242881751.67800325,
  "tvl": 0,
  "health": 79404426.13862836,
  "debt": 48662360.65281825,
  "leverage": 2.5829242402492363,
  "workerPositions": [
    {
      "name": "USDT-WBNB PancakeswapWorker",
      "address": "0x41867cc58aece8B570FF1A2a8aa6149014D2a94C",
      "vault": "ibWBNB",
      "borrowToken": "WBNB",
      "posVal": 89985.5329404047,
      "posValUSD": 41262416.01588782,
      "debtVal": 61480.237142415164,
      "debtValUSD": 28191455.21320467
    },
    {
      "name": "WBNB-USDT PancakeswapWorker",
      "address": "0x81b6534f4F7ba45Ecf98295Cef1450B4a4FC81Cd",
      "vault": "ibUSDT",
      "borrowToken": "USDT",
      "posVal": 38139493.678947605,
      "posValUSD": 38142010.122740544,
      "debtVal": 20469554.858384017,
      "debtValUSD": 20470905.439613573
    }
  ]
}