{
  "blockNo": 11470063,
  "lpName": "USDT-WBNB LP",
  "lpTokens": 0,
  "token0_symbol": "USDT",
  "token0_decimals": 18,
  "token0": 0,
  "token0_liquidity": 86359321.34213445,
  "token0_price": 1.00042512,
  "token0_posVal": 35764566.55143829,
  "token0_posValUSD": 35779770.78397064,
  "token0_debtVal": 21849164.840941608,
  "token0_debtValUSD": 21858453.35789879,
  "token1_symbol": "WBNB",
  "token1_decimals": 18,
  "token1": 0,
  "token1_liquidity": 206881.51191830682,
  "token1_price": 417.24761358,
  "token1_posVal": 128542.02058543364,
  "token1_posValUSD": 53633851.33402342,
  "token1_debtVal": 80926.20223767094,
  "token1_debtValUSD": 33766264.759760655,
  "liquidity": 172716851.55855927,
  "tvl": 0,
  "health": 89413622.11799407,
  "debt": 55624718.11765945,
  "leverage": 2.6462421544394745,
  "workerPositions": [
    {
      "name": "USDT-WBNB PancakeswapWorker",
      "address": "0x41867cc58aece8B570FF1A2a8aa6149014D2a94C",
      "vault": "ibWBNB",
      "borrowToken": "WBNB",
      "posVal": 128542.02058543364,
      "posValUSD": 53633851.33402342,
      "debtVal": 80926.20223767094,
      "debtValUSD": 33766264.759760655
    },
    {
      "name": "WBNB-USDT PancakeswapWorker",
      "address": "0x81b6534f4F7ba45Ecf98295Cef1450B4a4FC81Cd",
      "vault": "ibUSDT",
      "borrowToken": "USDT",
      "posVal": 35764566.55143829,
      "posValUSD": 35779770.78397064,
      "debtVal": 21849164.840941608,
      "debtValUSD": 21858453.35789879
    }
  ]
}