{
  "blockNo": 11939410,
  "lpName": "USDT-WBNB LP",
  "lpTokens": 0,
  "token0_symbol": "USDT",
  "token0_decimals": 18,
  "token0": 0,
  "token0_liquidity": 110988121.50458331,
  "token0_price": 1.00013285,
  "token0_posVal": 47859866.6737704,
  "token0_posValUSD": 47866224.857058,
  "token0_debtVal": 28009648.711221304,
  "token0_debtValUSD": 28013369.793052588,
  "token1_symbol": "WBNB",
  "token1_decimals": 18,
  "token1": 0,
  "token1_liquidity": 223240.89264875857,
  "token1_price": 497.95566427,
  "token1_posVal": 115825.54005082144,
  "token1_posValUSD": 57675983.73543828,
  "token1_debtVal": 77879.27393032458,
  "token1_debtValUSD": 38780425.58284007,
  "liquidity": 222166933.26766554,
  "tvl": 0,
  "health": 105542208.59249628,
  "debt": 66793795.375892654,
  "leverage": 2.7237814359652703,
  "workerPositions": [
    {
      "name": "USDT-WBNB PancakeswapWorker",
      "address": "0x41867cc58aece8B570FF1A2a8aa6149014D2a94C",
      "vault": "ibWBNB",
      "borrowToken": "WBNB",
      "posVal": 115825.54005082144,
      "posValUSD": 57675983.73543828,
      "debtVal": 77879.27393032458,
      "debtValUSD": 38780425.58284007
    },
    {
      "name": "WBNB-USDT PancakeswapWorker",
      "address": "0x81b6534f4F7ba45Ecf98295Cef1450B4a4FC81Cd",
      "vault": "ibUSDT",
      "borrowToken": "USDT",
      "posVal": 47859866.6737704,
      "posValUSD": 47866224.857058,
      "debtVal": 28009648.711221304,
      "debtValUSD": 28013369.793052588
    }
  ]
}