{
  "blockNo": 16047683,
  "lpName": "USDT-WBNB LP",
  "lpTokens": 0,
  "token0_symbol": "USDT",
  "token0_decimals": 18,
  "token0": 0,
  "token0_liquidity": 120617235.25102054,
  "token0_price": 1.00037658,
  "token0_posVal": 46353499.05956527,
  "token0_posValUSD": 46370954.860241115,
  "token0_debtVal": 25229792.900247682,
  "token0_debtValUSD": 25239293.935658056,
  "token1_symbol": "WBNB",
  "token1_decimals": 18,
  "token1": 0,
  "token1_liquidity": 326191.72568146663,
  "token1_price": 370.29251687,
  "token1_posVal": 185968.08098435082,
  "token1_posValUSD": 68862588.76517925,
  "token1_debtVal": 112095.83918465208,
  "token1_debtValUSD": 41508250.42233959,
  "liquidity": 241449012.37423027,
  "tvl": 0,
  "health": 115233543.62542036,
  "debt": 66747544.35799764,
  "leverage": 2.3766354280924284,
  "workerPositions": [
    {
      "name": "USDT-WBNB PancakeswapWorker",
      "address": "0x41867cc58aece8B570FF1A2a8aa6149014D2a94C",
      "vault": "ibWBNB",
      "borrowToken": "WBNB",
      "posVal": 185968.08098435082,
      "posValUSD": 68862588.76517925,
      "debtVal": 112095.83918465208,
      "debtValUSD": 41508250.42233959
    },
    {
      "name": "WBNB-USDT PancakeswapWorker",
      "address": "0x81b6534f4F7ba45Ecf98295Cef1450B4a4FC81Cd",
      "vault": "ibUSDT",
      "borrowToken": "USDT",
      "posVal": 46353499.05956527,
      "posValUSD": 46370954.860241115,
      "debtVal": 25229792.900247682,
      "debtValUSD": 25239293.935658056
    }
  ]
}