{
  "blockNo": 17205056,
  "lpName": "USDT-WBNB LP",
  "lpTokens": 0,
  "token0_symbol": "USDT",
  "token0_decimals": 18,
  "token0": 0,
  "token0_liquidity": 161590664.65799698,
  "token0_price": 1.00009022,
  "token0_posVal": 53943496.610839434,
  "token0_posValUSD": 53948363.39310366,
  "token0_debtVal": 27882541.395839494,
  "token0_debtValUSD": 27885056.958724223,
  "token1_symbol": "WBNB",
  "token1_decimals": 18,
  "token1": 0,
  "token1_liquidity": 397889.5320249199,
  "token1_price": 406.87827647,
  "token1_posVal": 181847.02106141343,
  "token1_posValUSD": 73989602.51067169,
  "token1_debtVal": 113914.36947068214,
  "token1_debtValUSD": 46349282.31539793,
  "liquidity": 323497850.38351667,
  "tvl": 0,
  "health": 127937965.90377535,
  "debt": 74234339.27412215,
  "leverage": 2.382296577213514,
  "workerPositions": [
    {
      "name": "USDT-WBNB PancakeswapWorker",
      "address": "0x41867cc58aece8B570FF1A2a8aa6149014D2a94C",
      "vault": "ibWBNB",
      "borrowToken": "WBNB",
      "posVal": 181847.02106141343,
      "posValUSD": 73989602.51067169,
      "debtVal": 113914.36947068214,
      "debtValUSD": 46349282.31539793
    },
    {
      "name": "WBNB-USDT PancakeswapWorker",
      "address": "0x81b6534f4F7ba45Ecf98295Cef1450B4a4FC81Cd",
      "vault": "ibUSDT",
      "borrowToken": "USDT",
      "posVal": 53943496.610839434,
      "posValUSD": 53948363.39310366,
      "debtVal": 27882541.395839494,
      "debtValUSD": 27885056.958724223
    }
  ]
}