{
  "blockNo": 9183493,
  "lpName": "USDT-WBNB LP",
  "lpTokens": 0,
  "token0_symbol": "USDT",
  "token0_decimals": 18,
  "token0": 0,
  "token0_liquidity": 100658061.27944224,
  "token0_price": 1.00009858,
  "token0_posVal": 26161145.47360306,
  "token0_posValUSD": 26163724.439323846,
  "token0_debtVal": 14784466.660352275,
  "token0_debtValUSD": 14785924.113075651,
  "token1_symbol": "WBNB",
  "token1_decimals": 18,
  "token1": 0,
  "token1_liquidity": 322665.63140411855,
  "token1_price": 311.80722075,
  "token1_posVal": 70024.42792972809,
  "token1_posValUSD": 21834122.257377192,
  "token1_debtVal": 44547.816019036276,
  "token1_debtValUSD": 13890330.703378031,
  "liquidity": 201277457.9107853,
  "tvl": 0,
  "health": 47997846.696701035,
  "debt": 28676254.81645368,
  "leverage": 2.484155911903392,
  "workerPositions": [
    {
      "name": "USDT-WBNB PancakeswapWorker",
      "address": "0x41867cc58aece8B570FF1A2a8aa6149014D2a94C",
      "vault": "ibWBNB",
      "borrowToken": "WBNB",
      "posVal": 70024.42792972809,
      "posValUSD": 21834122.257377192,
      "debtVal": 44547.816019036276,
      "debtValUSD": 13890330.703378031
    },
    {
      "name": "WBNB-USDT PancakeswapWorker",
      "address": "0x81b6534f4F7ba45Ecf98295Cef1450B4a4FC81Cd",
      "vault": "ibUSDT",
      "borrowToken": "USDT",
      "posVal": 26161145.47360306,
      "posValUSD": 26163724.439323846,
      "debtVal": 14784466.660352275,
      "debtValUSD": 14785924.113075651
    }
  ]
}