{
  "blockNo": 17592575,
  "lpName": "USDT-WBNB LP",
  "lpTokens": 0,
  "token0_symbol": "USDT",
  "token0_decimals": 18,
  "token0": 0,
  "token0_liquidity": 156618101.61543247,
  "token0_price": 0.9998041,
  "token0_posVal": 36045403.11567796,
  "token0_posValUSD": 36038341.8212076,
  "token0_debtVal": 19140827.496108506,
  "token0_debtValUSD": 19137077.808002017,
  "token1_symbol": "WBNB",
  "token1_decimals": 18,
  "token1": 0,
  "token1_liquidity": 413910.22473587975,
  "token1_price": 378.31058297,
  "token1_posVal": 165086.71354915755,
  "token1_posValUSD": 62454050.843383186,
  "token1_debtVal": 101169.53237708722,
  "token1_debtValUSD": 38273504.772378154,
  "liquidity": 313174038.5464004,
  "tvl": 0,
  "health": 98492392.66459078,
  "debt": 57410582.58038017,
  "leverage": 2.3974696456338807,
  "workerPositions": [
    {
      "name": "USDT-WBNB PancakeswapWorker",
      "address": "0x41867cc58aece8B570FF1A2a8aa6149014D2a94C",
      "vault": "ibWBNB",
      "borrowToken": "WBNB",
      "posVal": 165086.71354915755,
      "posValUSD": 62454050.843383186,
      "debtVal": 101169.53237708722,
      "debtValUSD": 38273504.772378154
    },
    {
      "name": "WBNB-USDT PancakeswapWorker",
      "address": "0x81b6534f4F7ba45Ecf98295Cef1450B4a4FC81Cd",
      "vault": "ibUSDT",
      "borrowToken": "USDT",
      "posVal": 36045403.11567796,
      "posValUSD": 36038341.8212076,
      "debtVal": 19140827.496108506,
      "debtValUSD": 19137077.808002017
    }
  ]
}