{
  "blockNo": 10562399,
  "lpName": "USDT-WBNB LP",
  "lpTokens": 0,
  "token0_symbol": "USDT",
  "token0_decimals": 18,
  "token0": 0,
  "token0_liquidity": 136507659.43498698,
  "token0_price": 1,
  "token0_posVal": 62929765.33291473,
  "token0_posValUSD": 62929765.33291473,
  "token0_debtVal": 33777203.358082645,
  "token0_debtValUSD": 33777203.358082645,
  "token1_symbol": "WBNB",
  "token1_decimals": 18,
  "token1": 0,
  "token1_liquidity": 277925.82861236617,
  "token1_price": 491.22,
  "token1_posVal": 120394.83291642298,
  "token1_posValUSD": 59140349.8252053,
  "token1_debtVal": 79292.1425440807,
  "token1_debtValUSD": 38949886.26050333,
  "liquidity": 273030384.96595347,
  "tvl": 0,
  "health": 122070115.15812004,
  "debt": 72727089.61858597,
  "leverage": 2.4739081931714217,
  "workerPositions": [
    {
      "name": "USDT-WBNB PancakeswapWorker",
      "address": "0x41867cc58aece8B570FF1A2a8aa6149014D2a94C",
      "vault": "ibWBNB",
      "borrowToken": "WBNB",
      "posVal": 120394.83291642298,
      "posValUSD": 59140349.8252053,
      "debtVal": 79292.1425440807,
      "debtValUSD": 38949886.26050333
    },
    {
      "name": "WBNB-USDT PancakeswapWorker",
      "address": "0x81b6534f4F7ba45Ecf98295Cef1450B4a4FC81Cd",
      "vault": "ibUSDT",
      "borrowToken": "USDT",
      "posVal": 62929765.33291473,
      "posValUSD": 62929765.33291473,
      "debtVal": 33777203.358082645,
      "debtValUSD": 33777203.358082645
    }
  ]
}