{
  "blockNo": 13895314,
  "lpName": "USDT-WBNB LP",
  "lpTokens": 0,
  "token0_symbol": "USDT",
  "token0_decimals": 18,
  "token0": 0,
  "token0_liquidity": 149363323.4514994,
  "token0_price": 1.00018962,
  "token0_posVal": 51324066.93033695,
  "token0_posValUSD": 51333798.99990828,
  "token0_debtVal": 31912089.752563823,
  "token0_debtValUSD": 31918140.923022706,
  "token1_symbol": "WBNB",
  "token1_decimals": 18,
  "token1": 0,
  "token1_liquidity": 277177.20410553145,
  "token1_price": 539.12537248,
  "token1_posVal": 158568.12778631874,
  "token1_posValUSD": 85488100.95625533,
  "token1_debtVal": 101582.95255760757,
  "token1_debtValUSD": 54765947.13523835,
  "liquidity": 298824909.13125193,
  "tvl": 0,
  "health": 136821899.95616361,
  "debt": 86684088.05826105,
  "leverage": 2.7289164560028865,
  "workerPositions": [
    {
      "name": "USDT-WBNB PancakeswapWorker",
      "address": "0x41867cc58aece8B570FF1A2a8aa6149014D2a94C",
      "vault": "ibWBNB",
      "borrowToken": "WBNB",
      "posVal": 158568.12778631874,
      "posValUSD": 85488100.95625533,
      "debtVal": 101582.95255760757,
      "debtValUSD": 54765947.13523835
    },
    {
      "name": "WBNB-USDT PancakeswapWorker",
      "address": "0x81b6534f4F7ba45Ecf98295Cef1450B4a4FC81Cd",
      "vault": "ibUSDT",
      "borrowToken": "USDT",
      "posVal": 51324066.93033695,
      "posValUSD": 51333798.99990828,
      "debtVal": 31912089.752563823,
      "debtValUSD": 31918140.923022706
    }
  ]
}