{
  "blockNo": 10267174,
  "lpName": "USDT-WBNB LP",
  "lpTokens": 0,
  "token0_symbol": "USDT",
  "token0_decimals": 18,
  "token0": 0,
  "token0_liquidity": 122350319.93183516,
  "token0_price": 1.00088597,
  "token0_posVal": 40396132.20667566,
  "token0_posValUSD": 40431921.96792681,
  "token0_debtVal": 22086236.915254086,
  "token0_debtValUSD": 22105804.658573892,
  "token1_symbol": "WBNB",
  "token1_decimals": 18,
  "token1": 0,
  "token1_liquidity": 269397.98106408864,
  "token1_price": 454.19,
  "token1_posVal": 88250.95658155983,
  "token1_posValUSD": 40082701.96977866,
  "token1_debtVal": 60089.77092368637,
  "token1_debtValUSD": 27292173.05582911,
  "liquidity": 244816587.66428357,
  "tvl": 0,
  "health": 80514623.93770546,
  "debt": 49397977.714403,
  "leverage": 2.587509700110616,
  "workerPositions": [
    {
      "name": "USDT-WBNB PancakeswapWorker",
      "address": "0x41867cc58aece8B570FF1A2a8aa6149014D2a94C",
      "vault": "ibWBNB",
      "borrowToken": "WBNB",
      "posVal": 88250.95658155983,
      "posValUSD": 40082701.96977866,
      "debtVal": 60089.77092368637,
      "debtValUSD": 27292173.05582911
    },
    {
      "name": "WBNB-USDT PancakeswapWorker",
      "address": "0x81b6534f4F7ba45Ecf98295Cef1450B4a4FC81Cd",
      "vault": "ibUSDT",
      "borrowToken": "USDT",
      "posVal": 40396132.20667566,
      "posValUSD": 40431921.96792681,
      "debtVal": 22086236.915254086,
      "debtValUSD": 22105804.658573892
    }
  ]
}