{
  "blockNo": 12053860,
  "lpName": "USDT-WBNB LP",
  "lpTokens": 0,
  "token0_symbol": "USDT",
  "token0_decimals": 18,
  "token0": 0,
  "token0_liquidity": 140847677.4185454,
  "token0_price": 1.00003067,
  "token0_posVal": 48677488.73801907,
  "token0_posValUSD": 48678981.67659866,
  "token0_debtVal": 29395319.673849955,
  "token0_debtValUSD": 29396221.22830435,
  "token1_symbol": "WBNB",
  "token1_decimals": 18,
  "token1": 0,
  "token1_liquidity": 298533.17134550953,
  "token1_price": 473.23172072,
  "token1_posVal": 132860.83333581558,
  "token1_posValUSD": 62873960.775801145,
  "token1_debtVal": 85898.53027898385,
  "token1_debtValUSD": 40649909.29124255,
  "liquidity": 282127363.58464587,
  "tvl": 0,
  "health": 111552942.4523998,
  "debt": 70046130.5195469,
  "leverage": 2.6875815621026997,
  "workerPositions": [
    {
      "name": "USDT-WBNB PancakeswapWorker",
      "address": "0x41867cc58aece8B570FF1A2a8aa6149014D2a94C",
      "vault": "ibWBNB",
      "borrowToken": "WBNB",
      "posVal": 132860.83333581558,
      "posValUSD": 62873960.775801145,
      "debtVal": 85898.53027898385,
      "debtValUSD": 40649909.29124255
    },
    {
      "name": "WBNB-USDT PancakeswapWorker",
      "address": "0x81b6534f4F7ba45Ecf98295Cef1450B4a4FC81Cd",
      "vault": "ibUSDT",
      "borrowToken": "USDT",
      "posVal": 48677488.73801907,
      "posValUSD": 48678981.67659866,
      "debtVal": 29395319.673849955,
      "debtValUSD": 29396221.22830435
    }
  ]
}