{
  "blockNo": 17389712,
  "lpName": "USDT-WBNB LP",
  "lpTokens": 0,
  "token0_symbol": "USDT",
  "token0_decimals": 18,
  "token0": 0,
  "token0_liquidity": 135815084.10792258,
  "token0_price": 1.00013457,
  "token0_posVal": 17770748.7227764,
  "token0_posValUSD": 17773140.132432025,
  "token0_debtVal": 9957543.059847016,
  "token0_debtValUSD": 9958883.046416579,
  "token1_symbol": "WBNB",
  "token1_decimals": 18,
  "token1": 0,
  "token1_liquidity": 340808.34886796033,
  "token1_price": 399.13686542,
  "token1_posVal": 170192.277874708,
  "token1_posValUSD": 67930012.30960058,
  "token1_debtVal": 107120.31395657118,
  "token1_debtValUSD": 42755666.3354321,
  "liquidity": 271862536.81991446,
  "tvl": 0,
  "health": 85703152.4420326,
  "debt": 52714549.38184868,
  "leverage": 2.597962462541291,
  "workerPositions": [
    {
      "name": "USDT-WBNB PancakeswapWorker",
      "address": "0x41867cc58aece8B570FF1A2a8aa6149014D2a94C",
      "vault": "ibWBNB",
      "borrowToken": "WBNB",
      "posVal": 170192.277874708,
      "posValUSD": 67930012.30960058,
      "debtVal": 107120.31395657118,
      "debtValUSD": 42755666.3354321
    },
    {
      "name": "WBNB-USDT PancakeswapWorker",
      "address": "0x81b6534f4F7ba45Ecf98295Cef1450B4a4FC81Cd",
      "vault": "ibUSDT",
      "borrowToken": "USDT",
      "posVal": 17770748.7227764,
      "posValUSD": 17773140.132432025,
      "debtVal": 9957543.059847016,
      "debtValUSD": 9958883.046416579
    }
  ]
}