{
  "blockNo": 15388208,
  "lpName": "USDT-WBNB LP",
  "lpTokens": 0,
  "token0_symbol": "USDT",
  "token0_decimals": 18,
  "token0": 0,
  "token0_liquidity": 99310768.71532132,
  "token0_price": 1.00066598,
  "token0_posVal": 27468866.623209134,
  "token0_posValUSD": 27487160.33900286,
  "token0_debtVal": 15722397.651502158,
  "token0_debtValUSD": 15732868.453890106,
  "token1_symbol": "WBNB",
  "token1_decimals": 18,
  "token1": 0,
  "token1_liquidity": 247163.12949355616,
  "token1_price": 402.74173049,
  "token1_posVal": 191392.87461643605,
  "token1_posValUSD": 77081897.52647905,
  "token1_debtVal": 118605.68864464057,
  "token1_debtValUSD": 47767460.29070069,
  "liquidity": 198919814.18662912,
  "tvl": 0,
  "health": 104569057.86548191,
  "debt": 63500328.7445908,
  "leverage": 2.5461965856715305,
  "workerPositions": [
    {
      "name": "USDT-WBNB PancakeswapWorker",
      "address": "0x41867cc58aece8B570FF1A2a8aa6149014D2a94C",
      "vault": "ibWBNB",
      "borrowToken": "WBNB",
      "posVal": 191392.87461643605,
      "posValUSD": 77081897.52647905,
      "debtVal": 118605.68864464057,
      "debtValUSD": 47767460.29070069
    },
    {
      "name": "WBNB-USDT PancakeswapWorker",
      "address": "0x81b6534f4F7ba45Ecf98295Cef1450B4a4FC81Cd",
      "vault": "ibUSDT",
      "borrowToken": "USDT",
      "posVal": 27468866.623209134,
      "posValUSD": 27487160.33900286,
      "debtVal": 15722397.651502158,
      "debtValUSD": 15732868.453890106
    }
  ]
}