{
  "blockNo": 16824403,
  "lpName": "USDT-WBNB LP",
  "lpTokens": 0,
  "token0_symbol": "USDT",
  "token0_decimals": 18,
  "token0": 0,
  "token0_liquidity": 154097860.03511858,
  "token0_price": 1.00052317,
  "token0_posVal": 48664308.50768519,
  "token0_posValUSD": 48689768.21396715,
  "token0_debtVal": 24325679.11727086,
  "token0_debtValUSD": 24338405.58281464,
  "token1_symbol": "WBNB",
  "token1_decimals": 18,
  "token1": 0,
  "token1_liquidity": 363922.36183212226,
  "token1_price": 423.47921991,
  "token1_posVal": 158815.5425396054,
  "token1_posValUSD": 67255082.06425552,
  "token1_debtVal": 102643.03814887043,
  "token1_debtValUSD": 43467193.72447602,
  "liquidity": 308292037.30902505,
  "tvl": 0,
  "health": 115944850.27822268,
  "debt": 67805599.30729066,
  "leverage": 2.408530418311531,
  "workerPositions": [
    {
      "name": "USDT-WBNB PancakeswapWorker",
      "address": "0x41867cc58aece8B570FF1A2a8aa6149014D2a94C",
      "vault": "ibWBNB",
      "borrowToken": "WBNB",
      "posVal": 158815.5425396054,
      "posValUSD": 67255082.06425552,
      "debtVal": 102643.03814887043,
      "debtValUSD": 43467193.72447602
    },
    {
      "name": "WBNB-USDT PancakeswapWorker",
      "address": "0x81b6534f4F7ba45Ecf98295Cef1450B4a4FC81Cd",
      "vault": "ibUSDT",
      "borrowToken": "USDT",
      "posVal": 48664308.50768519,
      "posValUSD": 48689768.21396715,
      "debtVal": 24325679.11727086,
      "debtValUSD": 24338405.58281464
    }
  ]
}