{
  "blockNo": 10349562,
  "lpName": "USDT-WBNB LP",
  "lpTokens": 0,
  "token0_symbol": "USDT",
  "token0_decimals": 18,
  "token0": 0,
  "token0_liquidity": 131242764.08688925,
  "token0_price": 1.00022879,
  "token0_posVal": 38822626.9270712,
  "token0_posValUSD": 38831509.155885845,
  "token0_debtVal": 20912468.108576503,
  "token0_debtValUSD": 20917252.672155064,
  "token1_symbol": "WBNB",
  "token1_decimals": 18,
  "token1": 0,
  "token1_liquidity": 263106.7560250426,
  "token1_price": 500.57067155,
  "token1_posVal": 98151.9647317835,
  "token1_posValUSD": 49131994.899740785,
  "token1_debtVal": 68720.39113132485,
  "token1_debtValUSD": 34399412.337785944,
  "liquidity": 262976316.67168227,
  "tvl": 0,
  "health": 87963504.05562663,
  "debt": 55316665.00994101,
  "leverage": 2.694395740198048,
  "workerPositions": [
    {
      "name": "USDT-WBNB PancakeswapWorker",
      "address": "0x41867cc58aece8B570FF1A2a8aa6149014D2a94C",
      "vault": "ibWBNB",
      "borrowToken": "WBNB",
      "posVal": 98151.9647317835,
      "posValUSD": 49131994.899740785,
      "debtVal": 68720.39113132485,
      "debtValUSD": 34399412.337785944
    },
    {
      "name": "WBNB-USDT PancakeswapWorker",
      "address": "0x81b6534f4F7ba45Ecf98295Cef1450B4a4FC81Cd",
      "vault": "ibUSDT",
      "borrowToken": "USDT",
      "posVal": 38822626.9270712,
      "posValUSD": 38831509.155885845,
      "debtVal": 20912468.108576503,
      "debtValUSD": 20917252.672155064
    }
  ]
}