{
  "blockNo": 12017137,
  "lpName": "USDT-WBNB LP",
  "lpTokens": 0,
  "token0_symbol": "USDT",
  "token0_decimals": 18,
  "token0": 0,
  "token0_liquidity": 133610085.64386834,
  "token0_price": 0.99983912,
  "token0_posVal": 49289762.71956336,
  "token0_posValUSD": 49281832.98253703,
  "token0_debtVal": 29486691.89999669,
  "token0_debtValUSD": 29481948.08100382,
  "token1_symbol": "WBNB",
  "token1_decimals": 18,
  "token1": 0,
  "token1_liquidity": 278030.2947924895,
  "token1_price": 480.43158339,
  "token1_posVal": 127196.24746006173,
  "token1_posValUSD": 61109094.56850372,
  "token1_debtVal": 83667.16069020217,
  "token1_debtValUSD": 40196346.4881394,
  "liquidity": 267163125.21083415,
  "tvl": 0,
  "health": 110390927.55104075,
  "debt": 69678294.56914322,
  "leverage": 2.7114661829934943,
  "workerPositions": [
    {
      "name": "USDT-WBNB PancakeswapWorker",
      "address": "0x41867cc58aece8B570FF1A2a8aa6149014D2a94C",
      "vault": "ibWBNB",
      "borrowToken": "WBNB",
      "posVal": 127196.24746006173,
      "posValUSD": 61109094.56850372,
      "debtVal": 83667.16069020217,
      "debtValUSD": 40196346.4881394
    },
    {
      "name": "WBNB-USDT PancakeswapWorker",
      "address": "0x81b6534f4F7ba45Ecf98295Cef1450B4a4FC81Cd",
      "vault": "ibUSDT",
      "borrowToken": "USDT",
      "posVal": 49289762.71956336,
      "posValUSD": 49281832.98253703,
      "debtVal": 29486691.89999669,
      "debtValUSD": 29481948.08100382
    }
  ]
}