{
  "blockNo": 14277443,
  "lpName": "USDT-WBNB LP",
  "lpTokens": 0,
  "token0_symbol": "USDT",
  "token0_decimals": 18,
  "token0": 0,
  "token0_liquidity": 110722142.297775,
  "token0_price": 1.00004646,
  "token0_posVal": 32446536.61404133,
  "token0_posValUSD": 32448044.08013242,
  "token0_debtVal": 19707592.640835945,
  "token0_debtValUSD": 19708508.25559004,
  "token1_symbol": "WBNB",
  "token1_decimals": 18,
  "token1": 0,
  "token1_liquidity": 239607.93859197013,
  "token1_price": 463.18411134,
  "token1_posVal": 107693.89575240994,
  "token1_posValUSD": 49882101.4008226,
  "token1_debtVal": 65463.50427208398,
  "token1_debtValUSD": 30321655.05146751,
  "liquidity": 221709876.55523714,
  "tvl": 0,
  "health": 82330145.48095502,
  "debt": 50030163.30705755,
  "leverage": 2.5489223194521866,
  "workerPositions": [
    {
      "name": "USDT-WBNB PancakeswapWorker",
      "address": "0x41867cc58aece8B570FF1A2a8aa6149014D2a94C",
      "vault": "ibWBNB",
      "borrowToken": "WBNB",
      "posVal": 107693.89575240994,
      "posValUSD": 49882101.4008226,
      "debtVal": 65463.50427208398,
      "debtValUSD": 30321655.05146751
    },
    {
      "name": "WBNB-USDT PancakeswapWorker",
      "address": "0x81b6534f4F7ba45Ecf98295Cef1450B4a4FC81Cd",
      "vault": "ibUSDT",
      "borrowToken": "USDT",
      "posVal": 32446536.61404133,
      "posValUSD": 32448044.08013242,
      "debtVal": 19707592.640835945,
      "debtValUSD": 19708508.25559004
    }
  ]
}