{
  "blockNo": 10646885,
  "lpName": "USDT-WBNB LP",
  "lpTokens": 0,
  "token0_symbol": "USDT",
  "token0_decimals": 18,
  "token0": 0,
  "token0_liquidity": 138081664.3400449,
  "token0_price": 1.00053971,
  "token0_posVal": 62923144.445645295,
  "token0_posValUSD": 62957104.69593405,
  "token0_debtVal": 33729676.382627204,
  "token0_debtValUSD": 33747880.62626767,
  "token1_symbol": "WBNB",
  "token1_decimals": 18,
  "token1": 0,
  "token1_liquidity": 279030.82885362406,
  "token1_price": 495.89280222,
  "token1_posVal": 127340.90875510154,
  "token1_posValUSD": 63147440.07980864,
  "token1_debtVal": 82860.64664493558,
  "token1_debtValUSD": 41089998.258518346,
  "liquidity": 276525568.02109873,
  "tvl": 0,
  "health": 126104544.77574268,
  "debt": 74837878.88478601,
  "leverage": 2.459776593312405,
  "workerPositions": [
    {
      "name": "USDT-WBNB PancakeswapWorker",
      "address": "0x41867cc58aece8B570FF1A2a8aa6149014D2a94C",
      "vault": "ibWBNB",
      "borrowToken": "WBNB",
      "posVal": 127340.90875510154,
      "posValUSD": 63147440.07980864,
      "debtVal": 82860.64664493558,
      "debtValUSD": 41089998.258518346
    },
    {
      "name": "WBNB-USDT PancakeswapWorker",
      "address": "0x81b6534f4F7ba45Ecf98295Cef1450B4a4FC81Cd",
      "vault": "ibUSDT",
      "borrowToken": "USDT",
      "posVal": 62923144.445645295,
      "posValUSD": 62957104.69593405,
      "debtVal": 33729676.382627204,
      "debtValUSD": 33747880.62626767
    }
  ]
}