{
  "blockNo": 8983138,
  "lpName": "USDT-WBNB LP",
  "lpTokens": 0,
  "token0_symbol": "USDT",
  "token0_decimals": 18,
  "token0": 0,
  "token0_liquidity": 91833141.74842975,
  "token0_price": 1.0002,
  "token0_posVal": 28620645.181961577,
  "token0_posValUSD": 28626369.31099797,
  "token0_debtVal": 16202393.367241625,
  "token0_debtValUSD": 16205633.845915074,
  "token1_symbol": "WBNB",
  "token1_decimals": 18,
  "token1": 0,
  "token1_liquidity": 291135.9086284245,
  "token1_price": 315.70786281,
  "token1_posVal": 93333.48985435198,
  "token1_posValUSD": 29466116.61051628,
  "token1_debtVal": 56814.083420536284,
  "token1_debtValUSD": 17936652.854206566,
  "liquidity": 183765403.87710676,
  "tvl": 0,
  "health": 58092485.92151425,
  "debt": 34142286.70012164,
  "leverage": 2.425553348617883,
  "workerPositions": [
    {
      "name": "USDT-WBNB PancakeswapWorker",
      "address": "0x41867cc58aece8B570FF1A2a8aa6149014D2a94C",
      "vault": "ibWBNB",
      "borrowToken": "WBNB",
      "posVal": 93333.48985435198,
      "posValUSD": 29466116.61051628,
      "debtVal": 56814.083420536284,
      "debtValUSD": 17936652.854206566
    },
    {
      "name": "WBNB-USDT PancakeswapWorker",
      "address": "0x81b6534f4F7ba45Ecf98295Cef1450B4a4FC81Cd",
      "vault": "ibUSDT",
      "borrowToken": "USDT",
      "posVal": 28620645.181961577,
      "posValUSD": 28626369.31099797,
      "debtVal": 16202393.367241625,
      "debtValUSD": 16205633.845915074
    }
  ]
}