{
  "blockNo": 12339695,
  "lpName": "USDT-WBNB LP",
  "lpTokens": 0,
  "token0_symbol": "USDT",
  "token0_decimals": 18,
  "token0": 0,
  "token0_liquidity": 140199714.75701642,
  "token0_price": 1.00093452,
  "token0_posVal": 52360727.543601856,
  "token0_posValUSD": 52409659.6907059,
  "token0_debtVal": 29803981.45767252,
  "token0_debtValUSD": 29831833.874424342,
  "token1_symbol": "WBNB",
  "token1_decimals": 18,
  "token1": 0,
  "token1_liquidity": 250248.03527200074,
  "token1_price": 561.10667397,
  "token1_posVal": 156146.47456428217,
  "token1_posValUSD": 87614828.99490556,
  "token1_debtVal": 104855.1184587856,
  "token1_debtValUSD": 58834906.76713954,
  "liquidity": 280746576.9334507,
  "tvl": 0,
  "health": 140024488.68561146,
  "debt": 88666740.64156388,
  "leverage": 2.7264530478540023,
  "workerPositions": [
    {
      "name": "USDT-WBNB PancakeswapWorker",
      "address": "0x41867cc58aece8B570FF1A2a8aa6149014D2a94C",
      "vault": "ibWBNB",
      "borrowToken": "WBNB",
      "posVal": 156146.47456428217,
      "posValUSD": 87614828.99490556,
      "debtVal": 104855.1184587856,
      "debtValUSD": 58834906.76713954
    },
    {
      "name": "WBNB-USDT PancakeswapWorker",
      "address": "0x81b6534f4F7ba45Ecf98295Cef1450B4a4FC81Cd",
      "vault": "ibUSDT",
      "borrowToken": "USDT",
      "posVal": 52360727.543601856,
      "posValUSD": 52409659.6907059,
      "debtVal": 29803981.45767252,
      "debtValUSD": 29831833.874424342
    }
  ]
}