{
  "blockNo": 13750321,
  "lpName": "USDT-WBNB LP",
  "lpTokens": 0,
  "token0_symbol": "USDT",
  "token0_decimals": 18,
  "token0": 0,
  "token0_liquidity": 130930663.59667362,
  "token0_price": 1.00029778,
  "token0_posVal": 50075051.78445735,
  "token0_posValUSD": 50089963.13337772,
  "token0_debtVal": 30851433.753196716,
  "token0_debtValUSD": 30860620.69313974,
  "token1_symbol": "WBNB",
  "token1_decimals": 18,
  "token1": 0,
  "token1_liquidity": 239339.08964948033,
  "token1_price": 547.67,
  "token1_posVal": 148334.64708583415,
  "token1_posValUSD": 81238436.16949879,
  "token1_debtVal": 95632.43675676375,
  "token1_debtValUSD": 52375016.6385768,
  "liquidity": 262048491.3580103,
  "tvl": 0,
  "health": 131328399.3028765,
  "debt": 83235637.33171654,
  "leverage": 2.7307310688795723,
  "workerPositions": [
    {
      "name": "USDT-WBNB PancakeswapWorker",
      "address": "0x41867cc58aece8B570FF1A2a8aa6149014D2a94C",
      "vault": "ibWBNB",
      "borrowToken": "WBNB",
      "posVal": 148334.64708583415,
      "posValUSD": 81238436.16949879,
      "debtVal": 95632.43675676375,
      "debtValUSD": 52375016.6385768
    },
    {
      "name": "WBNB-USDT PancakeswapWorker",
      "address": "0x81b6534f4F7ba45Ecf98295Cef1450B4a4FC81Cd",
      "vault": "ibUSDT",
      "borrowToken": "USDT",
      "posVal": 50075051.78445735,
      "posValUSD": 50089963.13337772,
      "debtVal": 30851433.753196716,
      "debtValUSD": 30860620.69313974
    }
  ]
}