{
  "blockNo": 12858033,
  "lpName": "USDT-WBNB LP",
  "lpTokens": 0,
  "token0_symbol": "USDT",
  "token0_decimals": 18,
  "token0": 0,
  "token0_liquidity": 152989273.30424774,
  "token0_price": 1.00106544,
  "token0_posVal": 66199469.91433781,
  "token0_posValUSD": 66270001.477563344,
  "token0_debtVal": 38224779.59972601,
  "token0_debtValUSD": 38265505.80890274,
  "token1_symbol": "WBNB",
  "token1_decimals": 18,
  "token1": 0,
  "token1_liquidity": 268136.5649711248,
  "token1_price": 571.51604725,
  "token1_posVal": 148086.43795574634,
  "token1_posValUSD": 84633775.67180052,
  "token1_debtVal": 97859.90962443182,
  "token1_debtValUSD": 55928508.73279751,
  "liquidity": 306396623.93108714,
  "tvl": 0,
  "health": 150903777.14936388,
  "debt": 94194014.54170024,
  "leverage": 2.660984109444519,
  "workerPositions": [
    {
      "name": "USDT-WBNB PancakeswapWorker",
      "address": "0x41867cc58aece8B570FF1A2a8aa6149014D2a94C",
      "vault": "ibWBNB",
      "borrowToken": "WBNB",
      "posVal": 148086.43795574634,
      "posValUSD": 84633775.67180052,
      "debtVal": 97859.90962443182,
      "debtValUSD": 55928508.73279751
    },
    {
      "name": "WBNB-USDT PancakeswapWorker",
      "address": "0x81b6534f4F7ba45Ecf98295Cef1450B4a4FC81Cd",
      "vault": "ibUSDT",
      "borrowToken": "USDT",
      "posVal": 66199469.91433781,
      "posValUSD": 66270001.477563344,
      "debtVal": 38224779.59972601,
      "debtValUSD": 38265505.80890274
    }
  ]
}