{
  "blockNo": 14204388,
  "lpName": "USDT-WBNB LP",
  "lpTokens": 0,
  "token0_symbol": "USDT",
  "token0_decimals": 18,
  "token0": 0,
  "token0_liquidity": 108186813.23382387,
  "token0_price": 1.00004302,
  "token0_posVal": 31184495.49858123,
  "token0_posValUSD": 31185837.055577576,
  "token0_debtVal": 19573580.47116051,
  "token0_debtValUSD": 19574422.526592378,
  "token1_symbol": "WBNB",
  "token1_decimals": 18,
  "token1": 0,
  "token1_liquidity": 249995.12441725092,
  "token1_price": 433.0448059,
  "token1_posVal": 109260.50512376694,
  "token1_posValUSD": 47314694.23385761,
  "token1_debtVal": 64230.60011239784,
  "token1_debtValUSD": 27814727.75851384,
  "liquidity": 216450557.55974394,
  "tvl": 0,
  "health": 78500531.28943518,
  "debt": 47389150.28510622,
  "leverage": 2.5232094736814257,
  "workerPositions": [
    {
      "name": "USDT-WBNB PancakeswapWorker",
      "address": "0x41867cc58aece8B570FF1A2a8aa6149014D2a94C",
      "vault": "ibWBNB",
      "borrowToken": "WBNB",
      "posVal": 109260.50512376694,
      "posValUSD": 47314694.23385761,
      "debtVal": 64230.60011239784,
      "debtValUSD": 27814727.75851384
    },
    {
      "name": "WBNB-USDT PancakeswapWorker",
      "address": "0x81b6534f4F7ba45Ecf98295Cef1450B4a4FC81Cd",
      "vault": "ibUSDT",
      "borrowToken": "USDT",
      "posVal": 31184495.49858123,
      "posValUSD": 31185837.055577576,
      "debtVal": 19573580.47116051,
      "debtValUSD": 19574422.526592378
    }
  ]
}