{
  "blockNo": 11794362,
  "lpName": "USDT-WBNB LP",
  "lpTokens": 0,
  "token0_symbol": "USDT",
  "token0_decimals": 18,
  "token0": 0,
  "token0_liquidity": 110671816.73252928,
  "token0_price": 1.00009116,
  "token0_posVal": 44323765.19231679,
  "token0_posValUSD": 44327805.746751726,
  "token0_debtVal": 26218348.285202403,
  "token0_debtValUSD": 26220738.34983208,
  "token1_symbol": "WBNB",
  "token1_decimals": 18,
  "token1": 0,
  "token1_liquidity": 240270.5674635455,
  "token1_price": 460.71655832,
  "token1_posVal": 122396.08234518174,
  "token1_posValUSD": 56389901.80992345,
  "token1_debtVal": 79975.43251995409,
  "token1_debtValUSD": 36846006.020746656,
  "liquidity": 221378534.48274067,
  "tvl": 0,
  "health": 100717707.55667517,
  "debt": 63066744.370578736,
  "leverage": 2.6750366799080383,
  "workerPositions": [
    {
      "name": "USDT-WBNB PancakeswapWorker",
      "address": "0x41867cc58aece8B570FF1A2a8aa6149014D2a94C",
      "vault": "ibWBNB",
      "borrowToken": "WBNB",
      "posVal": 122396.08234518174,
      "posValUSD": 56389901.80992345,
      "debtVal": 79975.43251995409,
      "debtValUSD": 36846006.020746656
    },
    {
      "name": "WBNB-USDT PancakeswapWorker",
      "address": "0x81b6534f4F7ba45Ecf98295Cef1450B4a4FC81Cd",
      "vault": "ibUSDT",
      "borrowToken": "USDT",
      "posVal": 44323765.19231679,
      "posValUSD": 44327805.746751726,
      "debtVal": 26218348.285202403,
      "debtValUSD": 26220738.34983208
    }
  ]
}