{
  "blockNo": 14567739,
  "lpName": "USDT-WBNB LP",
  "lpTokens": 0,
  "token0_symbol": "USDT",
  "token0_decimals": 18,
  "token0": 0,
  "token0_liquidity": 94792581.87728494,
  "token0_price": 1.00032308,
  "token0_posVal": 35704701.364564374,
  "token0_posValUSD": 35716236.83948124,
  "token0_debtVal": 23130436.055161156,
  "token0_debtValUSD": 23137909.03644186,
  "token1_symbol": "WBNB",
  "token1_decimals": 18,
  "token1": 0,
  "token1_liquidity": 228647.78705110107,
  "token1_price": 414.96159386,
  "token1_posVal": 122509.38315817638,
  "token1_posValUSD": 50836688.89812231,
  "token1_debtVal": 74312.78665432622,
  "token1_debtValUSD": 30836952.394257344,
  "liquidity": 189703257.61192465,
  "tvl": 0,
  "health": 86552925.73760355,
  "debt": 53974861.4306992,
  "leverage": 2.6567854038909298,
  "workerPositions": [
    {
      "name": "USDT-WBNB PancakeswapWorker",
      "address": "0x41867cc58aece8B570FF1A2a8aa6149014D2a94C",
      "vault": "ibWBNB",
      "borrowToken": "WBNB",
      "posVal": 122509.38315817638,
      "posValUSD": 50836688.89812231,
      "debtVal": 74312.78665432622,
      "debtValUSD": 30836952.394257344
    },
    {
      "name": "WBNB-USDT PancakeswapWorker",
      "address": "0x81b6534f4F7ba45Ecf98295Cef1450B4a4FC81Cd",
      "vault": "ibUSDT",
      "borrowToken": "USDT",
      "posVal": 35704701.364564374,
      "posValUSD": 35716236.83948124,
      "debtVal": 23130436.055161156,
      "debtValUSD": 23137909.03644186
    }
  ]
}