{
  "blockNo": 14272643,
  "lpName": "USDT-WBNB LP",
  "lpTokens": 0,
  "token0_symbol": "USDT",
  "token0_decimals": 18,
  "token0": 0,
  "token0_liquidity": 107867538.83772996,
  "token0_price": 1.00004646,
  "token0_posVal": 30814196.463326924,
  "token0_posValUSD": 30815628.090894613,
  "token0_debtVal": 18803504.36652046,
  "token0_debtValUSD": 18804377.97733333,
  "token1_symbol": "WBNB",
  "token1_decimals": 18,
  "token1": 0,
  "token1_liquidity": 239245.99967650117,
  "token1_price": 451.43,
  "token1_posVal": 103189.0698408864,
  "token1_posValUSD": 46582641.79827135,
  "token1_debtVal": 61912.13069975395,
  "token1_debtValUSD": 27948993.161789928,
  "liquidity": 215875371.9975473,
  "tvl": 0,
  "health": 77398269.88916597,
  "debt": 46753371.13912326,
  "leverage": 2.525649391778725,
  "workerPositions": [
    {
      "name": "USDT-WBNB PancakeswapWorker",
      "address": "0x41867cc58aece8B570FF1A2a8aa6149014D2a94C",
      "vault": "ibWBNB",
      "borrowToken": "WBNB",
      "posVal": 103189.0698408864,
      "posValUSD": 46582641.79827135,
      "debtVal": 61912.13069975395,
      "debtValUSD": 27948993.161789928
    },
    {
      "name": "WBNB-USDT PancakeswapWorker",
      "address": "0x81b6534f4F7ba45Ecf98295Cef1450B4a4FC81Cd",
      "vault": "ibUSDT",
      "borrowToken": "USDT",
      "posVal": 30814196.463326924,
      "posValUSD": 30815628.090894613,
      "debtVal": 18803504.36652046,
      "debtValUSD": 18804377.97733333
    }
  ]
}