{
  "blockNo": 12640265,
  "lpName": "USDT-WBNB LP",
  "lpTokens": 0,
  "token0_symbol": "USDT",
  "token0_decimals": 18,
  "token0": 0,
  "token0_liquidity": 152625378.8913107,
  "token0_price": 1.00024627,
  "token0_posVal": 54251474.62472579,
  "token0_posValUSD": 54264835.135381624,
  "token0_debtVal": 31606887.081520766,
  "token0_debtValUSD": 31614670.909602337,
  "token1_symbol": "WBNB",
  "token1_decimals": 18,
  "token1": 0,
  "token1_liquidity": 236952.631341994,
  "token1_price": 643.76170176,
  "token1_posVal": 129117.06710588041,
  "token1_posValUSD": 83120622.8463417,
  "token1_debtVal": 91111.52537682735,
  "token1_debtValUSD": 58654110.62653581,
  "liquidity": 305203995.1326023,
  "tvl": 0,
  "health": 137385457.9817233,
  "debt": 90268781.53613815,
  "leverage": 2.915856302818582,
  "workerPositions": [
    {
      "name": "USDT-WBNB PancakeswapWorker",
      "address": "0x41867cc58aece8B570FF1A2a8aa6149014D2a94C",
      "vault": "ibWBNB",
      "borrowToken": "WBNB",
      "posVal": 129117.06710588041,
      "posValUSD": 83120622.8463417,
      "debtVal": 91111.52537682735,
      "debtValUSD": 58654110.62653581
    },
    {
      "name": "WBNB-USDT PancakeswapWorker",
      "address": "0x81b6534f4F7ba45Ecf98295Cef1450B4a4FC81Cd",
      "vault": "ibUSDT",
      "borrowToken": "USDT",
      "posVal": 54251474.62472579,
      "posValUSD": 54264835.135381624,
      "debtVal": 31606887.081520766,
      "debtValUSD": 31614670.909602337
    }
  ]
}