{
  "blockNo": 11695598,
  "lpName": "USDT-WBNB LP",
  "lpTokens": 0,
  "token0_symbol": "USDT",
  "token0_decimals": 18,
  "token0": 0,
  "token0_liquidity": 138055557.73220158,
  "token0_price": 1.00034212,
  "token0_posVal": 53754577.409148015,
  "token0_posValUSD": 53772967.92517123,
  "token0_debtVal": 32449764.35634947,
  "token0_debtValUSD": 32460866.069731064,
  "token1_symbol": "WBNB",
  "token1_decimals": 18,
  "token1": 0,
  "token1_liquidity": 336352.6191409277,
  "token1_price": 411.18592389,
  "token1_posVal": 149051.97006800966,
  "token1_posValUSD": 61288072.02003918,
  "token1_debtVal": 92309.04172582438,
  "token1_debtValUSD": 37956178.605433665,
  "liquidity": 276406251.7538966,
  "tvl": 0,
  "health": 115061039.94521041,
  "debt": 70417044.67516473,
  "leverage": 2.5773015889196573,
  "workerPositions": [
    {
      "name": "USDT-WBNB PancakeswapWorker",
      "address": "0x41867cc58aece8B570FF1A2a8aa6149014D2a94C",
      "vault": "ibWBNB",
      "borrowToken": "WBNB",
      "posVal": 149051.97006800966,
      "posValUSD": 61288072.02003918,
      "debtVal": 92309.04172582438,
      "debtValUSD": 37956178.605433665
    },
    {
      "name": "WBNB-USDT PancakeswapWorker",
      "address": "0x81b6534f4F7ba45Ecf98295Cef1450B4a4FC81Cd",
      "vault": "ibUSDT",
      "borrowToken": "USDT",
      "posVal": 53754577.409148015,
      "posValUSD": 53772967.92517123,
      "debtVal": 32449764.35634947,
      "debtValUSD": 32460866.069731064
    }
  ]
}