{
  "blockNo": 11586332,
  "lpName": "USDT-WBNB LP",
  "lpTokens": 0,
  "token0_symbol": "USDT",
  "token0_decimals": 18,
  "token0": 0,
  "token0_liquidity": 99303231.57489459,
  "token0_price": 1.00033223,
  "token0_posVal": 49451854.23708124,
  "token0_posValUSD": 49468283.62661442,
  "token0_debtVal": 29030827.793725934,
  "token0_debtValUSD": 29040472.70564384,
  "token1_symbol": "WBNB",
  "token1_decimals": 18,
  "token1": 0,
  "token1_liquidity": 227985.4459991662,
  "token1_price": 436.40299404,
  "token1_posVal": 117299.78540619006,
  "token1_posValUSD": 51189977.55151084,
  "token1_debtVal": 75356.05708534224,
  "token1_debtValUSD": 32885608.931092508,
  "liquidity": 198829754.31910157,
  "tvl": 0,
  "health": 100658261.17812526,
  "debt": 61926081.63673635,
  "leverage": 2.5988277027003504,
  "workerPositions": [
    {
      "name": "USDT-WBNB PancakeswapWorker",
      "address": "0x41867cc58aece8B570FF1A2a8aa6149014D2a94C",
      "vault": "ibWBNB",
      "borrowToken": "WBNB",
      "posVal": 117299.78540619006,
      "posValUSD": 51189977.55151084,
      "debtVal": 75356.05708534224,
      "debtValUSD": 32885608.931092508
    },
    {
      "name": "WBNB-USDT PancakeswapWorker",
      "address": "0x81b6534f4F7ba45Ecf98295Cef1450B4a4FC81Cd",
      "vault": "ibUSDT",
      "borrowToken": "USDT",
      "posVal": 49451854.23708124,
      "posValUSD": 49468283.62661442,
      "debtVal": 29030827.793725934,
      "debtValUSD": 29040472.70564384
    }
  ]
}