{
  "blockNo": 17047460,
  "lpName": "USDT-WBNB LP",
  "lpTokens": 0,
  "token0_symbol": "USDT",
  "token0_decimals": 18,
  "token0": 0,
  "token0_liquidity": 164988853.50218958,
  "token0_price": 1.00029464,
  "token0_posVal": 53173462.13387439,
  "token0_posValUSD": 53189129.16275751,
  "token0_debtVal": 27629657.156525802,
  "token0_debtValUSD": 27637797.9587104,
  "token1_symbol": "WBNB",
  "token1_decimals": 18,
  "token1": 0,
  "token1_liquidity": 415043.587607693,
  "token1_price": 397.75942534,
  "token1_posVal": 179066.16690359442,
  "token1_posValUSD": 71225255.64541024,
  "token1_debtVal": 110498.39553835007,
  "token1_debtValUSD": 43951778.310326144,
  "liquidity": 330124964.71587336,
  "tvl": 0,
  "health": 124414384.80816776,
  "debt": 71589576.26903655,
  "leverage": 2.3552264219945993,
  "workerPositions": [
    {
      "name": "USDT-WBNB PancakeswapWorker",
      "address": "0x41867cc58aece8B570FF1A2a8aa6149014D2a94C",
      "vault": "ibWBNB",
      "borrowToken": "WBNB",
      "posVal": 179066.16690359442,
      "posValUSD": 71225255.64541024,
      "debtVal": 110498.39553835007,
      "debtValUSD": 43951778.310326144
    },
    {
      "name": "WBNB-USDT PancakeswapWorker",
      "address": "0x81b6534f4F7ba45Ecf98295Cef1450B4a4FC81Cd",
      "vault": "ibUSDT",
      "borrowToken": "USDT",
      "posVal": 53173462.13387439,
      "posValUSD": 53189129.16275751,
      "debtVal": 27629657.156525802,
      "debtValUSD": 27637797.9587104
    }
  ]
}