{
  "blockNo": 13435167,
  "lpName": "USDT-WBNB LP",
  "lpTokens": 0,
  "token0_symbol": "USDT",
  "token0_decimals": 18,
  "token0": 0,
  "token0_liquidity": 126774543.97296557,
  "token0_price": 1.00073955,
  "token0_posVal": 45574741.17480228,
  "token0_posValUSD": 45608445.974638104,
  "token0_debtVal": 28507368.587786518,
  "token0_debtValUSD": 28528451.212225616,
  "token1_symbol": "WBNB",
  "token1_decimals": 18,
  "token1": 0,
  "token1_liquidity": 228777.45590490088,
  "token1_price": 554.65346093,
  "token1_posVal": 145234.72167607976,
  "token1_posValUSD": 80554941.02484293,
  "token1_debtVal": 93932.77747457479,
  "token1_debtValUSD": 52100140.121040456,
  "liquidity": 253760507.78737453,
  "tvl": 0,
  "health": 126163386.99948104,
  "debt": 80628591.33326608,
  "leverage": 2.7707028252481947,
  "workerPositions": [
    {
      "name": "USDT-WBNB PancakeswapWorker",
      "address": "0x41867cc58aece8B570FF1A2a8aa6149014D2a94C",
      "vault": "ibWBNB",
      "borrowToken": "WBNB",
      "posVal": 145234.72167607976,
      "posValUSD": 80554941.02484293,
      "debtVal": 93932.77747457479,
      "debtValUSD": 52100140.121040456
    },
    {
      "name": "WBNB-USDT PancakeswapWorker",
      "address": "0x81b6534f4F7ba45Ecf98295Cef1450B4a4FC81Cd",
      "vault": "ibUSDT",
      "borrowToken": "USDT",
      "posVal": 45574741.17480228,
      "posValUSD": 45608445.974638104,
      "debtVal": 28507368.587786518,
      "debtValUSD": 28528451.212225616
    }
  ]
}