{
  "blockNo": 16673704,
  "lpName": "USDT-WBNB LP",
  "lpTokens": 0,
  "token0_symbol": "USDT",
  "token0_decimals": 18,
  "token0": 0,
  "token0_liquidity": 161388270.6824958,
  "token0_price": 1.00022598,
  "token0_posVal": 50642775.665141985,
  "token0_posValUSD": 50654219.91958679,
  "token0_debtVal": 24537857.01870954,
  "token0_debtValUSD": 24543402.083638627,
  "token1_symbol": "WBNB",
  "token1_decimals": 18,
  "token1": 0,
  "token1_liquidity": 356742.3356536549,
  "token1_price": 452.25660075,
  "token1_posVal": 152905.11440485608,
  "token1_posValUSD": 69152347.27803007,
  "token1_debtVal": 102364.06711106574,
  "token1_debtValUSD": 46294825.03059547,
  "liquidity": 322763817.2702421,
  "tvl": 0,
  "health": 119806567.19761686,
  "debt": 70838227.11423409,
  "leverage": 2.4466127909096267,
  "workerPositions": [
    {
      "name": "USDT-WBNB PancakeswapWorker",
      "address": "0x41867cc58aece8B570FF1A2a8aa6149014D2a94C",
      "vault": "ibWBNB",
      "borrowToken": "WBNB",
      "posVal": 152905.11440485608,
      "posValUSD": 69152347.27803007,
      "debtVal": 102364.06711106574,
      "debtValUSD": 46294825.03059547
    },
    {
      "name": "WBNB-USDT PancakeswapWorker",
      "address": "0x81b6534f4F7ba45Ecf98295Cef1450B4a4FC81Cd",
      "vault": "ibUSDT",
      "borrowToken": "USDT",
      "posVal": 50642775.665141985,
      "posValUSD": 50654219.91958679,
      "debtVal": 24537857.01870954,
      "debtValUSD": 24543402.083638627
    }
  ]
}