{
  "blockNo": 9550290,
  "lpName": "USDT-WBNB LP",
  "lpTokens": 0,
  "token0_symbol": "USDT",
  "token0_decimals": 18,
  "token0": 0,
  "token0_liquidity": 113300548.96723515,
  "token0_price": 1.00026361,
  "token0_posVal": 30302526.49379491,
  "token0_posValUSD": 30310514.54280394,
  "token0_debtVal": 17376869.624630682,
  "token0_debtValUSD": 17381450.34123243,
  "token1_symbol": "WBNB",
  "token1_decimals": 18,
  "token1": 0,
  "token1_liquidity": 362312.84332277405,
  "token1_price": 312.9,
  "token1_posVal": 119457.24730078808,
  "token1_posValUSD": 37378172.680416584,
  "token1_debtVal": 71374.0894519155,
  "token1_debtValUSD": 22332952.589504357,
  "liquidity": 226698104.8006444,
  "tvl": 0,
  "health": 67688687.22322053,
  "debt": 39714402.93073679,
  "leverage": 2.4196753888501603,
  "workerPositions": [
    {
      "name": "USDT-WBNB PancakeswapWorker",
      "address": "0x41867cc58aece8B570FF1A2a8aa6149014D2a94C",
      "vault": "ibWBNB",
      "borrowToken": "WBNB",
      "posVal": 119457.24730078808,
      "posValUSD": 37378172.680416584,
      "debtVal": 71374.0894519155,
      "debtValUSD": 22332952.589504357
    },
    {
      "name": "WBNB-USDT PancakeswapWorker",
      "address": "0x81b6534f4F7ba45Ecf98295Cef1450B4a4FC81Cd",
      "vault": "ibUSDT",
      "borrowToken": "USDT",
      "posVal": 30302526.49379491,
      "posValUSD": 30310514.54280394,
      "debtVal": 17376869.624630682,
      "debtValUSD": 17381450.34123243
    }
  ]
}