{
  "blockNo": 14901872,
  "lpName": "USDT-WBNB LP",
  "lpTokens": 0,
  "token0_symbol": "USDT",
  "token0_decimals": 18,
  "token0": 0,
  "token0_liquidity": 96122011.48716038,
  "token0_price": 1.00057531,
  "token0_posVal": 38430595.87580062,
  "token0_posValUSD": 38452705.38191393,
  "token0_debtVal": 23452119.914125632,
  "token0_debtValUSD": 23465612.15323343,
  "token1_symbol": "WBNB",
  "token1_decimals": 18,
  "token1": 0,
  "token1_liquidity": 250870.8025307309,
  "token1_price": 383.25419628,
  "token1_posVal": 128282.14341705671,
  "token1_posValUSD": 49164669.772379756,
  "token1_debtVal": 77634.96250361056,
  "token1_debtValUSD": 29753925.1575492,
  "liquidity": 192324599.23562294,
  "tvl": 0,
  "health": 87617375.15429369,
  "debt": 53219537.310782626,
  "leverage": 2.5471768182901116,
  "workerPositions": [
    {
      "name": "USDT-WBNB PancakeswapWorker",
      "address": "0x41867cc58aece8B570FF1A2a8aa6149014D2a94C",
      "vault": "ibWBNB",
      "borrowToken": "WBNB",
      "posVal": 128282.14341705671,
      "posValUSD": 49164669.772379756,
      "debtVal": 77634.96250361056,
      "debtValUSD": 29753925.1575492
    },
    {
      "name": "WBNB-USDT PancakeswapWorker",
      "address": "0x81b6534f4F7ba45Ecf98295Cef1450B4a4FC81Cd",
      "vault": "ibUSDT",
      "borrowToken": "USDT",
      "posVal": 38430595.87580062,
      "posValUSD": 38452705.38191393,
      "debtVal": 23452119.914125632,
      "debtValUSD": 23465612.15323343
    }
  ]
}