{
  "blockNo": 15675070,
  "lpName": "USDT-WBNB LP",
  "lpTokens": 0,
  "token0_symbol": "USDT",
  "token0_decimals": 18,
  "token0": 0,
  "token0_liquidity": 130406115.31956913,
  "token0_price": 1.00037319,
  "token0_posVal": 47890650.227511585,
  "token0_posValUSD": 47908522.539269984,
  "token0_debtVal": 27758829.390892282,
  "token0_debtValUSD": 27769188.708432667,
  "token1_symbol": "WBNB",
  "token1_decimals": 18,
  "token1": 0,
  "token1_liquidity": 312241.667434866,
  "token1_price": 416.74409942,
  "token1_posVal": 189924.69137633737,
  "token1_posValUSD": 79149994.46525316,
  "token1_debtVal": 121012.01701653688,
  "token1_debtValUSD": 50431044.05055437,
  "liquidity": 260579654.0742876,
  "tvl": 0,
  "health": 127058517.00452314,
  "debt": 78200232.75898704,
  "leverage": 2.600552167693685,
  "workerPositions": [
    {
      "name": "USDT-WBNB PancakeswapWorker",
      "address": "0x41867cc58aece8B570FF1A2a8aa6149014D2a94C",
      "vault": "ibWBNB",
      "borrowToken": "WBNB",
      "posVal": 189924.69137633737,
      "posValUSD": 79149994.46525316,
      "debtVal": 121012.01701653688,
      "debtValUSD": 50431044.05055437
    },
    {
      "name": "WBNB-USDT PancakeswapWorker",
      "address": "0x81b6534f4F7ba45Ecf98295Cef1450B4a4FC81Cd",
      "vault": "ibUSDT",
      "borrowToken": "USDT",
      "posVal": 47890650.227511585,
      "posValUSD": 47908522.539269984,
      "debtVal": 27758829.390892282,
      "debtValUSD": 27769188.708432667
    }
  ]
}