{
  "blockNo": 17282657,
  "lpName": "USDT-WBNB LP",
  "lpTokens": 0,
  "token0_symbol": "USDT",
  "token0_decimals": 18,
  "token0": 0,
  "token0_liquidity": 165843196.95279586,
  "token0_price": 1.00013314,
  "token0_posVal": 53338838.99395643,
  "token0_posValUSD": 53345940.52698009,
  "token0_debtVal": 27846426.29765725,
  "token0_debtValUSD": 27850133.77085452,
  "token1_symbol": "WBNB",
  "token1_decimals": 18,
  "token1": 0,
  "token1_liquidity": 417232.74296673934,
  "token1_price": 398.12841456,
  "token1_posVal": 183861.6949173943,
  "token1_posValUSD": 73200565.09577662,
  "token1_debtVal": 113901.25253612663,
  "token1_debtValUSD": 45347325.088606276,
  "liquidity": 331977487.7759061,
  "tvl": 0,
  "health": 126546505.6227567,
  "debt": 73197458.8594608,
  "leverage": 2.3720481114541787,
  "workerPositions": [
    {
      "name": "USDT-WBNB PancakeswapWorker",
      "address": "0x41867cc58aece8B570FF1A2a8aa6149014D2a94C",
      "vault": "ibWBNB",
      "borrowToken": "WBNB",
      "posVal": 183861.6949173943,
      "posValUSD": 73200565.09577662,
      "debtVal": 113901.25253612663,
      "debtValUSD": 45347325.088606276
    },
    {
      "name": "WBNB-USDT PancakeswapWorker",
      "address": "0x81b6534f4F7ba45Ecf98295Cef1450B4a4FC81Cd",
      "vault": "ibUSDT",
      "borrowToken": "USDT",
      "posVal": 53338838.99395643,
      "posValUSD": 53345940.52698009,
      "debtVal": 27846426.29765725,
      "debtValUSD": 27850133.77085452
    }
  ]
}