{
  "blockNo": 12176065,
  "lpName": "USDT-WBNB LP",
  "lpTokens": 0,
  "token0_symbol": "USDT",
  "token0_decimals": 18,
  "token0": 0,
  "token0_liquidity": 145789862.75426155,
  "token0_price": 1.00059657,
  "token0_posVal": 49005957.69848552,
  "token0_posValUSD": 49035193.18266971,
  "token0_debtVal": 29086044.39926633,
  "token0_debtValUSD": 29103396.260773595,
  "token1_symbol": "WBNB",
  "token1_decimals": 18,
  "token1": 0,
  "token1_liquidity": 297989.9145015005,
  "token1_price": 489.98888132,
  "token1_posVal": 142853.67188086914,
  "token1_posValUSD": 69996710.87736142,
  "token1_debtVal": 94109.58127223876,
  "token1_debtValUSD": 46112648.4490779,
  "liquidity": 291888581.4639175,
  "tvl": 0,
  "health": 119031904.06003112,
  "debt": 75216044.70985149,
  "leverage": 2.7166397241856934,
  "workerPositions": [
    {
      "name": "USDT-WBNB PancakeswapWorker",
      "address": "0x41867cc58aece8B570FF1A2a8aa6149014D2a94C",
      "vault": "ibWBNB",
      "borrowToken": "WBNB",
      "posVal": 142853.67188086914,
      "posValUSD": 69996710.87736142,
      "debtVal": 94109.58127223876,
      "debtValUSD": 46112648.4490779
    },
    {
      "name": "WBNB-USDT PancakeswapWorker",
      "address": "0x81b6534f4F7ba45Ecf98295Cef1450B4a4FC81Cd",
      "vault": "ibUSDT",
      "borrowToken": "USDT",
      "posVal": 49005957.69848552,
      "posValUSD": 49035193.18266971,
      "debtVal": 29086044.39926633,
      "debtValUSD": 29103396.260773595
    }
  ]
}