{
  "blockNo": 13073654,
  "lpName": "USDT-WBNB LP",
  "lpTokens": 0,
  "token0_symbol": "USDT",
  "token0_decimals": 18,
  "token0": 0,
  "token0_liquidity": 147742371.57402802,
  "token0_price": 1.00104238,
  "token0_posVal": 64009509.37267523,
  "token0_posValUSD": 64076231.605055116,
  "token0_debtVal": 36550801.33947322,
  "token0_debtValUSD": 36588901.163773455,
  "token1_symbol": "WBNB",
  "token1_decimals": 18,
  "token1": 0,
  "token1_liquidity": 240315.4630760272,
  "token1_price": 616.32019135,
  "token1_posVal": 127928.52523177896,
  "token1_posValUSD": 78844933.1499733,
  "token1_debtVal": 87053.85276538557,
  "token1_debtValUSD": 53653047.19411716,
  "liquidity": 296007647.4546903,
  "tvl": 0,
  "health": 142921164.75502843,
  "debt": 90241948.3578906,
  "leverage": 2.71304652061593,
  "workerPositions": [
    {
      "name": "USDT-WBNB PancakeswapWorker",
      "address": "0x41867cc58aece8B570FF1A2a8aa6149014D2a94C",
      "vault": "ibWBNB",
      "borrowToken": "WBNB",
      "posVal": 127928.52523177896,
      "posValUSD": 78844933.1499733,
      "debtVal": 87053.85276538557,
      "debtValUSD": 53653047.19411716
    },
    {
      "name": "WBNB-USDT PancakeswapWorker",
      "address": "0x81b6534f4F7ba45Ecf98295Cef1450B4a4FC81Cd",
      "vault": "ibUSDT",
      "borrowToken": "USDT",
      "posVal": 64009509.37267523,
      "posValUSD": 64076231.605055116,
      "debtVal": 36550801.33947322,
      "debtValUSD": 36588901.163773455
    }
  ]
}