{
  "blockNo": 9833471,
  "lpName": "USDT-WBNB LP",
  "lpTokens": 0,
  "token0_symbol": "USDT",
  "token0_decimals": 18,
  "token0": 0,
  "token0_liquidity": 136166442.1178159,
  "token0_price": 1.00054703,
  "token0_posVal": 30303143.509217452,
  "token0_posValUSD": 30319720.237811297,
  "token0_debtVal": 16515051.596884433,
  "token0_debtValUSD": 16524085.825559475,
  "token1_symbol": "WBNB",
  "token1_decimals": 18,
  "token1": 0,
  "token1_liquidity": 387946.01130168955,
  "token1_price": 350.58879288,
  "token1_posVal": 96644.66221326179,
  "token1_posValUSD": 33882535.463642806,
  "token1_debtVal": 60665.97037528161,
  "token1_debtValUSD": 21268809.322763823,
  "liquidity": 272250453.0515178,
  "tvl": 0,
  "health": 64202255.7014541,
  "debt": 37792895.1483233,
  "leverage": 2.4310416593499453,
  "workerPositions": [
    {
      "name": "USDT-WBNB PancakeswapWorker",
      "address": "0x41867cc58aece8B570FF1A2a8aa6149014D2a94C",
      "vault": "ibWBNB",
      "borrowToken": "WBNB",
      "posVal": 96644.66221326179,
      "posValUSD": 33882535.463642806,
      "debtVal": 60665.97037528161,
      "debtValUSD": 21268809.322763823
    },
    {
      "name": "WBNB-USDT PancakeswapWorker",
      "address": "0x81b6534f4F7ba45Ecf98295Cef1450B4a4FC81Cd",
      "vault": "ibUSDT",
      "borrowToken": "USDT",
      "posVal": 30303143.509217452,
      "posValUSD": 30319720.237811297,
      "debtVal": 16515051.596884433,
      "debtValUSD": 16524085.825559475
    }
  ]
}