{
  "blockNo": 17606918,
  "lpName": "USDT-WBNB LP",
  "lpTokens": 0,
  "token0_symbol": "USDT",
  "token0_decimals": 18,
  "token0": 0,
  "token0_liquidity": 156113615.89167994,
  "token0_price": 0.99989071,
  "token0_posVal": 35909600.964842334,
  "token0_posValUSD": 35905676.404552884,
  "token0_debtVal": 19127045.208599538,
  "token0_debtValUSD": 19124954.813828688,
  "token1_symbol": "WBNB",
  "token1_decimals": 18,
  "token1": 0,
  "token1_liquidity": 415473.3246979838,
  "token1_price": 375.94324809,
  "token1_posVal": 165552.35491808978,
  "token1_posValUSD": 62238290.03685516,
  "token1_debtVal": 101170.50029093942,
  "token1_debtValUSD": 38034366.490266055,
  "liquidity": 312290945.4163104,
  "tvl": 0,
  "health": 98143966.44140804,
  "debt": 57159321.30409475,
  "leverage": 2.3946520974523624,
  "workerPositions": [
    {
      "name": "USDT-WBNB PancakeswapWorker",
      "address": "0x41867cc58aece8B570FF1A2a8aa6149014D2a94C",
      "vault": "ibWBNB",
      "borrowToken": "WBNB",
      "posVal": 165552.35491808978,
      "posValUSD": 62238290.03685516,
      "debtVal": 101170.50029093942,
      "debtValUSD": 38034366.490266055
    },
    {
      "name": "WBNB-USDT PancakeswapWorker",
      "address": "0x81b6534f4F7ba45Ecf98295Cef1450B4a4FC81Cd",
      "vault": "ibUSDT",
      "borrowToken": "USDT",
      "posVal": 35909600.964842334,
      "posValUSD": 35905676.404552884,
      "debtVal": 19127045.208599538,
      "debtValUSD": 19124954.813828688
    }
  ]
}