{
  "blockNo": 13615574,
  "lpName": "USDT-WBNB LP",
  "lpTokens": 0,
  "token0_symbol": "USDT",
  "token0_decimals": 18,
  "token0": 0,
  "token0_liquidity": 146141556.79602802,
  "token0_price": 1.00036607,
  "token0_posVal": 50662724.685196705,
  "token0_posValUSD": 50681270.78882222,
  "token0_debtVal": 31582972.721705396,
  "token0_debtValUSD": 31594534.300529633,
  "token1_symbol": "WBNB",
  "token1_decimals": 18,
  "token1": 0,
  "token1_liquidity": 273707.56868016603,
  "token1_price": 533.82968531,
  "token1_posVal": 154232.74375915088,
  "token1_posValUSD": 82334017.06544538,
  "token1_debtVal": 98195.57493944686,
  "token1_debtValUSD": 52419712.86875943,
  "liquidity": 292308280.0912226,
  "tvl": 0,
  "health": 133015287.8542676,
  "debt": 84014247.16928907,
  "leverage": 2.714540058636836,
  "workerPositions": [
    {
      "name": "USDT-WBNB PancakeswapWorker",
      "address": "0x41867cc58aece8B570FF1A2a8aa6149014D2a94C",
      "vault": "ibWBNB",
      "borrowToken": "WBNB",
      "posVal": 154232.74375915088,
      "posValUSD": 82334017.06544538,
      "debtVal": 98195.57493944686,
      "debtValUSD": 52419712.86875943
    },
    {
      "name": "WBNB-USDT PancakeswapWorker",
      "address": "0x81b6534f4F7ba45Ecf98295Cef1450B4a4FC81Cd",
      "vault": "ibUSDT",
      "borrowToken": "USDT",
      "posVal": 50662724.685196705,
      "posValUSD": 50681270.78882222,
      "debtVal": 31582972.721705396,
      "debtValUSD": 31594534.300529633
    }
  ]
}