{
  "blockNo": 14218768,
  "lpName": "USDT-WBNB LP",
  "lpTokens": 0,
  "token0_symbol": "USDT",
  "token0_decimals": 18,
  "token0": 0,
  "token0_liquidity": 107922937.00551164,
  "token0_price": 1.00014539,
  "token0_posVal": 31041576.0033662,
  "token0_posValUSD": 31046089.138101324,
  "token0_debtVal": 19566622.00596623,
  "token0_debtValUSD": 19569466.79713968,
  "token1_symbol": "WBNB",
  "token1_decimals": 18,
  "token1": 0,
  "token1_liquidity": 251610.78634456516,
  "token1_price": 429.68863463,
  "token1_posVal": 109778.01566423918,
  "token1_posValUSD": 47170365.66315769,
  "token1_debtVal": 64243.6518297431,
  "token1_debtValUSD": 27604767.038367417,
  "liquidity": 216052923.16389972,
  "tvl": 0,
  "health": 78216454.80125901,
  "debt": 47174233.835507095,
  "leverage": 2.5196797254794756,
  "workerPositions": [
    {
      "name": "USDT-WBNB PancakeswapWorker",
      "address": "0x41867cc58aece8B570FF1A2a8aa6149014D2a94C",
      "vault": "ibWBNB",
      "borrowToken": "WBNB",
      "posVal": 109778.01566423918,
      "posValUSD": 47170365.66315769,
      "debtVal": 64243.6518297431,
      "debtValUSD": 27604767.038367417
    },
    {
      "name": "WBNB-USDT PancakeswapWorker",
      "address": "0x81b6534f4F7ba45Ecf98295Cef1450B4a4FC81Cd",
      "vault": "ibUSDT",
      "borrowToken": "USDT",
      "posVal": 31041576.0033662,
      "posValUSD": 31046089.138101324,
      "debtVal": 19566622.00596623,
      "debtValUSD": 19569466.79713968
    }
  ]
}