{
  "blockNo": 9394570,
  "lpName": "USDT-WBNB LP",
  "lpTokens": 0,
  "token0_symbol": "USDT",
  "token0_decimals": 18,
  "token0": 0,
  "token0_liquidity": 62046981.68031788,
  "token0_price": 1.00010069,
  "token0_posVal": 24967388.439679615,
  "token0_posValUSD": 24969902.406021606,
  "token0_debtVal": 14569078.61155415,
  "token0_debtValUSD": 14570545.572079547,
  "token1_symbol": "WBNB",
  "token1_decimals": 18,
  "token1": 0,
  "token1_liquidity": 211175.65470782897,
  "token1_price": 294.18211355,
  "token1_posVal": 97753.29864142888,
  "token1_posValUSD": 28757272.000819888,
  "token1_debtVal": 58381.698095827975,
  "token1_debtValUSD": 17174851.338468682,
  "liquidity": 124177329.62315741,
  "tvl": 0,
  "health": 53727174.406841494,
  "debt": 31745396.91054823,
  "leverage": 2.444168785527075,
  "workerPositions": [
    {
      "name": "USDT-WBNB PancakeswapWorker",
      "address": "0x41867cc58aece8B570FF1A2a8aa6149014D2a94C",
      "vault": "ibWBNB",
      "borrowToken": "WBNB",
      "posVal": 97753.29864142888,
      "posValUSD": 28757272.000819888,
      "debtVal": 58381.698095827975,
      "debtValUSD": 17174851.338468682
    },
    {
      "name": "WBNB-USDT PancakeswapWorker",
      "address": "0x81b6534f4F7ba45Ecf98295Cef1450B4a4FC81Cd",
      "vault": "ibUSDT",
      "borrowToken": "USDT",
      "posVal": 24967388.439679615,
      "posValUSD": 24969902.406021606,
      "debtVal": 14569078.61155415,
      "debtValUSD": 14570545.572079547
    }
  ]
}