{
  "blockNo": 8778095,
  "lpName": "USDT-WBNB LP",
  "lpTokens": 0,
  "token0_symbol": "USDT",
  "token0_decimals": 18,
  "token0": 0,
  "token0_liquidity": 79962007.77001618,
  "token0_price": 1.0002,
  "token0_posVal": 28216690.49889231,
  "token0_posValUSD": 28222333.83699209,
  "token0_debtVal": 15943978.894245503,
  "token0_debtValUSD": 15947167.690024352,
  "token1_symbol": "WBNB",
  "token1_decimals": 18,
  "token1": 0,
  "token1_liquidity": 277234.76601431996,
  "token1_price": 288.85852646,
  "token1_posVal": 73952.5639176606,
  "token1_posValUSD": 21361828.641194407,
  "token1_debtVal": 42702.94133373584,
  "token1_debtValUSD": 12335108.709170762,
  "liquidity": 160059626.16594952,
  "tvl": 0,
  "health": 49584162.478186496,
  "debt": 28282276.399195112,
  "leverage": 2.3276888391158947,
  "workerPositions": [
    {
      "name": "USDT-WBNB PancakeswapWorker",
      "address": "0x41867cc58aece8B570FF1A2a8aa6149014D2a94C",
      "vault": "ibWBNB",
      "borrowToken": "WBNB",
      "posVal": 73952.5639176606,
      "posValUSD": 21361828.641194407,
      "debtVal": 42702.94133373584,
      "debtValUSD": 12335108.709170762
    },
    {
      "name": "WBNB-USDT PancakeswapWorker",
      "address": "0x81b6534f4F7ba45Ecf98295Cef1450B4a4FC81Cd",
      "vault": "ibUSDT",
      "borrowToken": "USDT",
      "posVal": 28216690.49889231,
      "posValUSD": 28222333.83699209,
      "debtVal": 15943978.894245503,
      "debtValUSD": 15947167.690024352
    }
  ]
}