{
  "blockNo": 15203901,
  "lpName": "USDT-WBNB LP",
  "lpTokens": 0,
  "token0_symbol": "USDT",
  "token0_decimals": 18,
  "token0": 0,
  "token0_liquidity": 118513668.4377005,
  "token0_price": 1.00053644,
  "token0_posVal": 43449014.789438985,
  "token0_posValUSD": 43472322.578932635,
  "token0_debtVal": 25914979.725580983,
  "token0_debtValUSD": 25928881.557304975,
  "token1_symbol": "WBNB",
  "token1_decimals": 18,
  "token1": 0,
  "token1_liquidity": 294182.78077953646,
  "token1_price": 403.20805682,
  "token1_posVal": 156198.201933699,
  "token1_posValUSD": 62980373.48046474,
  "token1_debtVal": 92963.71034306624,
  "token1_debtValUSD": 37483717.002205074,
  "liquidity": 237194111.29801816,
  "tvl": 0,
  "health": 106452696.05939737,
  "debt": 63412598.55951005,
  "leverage": 2.4733377069992946,
  "workerPositions": [
    {
      "name": "USDT-WBNB PancakeswapWorker",
      "address": "0x41867cc58aece8B570FF1A2a8aa6149014D2a94C",
      "vault": "ibWBNB",
      "borrowToken": "WBNB",
      "posVal": 156198.201933699,
      "posValUSD": 62980373.48046474,
      "debtVal": 92963.71034306624,
      "debtValUSD": 37483717.002205074
    },
    {
      "name": "WBNB-USDT PancakeswapWorker",
      "address": "0x81b6534f4F7ba45Ecf98295Cef1450B4a4FC81Cd",
      "vault": "ibUSDT",
      "borrowToken": "USDT",
      "posVal": 43449014.789438985,
      "posValUSD": 43472322.578932635,
      "debtVal": 25914979.725580983,
      "debtValUSD": 25928881.557304975
    }
  ]
}