{
  "blockNo": 10159945,
  "lpName": "USDT-WBNB LP",
  "lpTokens": 0,
  "token0_symbol": "USDT",
  "token0_decimals": 18,
  "token0": 0,
  "token0_liquidity": 112872622.60722008,
  "token0_price": 1.00035428,
  "token0_posVal": 35747718.10032818,
  "token0_posValUSD": 35760382.801896766,
  "token0_debtVal": 20475842.29440383,
  "token0_debtValUSD": 20483096.47581189,
  "token1_symbol": "WBNB",
  "token1_decimals": 18,
  "token1": 0,
  "token1_liquidity": 284912.75111863133,
  "token1_price": 395.93319939,
  "token1_posVal": 94322.24084550275,
  "token1_posValUSD": 37345306.59159404,
  "token1_debtVal": 61414.04193069477,
  "token1_debtValUSD": 24315858.109091595,
  "liquidity": 225719028.2173639,
  "tvl": 0,
  "health": 73105689.3934908,
  "debt": 44798954.584903486,
  "leverage": 2.582625297048142,
  "workerPositions": [
    {
      "name": "USDT-WBNB PancakeswapWorker",
      "address": "0x41867cc58aece8B570FF1A2a8aa6149014D2a94C",
      "vault": "ibWBNB",
      "borrowToken": "WBNB",
      "posVal": 94322.24084550275,
      "posValUSD": 37345306.59159404,
      "debtVal": 61414.04193069477,
      "debtValUSD": 24315858.109091595
    },
    {
      "name": "WBNB-USDT PancakeswapWorker",
      "address": "0x81b6534f4F7ba45Ecf98295Cef1450B4a4FC81Cd",
      "vault": "ibUSDT",
      "borrowToken": "USDT",
      "posVal": 35747718.10032818,
      "posValUSD": 35760382.801896766,
      "debtVal": 20475842.29440383,
      "debtValUSD": 20483096.47581189
    }
  ]
}