{
  "blockNo": 16529776,
  "lpName": "USDT-WBNB LP",
  "lpTokens": 0,
  "token0_symbol": "USDT",
  "token0_decimals": 18,
  "token0": 0,
  "token0_liquidity": 169221576.94927335,
  "token0_price": 1.00024313,
  "token0_posVal": 50717507.03656239,
  "token0_posValUSD": 50729837.984048195,
  "token0_debtVal": 25005755.955238458,
  "token0_debtValUSD": 25011835.604683857,
  "token1_symbol": "WBNB",
  "token1_decimals": 18,
  "token1": 0,
  "token1_liquidity": 381274.2675524647,
  "token1_price": 444.01,
  "token1_posVal": 157989.6692913819,
  "token1_posValUSD": 70148993.06206648,
  "token1_debtVal": 104924.43487251262,
  "token1_debtValUSD": 46587498.32774433,
  "liquidity": 338552307.3272469,
  "tvl": 0,
  "health": 120878831.04611468,
  "debt": 71599333.93242818,
  "leverage": 2.4529233885494084,
  "workerPositions": [
    {
      "name": "USDT-WBNB PancakeswapWorker",
      "address": "0x41867cc58aece8B570FF1A2a8aa6149014D2a94C",
      "vault": "ibWBNB",
      "borrowToken": "WBNB",
      "posVal": 157989.6692913819,
      "posValUSD": 70148993.06206648,
      "debtVal": 104924.43487251262,
      "debtValUSD": 46587498.32774433
    },
    {
      "name": "WBNB-USDT PancakeswapWorker",
      "address": "0x81b6534f4F7ba45Ecf98295Cef1450B4a4FC81Cd",
      "vault": "ibUSDT",
      "borrowToken": "USDT",
      "posVal": 50717507.03656239,
      "posValUSD": 50729837.984048195,
      "debtVal": 25005755.955238458,
      "debtValUSD": 25011835.604683857
    }
  ]
}