{
  "blockNo": 8951962,
  "lpName": "USDT-WBNB LP",
  "lpTokens": 0,
  "token0_symbol": "USDT",
  "token0_decimals": 18,
  "token0": 0,
  "token0_liquidity": 92451046.55120803,
  "token0_price": 1.00014646,
  "token0_posVal": 32741846.33057538,
  "token0_posValUSD": 32746641.70138896,
  "token0_debtVal": 17483837.554529153,
  "token0_debtValUSD": 17486398.23737739,
  "token1_symbol": "WBNB",
  "token1_decimals": 18,
  "token1": 0,
  "token1_liquidity": 276418.57522689487,
  "token1_price": 334.13467746,
  "token1_posVal": 83861.29358251565,
  "token1_posValUSD": 28020966.282572232,
  "token1_debtVal": 52430.73570393932,
  "token1_debtValUSD": 17518926.96342627,
  "liquidity": 184825618.4088772,
  "tvl": 0,
  "health": 60767607.983961195,
  "debt": 35005325.20080366,
  "leverage": 2.35878196413902,
  "workerPositions": [
    {
      "name": "USDT-WBNB PancakeswapWorker",
      "address": "0x41867cc58aece8B570FF1A2a8aa6149014D2a94C",
      "vault": "ibWBNB",
      "borrowToken": "WBNB",
      "posVal": 83861.29358251565,
      "posValUSD": 28020966.282572232,
      "debtVal": 52430.73570393932,
      "debtValUSD": 17518926.96342627
    },
    {
      "name": "WBNB-USDT PancakeswapWorker",
      "address": "0x81b6534f4F7ba45Ecf98295Cef1450B4a4FC81Cd",
      "vault": "ibUSDT",
      "borrowToken": "USDT",
      "posVal": 32741846.33057538,
      "posValUSD": 32746641.70138896,
      "debtVal": 17483837.554529153,
      "debtValUSD": 17486398.23737739
    }
  ]
}