{
  "blockNo": 16183939,
  "lpName": "USDT-WBNB LP",
  "lpTokens": 0,
  "token0_symbol": "USDT",
  "token0_decimals": 18,
  "token0": 0,
  "token0_liquidity": 125444891.89798267,
  "token0_price": 1.00049393,
  "token0_posVal": 48101009.46688454,
  "token0_posValUSD": 48124767.99849051,
  "token0_debtVal": 25220479.30670356,
  "token0_debtValUSD": 25232936.45804752,
  "token1_symbol": "WBNB",
  "token1_decimals": 18,
  "token1": 0,
  "token1_liquidity": 314835.0603372945,
  "token1_price": 399.04784992,
  "token1_posVal": 177049.4852937749,
  "token1_posValUSD": 70651216.43592353,
  "token1_debtVal": 110997.00229448291,
  "token1_debtValUSD": 44293115.11317871,
  "liquidity": 251141106.80046865,
  "tvl": 0,
  "health": 118775984.43441404,
  "debt": 69526051.57122622,
  "leverage": 2.411698403008259,
  "workerPositions": [
    {
      "name": "USDT-WBNB PancakeswapWorker",
      "address": "0x41867cc58aece8B570FF1A2a8aa6149014D2a94C",
      "vault": "ibWBNB",
      "borrowToken": "WBNB",
      "posVal": 177049.4852937749,
      "posValUSD": 70651216.43592353,
      "debtVal": 110997.00229448291,
      "debtValUSD": 44293115.11317871
    },
    {
      "name": "WBNB-USDT PancakeswapWorker",
      "address": "0x81b6534f4F7ba45Ecf98295Cef1450B4a4FC81Cd",
      "vault": "ibUSDT",
      "borrowToken": "USDT",
      "posVal": 48101009.46688454,
      "posValUSD": 48124767.99849051,
      "debtVal": 25220479.30670356,
      "debtValUSD": 25232936.45804752
    }
  ]
}