{
  "blockNo": 13886914,
  "lpName": "USDT-WBNB LP",
  "lpTokens": 0,
  "token0_symbol": "USDT",
  "token0_decimals": 18,
  "token0": 0,
  "token0_liquidity": 149384226.04441157,
  "token0_price": 1.00018962,
  "token0_posVal": 51319490.12669869,
  "token0_posValUSD": 51329221.32841651,
  "token0_debtVal": 31907906.519555595,
  "token0_debtValUSD": 31913956.896789834,
  "token1_symbol": "WBNB",
  "token1_decimals": 18,
  "token1": 0,
  "token1_liquidity": 277165.5944256549,
  "token1_price": 538.84358902,
  "token1_posVal": 158696.7791125151,
  "token1_posValUSD": 85512742.0229018,
  "token1_debtVal": 101650.2344812184,
  "token1_debtValUSD": 54773577.17258428,
  "liquidity": 298761455.9345357,
  "tvl": 0,
  "health": 136841963.3513183,
  "debt": 86687534.06937411,
  "leverage": 2.728412331881165,
  "workerPositions": [
    {
      "name": "USDT-WBNB PancakeswapWorker",
      "address": "0x41867cc58aece8B570FF1A2a8aa6149014D2a94C",
      "vault": "ibWBNB",
      "borrowToken": "WBNB",
      "posVal": 158696.7791125151,
      "posValUSD": 85512742.0229018,
      "debtVal": 101650.2344812184,
      "debtValUSD": 54773577.17258428
    },
    {
      "name": "WBNB-USDT PancakeswapWorker",
      "address": "0x81b6534f4F7ba45Ecf98295Cef1450B4a4FC81Cd",
      "vault": "ibUSDT",
      "borrowToken": "USDT",
      "posVal": 51319490.12669869,
      "posValUSD": 51329221.32841651,
      "debtVal": 31907906.519555595,
      "debtValUSD": 31913956.896789834
    }
  ]
}