{
  "blockNo": 12190428,
  "lpName": "USDT-WBNB LP",
  "lpTokens": 0,
  "token0_symbol": "USDT",
  "token0_decimals": 18,
  "token0": 0,
  "token0_liquidity": 121665017.46654013,
  "token0_price": 1.00009887,
  "token0_posVal": 47837834.331718616,
  "token0_posValUSD": 47842564.05839899,
  "token0_debtVal": 28306797.078895412,
  "token0_debtValUSD": 28309595.771922603,
  "token1_symbol": "WBNB",
  "token1_decimals": 18,
  "token1": 0,
  "token1_liquidity": 244878.56276433516,
  "token1_price": 497.80485499,
  "token1_posVal": 139930.06428462052,
  "token1_posValUSD": 69657865.35994689,
  "token1_debtVal": 93286.75589445562,
  "token1_debtValUSD": 46438599.99052701,
  "liquidity": 243578783.91387653,
  "tvl": 0,
  "health": 117500429.41834588,
  "debt": 74748195.76244962,
  "leverage": 2.7484044544685577,
  "workerPositions": [
    {
      "name": "USDT-WBNB PancakeswapWorker",
      "address": "0x41867cc58aece8B570FF1A2a8aa6149014D2a94C",
      "vault": "ibWBNB",
      "borrowToken": "WBNB",
      "posVal": 139930.06428462052,
      "posValUSD": 69657865.35994689,
      "debtVal": 93286.75589445562,
      "debtValUSD": 46438599.99052701
    },
    {
      "name": "WBNB-USDT PancakeswapWorker",
      "address": "0x81b6534f4F7ba45Ecf98295Cef1450B4a4FC81Cd",
      "vault": "ibUSDT",
      "borrowToken": "USDT",
      "posVal": 47837834.331718616,
      "posValUSD": 47842564.05839899,
      "debtVal": 28306797.078895412,
      "debtValUSD": 28309595.771922603
    }
  ]
}