{
  "blockNo": 10589659,
  "lpName": "USDT-WBNB LP",
  "lpTokens": 0,
  "token0_symbol": "USDT",
  "token0_decimals": 18,
  "token0": 0,
  "token0_liquidity": 134647145.13546294,
  "token0_price": 1.00048221,
  "token0_posVal": 62153595.44389131,
  "token0_posValUSD": 62183566.52915031,
  "token0_debtVal": 33505117.65246001,
  "token0_debtValUSD": 33521274.1552432,
  "token1_symbol": "WBNB",
  "token1_decimals": 18,
  "token1": 0,
  "token1_liquidity": 276029.6717144614,
  "token1_price": 488.33587163,
  "token1_posVal": 121694.39012256889,
  "token1_posValUSD": 59427736.07298594,
  "token1_debtVal": 79800.09840396226,
  "token1_debtValUSD": 38969250.610258676,
  "liquidity": 269507263.66774297,
  "tvl": 0,
  "health": 121611302.60213625,
  "debt": 72490524.76550187,
  "leverage": 2.475760929653648,
  "workerPositions": [
    {
      "name": "USDT-WBNB PancakeswapWorker",
      "address": "0x41867cc58aece8B570FF1A2a8aa6149014D2a94C",
      "vault": "ibWBNB",
      "borrowToken": "WBNB",
      "posVal": 121694.39012256889,
      "posValUSD": 59427736.07298594,
      "debtVal": 79800.09840396226,
      "debtValUSD": 38969250.610258676
    },
    {
      "name": "WBNB-USDT PancakeswapWorker",
      "address": "0x81b6534f4F7ba45Ecf98295Cef1450B4a4FC81Cd",
      "vault": "ibUSDT",
      "borrowToken": "USDT",
      "posVal": 62153595.44389131,
      "posValUSD": 62183566.52915031,
      "debtVal": 33505117.65246001,
      "debtValUSD": 33521274.1552432
    }
  ]
}