{
  "blockNo": 8755487,
  "lpName": "USDT-WBNB LP",
  "lpTokens": 0,
  "token0_symbol": "USDT",
  "token0_decimals": 18,
  "token0": 0,
  "token0_liquidity": 79394103.84803644,
  "token0_price": 1.0002,
  "token0_posVal": 28494134.834184065,
  "token0_posValUSD": 28499833.661150903,
  "token0_debtVal": 16010285.7300288,
  "token0_debtValUSD": 16013487.787174806,
  "token1_symbol": "WBNB",
  "token1_decimals": 18,
  "token1": 0,
  "token1_liquidity": 271025.82571277214,
  "token1_price": 293.50635387,
  "token1_posVal": 72655.93547421841,
  "token1_posValUSD": 21324978.708051834,
  "token1_debtVal": 42244.90460129635,
  "token1_debtValUSD": 12399147.919112477,
  "liquidity": 158957784.5783679,
  "tvl": 0,
  "health": 49824812.36920273,
  "debt": 28412635.706287283,
  "leverage": 2.326938225551641,
  "workerPositions": [
    {
      "name": "USDT-WBNB PancakeswapWorker",
      "address": "0x41867cc58aece8B570FF1A2a8aa6149014D2a94C",
      "vault": "ibWBNB",
      "borrowToken": "WBNB",
      "posVal": 72655.93547421841,
      "posValUSD": 21324978.708051834,
      "debtVal": 42244.90460129635,
      "debtValUSD": 12399147.919112477
    },
    {
      "name": "WBNB-USDT PancakeswapWorker",
      "address": "0x81b6534f4F7ba45Ecf98295Cef1450B4a4FC81Cd",
      "vault": "ibUSDT",
      "borrowToken": "USDT",
      "posVal": 28494134.834184065,
      "posValUSD": 28499833.661150903,
      "debtVal": 16010285.7300288,
      "debtValUSD": 16013487.787174806
    }
  ]
}