{
  "blockNo": 12978322,
  "lpName": "USDT-WBNB LP",
  "lpTokens": 0,
  "token0_symbol": "USDT",
  "token0_decimals": 18,
  "token0": 0,
  "token0_liquidity": 145123390.63120663,
  "token0_price": 1.0008987,
  "token0_posVal": 57848382.00223945,
  "token0_posValUSD": 57900370.343144864,
  "token0_debtVal": 33139889.93171337,
  "token0_debtValUSD": 33169672.750795,
  "token1_symbol": "WBNB",
  "token1_decimals": 18,
  "token1": 0,
  "token1_liquidity": 245223.0993488406,
  "token1_price": 593.19569464,
  "token1_posVal": 136287.87637714422,
  "token1_posValUSD": 80845381.49855052,
  "token1_debtVal": 91511.1737313031,
  "token1_debtValUSD": 54284034.26886207,
  "liquidity": 290719099.78237617,
  "tvl": 0,
  "health": 138745751.84169537,
  "debt": 87453707.01965708,
  "leverage": 2.705015023734859,
  "workerPositions": [
    {
      "name": "USDT-WBNB PancakeswapWorker",
      "address": "0x41867cc58aece8B570FF1A2a8aa6149014D2a94C",
      "vault": "ibWBNB",
      "borrowToken": "WBNB",
      "posVal": 136287.87637714422,
      "posValUSD": 80845381.49855052,
      "debtVal": 91511.1737313031,
      "debtValUSD": 54284034.26886207
    },
    {
      "name": "WBNB-USDT PancakeswapWorker",
      "address": "0x81b6534f4F7ba45Ecf98295Cef1450B4a4FC81Cd",
      "vault": "ibUSDT",
      "borrowToken": "USDT",
      "posVal": 57848382.00223945,
      "posValUSD": 57900370.343144864,
      "debtVal": 33139889.93171337,
      "debtValUSD": 33169672.750795
    }
  ]
}