{
  "blockNo": 12243099,
  "lpName": "USDT-WBNB LP",
  "lpTokens": 0,
  "token0_symbol": "USDT",
  "token0_decimals": 18,
  "token0": 0,
  "token0_liquidity": 121847248.18079492,
  "token0_price": 1.00034515,
  "token0_posVal": 48575847.75720954,
  "token0_posValUSD": 48592613.71106294,
  "token0_debtVal": 28159203.423974674,
  "token0_debtValUSD": 28168922.57303646,
  "token1_symbol": "WBNB",
  "token1_decimals": 18,
  "token1": 0,
  "token1_liquidity": 230343.52252252755,
  "token1_price": 530.3,
  "token1_posVal": 135215.96918097895,
  "token1_posValUSD": 71705028.45667313,
  "token1_debtVal": 91638.03651189778,
  "token1_debtValUSD": 48595650.76225939,
  "liquidity": 244040473.75220087,
  "tvl": 0,
  "health": 120297642.16773607,
  "debt": 76764573.33529584,
  "leverage": 2.76336232188832,
  "workerPositions": [
    {
      "name": "USDT-WBNB PancakeswapWorker",
      "address": "0x41867cc58aece8B570FF1A2a8aa6149014D2a94C",
      "vault": "ibWBNB",
      "borrowToken": "WBNB",
      "posVal": 135215.96918097895,
      "posValUSD": 71705028.45667313,
      "debtVal": 91638.03651189778,
      "debtValUSD": 48595650.76225939
    },
    {
      "name": "WBNB-USDT PancakeswapWorker",
      "address": "0x81b6534f4F7ba45Ecf98295Cef1450B4a4FC81Cd",
      "vault": "ibUSDT",
      "borrowToken": "USDT",
      "posVal": 48575847.75720954,
      "posValUSD": 48592613.71106294,
      "debtVal": 28159203.423974674,
      "debtValUSD": 28168922.57303646
    }
  ]
}