{
  "blockNo": 10074974,
  "lpName": "USDT-WBNB LP",
  "lpTokens": 0,
  "token0_symbol": "USDT",
  "token0_decimals": 18,
  "token0": 0,
  "token0_liquidity": 113602418.48677202,
  "token0_price": 1.00072639,
  "token0_posVal": 38392099.426772274,
  "token0_posValUSD": 38419987.06387489,
  "token0_debtVal": 20924465.241583955,
  "token0_debtValUSD": 20939664.56389079,
  "token1_symbol": "WBNB",
  "token1_decimals": 18,
  "token1": 0,
  "token1_liquidity": 266691.825742067,
  "token1_price": 425.18608458,
  "token1_posVal": 79479.86497659024,
  "token1_posValUSD": 33793732.59234348,
  "token1_debtVal": 54724.26918679999,
  "token1_debtValUSD": 23267997.74703743,
  "liquidity": 227078591.32429776,
  "tvl": 0,
  "health": 72213719.65621838,
  "debt": 44207662.31092822,
  "leverage": 2.5785035989138514,
  "workerPositions": [
    {
      "name": "USDT-WBNB PancakeswapWorker",
      "address": "0x41867cc58aece8B570FF1A2a8aa6149014D2a94C",
      "vault": "ibWBNB",
      "borrowToken": "WBNB",
      "posVal": 79479.86497659024,
      "posValUSD": 33793732.59234348,
      "debtVal": 54724.26918679999,
      "debtValUSD": 23267997.74703743
    },
    {
      "name": "WBNB-USDT PancakeswapWorker",
      "address": "0x81b6534f4F7ba45Ecf98295Cef1450B4a4FC81Cd",
      "vault": "ibUSDT",
      "borrowToken": "USDT",
      "posVal": 38392099.426772274,
      "posValUSD": 38419987.06387489,
      "debtVal": 20924465.241583955,
      "debtValUSD": 20939664.56389079
    }
  ]
}