{
  "blockNo": 14726914,
  "lpName": "USDT-WBNB LP",
  "lpTokens": 0,
  "token0_symbol": "USDT",
  "token0_decimals": 18,
  "token0": 0,
  "token0_liquidity": 93002969.41445366,
  "token0_price": 1.00059707,
  "token0_posVal": 35758394.014312185,
  "token0_posValUSD": 35779744.27862631,
  "token0_debtVal": 22395525.813124087,
  "token0_debtValUSD": 22408897.509721328,
  "token1_symbol": "WBNB",
  "token1_decimals": 18,
  "token1": 0,
  "token1_liquidity": 251677.5457244703,
  "token1_price": 370.37330138,
  "token1_posVal": 126775.82615945974,
  "token1_posValUSD": 46954381.26985607,
  "token1_debtVal": 75608.58414957703,
  "token1_debtValUSD": 28003400.924146384,
  "liquidity": 186273142.1905899,
  "tvl": 0,
  "health": 82734125.54848239,
  "debt": 50412298.43386771,
  "leverage": 2.5596982885621964,
  "workerPositions": [
    {
      "name": "USDT-WBNB PancakeswapWorker",
      "address": "0x41867cc58aece8B570FF1A2a8aa6149014D2a94C",
      "vault": "ibWBNB",
      "borrowToken": "WBNB",
      "posVal": 126775.82615945974,
      "posValUSD": 46954381.26985607,
      "debtVal": 75608.58414957703,
      "debtValUSD": 28003400.924146384
    },
    {
      "name": "WBNB-USDT PancakeswapWorker",
      "address": "0x81b6534f4F7ba45Ecf98295Cef1450B4a4FC81Cd",
      "vault": "ibUSDT",
      "borrowToken": "USDT",
      "posVal": 35758394.014312185,
      "posValUSD": 35779744.27862631,
      "debtVal": 22395525.813124087,
      "debtValUSD": 22408897.509721328
    }
  ]
}