{
  "blockNo": 8781674,
  "lpName": "USDT-WBNB LP",
  "lpTokens": 0,
  "token0_symbol": "USDT",
  "token0_decimals": 18,
  "token0": 0,
  "token0_liquidity": 80078683.84317839,
  "token0_price": 1.0002,
  "token0_posVal": 28150347.77199535,
  "token0_posValUSD": 28155977.84154975,
  "token0_debtVal": 15977709.35259382,
  "token0_debtValUSD": 15980904.894464338,
  "token1_symbol": "WBNB",
  "token1_decimals": 18,
  "token1": 0,
  "token1_liquidity": 280057.6279768733,
  "token1_price": 285.86307589,
  "token1_posVal": 77909.81090205433,
  "token1_posValUSD": 22271538.186469506,
  "token1_debtVal": 44985.18683973147,
  "token1_debtValUSD": 12859603.879491987,
  "liquidity": 160152834.53987336,
  "tvl": 0,
  "health": 50427516.02801926,
  "debt": 28840508.773956325,
  "leverage": 2.3360123723740442,
  "workerPositions": [
    {
      "name": "USDT-WBNB PancakeswapWorker",
      "address": "0x41867cc58aece8B570FF1A2a8aa6149014D2a94C",
      "vault": "ibWBNB",
      "borrowToken": "WBNB",
      "posVal": 77909.81090205433,
      "posValUSD": 22271538.186469506,
      "debtVal": 44985.18683973147,
      "debtValUSD": 12859603.879491987
    },
    {
      "name": "WBNB-USDT PancakeswapWorker",
      "address": "0x81b6534f4F7ba45Ecf98295Cef1450B4a4FC81Cd",
      "vault": "ibUSDT",
      "borrowToken": "USDT",
      "posVal": 28150347.77199535,
      "posValUSD": 28155977.84154975,
      "debtVal": 15977709.35259382,
      "debtValUSD": 15980904.894464338
    }
  ]
}