{
  "blockNo": 16435187,
  "lpName": "USDT-WBNB LP",
  "lpTokens": 0,
  "token0_symbol": "USDT",
  "token0_decimals": 18,
  "token0": 0,
  "token0_liquidity": 165133736.93634185,
  "token0_price": 1.00043241,
  "token0_posVal": 52436843.001052685,
  "token0_posValUSD": 52459517.21633477,
  "token0_debtVal": 26713606.547186427,
  "token0_debtValUSD": 26725157.777793493,
  "token1_symbol": "WBNB",
  "token1_decimals": 18,
  "token1": 0,
  "token1_liquidity": 386564.8348802994,
  "token1_price": 427.17317644,
  "token1_posVal": 173413.67437216884,
  "token1_posValUSD": 74077670.1196912,
  "token1_debtVal": 112780.6080030234,
  "token1_debtValUSD": 48176850.56148599,
  "liquidity": 330335270.8313521,
  "tvl": 0,
  "health": 126537187.33602595,
  "debt": 74902008.33927949,
  "leverage": 2.450600342530023,
  "workerPositions": [
    {
      "name": "USDT-WBNB PancakeswapWorker",
      "address": "0x41867cc58aece8B570FF1A2a8aa6149014D2a94C",
      "vault": "ibWBNB",
      "borrowToken": "WBNB",
      "posVal": 173413.67437216884,
      "posValUSD": 74077670.1196912,
      "debtVal": 112780.6080030234,
      "debtValUSD": 48176850.56148599
    },
    {
      "name": "WBNB-USDT PancakeswapWorker",
      "address": "0x81b6534f4F7ba45Ecf98295Cef1450B4a4FC81Cd",
      "vault": "ibUSDT",
      "borrowToken": "USDT",
      "posVal": 52436843.001052685,
      "posValUSD": 52459517.21633477,
      "debtVal": 26713606.547186427,
      "debtValUSD": 26725157.777793493
    }
  ]
}