{
  "blockNo": 10483174,
  "lpName": "USDT-WBNB LP",
  "lpTokens": 0,
  "token0_symbol": "USDT",
  "token0_decimals": 18,
  "token0": 0,
  "token0_liquidity": 134495174.73711386,
  "token0_price": 1.00085489,
  "token0_posVal": 54407544.78090181,
  "token0_posValUSD": 54454057.24685956,
  "token0_debtVal": 29877493.213709667,
  "token0_debtValUSD": 29903035.183883138,
  "token1_symbol": "WBNB",
  "token1_decimals": 18,
  "token1": 0,
  "token1_liquidity": 284558.4433331658,
  "token1_price": 473.55593428,
  "token1_posVal": 124197.40582602714,
  "token1_posValUSD": 58814418.551096596,
  "token1_debtVal": 81017.57702219691,
  "token1_debtValUSD": 38366354.37984832,
  "liquidity": 269364492.8069446,
  "tvl": 0,
  "health": 113268475.79795615,
  "debt": 68269389.56373146,
  "leverage": 2.5171283525265946,
  "workerPositions": [
    {
      "name": "USDT-WBNB PancakeswapWorker",
      "address": "0x41867cc58aece8B570FF1A2a8aa6149014D2a94C",
      "vault": "ibWBNB",
      "borrowToken": "WBNB",
      "posVal": 124197.40582602714,
      "posValUSD": 58814418.551096596,
      "debtVal": 81017.57702219691,
      "debtValUSD": 38366354.37984832
    },
    {
      "name": "WBNB-USDT PancakeswapWorker",
      "address": "0x81b6534f4F7ba45Ecf98295Cef1450B4a4FC81Cd",
      "vault": "ibUSDT",
      "borrowToken": "USDT",
      "posVal": 54407544.78090181,
      "posValUSD": 54454057.24685956,
      "debtVal": 29877493.213709667,
      "debtValUSD": 29903035.183883138
    }
  ]
}