{
  "blockNo": 12076539,
  "lpName": "USDT-WBNB LP",
  "lpTokens": 0,
  "token0_symbol": "USDT",
  "token0_decimals": 18,
  "token0": 0,
  "token0_liquidity": 142496649.67181218,
  "token0_price": 1.00015181,
  "token0_posVal": 49242821.28265289,
  "token0_posValUSD": 49250296.83535181,
  "token0_debtVal": 29407610.03689361,
  "token0_debtValUSD": 29412074.40617331,
  "token1_symbol": "WBNB",
  "token1_decimals": 18,
  "token1": 0,
  "token1_liquidity": 295495.0580518927,
  "token1_price": 483.29534229,
  "token1_posVal": 131292.07756173593,
  "token1_posValUSD": 63452849.565164395,
  "token1_debtVal": 85808.90135798453,
  "token1_debtValUSD": 41471042.353335984,
  "liquidity": 285329667.31439173,
  "tvl": 0,
  "health": 112703146.40051621,
  "debt": 70883116.7595093,
  "leverage": 2.694956157802537,
  "workerPositions": [
    {
      "name": "USDT-WBNB PancakeswapWorker",
      "address": "0x41867cc58aece8B570FF1A2a8aa6149014D2a94C",
      "vault": "ibWBNB",
      "borrowToken": "WBNB",
      "posVal": 131292.07756173593,
      "posValUSD": 63452849.565164395,
      "debtVal": 85808.90135798453,
      "debtValUSD": 41471042.353335984
    },
    {
      "name": "WBNB-USDT PancakeswapWorker",
      "address": "0x81b6534f4F7ba45Ecf98295Cef1450B4a4FC81Cd",
      "vault": "ibUSDT",
      "borrowToken": "USDT",
      "posVal": 49242821.28265289,
      "posValUSD": 49250296.83535181,
      "debtVal": 29407610.03689361,
      "debtValUSD": 29412074.40617331
    }
  ]
}