{
  "blockNo": 16565555,
  "lpName": "USDT-WBNB LP",
  "lpTokens": 0,
  "token0_symbol": "USDT",
  "token0_decimals": 18,
  "token0": 0,
  "token0_liquidity": 164057086.28666478,
  "token0_price": 1.00024121,
  "token0_posVal": 49901415.934129454,
  "token0_posValUSD": 49913452.65466692,
  "token0_debtVal": 24922213.114437006,
  "token0_debtValUSD": 24928224.601462338,
  "token1_symbol": "WBNB",
  "token1_decimals": 18,
  "token1": 0,
  "token1_liquidity": 380065.75861420174,
  "token1_price": 431.23411177,
  "token1_posVal": 160946.9519726829,
  "token1_posValUSD": 69405815.87602876,
  "token1_debtVal": 105277.77233144458,
  "token1_debtValUSD": 45399366.64047479,
  "liquidity": 327993978.3266345,
  "tvl": 0,
  "health": 119319268.53069568,
  "debt": 70327591.24193713,
  "leverage": 2.4355007857237467,
  "workerPositions": [
    {
      "name": "USDT-WBNB PancakeswapWorker",
      "address": "0x41867cc58aece8B570FF1A2a8aa6149014D2a94C",
      "vault": "ibWBNB",
      "borrowToken": "WBNB",
      "posVal": 160946.9519726829,
      "posValUSD": 69405815.87602876,
      "debtVal": 105277.77233144458,
      "debtValUSD": 45399366.64047479
    },
    {
      "name": "WBNB-USDT PancakeswapWorker",
      "address": "0x81b6534f4F7ba45Ecf98295Cef1450B4a4FC81Cd",
      "vault": "ibUSDT",
      "borrowToken": "USDT",
      "posVal": 49901415.934129454,
      "posValUSD": 49913452.65466692,
      "debtVal": 24922213.114437006,
      "debtValUSD": 24928224.601462338
    }
  ]
}