{
  "blockNo": 10228842,
  "lpName": "USDT-WBNB LP",
  "lpTokens": 0,
  "token0_symbol": "USDT",
  "token0_decimals": 18,
  "token0": 0,
  "token0_liquidity": 121343104.53625925,
  "token0_price": 1.00006598,
  "token0_posVal": 37715810.61244059,
  "token0_posValUSD": 37718299.1016248,
  "token0_debtVal": 20360216.671269823,
  "token0_debtValUSD": 20361560.038365792,
  "token1_symbol": "WBNB",
  "token1_decimals": 18,
  "token1": 0,
  "token1_liquidity": 267214.45402519056,
  "token1_price": 454.15004999,
  "token1_posVal": 90410.4517170543,
  "token1_posValUSD": 41059911.166918695,
  "token1_debtVal": 61484.06232093166,
  "token1_debtValUSD": 27922989.97663939,
  "liquidity": 242706568.4078874,
  "tvl": 0,
  "health": 78778210.2685435,
  "debt": 48284550.015005186,
  "leverage": 2.5834291329261636,
  "workerPositions": [
    {
      "name": "USDT-WBNB PancakeswapWorker",
      "address": "0x41867cc58aece8B570FF1A2a8aa6149014D2a94C",
      "vault": "ibWBNB",
      "borrowToken": "WBNB",
      "posVal": 90410.4517170543,
      "posValUSD": 41059911.166918695,
      "debtVal": 61484.06232093166,
      "debtValUSD": 27922989.97663939
    },
    {
      "name": "WBNB-USDT PancakeswapWorker",
      "address": "0x81b6534f4F7ba45Ecf98295Cef1450B4a4FC81Cd",
      "vault": "ibUSDT",
      "borrowToken": "USDT",
      "posVal": 37715810.61244059,
      "posValUSD": 37718299.1016248,
      "debtVal": 20360216.671269823,
      "debtValUSD": 20361560.038365792
    }
  ]
}