{
  "blockNo": 13261874,
  "lpName": "USDT-WBNB LP",
  "lpTokens": 0,
  "token0_symbol": "USDT",
  "token0_decimals": 18,
  "token0": 0,
  "token0_liquidity": 137469815.55601838,
  "token0_price": 1.00110142,
  "token0_posVal": 49402806.18622162,
  "token0_posValUSD": 49457219.42501125,
  "token0_debtVal": 29861524.56772426,
  "token0_debtValUSD": 29894414.648113642,
  "token1_symbol": "WBNB",
  "token1_decimals": 18,
  "token1": 0,
  "token1_liquidity": 234322.529075975,
  "token1_price": 588.31420068,
  "token1_posVal": 141737.2048615491,
  "token1_posValUSD": 83386010.38473967,
  "token1_debtVal": 93625.23591585769,
  "token1_debtValUSD": 55081055.83131424,
  "liquidity": 275476498.95491636,
  "tvl": 0,
  "health": 132843229.80975091,
  "debt": 84975470.47942789,
  "leverage": 2.77521303834245,
  "workerPositions": [
    {
      "name": "USDT-WBNB PancakeswapWorker",
      "address": "0x41867cc58aece8B570FF1A2a8aa6149014D2a94C",
      "vault": "ibWBNB",
      "borrowToken": "WBNB",
      "posVal": 141737.2048615491,
      "posValUSD": 83386010.38473967,
      "debtVal": 93625.23591585769,
      "debtValUSD": 55081055.83131424
    },
    {
      "name": "WBNB-USDT PancakeswapWorker",
      "address": "0x81b6534f4F7ba45Ecf98295Cef1450B4a4FC81Cd",
      "vault": "ibUSDT",
      "borrowToken": "USDT",
      "posVal": 49402806.18622162,
      "posValUSD": 49457219.42501125,
      "debtVal": 29861524.56772426,
      "debtValUSD": 29894414.648113642
    }
  ]
}