{
  "blockNo": 11754887,
  "lpName": "USDT-WBNB LP",
  "lpTokens": 0,
  "token0_symbol": "USDT",
  "token0_decimals": 18,
  "token0": 0,
  "token0_liquidity": 94170833.07992592,
  "token0_price": 1.00004706,
  "token0_posVal": 43317011.87537437,
  "token0_posValUSD": 43319050.37395322,
  "token0_debtVal": 25319927.10224237,
  "token0_debtValUSD": 25321118.6580118,
  "token1_symbol": "WBNB",
  "token1_decimals": 18,
  "token1": 0,
  "token1_liquidity": 201529.85312521068,
  "token1_price": 467.75045983,
  "token1_posVal": 119841.96352170114,
  "token1_posValUSD": 56056133.54420579,
  "token1_debtVal": 79142.47314012781,
  "token1_debtValUSD": 37018928.20337821,
  "liquidity": 188440946.22812033,
  "tvl": 0,
  "health": 99375183.91815901,
  "debt": 62340046.86139001,
  "leverage": 2.6832676159894477,
  "workerPositions": [
    {
      "name": "USDT-WBNB PancakeswapWorker",
      "address": "0x41867cc58aece8B570FF1A2a8aa6149014D2a94C",
      "vault": "ibWBNB",
      "borrowToken": "WBNB",
      "posVal": 119841.96352170114,
      "posValUSD": 56056133.54420579,
      "debtVal": 79142.47314012781,
      "debtValUSD": 37018928.20337821
    },
    {
      "name": "WBNB-USDT PancakeswapWorker",
      "address": "0x81b6534f4F7ba45Ecf98295Cef1450B4a4FC81Cd",
      "vault": "ibUSDT",
      "borrowToken": "USDT",
      "posVal": 43317011.87537437,
      "posValUSD": 43319050.37395322,
      "debtVal": 25319927.10224237,
      "debtValUSD": 25321118.6580118
    }
  ]
}