{
  "blockNo": 18082434,
  "lpName": "USDT-WBNB LP",
  "lpTokens": 0,
  "token0_symbol": "USDT",
  "token0_decimals": 18,
  "token0": 0,
  "token0_liquidity": 118127835.79622933,
  "token0_price": 0.99903524,
  "token0_posVal": 30744661.5182044,
  "token0_posValUSD": 30715000.298558094,
  "token0_debtVal": 18411662.76732564,
  "token0_debtValUSD": 18393899.931554236,
  "token1_symbol": "WBNB",
  "token1_decimals": 18,
  "token1": 0,
  "token1_liquidity": 372889.8767187174,
  "token1_price": 317.32159294,
  "token1_posVal": 161461.28943106608,
  "token1_posValUSD": 51235153.56041228,
  "token1_debtVal": 84483.46194444477,
  "token1_debtValUSD": 26808426.721297085,
  "liquidity": 236339880.4569502,
  "tvl": 0,
  "health": 81950153.85897037,
  "debt": 45202326.65285132,
  "leverage": 2.2300680091726477,
  "workerPositions": [
    {
      "name": "USDT-WBNB PancakeswapWorker",
      "address": "0x41867cc58aece8B570FF1A2a8aa6149014D2a94C",
      "vault": "ibWBNB",
      "borrowToken": "WBNB",
      "posVal": 161461.28943106608,
      "posValUSD": 51235153.56041228,
      "debtVal": 84483.46194444477,
      "debtValUSD": 26808426.721297085
    },
    {
      "name": "WBNB-USDT PancakeswapWorker",
      "address": "0x81b6534f4F7ba45Ecf98295Cef1450B4a4FC81Cd",
      "vault": "ibUSDT",
      "borrowToken": "USDT",
      "posVal": 30744661.5182044,
      "posValUSD": 30715000.298558094,
      "debtVal": 18411662.76732564,
      "debtValUSD": 18393899.931554236
    }
  ]
}