{
  "blockNo": 13679656,
  "lpName": "USDT-WBNB LP",
  "lpTokens": 0,
  "token0_symbol": "USDT",
  "token0_decimals": 18,
  "token0": 0,
  "token0_liquidity": 144314583.97078452,
  "token0_price": 1,
  "token0_posVal": 49715403.24092824,
  "token0_posValUSD": 49715403.24092824,
  "token0_debtVal": 31193473.15269968,
  "token0_debtValUSD": 31193473.15269968,
  "token1_symbol": "WBNB",
  "token1_decimals": 18,
  "token1": 0,
  "token1_liquidity": 272966.3736114579,
  "token1_price": 529.11108677,
  "token1_posVal": 151321.97291328025,
  "token1_posValUSD": 80066133.54032622,
  "token1_debtVal": 95918.69509923684,
  "token1_debtValUSD": 50751645.00551748,
  "liquidity": 288744118.56400883,
  "tvl": 0,
  "health": 129781536.78125447,
  "debt": 81945118.15821716,
  "leverage": 2.713027866989056,
  "workerPositions": [
    {
      "name": "USDT-WBNB PancakeswapWorker",
      "address": "0x41867cc58aece8B570FF1A2a8aa6149014D2a94C",
      "vault": "ibWBNB",
      "borrowToken": "WBNB",
      "posVal": 151321.97291328025,
      "posValUSD": 80066133.54032622,
      "debtVal": 95918.69509923684,
      "debtValUSD": 50751645.00551748
    },
    {
      "name": "WBNB-USDT PancakeswapWorker",
      "address": "0x81b6534f4F7ba45Ecf98295Cef1450B4a4FC81Cd",
      "vault": "ibUSDT",
      "borrowToken": "USDT",
      "posVal": 49715403.24092824,
      "posValUSD": 49715403.24092824,
      "debtVal": 31193473.15269968,
      "debtValUSD": 31193473.15269968
    }
  ]
}