{
  "blockNo": 11733520,
  "lpName": "USDT-WBNB LP",
  "lpTokens": 0,
  "token0_symbol": "USDT",
  "token0_decimals": 18,
  "token0": 0,
  "token0_liquidity": 142404891.05246934,
  "token0_price": 1,
  "token0_posVal": 49260256.64422304,
  "token0_posValUSD": 49260256.64422304,
  "token0_debtVal": 28988827.66054917,
  "token0_debtValUSD": 28988827.66054917,
  "token1_symbol": "WBNB",
  "token1_decimals": 18,
  "token1": 0,
  "token1_liquidity": 311710.67691971373,
  "token1_price": 457.05623533,
  "token1_posVal": 139855.79849507654,
  "token1_posValUSD": 63921964.749230765,
  "token1_debtVal": 91232.6804044687,
  "token1_debtValUSD": 41698465.444731526,
  "liquidity": 284874199.5575596,
  "tvl": 0,
  "health": 113182221.3934538,
  "debt": 70687293.1052807,
  "leverage": 2.6634289302931684,
  "workerPositions": [
    {
      "name": "USDT-WBNB PancakeswapWorker",
      "address": "0x41867cc58aece8B570FF1A2a8aa6149014D2a94C",
      "vault": "ibWBNB",
      "borrowToken": "WBNB",
      "posVal": 139855.79849507654,
      "posValUSD": 63921964.749230765,
      "debtVal": 91232.6804044687,
      "debtValUSD": 41698465.444731526
    },
    {
      "name": "WBNB-USDT PancakeswapWorker",
      "address": "0x81b6534f4F7ba45Ecf98295Cef1450B4a4FC81Cd",
      "vault": "ibUSDT",
      "borrowToken": "USDT",
      "posVal": 49260256.64422304,
      "posValUSD": 49260256.64422304,
      "debtVal": 28988827.66054917,
      "debtValUSD": 28988827.66054917
    }
  ]
}