{
  "blockNo": 11980675,
  "lpName": "USDT-WBNB LP",
  "lpTokens": 0,
  "token0_symbol": "USDT",
  "token0_decimals": 18,
  "token0": 0,
  "token0_liquidity": 130467796.83619331,
  "token0_price": 1,
  "token0_posVal": 48459397.86809364,
  "token0_posValUSD": 48459397.86809364,
  "token0_debtVal": 29095758.041392606,
  "token0_debtValUSD": 29095758.041392606,
  "token1_symbol": "WBNB",
  "token1_decimals": 18,
  "token1": 0,
  "token1_liquidity": 273522.5132666091,
  "token1_price": 475.89832804,
  "token1_posVal": 127555.48107304651,
  "token1_posValUSD": 60703440.175000705,
  "token1_debtVal": 83587.75881821566,
  "token1_debtValUSD": 39779274.6661996,
  "liquidity": 260636703.58107132,
  "tvl": 0,
  "health": 109162838.04309434,
  "debt": 68875032.7075922,
  "leverage": 2.7095751961176857,
  "workerPositions": [
    {
      "name": "USDT-WBNB PancakeswapWorker",
      "address": "0x41867cc58aece8B570FF1A2a8aa6149014D2a94C",
      "vault": "ibWBNB",
      "borrowToken": "WBNB",
      "posVal": 127555.48107304651,
      "posValUSD": 60703440.175000705,
      "debtVal": 83587.75881821566,
      "debtValUSD": 39779274.6661996
    },
    {
      "name": "WBNB-USDT PancakeswapWorker",
      "address": "0x81b6534f4F7ba45Ecf98295Cef1450B4a4FC81Cd",
      "vault": "ibUSDT",
      "borrowToken": "USDT",
      "posVal": 48459397.86809364,
      "posValUSD": 48459397.86809364,
      "debtVal": 29095758.041392606,
      "debtValUSD": 29095758.041392606
    }
  ]
}