{
  "blockNo": 15281711,
  "lpName": "USDT-WBNB LP",
  "lpTokens": 0,
  "token0_symbol": "USDT",
  "token0_decimals": 18,
  "token0": 0,
  "token0_liquidity": 121595559.90316708,
  "token0_price": 1.00051701,
  "token0_posVal": 44133416.33298024,
  "token0_posValUSD": 44156233.750558555,
  "token0_debtVal": 25478315.044279777,
  "token0_debtValUSD": 25491487.58794082,
  "token1_symbol": "WBNB",
  "token1_decimals": 18,
  "token1": 0,
  "token1_liquidity": 280937.6816728604,
  "token1_price": 432.65984022,
  "token1_posVal": 166292.7430700466,
  "token1_posValUSD": 71948191.64643186,
  "token1_debtVal": 101081.81019390632,
  "token1_debtValUSD": 43734039.847643875,
  "liquidity": 243208878.4879496,
  "tvl": 0,
  "health": 116104425.39699042,
  "debt": 69225527.4355847,
  "leverage": 2.4766884557008235,
  "workerPositions": [
    {
      "name": "USDT-WBNB PancakeswapWorker",
      "address": "0x41867cc58aece8B570FF1A2a8aa6149014D2a94C",
      "vault": "ibWBNB",
      "borrowToken": "WBNB",
      "posVal": 166292.7430700466,
      "posValUSD": 71948191.64643186,
      "debtVal": 101081.81019390632,
      "debtValUSD": 43734039.847643875
    },
    {
      "name": "WBNB-USDT PancakeswapWorker",
      "address": "0x81b6534f4F7ba45Ecf98295Cef1450B4a4FC81Cd",
      "vault": "ibUSDT",
      "borrowToken": "USDT",
      "posVal": 44133416.33298024,
      "posValUSD": 44156233.750558555,
      "debtVal": 25478315.044279777,
      "debtValUSD": 25491487.58794082
    }
  ]
}