{
  "blockNo": 11953687,
  "lpName": "USDT-WBNB LP",
  "lpTokens": 0,
  "token0_symbol": "USDT",
  "token0_decimals": 18,
  "token0": 0,
  "token0_liquidity": 127410062.22172424,
  "token0_price": 1.00000974,
  "token0_posVal": 47809426.24466648,
  "token0_posValUSD": 47809891.9084781,
  "token0_debtVal": 27948032.26536864,
  "token0_debtValUSD": 27948304.479202908,
  "token1_symbol": "WBNB",
  "token1_decimals": 18,
  "token1": 0,
  "token1_liquidity": 254735.95714257515,
  "token1_price": 499.50689489,
  "token1_posVal": 122976.42946793765,
  "token1_posValUSD": 61427574.42818863,
  "token1_debtVal": 82536.23280144161,
  "token1_debtValUSD": 41227417.36256627,
  "liquidity": 254653670.16485012,
  "tvl": 0,
  "health": 109237466.33666673,
  "debt": 69175721.84176917,
  "leverage": 2.7267276478831244,
  "workerPositions": [
    {
      "name": "USDT-WBNB PancakeswapWorker",
      "address": "0x41867cc58aece8B570FF1A2a8aa6149014D2a94C",
      "vault": "ibWBNB",
      "borrowToken": "WBNB",
      "posVal": 122976.42946793765,
      "posValUSD": 61427574.42818863,
      "debtVal": 82536.23280144161,
      "debtValUSD": 41227417.36256627
    },
    {
      "name": "WBNB-USDT PancakeswapWorker",
      "address": "0x81b6534f4F7ba45Ecf98295Cef1450B4a4FC81Cd",
      "vault": "ibUSDT",
      "borrowToken": "USDT",
      "posVal": 47809426.24466648,
      "posValUSD": 47809891.9084781,
      "debtVal": 27948032.26536864,
      "debtValUSD": 27948304.479202908
    }
  ]
}