{
  "blockNo": 18126554,
  "lpName": "USDT-WBNB LP",
  "lpTokens": 0,
  "token0_symbol": "USDT",
  "token0_decimals": 18,
  "token0": 0,
  "token0_liquidity": 122805836.03894584,
  "token0_price": 0.99910361,
  "token0_posVal": 31078697.25687653,
  "token0_posValUSD": 31050838.623442437,
  "token0_debtVal": 18206113.290056355,
  "token0_debtValUSD": 18189793.512164284,
  "token1_symbol": "WBNB",
  "token1_decimals": 18,
  "token1": 0,
  "token1_liquidity": 371874.62504441245,
  "token1_price": 330.96168614,
  "token1_posVal": 170257.49088233217,
  "token1_posValUSD": 56348706.26038233,
  "token1_debtVal": 90588.49095121675,
  "token1_debtValUSD": 29981319.710092828,
  "liquidity": 245772007.0529579,
  "tvl": 0,
  "health": 87399544.88382477,
  "debt": 48171113.22225711,
  "leverage": 2.22796428972333,
  "workerPositions": [
    {
      "name": "USDT-WBNB PancakeswapWorker",
      "address": "0x41867cc58aece8B570FF1A2a8aa6149014D2a94C",
      "vault": "ibWBNB",
      "borrowToken": "WBNB",
      "posVal": 170257.49088233217,
      "posValUSD": 56348706.26038233,
      "debtVal": 90588.49095121675,
      "debtValUSD": 29981319.710092828
    },
    {
      "name": "WBNB-USDT PancakeswapWorker",
      "address": "0x81b6534f4F7ba45Ecf98295Cef1450B4a4FC81Cd",
      "vault": "ibUSDT",
      "borrowToken": "USDT",
      "posVal": 31078697.25687653,
      "posValUSD": 31050838.623442437,
      "debtVal": 18206113.290056355,
      "debtValUSD": 18189793.512164284
    }
  ]
}