{
  "blockNo": 15401372,
  "lpName": "USDT-WBNB LP",
  "lpTokens": 0,
  "token0_symbol": "USDT",
  "token0_decimals": 18,
  "token0": 0,
  "token0_liquidity": 98222570.60963452,
  "token0_price": 1.00066598,
  "token0_posVal": 27323386.44560701,
  "token0_posValUSD": 27341583.274512056,
  "token0_debtVal": 15725923.365636172,
  "token0_debtValUSD": 15736396.516079217,
  "token1_symbol": "WBNB",
  "token1_decimals": 18,
  "token1": 0,
  "token1_liquidity": 247269.52306271784,
  "token1_price": 396.76285346,
  "token1_posVal": 189730.34192740507,
  "token1_posValUSD": 75277951.8510587,
  "token1_debtVal": 117193.93168964096,
  "token1_debtValUSD": 46498198.74537826,
  "liquidity": 196395346.42126632,
  "tvl": 0,
  "health": 102619535.12557076,
  "debt": 62234595.26145748,
  "leverage": 2.541034738961198,
  "workerPositions": [
    {
      "name": "USDT-WBNB PancakeswapWorker",
      "address": "0x41867cc58aece8B570FF1A2a8aa6149014D2a94C",
      "vault": "ibWBNB",
      "borrowToken": "WBNB",
      "posVal": 189730.34192740507,
      "posValUSD": 75277951.8510587,
      "debtVal": 117193.93168964096,
      "debtValUSD": 46498198.74537826
    },
    {
      "name": "WBNB-USDT PancakeswapWorker",
      "address": "0x81b6534f4F7ba45Ecf98295Cef1450B4a4FC81Cd",
      "vault": "ibUSDT",
      "borrowToken": "USDT",
      "posVal": 27323386.44560701,
      "posValUSD": 27341583.274512056,
      "debtVal": 15725923.365636172,
      "debtValUSD": 15736396.516079217
    }
  ]
}