{
  "blockNo": 11787189,
  "lpName": "USDT-WBNB LP",
  "lpTokens": 0,
  "token0_symbol": "USDT",
  "token0_decimals": 18,
  "token0": 0,
  "token0_liquidity": 111305574.0018982,
  "token0_price": 1.00009116,
  "token0_posVal": 44606574.53975605,
  "token0_posValUSD": 44610640.8750911,
  "token0_debtVal": 26223625.100684047,
  "token0_debtValUSD": 26226015.646348223,
  "token1_symbol": "WBNB",
  "token1_decimals": 18,
  "token1": 0,
  "token1_liquidity": 238648.26715712118,
  "token1_price": 466.13981502,
  "token1_posVal": 121292.41764951148,
  "token1_posValUSD": 56539225.12647187,
  "token1_debtVal": 79803.5349170478,
  "token1_debtValUSD": 37199605.00417478,
  "liquidity": 222559179.72548825,
  "tvl": 0,
  "health": 101149866.00156297,
  "debt": 63425620.650523,
  "leverage": 2.681295942710608,
  "workerPositions": [
    {
      "name": "USDT-WBNB PancakeswapWorker",
      "address": "0x41867cc58aece8B570FF1A2a8aa6149014D2a94C",
      "vault": "ibWBNB",
      "borrowToken": "WBNB",
      "posVal": 121292.41764951148,
      "posValUSD": 56539225.12647187,
      "debtVal": 79803.5349170478,
      "debtValUSD": 37199605.00417478
    },
    {
      "name": "WBNB-USDT PancakeswapWorker",
      "address": "0x81b6534f4F7ba45Ecf98295Cef1450B4a4FC81Cd",
      "vault": "ibUSDT",
      "borrowToken": "USDT",
      "posVal": 44606574.53975605,
      "posValUSD": 44610640.8750911,
      "debtVal": 26223625.100684047,
      "debtValUSD": 26226015.646348223
    }
  ]
}