{
  "blockNo": 11777594,
  "lpName": "USDT-WBNB LP",
  "lpTokens": 0,
  "token0_symbol": "USDT",
  "token0_decimals": 18,
  "token0": 0,
  "token0_liquidity": 111028711.04371162,
  "token0_price": 1.00009116,
  "token0_posVal": 43722406.19682988,
  "token0_posValUSD": 43726391.93137878,
  "token0_debtVal": 25566621.794358905,
  "token0_debtValUSD": 25568952.44760168,
  "token1_symbol": "WBNB",
  "token1_decimals": 18,
  "token1": 0,
  "token1_liquidity": 236974.0631999657,
  "token1_price": 469.79282119,
  "token1_posVal": 119877.94138857863,
  "token1_posValUSD": 56317796.28338982,
  "token1_debtVal": 79130.2220321898,
  "token1_debtValUSD": 37174810.249893546,
  "liquidity": 222367546.1205796,
  "tvl": 0,
  "health": 100044188.2147686,
  "debt": 62743762.69749522,
  "leverage": 2.682119220555254,
  "workerPositions": [
    {
      "name": "USDT-WBNB PancakeswapWorker",
      "address": "0x41867cc58aece8B570FF1A2a8aa6149014D2a94C",
      "vault": "ibWBNB",
      "borrowToken": "WBNB",
      "posVal": 119877.94138857863,
      "posValUSD": 56317796.28338982,
      "debtVal": 79130.2220321898,
      "debtValUSD": 37174810.249893546
    },
    {
      "name": "WBNB-USDT PancakeswapWorker",
      "address": "0x81b6534f4F7ba45Ecf98295Cef1450B4a4FC81Cd",
      "vault": "ibUSDT",
      "borrowToken": "USDT",
      "posVal": 43722406.19682988,
      "posValUSD": 43726391.93137878,
      "debtVal": 25566621.794358905,
      "debtValUSD": 25568952.44760168
    }
  ]
}