{
  "blockNo": 11300062,
  "lpName": "USDT-WBNB LP",
  "lpTokens": 0,
  "token0_symbol": "USDT",
  "token0_decimals": 18,
  "token0": 0,
  "token0_liquidity": 125537284.2631057,
  "token0_price": 1.00056543,
  "token0_posVal": 45055925.26368922,
  "token0_posValUSD": 45081401.235511065,
  "token0_debtVal": 28063235.263573702,
  "token0_debtValUSD": 28079103.058688786,
  "token1_symbol": "WBNB",
  "token1_decimals": 18,
  "token1": 0,
  "token1_liquidity": 370173.3507475859,
  "token1_price": 339.04144914,
  "token1_posVal": 160107.55986444358,
  "token1_posValUSD": 54283099.11471026,
  "token1_debtVal": 94759.79396289647,
  "token1_debtValUSD": 32127497.86538824,
  "liquidity": 251112376.0802176,
  "tvl": 0,
  "health": 99364500.35022132,
  "debt": 60206600.92407703,
  "leverage": 2.5375339792583276,
  "workerPositions": [
    {
      "name": "USDT-WBNB PancakeswapWorker",
      "address": "0x41867cc58aece8B570FF1A2a8aa6149014D2a94C",
      "vault": "ibWBNB",
      "borrowToken": "WBNB",
      "posVal": 160107.55986444358,
      "posValUSD": 54283099.11471026,
      "debtVal": 94759.79396289647,
      "debtValUSD": 32127497.86538824
    },
    {
      "name": "WBNB-USDT PancakeswapWorker",
      "address": "0x81b6534f4F7ba45Ecf98295Cef1450B4a4FC81Cd",
      "vault": "ibUSDT",
      "borrowToken": "USDT",
      "posVal": 45055925.26368922,
      "posValUSD": 45081401.235511065,
      "debtVal": 28063235.263573702,
      "debtValUSD": 28079103.058688786
    }
  ]
}