{
  "blockNo": 8686494,
  "lpName": "USDT-WBNB LP",
  "lpTokens": 0,
  "token0_symbol": "USDT",
  "token0_decimals": 18,
  "token0": 0,
  "token0_liquidity": 66663427.780987486,
  "token0_price": 1.00045,
  "token0_posVal": 24899916.310365524,
  "token0_posValUSD": 24911121.27270519,
  "token0_debtVal": 13881313.021696664,
  "token0_debtValUSD": 13887559.61255643,
  "token1_symbol": "WBNB",
  "token1_decimals": 18,
  "token1": 0,
  "token1_liquidity": 227006.8443503459,
  "token1_price": 294.27947214,
  "token1_posVal": 52216.478830509404,
  "token1_posValUSD": 15366237.827251792,
  "token1_debtVal": 29567.390907261764,
  "token1_debtValUSD": 8701076.188746028,
  "liquidity": 133496880.65107587,
  "tvl": 0,
  "health": 40277359.09995698,
  "debt": 22588635.801302455,
  "leverage": 2.2770076969331434,
  "workerPositions": [
    {
      "name": "USDT-WBNB PancakeswapWorker",
      "address": "0x41867cc58aece8B570FF1A2a8aa6149014D2a94C",
      "vault": "ibWBNB",
      "borrowToken": "WBNB",
      "posVal": 52216.478830509404,
      "posValUSD": 15366237.827251792,
      "debtVal": 29567.390907261764,
      "debtValUSD": 8701076.188746028
    },
    {
      "name": "WBNB-USDT PancakeswapWorker",
      "address": "0x81b6534f4F7ba45Ecf98295Cef1450B4a4FC81Cd",
      "vault": "ibUSDT",
      "borrowToken": "USDT",
      "posVal": 24899916.310365524,
      "posValUSD": 24911121.27270519,
      "debtVal": 13881313.021696664,
      "debtValUSD": 13887559.61255643
    }
  ]
}