{
  "blockNo": 12411328,
  "lpName": "USDT-WBNB LP",
  "lpTokens": 0,
  "token0_symbol": "USDT",
  "token0_decimals": 18,
  "token0": 0,
  "token0_liquidity": 146909000.8459774,
  "token0_price": 1.00076422,
  "token0_posVal": 52979550.05862361,
  "token0_posValUSD": 53020038.09036941,
  "token0_debtVal": 30626910.867448922,
  "token0_debtValUSD": 30650316.565272044,
  "token1_symbol": "WBNB",
  "token1_decimals": 18,
  "token1": 0,
  "token1_liquidity": 238341.62722846316,
  "token1_price": 617.36,
  "token1_posVal": 133513.32437319573,
  "token1_posValUSD": 82425785.93503612,
  "token1_debtVal": 95008.09339389249,
  "token1_debtValUSD": 58654196.53765347,
  "liquidity": 294163858.6283679,
  "tvl": 0,
  "health": 135445824.02540553,
  "debt": 89304513.10292551,
  "leverage": 2.9354567808652443,
  "workerPositions": [
    {
      "name": "USDT-WBNB PancakeswapWorker",
      "address": "0x41867cc58aece8B570FF1A2a8aa6149014D2a94C",
      "vault": "ibWBNB",
      "borrowToken": "WBNB",
      "posVal": 133513.32437319573,
      "posValUSD": 82425785.93503612,
      "debtVal": 95008.09339389249,
      "debtValUSD": 58654196.53765347
    },
    {
      "name": "WBNB-USDT PancakeswapWorker",
      "address": "0x81b6534f4F7ba45Ecf98295Cef1450B4a4FC81Cd",
      "vault": "ibUSDT",
      "borrowToken": "USDT",
      "posVal": 52979550.05862361,
      "posValUSD": 53020038.09036941,
      "debtVal": 30626910.867448922,
      "debtValUSD": 30650316.565272044
    }
  ]
}