{
  "blockNo": 17300555,
  "lpName": "USDT-WBNB LP",
  "lpTokens": 0,
  "token0_symbol": "USDT",
  "token0_decimals": 18,
  "token0": 0,
  "token0_liquidity": 167710149.69393462,
  "token0_price": 1.00010117,
  "token0_posVal": 52758027.2197662,
  "token0_posValUSD": 52763364.74938002,
  "token0_debtVal": 27877800.81008237,
  "token0_debtValUSD": 27880621.207190324,
  "token1_symbol": "WBNB",
  "token1_decimals": 18,
  "token1": 0,
  "token1_liquidity": 432227.9514435824,
  "token1_price": 388.26940738,
  "token1_posVal": 181980.16626159174,
  "token1_posValUSD": 70657331.3093021,
  "token1_debtVal": 111850.58506881919,
  "token1_debtValUSD": 43428160.3797767,
  "liquidity": 335548007.4898503,
  "tvl": 0,
  "health": 123420696.05868213,
  "debt": 71308781.58696702,
  "leverage": 2.368377698456491,
  "workerPositions": [
    {
      "name": "USDT-WBNB PancakeswapWorker",
      "address": "0x41867cc58aece8B570FF1A2a8aa6149014D2a94C",
      "vault": "ibWBNB",
      "borrowToken": "WBNB",
      "posVal": 181980.16626159174,
      "posValUSD": 70657331.3093021,
      "debtVal": 111850.58506881919,
      "debtValUSD": 43428160.3797767
    },
    {
      "name": "WBNB-USDT PancakeswapWorker",
      "address": "0x81b6534f4F7ba45Ecf98295Cef1450B4a4FC81Cd",
      "vault": "ibUSDT",
      "borrowToken": "USDT",
      "posVal": 52758027.2197662,
      "posValUSD": 52763364.74938002,
      "debtVal": 27877800.81008237,
      "debtValUSD": 27880621.207190324
    }
  ]
}