{
  "blockNo": 16072794,
  "lpName": "USDT-WBNB LP",
  "lpTokens": 0,
  "token0_symbol": "USDT",
  "token0_decimals": 18,
  "token0": 0,
  "token0_liquidity": 120216630.70590742,
  "token0_price": 1.00003972,
  "token0_posVal": 46218016.719932556,
  "token0_posValUSD": 46219852.49955667,
  "token0_debtVal": 25250719.086945556,
  "token0_debtValUSD": 25251722.045507688,
  "token1_symbol": "WBNB",
  "token1_decimals": 18,
  "token1": 0,
  "token1_liquidity": 327592.0868017228,
  "token1_price": 366.74664,
  "token1_posVal": 185241.43101156567,
  "token1_posValUSD": 67936672.41228351,
  "token1_debtVal": 111434.43893172703,
  "token1_debtValUSD": 40868206.05849608,
  "liquidity": 240364702.83559924,
  "tvl": 0,
  "health": 114156524.91184017,
  "debt": 66119928.10400377,
  "leverage": 2.3764490513036796,
  "workerPositions": [
    {
      "name": "USDT-WBNB PancakeswapWorker",
      "address": "0x41867cc58aece8B570FF1A2a8aa6149014D2a94C",
      "vault": "ibWBNB",
      "borrowToken": "WBNB",
      "posVal": 185241.43101156567,
      "posValUSD": 67936672.41228351,
      "debtVal": 111434.43893172703,
      "debtValUSD": 40868206.05849608
    },
    {
      "name": "WBNB-USDT PancakeswapWorker",
      "address": "0x81b6534f4F7ba45Ecf98295Cef1450B4a4FC81Cd",
      "vault": "ibUSDT",
      "borrowToken": "USDT",
      "posVal": 46218016.719932556,
      "posValUSD": 46219852.49955667,
      "debtVal": 25250719.086945556,
      "debtValUSD": 25251722.045507688
    }
  ]
}