{
  "blockNo": 14929450,
  "lpName": "USDT-WBNB LP",
  "lpTokens": 0,
  "token0_symbol": "USDT",
  "token0_decimals": 18,
  "token0": 0,
  "token0_liquidity": 94165464.06551446,
  "token0_price": 1.00062711,
  "token0_posVal": 37670885.677758195,
  "token0_posValUSD": 37694509.46687557,
  "token0_debtVal": 23530283.640966374,
  "token0_debtValUSD": 23545039.71714046,
  "token1_symbol": "WBNB",
  "token1_decimals": 18,
  "token1": 0,
  "token1_liquidity": 257881.31993757896,
  "token1_price": 367.61524482,
  "token1_posVal": 131628.0322499135,
  "token1_posValUSD": 48388471.3007268,
  "token1_debtVal": 77830.07450941221,
  "token1_debtValUSD": 28611521.89513641,
  "liquidity": 189025620.73304242,
  "tvl": 0,
  "health": 86082980.76760237,
  "debt": 52156561.61227687,
  "leverage": 2.537343548503843,
  "workerPositions": [
    {
      "name": "USDT-WBNB PancakeswapWorker",
      "address": "0x41867cc58aece8B570FF1A2a8aa6149014D2a94C",
      "vault": "ibWBNB",
      "borrowToken": "WBNB",
      "posVal": 131628.0322499135,
      "posValUSD": 48388471.3007268,
      "debtVal": 77830.07450941221,
      "debtValUSD": 28611521.89513641
    },
    {
      "name": "WBNB-USDT PancakeswapWorker",
      "address": "0x81b6534f4F7ba45Ecf98295Cef1450B4a4FC81Cd",
      "vault": "ibUSDT",
      "borrowToken": "USDT",
      "posVal": 37670885.677758195,
      "posValUSD": 37694509.46687557,
      "debtVal": 23530283.640966374,
      "debtValUSD": 23545039.71714046
    }
  ]
}