{
  "blockNo": 17114279,
  "lpName": "USDT-WBNB LP",
  "lpTokens": 0,
  "token0_symbol": "USDT",
  "token0_decimals": 18,
  "token0": 0,
  "token0_liquidity": 170097793.83252743,
  "token0_price": 1.00016602,
  "token0_posVal": 55672254.2790724,
  "token0_posValUSD": 55681496.986727804,
  "token0_debtVal": 28239909.400930762,
  "token0_debtValUSD": 28244597.790689506,
  "token1_symbol": "WBNB",
  "token1_decimals": 18,
  "token1": 0,
  "token1_liquidity": 403834.3242223948,
  "token1_price": 421.6,
  "token1_posVal": 178765.73049540663,
  "token1_posValUSD": 75367631.97686344,
  "token1_debtVal": 114026.6802910221,
  "token1_debtValUSD": 48073648.41069492,
  "liquidity": 340382584.56042117,
  "tvl": 0,
  "health": 131049128.96359125,
  "debt": 76318246.20138443,
  "leverage": 2.3944274667187404,
  "workerPositions": [
    {
      "name": "USDT-WBNB PancakeswapWorker",
      "address": "0x41867cc58aece8B570FF1A2a8aa6149014D2a94C",
      "vault": "ibWBNB",
      "borrowToken": "WBNB",
      "posVal": 178765.73049540663,
      "posValUSD": 75367631.97686344,
      "debtVal": 114026.6802910221,
      "debtValUSD": 48073648.41069492
    },
    {
      "name": "WBNB-USDT PancakeswapWorker",
      "address": "0x81b6534f4F7ba45Ecf98295Cef1450B4a4FC81Cd",
      "vault": "ibUSDT",
      "borrowToken": "USDT",
      "posVal": 55672254.2790724,
      "posValUSD": 55681496.986727804,
      "debtVal": 28239909.400930762,
      "debtValUSD": 28244597.790689506
    }
  ]
}