{
  "blockNo": 16942937,
  "lpName": "USDT-WBNB LP",
  "lpTokens": 0,
  "token0_symbol": "USDT",
  "token0_decimals": 18,
  "token0": 0,
  "token0_liquidity": 166365601.04063886,
  "token0_price": 1.00032218,
  "token0_posVal": 52869991.931486316,
  "token0_posValUSD": 52887025.5854868,
  "token0_debtVal": 26835365.402606715,
  "token0_debtValUSD": 26844011.220632125,
  "token1_symbol": "WBNB",
  "token1_decimals": 18,
  "token1": 0,
  "token1_liquidity": 402977.6867036582,
  "token1_price": 412.47,
  "token1_posVal": 172014.90329972934,
  "token1_posValUSD": 70950987.16403936,
  "token1_debtVal": 108562.33489178878,
  "token1_debtValUSD": 44778706.27281612,
  "liquidity": 332635407.14464,
  "tvl": 0,
  "health": 123838012.74952616,
  "debt": 71622717.49344824,
  "leverage": 2.3716807908906974,
  "workerPositions": [
    {
      "name": "USDT-WBNB PancakeswapWorker",
      "address": "0x41867cc58aece8B570FF1A2a8aa6149014D2a94C",
      "vault": "ibWBNB",
      "borrowToken": "WBNB",
      "posVal": 172014.90329972934,
      "posValUSD": 70950987.16403936,
      "debtVal": 108562.33489178878,
      "debtValUSD": 44778706.27281612
    },
    {
      "name": "WBNB-USDT PancakeswapWorker",
      "address": "0x81b6534f4F7ba45Ecf98295Cef1450B4a4FC81Cd",
      "vault": "ibUSDT",
      "borrowToken": "USDT",
      "posVal": 52869991.931486316,
      "posValUSD": 52887025.5854868,
      "debtVal": 26835365.402606715,
      "debtValUSD": 26844011.220632125
    }
  ]
}