{
  "blockNo": 9291436,
  "lpName": "USDT-WBNB LP",
  "lpTokens": 0,
  "token0_symbol": "USDT",
  "token0_decimals": 18,
  "token0": 0,
  "token0_liquidity": 70562050.01301406,
  "token0_price": 1.00043707,
  "token0_posVal": 24853610.49465044,
  "token0_posValUSD": 24864473.262189336,
  "token0_debtVal": 14523999.848271795,
  "token0_debtValUSD": 14530347.85288548,
  "token1_symbol": "WBNB",
  "token1_decimals": 18,
  "token1": 0,
  "token1_liquidity": 238677.51150207518,
  "token1_price": 295.85556601,
  "token1_posVal": 72408.17857569427,
  "token1_posValUSD": 21422362.656265184,
  "token1_debtVal": 44699.88763091835,
  "token1_debtValUSD": 13224710.555628747,
  "liquidity": 141206960.827518,
  "tvl": 0,
  "health": 46286835.91845452,
  "debt": 27755058.408514224,
  "leverage": 2.4977008219328467,
  "workerPositions": [
    {
      "name": "USDT-WBNB PancakeswapWorker",
      "address": "0x41867cc58aece8B570FF1A2a8aa6149014D2a94C",
      "vault": "ibWBNB",
      "borrowToken": "WBNB",
      "posVal": 72408.17857569427,
      "posValUSD": 21422362.656265184,
      "debtVal": 44699.88763091835,
      "debtValUSD": 13224710.555628747
    },
    {
      "name": "WBNB-USDT PancakeswapWorker",
      "address": "0x81b6534f4F7ba45Ecf98295Cef1450B4a4FC81Cd",
      "vault": "ibUSDT",
      "borrowToken": "USDT",
      "posVal": 24853610.49465044,
      "posValUSD": 24864473.262189336,
      "debtVal": 14523999.848271795,
      "debtValUSD": 14530347.85288548
    }
  ]
}