{
  "blockNo": 17404033,
  "lpName": "USDT-WBNB LP",
  "lpTokens": 0,
  "token0_symbol": "USDT",
  "token0_decimals": 18,
  "token0": 0,
  "token0_liquidity": 134534637.5816008,
  "token0_price": 1.00013457,
  "token0_posVal": 17578956.50293555,
  "token0_posValUSD": 17581322.10311215,
  "token0_debtVal": 9959184.712347347,
  "token0_debtValUSD": 9960524.919834087,
  "token1_symbol": "WBNB",
  "token1_decimals": 18,
  "token1": 0,
  "token1_liquidity": 345230.24941723957,
  "token1_price": 389.87,
  "token1_posVal": 172125.9120505493,
  "token1_posValUSD": 67106729.331147656,
  "token1_debtVal": 107144.76773122998,
  "token1_debtValUSD": 41772530.59537463,
  "liquidity": 269147659.2480793,
  "tvl": 0,
  "health": 84688051.4342598,
  "debt": 51733055.51520871,
  "leverage": 2.5698091919745054,
  "workerPositions": [
    {
      "name": "USDT-WBNB PancakeswapWorker",
      "address": "0x41867cc58aece8B570FF1A2a8aa6149014D2a94C",
      "vault": "ibWBNB",
      "borrowToken": "WBNB",
      "posVal": 172125.9120505493,
      "posValUSD": 67106729.331147656,
      "debtVal": 107144.76773122998,
      "debtValUSD": 41772530.59537463
    },
    {
      "name": "WBNB-USDT PancakeswapWorker",
      "address": "0x81b6534f4F7ba45Ecf98295Cef1450B4a4FC81Cd",
      "vault": "ibUSDT",
      "borrowToken": "USDT",
      "posVal": 17578956.50293555,
      "posValUSD": 17581322.10311215,
      "debtVal": 9959184.712347347,
      "debtValUSD": 9960524.919834087
    }
  ]
}