{
  "blockNo": 14362461,
  "lpName": "USDT-WBNB LP",
  "lpTokens": 0,
  "token0_symbol": "USDT",
  "token0_decimals": 18,
  "token0": 0,
  "token0_liquidity": 90378295.01479158,
  "token0_price": 1.00035228,
  "token0_posVal": 28954094.17871499,
  "token0_posValUSD": 28964294.127012268,
  "token0_debtVal": 17566964.26482113,
  "token0_debtValUSD": 17573152.754992343,
  "token1_symbol": "WBNB",
  "token1_decimals": 18,
  "token1": 0,
  "token1_liquidity": 188202.91154995468,
  "token1_price": 480.88,
  "token1_posVal": 102414.12112849351,
  "token1_posValUSD": 49248902.56826996,
  "token1_debtVal": 66653.39911960038,
  "token1_debtValUSD": 32052286.56863343,
  "liquidity": 180913149.5867016,
  "tvl": 0,
  "health": 78213196.69528222,
  "debt": 49625439.32362577,
  "leverage": 2.7358982965493928,
  "workerPositions": [
    {
      "name": "USDT-WBNB PancakeswapWorker",
      "address": "0x41867cc58aece8B570FF1A2a8aa6149014D2a94C",
      "vault": "ibWBNB",
      "borrowToken": "WBNB",
      "posVal": 102414.12112849351,
      "posValUSD": 49248902.56826996,
      "debtVal": 66653.39911960038,
      "debtValUSD": 32052286.56863343
    },
    {
      "name": "WBNB-USDT PancakeswapWorker",
      "address": "0x81b6534f4F7ba45Ecf98295Cef1450B4a4FC81Cd",
      "vault": "ibUSDT",
      "borrowToken": "USDT",
      "posVal": 28954094.17871499,
      "posValUSD": 28964294.127012268,
      "debtVal": 17566964.26482113,
      "debtValUSD": 17573152.754992343
    }
  ]
}