{
  "blockNo": 12209784,
  "lpName": "USDT-WBNB LP",
  "lpTokens": 0,
  "token0_symbol": "USDT",
  "token0_decimals": 18,
  "token0": 0,
  "token0_liquidity": 122281913.28775045,
  "token0_price": 1.00009887,
  "token0_posVal": 47357938.71956802,
  "token0_posValUSD": 47362620.99896923,
  "token0_debtVal": 27593283.46697283,
  "token0_debtValUSD": 27596011.61490921,
  "token1_symbol": "WBNB",
  "token1_decimals": 18,
  "token1": 0,
  "token1_liquidity": 234121.47956994982,
  "token1_price": 523.42157658,
  "token1_posVal": 131798.00661843744,
  "token1_posValUSD": 68985920.41432379,
  "token1_debtVal": 89562.1543574757,
  "token1_debtValUSD": 46878764.03569124,
  "liquidity": 244838237.24826258,
  "tvl": 0,
  "health": 116348541.41329302,
  "debt": 74474775.65060045,
  "leverage": 2.7785545267809124,
  "workerPositions": [
    {
      "name": "USDT-WBNB PancakeswapWorker",
      "address": "0x41867cc58aece8B570FF1A2a8aa6149014D2a94C",
      "vault": "ibWBNB",
      "borrowToken": "WBNB",
      "posVal": 131798.00661843744,
      "posValUSD": 68985920.41432379,
      "debtVal": 89562.1543574757,
      "debtValUSD": 46878764.03569124
    },
    {
      "name": "WBNB-USDT PancakeswapWorker",
      "address": "0x81b6534f4F7ba45Ecf98295Cef1450B4a4FC81Cd",
      "vault": "ibUSDT",
      "borrowToken": "USDT",
      "posVal": 47357938.71956802,
      "posValUSD": 47362620.99896923,
      "debtVal": 27593283.46697283,
      "debtValUSD": 27596011.61490921
    }
  ]
}