{
  "blockNo": 13480334,
  "lpName": "USDT-WBNB LP",
  "lpTokens": 0,
  "token0_symbol": "USDT",
  "token0_decimals": 18,
  "token0": 0,
  "token0_liquidity": 131472355.37019323,
  "token0_price": 1.001,
  "token0_posVal": 45806712.20231202,
  "token0_posValUSD": 45852518.91451433,
  "token0_debtVal": 29271343.377941735,
  "token0_debtValUSD": 29300614.721319675,
  "token1_symbol": "WBNB",
  "token1_decimals": 18,
  "token1": 0,
  "token1_liquidity": 250278.5641977729,
  "token1_price": 526.9,
  "token1_posVal": 151118.1247726471,
  "token1_posValUSD": 79624139.94270776,
  "token1_debtVal": 95592.06087221894,
  "token1_debtValUSD": 50367456.873572156,
  "liquidity": 263475603.20136994,
  "tvl": 0,
  "health": 125476658.8572221,
  "debt": 79668071.59489183,
  "leverage": 2.7391514638654924,
  "workerPositions": [
    {
      "name": "USDT-WBNB PancakeswapWorker",
      "address": "0x41867cc58aece8B570FF1A2a8aa6149014D2a94C",
      "vault": "ibWBNB",
      "borrowToken": "WBNB",
      "posVal": 151118.1247726471,
      "posValUSD": 79624139.94270776,
      "debtVal": 95592.06087221894,
      "debtValUSD": 50367456.873572156
    },
    {
      "name": "WBNB-USDT PancakeswapWorker",
      "address": "0x81b6534f4F7ba45Ecf98295Cef1450B4a4FC81Cd",
      "vault": "ibUSDT",
      "borrowToken": "USDT",
      "posVal": 45806712.20231202,
      "posValUSD": 45852518.91451433,
      "debtVal": 29271343.377941735,
      "debtValUSD": 29300614.721319675
    }
  ]
}