{
  "blockNo": 17427787,
  "lpName": "USDT-WBNB LP",
  "lpTokens": 0,
  "token0_symbol": "USDT",
  "token0_decimals": 18,
  "token0": 0,
  "token0_liquidity": 135283912.0521542,
  "token0_price": 1.00028139,
  "token0_posVal": 17199945.712118506,
  "token0_posValUSD": 17204785.60484244,
  "token0_debtVal": 9838069.497205976,
  "token0_debtValUSD": 9840837.831581796,
  "token1_symbol": "WBNB",
  "token1_decimals": 18,
  "token1": 0,
  "token1_liquidity": 353036.28951719886,
  "token1_price": 383.53691299,
  "token1_posVal": 173562.47929464575,
  "token1_posValUSD": 66567617.51955923,
  "token1_debtVal": 107155.92831407892,
  "token1_debtValUSD": 41098253.954159565,
  "liquidity": 270724428.24703693,
  "tvl": 0,
  "health": 83772403.12440166,
  "debt": 50939091.78574136,
  "leverage": 2.551445459165796,
  "workerPositions": [
    {
      "name": "USDT-WBNB PancakeswapWorker",
      "address": "0x41867cc58aece8B570FF1A2a8aa6149014D2a94C",
      "vault": "ibWBNB",
      "borrowToken": "WBNB",
      "posVal": 173562.47929464575,
      "posValUSD": 66567617.51955923,
      "debtVal": 107155.92831407892,
      "debtValUSD": 41098253.954159565
    },
    {
      "name": "WBNB-USDT PancakeswapWorker",
      "address": "0x81b6534f4F7ba45Ecf98295Cef1450B4a4FC81Cd",
      "vault": "ibUSDT",
      "borrowToken": "USDT",
      "posVal": 17199945.712118506,
      "posValUSD": 17204785.60484244,
      "debtVal": 9838069.497205976,
      "debtValUSD": 9840837.831581796
    }
  ]
}