{
  "blockNo": 9321401,
  "lpName": "USDT-WBNB LP",
  "lpTokens": 0,
  "token0_symbol": "USDT",
  "token0_decimals": 18,
  "token0": 0,
  "token0_liquidity": 66005310.02462693,
  "token0_price": 1,
  "token0_posVal": 23186561.83620263,
  "token0_posValUSD": 23186561.83620263,
  "token0_debtVal": 14255906.655067312,
  "token0_debtValUSD": 14255906.655067312,
  "token1_symbol": "WBNB",
  "token1_decimals": 18,
  "token1": 0,
  "token1_liquidity": 250085.75718755563,
  "token1_price": 264.23971877,
  "token1_posVal": 79198.53517574273,
  "token1_posValUSD": 20927398.661834214,
  "token1_debtVal": 46255.69713804344,
  "token1_debtValUSD": 12222592.403266894,
  "liquidity": 132087900.17224914,
  "tvl": 0,
  "health": 44113960.49803685,
  "debt": 26478499.058334205,
  "leverage": 2.501435000658575,
  "workerPositions": [
    {
      "name": "USDT-WBNB PancakeswapWorker",
      "address": "0x41867cc58aece8B570FF1A2a8aa6149014D2a94C",
      "vault": "ibWBNB",
      "borrowToken": "WBNB",
      "posVal": 79198.53517574273,
      "posValUSD": 20927398.661834214,
      "debtVal": 46255.69713804344,
      "debtValUSD": 12222592.403266894
    },
    {
      "name": "WBNB-USDT PancakeswapWorker",
      "address": "0x81b6534f4F7ba45Ecf98295Cef1450B4a4FC81Cd",
      "vault": "ibUSDT",
      "borrowToken": "USDT",
      "posVal": 23186561.83620263,
      "posValUSD": 23186561.83620263,
      "debtVal": 14255906.655067312,
      "debtValUSD": 14255906.655067312
    }
  ]
}