{
  "blockNo": 9657853,
  "lpName": "USDT-WBNB LP",
  "lpTokens": 0,
  "token0_symbol": "USDT",
  "token0_decimals": 18,
  "token0": 0,
  "token0_liquidity": 124304263.97460742,
  "token0_price": 1.00062725,
  "token0_posVal": 30547675.77297807,
  "token0_posValUSD": 30566836.802606672,
  "token0_debtVal": 16827379.676578883,
  "token0_debtValUSD": 16837934.650481015,
  "token1_symbol": "WBNB",
  "token1_decimals": 18,
  "token1": 0,
  "token1_liquidity": 366317.1911110976,
  "token1_price": 340.21536676,
  "token1_posVal": 114039.23935097888,
  "token1_posValUSD": 38797901.640824705,
  "token1_debtVal": 71060.25542460926,
  "token1_debtValUSD": 24175790.86134272,
  "liquidity": 249008971.34854054,
  "tvl": 0,
  "health": 69364738.44343138,
  "debt": 41013725.511823736,
  "leverage": 2.44664057015398,
  "workerPositions": [
    {
      "name": "USDT-WBNB PancakeswapWorker",
      "address": "0x41867cc58aece8B570FF1A2a8aa6149014D2a94C",
      "vault": "ibWBNB",
      "borrowToken": "WBNB",
      "posVal": 114039.23935097888,
      "posValUSD": 38797901.640824705,
      "debtVal": 71060.25542460926,
      "debtValUSD": 24175790.86134272
    },
    {
      "name": "WBNB-USDT PancakeswapWorker",
      "address": "0x81b6534f4F7ba45Ecf98295Cef1450B4a4FC81Cd",
      "vault": "ibUSDT",
      "borrowToken": "USDT",
      "posVal": 30547675.77297807,
      "posValUSD": 30566836.802606672,
      "debtVal": 16827379.676578883,
      "debtValUSD": 16837934.650481015
    }
  ]
}