{
  "blockNo": 8817271,
  "lpName": "USDT-WBNB LP",
  "lpTokens": 0,
  "token0_symbol": "USDT",
  "token0_decimals": 18,
  "token0": 0,
  "token0_liquidity": 77385456.61238655,
  "token0_price": 1.00025883,
  "token0_posVal": 27947546.05881937,
  "token0_posValUSD": 27954779.72216577,
  "token0_debtVal": 15911042.306152375,
  "token0_debtValUSD": 15915160.561232476,
  "token1_symbol": "WBNB",
  "token1_decimals": 18,
  "token1": 0,
  "token1_liquidity": 269864.44447371265,
  "token1_price": 285.83053624,
  "token1_posVal": 68174.53521445695,
  "token1_posValUSD": 19486363.958260994,
  "token1_debtVal": 40142.8967522495,
  "token1_debtValUSD": 11474065.70492243,
  "liquidity": 154540985.16615254,
  "tvl": 0,
  "health": 47441143.68042676,
  "debt": 27389226.266154908,
  "leverage": 2.3659155730743615,
  "workerPositions": [
    {
      "name": "USDT-WBNB PancakeswapWorker",
      "address": "0x41867cc58aece8B570FF1A2a8aa6149014D2a94C",
      "vault": "ibWBNB",
      "borrowToken": "WBNB",
      "posVal": 68174.53521445695,
      "posValUSD": 19486363.958260994,
      "debtVal": 40142.8967522495,
      "debtValUSD": 11474065.70492243
    },
    {
      "name": "WBNB-USDT PancakeswapWorker",
      "address": "0x81b6534f4F7ba45Ecf98295Cef1450B4a4FC81Cd",
      "vault": "ibUSDT",
      "borrowToken": "USDT",
      "posVal": 27947546.05881937,
      "posValUSD": 27954779.72216577,
      "debtVal": 15911042.306152375,
      "debtValUSD": 15915160.561232476
    }
  ]
}