{
  "blockNo": 14640752,
  "lpName": "USDT-WBNB LP",
  "lpTokens": 0,
  "token0_symbol": "USDT",
  "token0_decimals": 18,
  "token0": 0,
  "token0_liquidity": 86524237.04159103,
  "token0_price": 1.00064458,
  "token0_posVal": 34698120.646144964,
  "token0_posValUSD": 34720486.360751055,
  "token0_debtVal": 22097896.811440837,
  "token0_debtValUSD": 22112140.67376755,
  "token1_symbol": "WBNB",
  "token1_decimals": 18,
  "token1": 0,
  "token1_liquidity": 239318.56331275764,
  "token1_price": 361.66356834,
  "token1_posVal": 124353.92126219693,
  "token1_posValUSD": 44974282.90075754,
  "token1_debtVal": 72489.61071703833,
  "token1_debtValUSD": 26216851.279501587,
  "liquidity": 173132814.41199744,
  "tvl": 0,
  "health": 79694769.26150858,
  "debt": 48328991.95326914,
  "leverage": 2.5408192017155478,
  "workerPositions": [
    {
      "name": "USDT-WBNB PancakeswapWorker",
      "address": "0x41867cc58aece8B570FF1A2a8aa6149014D2a94C",
      "vault": "ibWBNB",
      "borrowToken": "WBNB",
      "posVal": 124353.92126219693,
      "posValUSD": 44974282.90075754,
      "debtVal": 72489.61071703833,
      "debtValUSD": 26216851.279501587
    },
    {
      "name": "WBNB-USDT PancakeswapWorker",
      "address": "0x81b6534f4F7ba45Ecf98295Cef1450B4a4FC81Cd",
      "vault": "ibUSDT",
      "borrowToken": "USDT",
      "posVal": 34698120.646144964,
      "posValUSD": 34720486.360751055,
      "debtVal": 22097896.811440837,
      "debtValUSD": 22112140.67376755
    }
  ]
}