{
  "blockNo": 14467476,
  "lpName": "USDT-WBNB LP",
  "lpTokens": 0,
  "token0_symbol": "USDT",
  "token0_decimals": 18,
  "token0": 0,
  "token0_liquidity": 90517486.3391908,
  "token0_price": 1.00035804,
  "token0_posVal": 28896172.221173916,
  "token0_posValUSD": 28906518.206675988,
  "token0_debtVal": 17606229.904618237,
  "token0_debtValUSD": 17612533.639173288,
  "token1_symbol": "WBNB",
  "token1_decimals": 18,
  "token1": 0,
  "token1_liquidity": 190907.68408137897,
  "token1_price": 474.22,
  "token1_posVal": 103999.55351508503,
  "token1_posValUSD": 49318668.26792363,
  "token1_debtVal": 66989.37231407267,
  "token1_debtValUSD": 31767700.13877954,
  "liquidity": 181082137.16507125,
  "tvl": 0,
  "health": 78225186.47459961,
  "debt": 49380233.77795283,
  "leverage": 2.711919388368186,
  "workerPositions": [
    {
      "name": "USDT-WBNB PancakeswapWorker",
      "address": "0x41867cc58aece8B570FF1A2a8aa6149014D2a94C",
      "vault": "ibWBNB",
      "borrowToken": "WBNB",
      "posVal": 103999.55351508503,
      "posValUSD": 49318668.26792363,
      "debtVal": 66989.37231407267,
      "debtValUSD": 31767700.13877954
    },
    {
      "name": "WBNB-USDT PancakeswapWorker",
      "address": "0x81b6534f4F7ba45Ecf98295Cef1450B4a4FC81Cd",
      "vault": "ibUSDT",
      "borrowToken": "USDT",
      "posVal": 28896172.221173916,
      "posValUSD": 28906518.206675988,
      "debtVal": 17606229.904618237,
      "debtValUSD": 17612533.639173288
    }
  ]
}