{
  "blockNo": 12908796,
  "lpName": "USDT-WBNB LP",
  "lpTokens": 0,
  "token0_symbol": "USDT",
  "token0_decimals": 18,
  "token0": 0,
  "token0_liquidity": 154041931.6294154,
  "token0_price": 1.00014654,
  "token0_posVal": 65872576.49383361,
  "token0_posValUSD": 65882229.46119302,
  "token0_debtVal": 37909695.839298785,
  "token0_debtValUSD": 37915251.12612708,
  "token1_symbol": "WBNB",
  "token1_decimals": 18,
  "token1": 0,
  "token1_liquidity": 263989.4877260872,
  "token1_price": 582.55597354,
  "token1_posVal": 145694.42103617892,
  "token1_posValUSD": 84875155.28607786,
  "token1_debtVal": 97323.14414047114,
  "token1_debtValUSD": 56696178.9827259,
  "liquidity": 307853157.960673,
  "tvl": 0,
  "health": 150757384.74727088,
  "debt": 94611430.10885298,
  "leverage": 2.6850978974024793,
  "workerPositions": [
    {
      "name": "USDT-WBNB PancakeswapWorker",
      "address": "0x41867cc58aece8B570FF1A2a8aa6149014D2a94C",
      "vault": "ibWBNB",
      "borrowToken": "WBNB",
      "posVal": 145694.42103617892,
      "posValUSD": 84875155.28607786,
      "debtVal": 97323.14414047114,
      "debtValUSD": 56696178.9827259
    },
    {
      "name": "WBNB-USDT PancakeswapWorker",
      "address": "0x81b6534f4F7ba45Ecf98295Cef1450B4a4FC81Cd",
      "vault": "ibUSDT",
      "borrowToken": "USDT",
      "posVal": 65872576.49383361,
      "posValUSD": 65882229.46119302,
      "debtVal": 37909695.839298785,
      "debtValUSD": 37915251.12612708
    }
  ]
}