{
  "blockNo": 11055637,
  "lpName": "USDT-WBNB LP",
  "lpTokens": 0,
  "token0_symbol": "USDT",
  "token0_decimals": 18,
  "token0": 0,
  "token0_liquidity": 137766175.26842338,
  "token0_price": 1.00014511,
  "token0_posVal": 51187714.15279884,
  "token0_posValUSD": 51195142.00199956,
  "token0_debtVal": 30323127.162227828,
  "token0_debtValUSD": 30327527.35121034,
  "token1_symbol": "WBNB",
  "token1_decimals": 18,
  "token1": 0,
  "token1_liquidity": 329943.7509779427,
  "token1_price": 417.48640667,
  "token1_posVal": 167002.30102580413,
  "token1_posValUSD": 69721190.56088462,
  "token1_debtVal": 103288.95184601069,
  "token1_debtValUSD": 43121733.35490167,
  "liquidity": 275533197.51711917,
  "tvl": 0,
  "health": 120916332.56288418,
  "debt": 73449260.70611201,
  "leverage": 2.5473729015292723,
  "workerPositions": [
    {
      "name": "USDT-WBNB PancakeswapWorker",
      "address": "0x41867cc58aece8B570FF1A2a8aa6149014D2a94C",
      "vault": "ibWBNB",
      "borrowToken": "WBNB",
      "posVal": 167002.30102580413,
      "posValUSD": 69721190.56088462,
      "debtVal": 103288.95184601069,
      "debtValUSD": 43121733.35490167
    },
    {
      "name": "WBNB-USDT PancakeswapWorker",
      "address": "0x81b6534f4F7ba45Ecf98295Cef1450B4a4FC81Cd",
      "vault": "ibUSDT",
      "borrowToken": "USDT",
      "posVal": 51187714.15279884,
      "posValUSD": 51195142.00199956,
      "debtVal": 30323127.162227828,
      "debtValUSD": 30327527.35121034
    }
  ]
}