{
  "blockNo": 10818944,
  "lpName": "USDT-WBNB LP",
  "lpTokens": 0,
  "token0_symbol": "USDT",
  "token0_decimals": 18,
  "token0": 0,
  "token0_liquidity": 128581535.98547894,
  "token0_price": 1.00001353,
  "token0_posVal": 46329207.58176929,
  "token0_posValUSD": 46329834.41594786,
  "token0_debtVal": 27664443.89060823,
  "token0_debtValUSD": 27664818.190534066,
  "token1_symbol": "WBNB",
  "token1_decimals": 18,
  "token1": 0,
  "token1_liquidity": 311217.1211890683,
  "token1_price": 413.20294759,
  "token1_posVal": 137108.2669907025,
  "token1_posValUSD": 56653540.05951498,
  "token1_debtVal": 82226.01373569145,
  "token1_debtValUSD": 33976031.244163536,
  "liquidity": 257179107.50945807,
  "tvl": 0,
  "health": 102983374.47546284,
  "debt": 61640849.4346976,
  "leverage": 2.490979309413672,
  "workerPositions": [
    {
      "name": "USDT-WBNB PancakeswapWorker",
      "address": "0x41867cc58aece8B570FF1A2a8aa6149014D2a94C",
      "vault": "ibWBNB",
      "borrowToken": "WBNB",
      "posVal": 137108.2669907025,
      "posValUSD": 56653540.05951498,
      "debtVal": 82226.01373569145,
      "debtValUSD": 33976031.244163536
    },
    {
      "name": "WBNB-USDT PancakeswapWorker",
      "address": "0x81b6534f4F7ba45Ecf98295Cef1450B4a4FC81Cd",
      "vault": "ibUSDT",
      "borrowToken": "USDT",
      "posVal": 46329207.58176929,
      "posValUSD": 46329834.41594786,
      "debtVal": 27664443.89060823,
      "debtValUSD": 27664818.190534066
    }
  ]
}