{
  "blockNo": 16370539,
  "lpName": "USDT-WBNB LP",
  "lpTokens": 0,
  "token0_symbol": "USDT",
  "token0_decimals": 18,
  "token0": 0,
  "token0_liquidity": 158311003.1927263,
  "token0_price": 1.00037379,
  "token0_posVal": 48486434.549866155,
  "token0_posValUSD": 48504558.29423655,
  "token0_debtVal": 25057465.896278743,
  "token0_debtValUSD": 25066832.126456115,
  "token1_symbol": "WBNB",
  "token1_decimals": 18,
  "token1": 0,
  "token1_liquidity": 384005.47927866754,
  "token1_price": 412.68003323,
  "token1_posVal": 177084.84062362378,
  "token1_posValUSD": 73079377.91308631,
  "token1_debtVal": 113075.7083630413,
  "token1_debtValUSD": 46664087.08476567,
  "liquidity": 316841572.2118323,
  "tvl": 0,
  "health": 121583936.20732287,
  "debt": 71730919.21122178,
  "leverage": 2.4388481085674663,
  "workerPositions": [
    {
      "name": "USDT-WBNB PancakeswapWorker",
      "address": "0x41867cc58aece8B570FF1A2a8aa6149014D2a94C",
      "vault": "ibWBNB",
      "borrowToken": "WBNB",
      "posVal": 177084.84062362378,
      "posValUSD": 73079377.91308631,
      "debtVal": 113075.7083630413,
      "debtValUSD": 46664087.08476567
    },
    {
      "name": "WBNB-USDT PancakeswapWorker",
      "address": "0x81b6534f4F7ba45Ecf98295Cef1450B4a4FC81Cd",
      "vault": "ibUSDT",
      "borrowToken": "USDT",
      "posVal": 48486434.549866155,
      "posValUSD": 48504558.29423655,
      "debtVal": 25057465.896278743,
      "debtValUSD": 25066832.126456115
    }
  ]
}