{
  "blockNo": 10407141,
  "lpName": "USDT-WBNB LP",
  "lpTokens": 0,
  "token0_symbol": "USDT",
  "token0_decimals": 18,
  "token0": 0,
  "token0_liquidity": 142497561.93984053,
  "token0_price": 1.00045855,
  "token0_posVal": 52250804.25229685,
  "token0_posValUSD": 52274763.85858674,
  "token0_debtVal": 27866531.022879086,
  "token0_debtValUSD": 27879309.22067963,
  "token1_symbol": "WBNB",
  "token1_decimals": 18,
  "token1": 0,
  "token1_liquidity": 288331.5837577932,
  "token1_price": 493.77,
  "token1_posVal": 112302.11502577868,
  "token1_posValUSD": 55451415.33627874,
  "token1_debtVal": 75696.1889765227,
  "token1_debtValUSD": 37376507.23093761,
  "liquidity": 284932390.3089536,
  "tvl": 0,
  "health": 107726179.19486548,
  "debt": 65255816.45161724,
  "leverage": 2.536502451041376,
  "workerPositions": [
    {
      "name": "USDT-WBNB PancakeswapWorker",
      "address": "0x41867cc58aece8B570FF1A2a8aa6149014D2a94C",
      "vault": "ibWBNB",
      "borrowToken": "WBNB",
      "posVal": 112302.11502577868,
      "posValUSD": 55451415.33627874,
      "debtVal": 75696.1889765227,
      "debtValUSD": 37376507.23093761
    },
    {
      "name": "WBNB-USDT PancakeswapWorker",
      "address": "0x81b6534f4F7ba45Ecf98295Cef1450B4a4FC81Cd",
      "vault": "ibUSDT",
      "borrowToken": "USDT",
      "posVal": 52250804.25229685,
      "posValUSD": 52274763.85858674,
      "debtVal": 27866531.022879086,
      "debtValUSD": 27879309.22067963
    }
  ]
}