{
  "blockNo": 18230022,
  "lpName": "USDT-WBNB LP",
  "lpTokens": 0,
  "token0_symbol": "USDT",
  "token0_decimals": 18,
  "token0": 0,
  "token0_liquidity": 90811783.77857774,
  "token0_price": 0.99907926,
  "token0_posVal": 28919327.27589474,
  "token0_posValUSD": 28892700.09449873,
  "token0_debtVal": 17673665.047077246,
  "token0_debtValUSD": 17657392.1967218,
  "token1_symbol": "WBNB",
  "token1_decimals": 18,
  "token1": 0,
  "token1_liquidity": 299278.19553780527,
  "token1_price": 302.95886583,
  "token1_posVal": 11388.851867020661,
  "token1_posValUSD": 3450353.644738457,
  "token1_debtVal": 6541.512642262675,
  "token1_debtValUSD": 1981809.2509125066,
  "liquidity": 181397152.4245639,
  "tvl": 0,
  "health": 32343053.73923719,
  "debt": 19639201.447634306,
  "leverage": 2.5459248893042954,
  "workerPositions": [
    {
      "name": "USDT-WBNB PancakeswapWorker",
      "address": "0x41867cc58aece8B570FF1A2a8aa6149014D2a94C",
      "vault": "ibWBNB",
      "borrowToken": "WBNB",
      "posVal": 11388.851867020661,
      "posValUSD": 3450353.644738457,
      "debtVal": 6541.512642262675,
      "debtValUSD": 1981809.2509125066
    },
    {
      "name": "WBNB-USDT PancakeswapWorker",
      "address": "0x81b6534f4F7ba45Ecf98295Cef1450B4a4FC81Cd",
      "vault": "ibUSDT",
      "borrowToken": "USDT",
      "posVal": 28919327.27589474,
      "posValUSD": 28892700.09449873,
      "debtVal": 17673665.047077246,
      "debtValUSD": 17657392.1967218
    }
  ]
}