{
  "blockNo": 13041921,
  "lpName": "USDT-WBNB LP",
  "lpTokens": 0,
  "token0_symbol": "USDT",
  "token0_decimals": 18,
  "token0": 0,
  "token0_liquidity": 146422190.99820784,
  "token0_price": 1.00074362,
  "token0_posVal": 59477902.767635025,
  "token0_posValUSD": 59522131.72569109,
  "token0_debtVal": 33532999.29397515,
  "token0_debtValUSD": 33557935.10291013,
  "token1_symbol": "WBNB",
  "token1_decimals": 18,
  "token1": 0,
  "token1_liquidity": 240389.25596526175,
  "token1_price": 609.07580402,
  "token1_posVal": 128277.81528643277,
  "token1_posValUSD": 78130913.48351309,
  "token1_debtVal": 86974.86657680433,
  "token1_debtValUSD": 52974286.78979932,
  "liquidity": 292946352.8226893,
  "tvl": 0,
  "health": 137653045.20920417,
  "debt": 86532221.89270945,
  "leverage": 2.692700083427429,
  "workerPositions": [
    {
      "name": "USDT-WBNB PancakeswapWorker",
      "address": "0x41867cc58aece8B570FF1A2a8aa6149014D2a94C",
      "vault": "ibWBNB",
      "borrowToken": "WBNB",
      "posVal": 128277.81528643277,
      "posValUSD": 78130913.48351309,
      "debtVal": 86974.86657680433,
      "debtValUSD": 52974286.78979932
    },
    {
      "name": "WBNB-USDT PancakeswapWorker",
      "address": "0x81b6534f4F7ba45Ecf98295Cef1450B4a4FC81Cd",
      "vault": "ibUSDT",
      "borrowToken": "USDT",
      "posVal": 59477902.767635025,
      "posValUSD": 59522131.72569109,
      "debtVal": 33532999.29397515,
      "debtValUSD": 33557935.10291013
    }
  ]
}