{
  "blockNo": 10472702,
  "lpName": "USDT-WBNB LP",
  "lpTokens": 0,
  "token0_symbol": "USDT",
  "token0_decimals": 18,
  "token0": 0,
  "token0_liquidity": 124341830.94802395,
  "token0_price": 1.00085489,
  "token0_posVal": 54362015.88030056,
  "token0_posValUSD": 54408489.42405647,
  "token0_debtVal": 29764218.052895036,
  "token0_debtValUSD": 29789663.185266275,
  "token1_symbol": "WBNB",
  "token1_decimals": 18,
  "token1": 0,
  "token1_liquidity": 260943.1568350435,
  "token1_price": 477.22730663,
  "token1_posVal": 121178.78023711749,
  "token1_posValUSD": 57829822.91326825,
  "token1_debtVal": 79737.74960563787,
  "token1_debtValUSD": 38053031.4810359,
  "liquidity": 248977329.4558006,
  "tvl": 0,
  "health": 112238312.33732472,
  "debt": 67842694.66630217,
  "leverage": 2.5281394476595773,
  "workerPositions": [
    {
      "name": "USDT-WBNB PancakeswapWorker",
      "address": "0x41867cc58aece8B570FF1A2a8aa6149014D2a94C",
      "vault": "ibWBNB",
      "borrowToken": "WBNB",
      "posVal": 121178.78023711749,
      "posValUSD": 57829822.91326825,
      "debtVal": 79737.74960563787,
      "debtValUSD": 38053031.4810359
    },
    {
      "name": "WBNB-USDT PancakeswapWorker",
      "address": "0x81b6534f4F7ba45Ecf98295Cef1450B4a4FC81Cd",
      "vault": "ibUSDT",
      "borrowToken": "USDT",
      "posVal": 54362015.88030056,
      "posValUSD": 54408489.42405647,
      "debtVal": 29764218.052895036,
      "debtValUSD": 29789663.185266275
    }
  ]
}