{
  "blockNo": 16863967,
  "lpName": "USDT-WBNB LP",
  "lpTokens": 0,
  "token0_symbol": "USDT",
  "token0_decimals": 18,
  "token0": 0,
  "token0_liquidity": 160574830.49603382,
  "token0_price": 1.0003,
  "token0_posVal": 51064381.615852155,
  "token0_posValUSD": 51079700.93033691,
  "token0_debtVal": 26428955.401578892,
  "token0_debtValUSD": 26436884.088199366,
  "token1_symbol": "WBNB",
  "token1_decimals": 18,
  "token1": 0,
  "token1_liquidity": 407833.28352970636,
  "token1_price": 393.72893192,
  "token1_posVal": 167185.25050780945,
  "token1_posValUSD": 65825670.11521745,
  "token1_debtVal": 103127.50824694232,
  "token1_debtValUSD": 40604283.67363959,
  "liquidity": 321198766.0707604,
  "tvl": 0,
  "health": 116905371.04555435,
  "debt": 67041167.76183896,
  "leverage": 2.344474860660878,
  "workerPositions": [
    {
      "name": "USDT-WBNB PancakeswapWorker",
      "address": "0x41867cc58aece8B570FF1A2a8aa6149014D2a94C",
      "vault": "ibWBNB",
      "borrowToken": "WBNB",
      "posVal": 167185.25050780945,
      "posValUSD": 65825670.11521745,
      "debtVal": 103127.50824694232,
      "debtValUSD": 40604283.67363959
    },
    {
      "name": "WBNB-USDT PancakeswapWorker",
      "address": "0x81b6534f4F7ba45Ecf98295Cef1450B4a4FC81Cd",
      "vault": "ibUSDT",
      "borrowToken": "USDT",
      "posVal": 51064381.615852155,
      "posValUSD": 51079700.93033691,
      "debtVal": 26428955.401578892,
      "debtValUSD": 26436884.088199366
    }
  ]
}