{
  "blockNo": 14010424,
  "lpName": "USDT-WBNB LP",
  "lpTokens": 0,
  "token0_symbol": "USDT",
  "token0_decimals": 18,
  "token0": 0,
  "token0_liquidity": 143818862.99810398,
  "token0_price": 1.00016523,
  "token0_posVal": 49476734.20911592,
  "token0_posValUSD": 49484909.24990929,
  "token0_debtVal": 31130913.400312226,
  "token0_debtValUSD": 31136057.161133356,
  "token1_symbol": "WBNB",
  "token1_decimals": 18,
  "token1": 0,
  "token1_liquidity": 274845.0332574871,
  "token1_price": 522.83,
  "token1_posVal": 159262.33625049787,
  "token1_posValUSD": 83267127.26184781,
  "token1_debtVal": 100701.71011632092,
  "token1_debtValUSD": 52649875.10011607,
  "liquidity": 287539854.9268491,
  "tvl": 0,
  "health": 132752036.5117571,
  "debt": 83785932.26124942,
  "leverage": 2.7111006387726,
  "workerPositions": [
    {
      "name": "USDT-WBNB PancakeswapWorker",
      "address": "0x41867cc58aece8B570FF1A2a8aa6149014D2a94C",
      "vault": "ibWBNB",
      "borrowToken": "WBNB",
      "posVal": 159262.33625049787,
      "posValUSD": 83267127.26184781,
      "debtVal": 100701.71011632092,
      "debtValUSD": 52649875.10011607
    },
    {
      "name": "WBNB-USDT PancakeswapWorker",
      "address": "0x81b6534f4F7ba45Ecf98295Cef1450B4a4FC81Cd",
      "vault": "ibUSDT",
      "borrowToken": "USDT",
      "posVal": 49476734.20911592,
      "posValUSD": 49484909.24990929,
      "debtVal": 31130913.400312226,
      "debtValUSD": 31136057.161133356
    }
  ]
}