{
  "blockNo": 14532998,
  "lpName": "USDT-WBNB LP",
  "lpTokens": 0,
  "token0_symbol": "USDT",
  "token0_decimals": 18,
  "token0": 0,
  "token0_liquidity": 90286496.6814861,
  "token0_price": 1.00021727,
  "token0_posVal": 33652204.5746562,
  "token0_posValUSD": 33659516.18914414,
  "token0_debtVal": 20611639.44649763,
  "token0_debtValUSD": 20616117.73740017,
  "token1_symbol": "WBNB",
  "token1_decimals": 18,
  "token1": 0,
  "token1_liquidity": 191161.41098221316,
  "token1_price": 473.1210313,
  "token1_posVal": 103266.04056778706,
  "token1_posValUSD": 48857335.61169905,
  "token1_debtVal": 66820.4134759721,
  "token1_debtValUSD": 31614142.935644343,
  "liquidity": 180748597.13728794,
  "tvl": 0,
  "health": 82516851.8008432,
  "debt": 52230260.67304452,
  "leverage": 2.724534149540017,
  "workerPositions": [
    {
      "name": "USDT-WBNB PancakeswapWorker",
      "address": "0x41867cc58aece8B570FF1A2a8aa6149014D2a94C",
      "vault": "ibWBNB",
      "borrowToken": "WBNB",
      "posVal": 103266.04056778706,
      "posValUSD": 48857335.61169905,
      "debtVal": 66820.4134759721,
      "debtValUSD": 31614142.935644343
    },
    {
      "name": "WBNB-USDT PancakeswapWorker",
      "address": "0x81b6534f4F7ba45Ecf98295Cef1450B4a4FC81Cd",
      "vault": "ibUSDT",
      "borrowToken": "USDT",
      "posVal": 33652204.5746562,
      "posValUSD": 33659516.18914414,
      "debtVal": 20611639.44649763,
      "debtValUSD": 20616117.73740017
    }
  ]
}