{
  "blockNo": 17489905,
  "lpName": "USDT-WBNB LP",
  "lpTokens": 0,
  "token0_symbol": "USDT",
  "token0_decimals": 18,
  "token0": 0,
  "token0_liquidity": 133000887.01847471,
  "token0_price": 1,
  "token0_posVal": 16222030.679597892,
  "token0_posValUSD": 16222030.679597892,
  "token0_debtVal": 9158342.26035758,
  "token0_debtValUSD": 9158342.26035758,
  "token1_symbol": "WBNB",
  "token1_decimals": 18,
  "token1": 0,
  "token1_liquidity": 348198.3810188928,
  "token1_price": 382.5037665,
  "token1_posVal": 164088.2332734677,
  "token1_posValUSD": 62764367.265432015,
  "token1_debtVal": 100888.87369381689,
  "token1_debtValUSD": 38590374.185827725,
  "liquidity": 266188079.24740332,
  "tvl": 0,
  "health": 78986397.94502991,
  "debt": 47748716.446185306,
  "leverage": 2.5285614730386246,
  "workerPositions": [
    {
      "name": "USDT-WBNB PancakeswapWorker",
      "address": "0x41867cc58aece8B570FF1A2a8aa6149014D2a94C",
      "vault": "ibWBNB",
      "borrowToken": "WBNB",
      "posVal": 164088.2332734677,
      "posValUSD": 62764367.265432015,
      "debtVal": 100888.87369381689,
      "debtValUSD": 38590374.185827725
    },
    {
      "name": "WBNB-USDT PancakeswapWorker",
      "address": "0x81b6534f4F7ba45Ecf98295Cef1450B4a4FC81Cd",
      "vault": "ibUSDT",
      "borrowToken": "USDT",
      "posVal": 16222030.679597892,
      "posValUSD": 16222030.679597892,
      "debtVal": 9158342.26035758,
      "debtValUSD": 9158342.26035758
    }
  ]
}