{
  "blockNo": 15211101,
  "lpName": "USDT-WBNB LP",
  "lpTokens": 0,
  "token0_symbol": "USDT",
  "token0_decimals": 18,
  "token0": 0,
  "token0_liquidity": 117825808.13020697,
  "token0_price": 1.0006496,
  "token0_posVal": 43466607.25462124,
  "token0_posValUSD": 43494843.16269384,
  "token0_debtVal": 25917253.674516767,
  "token0_debtValUSD": 25934089.522503734,
  "token1_symbol": "WBNB",
  "token1_decimals": 18,
  "token1": 0,
  "token1_liquidity": 292315.08074698056,
  "token1_price": 403.01648647,
  "token1_posVal": 156449.4093778506,
  "token1_posValUSD": 63051691.277768016,
  "token1_debtVal": 93132.07372001506,
  "token1_debtValUSD": 37533761.128305495,
  "liquidity": 235710144.5600108,
  "tvl": 0,
  "health": 106546534.44046186,
  "debt": 63467850.65080923,
  "leverage": 2.4733005994499306,
  "workerPositions": [
    {
      "name": "USDT-WBNB PancakeswapWorker",
      "address": "0x41867cc58aece8B570FF1A2a8aa6149014D2a94C",
      "vault": "ibWBNB",
      "borrowToken": "WBNB",
      "posVal": 156449.4093778506,
      "posValUSD": 63051691.277768016,
      "debtVal": 93132.07372001506,
      "debtValUSD": 37533761.128305495
    },
    {
      "name": "WBNB-USDT PancakeswapWorker",
      "address": "0x81b6534f4F7ba45Ecf98295Cef1450B4a4FC81Cd",
      "vault": "ibUSDT",
      "borrowToken": "USDT",
      "posVal": 43466607.25462124,
      "posValUSD": 43494843.16269384,
      "debtVal": 25917253.674516767,
      "debtValUSD": 25934089.522503734
    }
  ]
}