{
  "blockNo": 9128319,
  "lpName": "USDT-WBNB LP",
  "lpTokens": 0,
  "token0_symbol": "USDT",
  "token0_decimals": 18,
  "token0": 0,
  "token0_liquidity": 114866414.4417003,
  "token0_price": 1,
  "token0_posVal": 26044501.442222185,
  "token0_posValUSD": 26044501.442222185,
  "token0_debtVal": 14792851.83880603,
  "token0_debtValUSD": 14792851.83880603,
  "token1_symbol": "WBNB",
  "token1_decimals": 18,
  "token1": 0,
  "token1_liquidity": 372676.4912322571,
  "token1_price": 307.8,
  "token1_posVal": 83902.41229576913,
  "token1_posValUSD": 25825162.50463774,
  "token1_debtVal": 50961.11173521527,
  "token1_debtValUSD": 15685830.192099262,
  "liquidity": 229576238.44298905,
  "tvl": 0,
  "health": 51869663.946859926,
  "debt": 30478682.03090529,
  "leverage": 2.42483791303533,
  "workerPositions": [
    {
      "name": "USDT-WBNB PancakeswapWorker",
      "address": "0x41867cc58aece8B570FF1A2a8aa6149014D2a94C",
      "vault": "ibWBNB",
      "borrowToken": "WBNB",
      "posVal": 83902.41229576913,
      "posValUSD": 25825162.50463774,
      "debtVal": 50961.11173521527,
      "debtValUSD": 15685830.192099262
    },
    {
      "name": "WBNB-USDT PancakeswapWorker",
      "address": "0x81b6534f4F7ba45Ecf98295Cef1450B4a4FC81Cd",
      "vault": "ibUSDT",
      "borrowToken": "USDT",
      "posVal": 26044501.442222185,
      "posValUSD": 26044501.442222185,
      "debtVal": 14792851.83880603,
      "debtValUSD": 14792851.83880603
    }
  ]
}