{
  "blockNo": 15383411,
  "lpName": "USDT-WBNB LP",
  "lpTokens": 0,
  "token0_symbol": "USDT",
  "token0_decimals": 18,
  "token0": 0,
  "token0_liquidity": 99606004.47890027,
  "token0_price": 1.00066598,
  "token0_posVal": 27041030.45435269,
  "token0_posValUSD": 27059039.23981468,
  "token0_debtVal": 15477657.503026113,
  "token0_debtValUSD": 15487965.313369978,
  "token1_symbol": "WBNB",
  "token1_decimals": 18,
  "token1": 0,
  "token1_liquidity": 246766.27802600354,
  "token1_price": 404.09,
  "token1_posVal": 190930.41534233425,
  "token1_posValUSD": 77153071.53568384,
  "token1_debtVal": 118572.23729011463,
  "token1_debtValUSD": 47913855.36656242,
  "liquidity": 199388125.3732909,
  "tvl": 0,
  "health": 104212110.77549852,
  "debt": 63401820.6799324,
  "leverage": 2.55357436890214,
  "workerPositions": [
    {
      "name": "USDT-WBNB PancakeswapWorker",
      "address": "0x41867cc58aece8B570FF1A2a8aa6149014D2a94C",
      "vault": "ibWBNB",
      "borrowToken": "WBNB",
      "posVal": 190930.41534233425,
      "posValUSD": 77153071.53568384,
      "debtVal": 118572.23729011463,
      "debtValUSD": 47913855.36656242
    },
    {
      "name": "WBNB-USDT PancakeswapWorker",
      "address": "0x81b6534f4F7ba45Ecf98295Cef1450B4a4FC81Cd",
      "vault": "ibUSDT",
      "borrowToken": "USDT",
      "posVal": 27041030.45435269,
      "posValUSD": 27059039.23981468,
      "debtVal": 15477657.503026113,
      "debtValUSD": 15487965.313369978
    }
  ]
}