{
  "blockNo": 16933353,
  "lpName": "USDT-WBNB LP",
  "lpTokens": 0,
  "token0_symbol": "USDT",
  "token0_decimals": 18,
  "token0": 0,
  "token0_liquidity": 168141068.05512282,
  "token0_price": 1.00032218,
  "token0_posVal": 53434331.63456697,
  "token0_posValUSD": 53451547.10753299,
  "token0_debtVal": 26832135.37935716,
  "token0_debtValUSD": 26840780.15673368,
  "token1_symbol": "WBNB",
  "token1_decimals": 18,
  "token1": 0,
  "token1_liquidity": 398613.77906344004,
  "token1_price": 422.20003765,
  "token1_posVal": 171030.11248104347,
  "token1_posValUSD": 72208919.92878029,
  "token1_debtVal": 108994.5287997022,
  "token1_debtValUSD": 46017494.162878275,
  "liquidity": 336489992.272822,
  "tvl": 0,
  "health": 125660467.03631328,
  "debt": 72858274.31961195,
  "leverage": 2.379834256325626,
  "workerPositions": [
    {
      "name": "USDT-WBNB PancakeswapWorker",
      "address": "0x41867cc58aece8B570FF1A2a8aa6149014D2a94C",
      "vault": "ibWBNB",
      "borrowToken": "WBNB",
      "posVal": 171030.11248104347,
      "posValUSD": 72208919.92878029,
      "debtVal": 108994.5287997022,
      "debtValUSD": 46017494.162878275
    },
    {
      "name": "WBNB-USDT PancakeswapWorker",
      "address": "0x81b6534f4F7ba45Ecf98295Cef1450B4a4FC81Cd",
      "vault": "ibUSDT",
      "borrowToken": "USDT",
      "posVal": 53434331.63456697,
      "posValUSD": 53451547.10753299,
      "debtVal": 26832135.37935716,
      "debtValUSD": 26840780.15673368
    }
  ]
}