{
  "blockNo": 15561558,
  "lpName": "USDT-WBNB LP",
  "lpTokens": 0,
  "token0_symbol": "USDT",
  "token0_decimals": 18,
  "token0": 0,
  "token0_liquidity": 117994773.31499498,
  "token0_price": 1.00075402,
  "token0_posVal": 43574444.35137759,
  "token0_posValUSD": 43607300.35390742,
  "token0_debtVal": 27253266.57905352,
  "token0_debtValUSD": 27273816.08711946,
  "token1_symbol": "WBNB",
  "token1_decimals": 18,
  "token1": 0,
  "token1_liquidity": 326849.68461093033,
  "token1_price": 360.93383524,
  "token1_posVal": 209221.27956397188,
  "token1_posValUSD": 75515038.84684461,
  "token1_debtVal": 123221.2354742065,
  "token1_debtValUSD": 44474713.1027165,
  "liquidity": 236054853.94757745,
  "tvl": 0,
  "health": 119122339.20075203,
  "debt": 71748529.18983597,
  "leverage": 2.514518869672998,
  "workerPositions": [
    {
      "name": "USDT-WBNB PancakeswapWorker",
      "address": "0x41867cc58aece8B570FF1A2a8aa6149014D2a94C",
      "vault": "ibWBNB",
      "borrowToken": "WBNB",
      "posVal": 209221.27956397188,
      "posValUSD": 75515038.84684461,
      "debtVal": 123221.2354742065,
      "debtValUSD": 44474713.1027165
    },
    {
      "name": "WBNB-USDT PancakeswapWorker",
      "address": "0x81b6534f4F7ba45Ecf98295Cef1450B4a4FC81Cd",
      "vault": "ibUSDT",
      "borrowToken": "USDT",
      "posVal": 43574444.35137759,
      "posValUSD": 43607300.35390742,
      "debtVal": 27253266.57905352,
      "debtValUSD": 27273816.08711946
    }
  ]
}