{
  "blockNo": 16619090,
  "lpName": "USDT-WBNB LP",
  "lpTokens": 0,
  "token0_symbol": "USDT",
  "token0_decimals": 18,
  "token0": 0,
  "token0_liquidity": 159605976.32588717,
  "token0_price": 1.00038518,
  "token0_posVal": 50313918.5453454,
  "token0_posValUSD": 50333298.4604907,
  "token0_debtVal": 24624354.541683227,
  "token0_debtValUSD": 24633839.350565594,
  "token1_symbol": "WBNB",
  "token1_decimals": 18,
  "token1": 0,
  "token1_liquidity": 360342.7417519027,
  "token1_price": 442.94,
  "token1_posVal": 154397.91599916902,
  "token1_posValUSD": 68389012.91267192,
  "token1_debtVal": 102302.80510458259,
  "token1_debtValUSD": 45314004.49302381,
  "liquidity": 319277667.38743615,
  "tvl": 0,
  "health": 118722311.37316263,
  "debt": 69947843.84358941,
  "leverage": 2.4341077901297075,
  "workerPositions": [
    {
      "name": "USDT-WBNB PancakeswapWorker",
      "address": "0x41867cc58aece8B570FF1A2a8aa6149014D2a94C",
      "vault": "ibWBNB",
      "borrowToken": "WBNB",
      "posVal": 154397.91599916902,
      "posValUSD": 68389012.91267192,
      "debtVal": 102302.80510458259,
      "debtValUSD": 45314004.49302381
    },
    {
      "name": "WBNB-USDT PancakeswapWorker",
      "address": "0x81b6534f4F7ba45Ecf98295Cef1450B4a4FC81Cd",
      "vault": "ibUSDT",
      "borrowToken": "USDT",
      "posVal": 50313918.5453454,
      "posValUSD": 50333298.4604907,
      "debtVal": 24624354.541683227,
      "debtValUSD": 24633839.350565594
    }
  ]
}