{
  "blockNo": 12871841,
  "lpName": "USDT-WBNB LP",
  "lpTokens": 0,
  "token0_symbol": "USDT",
  "token0_decimals": 18,
  "token0": 0,
  "token0_liquidity": 150441155.8685496,
  "token0_price": 1.00075615,
  "token0_posVal": 64334721.87215385,
  "token0_posValUSD": 64383368.57209747,
  "token0_debtVal": 37511512.87580592,
  "token0_debtValUSD": 37539877.20626696,
  "token1_symbol": "WBNB",
  "token1_decimals": 18,
  "token1": 0,
  "token1_liquidity": 270285.97432331974,
  "token1_price": 557.6,
  "token1_posVal": 150037.347263015,
  "token1_posValUSD": 83660824.83385716,
  "token1_debtVal": 97902.50654474943,
  "token1_debtValUSD": 54590437.64935228,
  "liquidity": 301266371.23124266,
  "tvl": 0,
  "health": 148044193.40595463,
  "debt": 92130314.85561925,
  "leverage": 2.6477181916951213,
  "workerPositions": [
    {
      "name": "USDT-WBNB PancakeswapWorker",
      "address": "0x41867cc58aece8B570FF1A2a8aa6149014D2a94C",
      "vault": "ibWBNB",
      "borrowToken": "WBNB",
      "posVal": 150037.347263015,
      "posValUSD": 83660824.83385716,
      "debtVal": 97902.50654474943,
      "debtValUSD": 54590437.64935228
    },
    {
      "name": "WBNB-USDT PancakeswapWorker",
      "address": "0x81b6534f4F7ba45Ecf98295Cef1450B4a4FC81Cd",
      "vault": "ibUSDT",
      "borrowToken": "USDT",
      "posVal": 64334721.87215385,
      "posValUSD": 64383368.57209747,
      "debtVal": 37511512.87580592,
      "debtValUSD": 37539877.20626696
    }
  ]
}