{
  "blockNo": 17244465,
  "lpName": "USDT-WBNB LP",
  "lpTokens": 0,
  "token0_symbol": "USDT",
  "token0_decimals": 18,
  "token0": 0,
  "token0_liquidity": 159616277.85940263,
  "token0_price": 1.00020397,
  "token0_posVal": 53216497.32922755,
  "token0_posValUSD": 53227351.898187794,
  "token0_debtVal": 27874690.52485216,
  "token0_debtValUSD": 27880376.125478517,
  "token1_symbol": "WBNB",
  "token1_decimals": 18,
  "token1": 0,
  "token1_liquidity": 403629.6204293981,
  "token1_price": 395.42396234,
  "token1_posVal": 184002.1368753735,
  "token1_posValUSD": 72758854.04228722,
  "token1_debtVal": 113724.76012709667,
  "token1_debtValUSD": 44969495.26562261,
  "liquidity": 319253658.6195804,
  "tvl": 0,
  "health": 125986205.94047502,
  "debt": 72849871.39110112,
  "leverage": 2.3709991855650028,
  "workerPositions": [
    {
      "name": "USDT-WBNB PancakeswapWorker",
      "address": "0x41867cc58aece8B570FF1A2a8aa6149014D2a94C",
      "vault": "ibWBNB",
      "borrowToken": "WBNB",
      "posVal": 184002.1368753735,
      "posValUSD": 72758854.04228722,
      "debtVal": 113724.76012709667,
      "debtValUSD": 44969495.26562261
    },
    {
      "name": "WBNB-USDT PancakeswapWorker",
      "address": "0x81b6534f4F7ba45Ecf98295Cef1450B4a4FC81Cd",
      "vault": "ibUSDT",
      "borrowToken": "USDT",
      "posVal": 53216497.32922755,
      "posValUSD": 53227351.898187794,
      "debtVal": 27874690.52485216,
      "debtValUSD": 27880376.125478517
    }
  ]
}