{
  "blockNo": 13914506,
  "lpName": "USDT-WBNB LP",
  "lpTokens": 0,
  "token0_symbol": "USDT",
  "token0_decimals": 18,
  "token0": 0,
  "token0_liquidity": 145415611.1083947,
  "token0_price": 1.00018962,
  "token0_posVal": 49548146.82430289,
  "token0_posValUSD": 49557542.14390372,
  "token0_debtVal": 31454459.650925152,
  "token0_debtValUSD": 31460424.04556416,
  "token1_symbol": "WBNB",
  "token1_decimals": 18,
  "token1": 0,
  "token1_liquidity": 282581.3009691654,
  "token1_price": 515.44856662,
  "token1_posVal": 161859.42964513807,
  "token1_posValUSD": 83430211.00451714,
  "token1_debtVal": 101359.59965092408,
  "token1_debtValUSD": 52245660.35324586,
  "liquidity": 291099311.3547442,
  "tvl": 0,
  "health": 132987753.14842086,
  "debt": 83706084.39881003,
  "leverage": 2.6985237416391477,
  "workerPositions": [
    {
      "name": "USDT-WBNB PancakeswapWorker",
      "address": "0x41867cc58aece8B570FF1A2a8aa6149014D2a94C",
      "vault": "ibWBNB",
      "borrowToken": "WBNB",
      "posVal": 161859.42964513807,
      "posValUSD": 83430211.00451714,
      "debtVal": 101359.59965092408,
      "debtValUSD": 52245660.35324586
    },
    {
      "name": "WBNB-USDT PancakeswapWorker",
      "address": "0x81b6534f4F7ba45Ecf98295Cef1450B4a4FC81Cd",
      "vault": "ibUSDT",
      "borrowToken": "USDT",
      "posVal": 49548146.82430289,
      "posValUSD": 49557542.14390372,
      "debtVal": 31454459.650925152,
      "debtValUSD": 31460424.04556416
    }
  ]
}