{
  "blockNo": 15111637,
  "lpName": "USDT-WBNB LP",
  "lpTokens": 0,
  "token0_symbol": "USDT",
  "token0_decimals": 18,
  "token0": 0,
  "token0_liquidity": 107203276.7478896,
  "token0_price": 1.00098539,
  "token0_posVal": 43933713.62389104,
  "token0_posValUSD": 43977005.46595889,
  "token0_debtVal": 25512647.712539665,
  "token0_debtValUSD": 25537787.620469127,
  "token1_symbol": "WBNB",
  "token1_decimals": 18,
  "token1": 0,
  "token1_liquidity": 253007.65808183793,
  "token1_price": 423.68072969,
  "token1_posVal": 124056.50527474598,
  "token1_posValUSD": 52560350.67759571,
  "token1_debtVal": 78640.55944284065,
  "token1_debtValUSD": 33318489.607972547,
  "liquidity": 214503382.97803533,
  "tvl": 0,
  "health": 96537356.1435546,
  "debt": 58856277.22844167,
  "leverage": 2.5619583866224147,
  "workerPositions": [
    {
      "name": "USDT-WBNB PancakeswapWorker",
      "address": "0x41867cc58aece8B570FF1A2a8aa6149014D2a94C",
      "vault": "ibWBNB",
      "borrowToken": "WBNB",
      "posVal": 124056.50527474598,
      "posValUSD": 52560350.67759571,
      "debtVal": 78640.55944284065,
      "debtValUSD": 33318489.607972547
    },
    {
      "name": "WBNB-USDT PancakeswapWorker",
      "address": "0x81b6534f4F7ba45Ecf98295Cef1450B4a4FC81Cd",
      "vault": "ibUSDT",
      "borrowToken": "USDT",
      "posVal": 43933713.62389104,
      "posValUSD": 43977005.46595889,
      "debtVal": 25512647.712539665,
      "debtValUSD": 25537787.620469127
    }
  ]
}