{
  "blockNo": 9736981,
  "lpName": "USDT-WBNB LP",
  "lpTokens": 0,
  "token0_symbol": "USDT",
  "token0_decimals": 18,
  "token0": 0,
  "token0_liquidity": 131066911.3971642,
  "token0_price": 1.00008982,
  "token0_posVal": 28611187.793959215,
  "token0_posValUSD": 28613757.650846865,
  "token0_debtVal": 16124333.836298808,
  "token0_debtValUSD": 16125782.123963984,
  "token1_symbol": "WBNB",
  "token1_decimals": 18,
  "token1": 0,
  "token1_liquidity": 408700.5439692167,
  "token1_price": 321.04689974,
  "token1_posVal": 110121.08382608369,
  "token1_posValUSD": 35354032.558372825,
  "token1_debtVal": 66503.9729395035,
  "token1_debtValUSD": 21350894.332620453,
  "liquidity": 262290726.39051443,
  "tvl": 0,
  "health": 63967790.209219694,
  "debt": 37476676.45658444,
  "leverage": 2.4146885935611664,
  "workerPositions": [
    {
      "name": "USDT-WBNB PancakeswapWorker",
      "address": "0x41867cc58aece8B570FF1A2a8aa6149014D2a94C",
      "vault": "ibWBNB",
      "borrowToken": "WBNB",
      "posVal": 110121.08382608369,
      "posValUSD": 35354032.558372825,
      "debtVal": 66503.9729395035,
      "debtValUSD": 21350894.332620453
    },
    {
      "name": "WBNB-USDT PancakeswapWorker",
      "address": "0x81b6534f4F7ba45Ecf98295Cef1450B4a4FC81Cd",
      "vault": "ibUSDT",
      "borrowToken": "USDT",
      "posVal": 28611187.793959215,
      "posValUSD": 28613757.650846865,
      "debtVal": 16124333.836298808,
      "debtValUSD": 16125782.123963984
    }
  ]
}