{
  "blockNo": 13870133,
  "lpName": "USDT-WBNB LP",
  "lpTokens": 0,
  "token0_symbol": "USDT",
  "token0_decimals": 18,
  "token0": 0,
  "token0_liquidity": 136978367.28299844,
  "token0_price": 1.00039438,
  "token0_posVal": 52069959.06068024,
  "token0_posValUSD": 52090494.411134586,
  "token0_debtVal": 31950592.642709315,
  "token0_debtValUSD": 31963193.317435745,
  "token1_symbol": "WBNB",
  "token1_decimals": 18,
  "token1": 0,
  "token1_liquidity": 247541.54199166974,
  "token1_price": 553.84138772,
  "token1_posVal": 156498.50941629923,
  "token1_posValUSD": 86675351.63123465,
  "token1_debtVal": 101621.0167840787,
  "token1_debtValUSD": 56281924.957211554,
  "liquidity": 274131139.9465025,
  "tvl": 0,
  "health": 138765846.04236925,
  "debt": 88245118.2746473,
  "leverage": 2.7467111455790967,
  "workerPositions": [
    {
      "name": "USDT-WBNB PancakeswapWorker",
      "address": "0x41867cc58aece8B570FF1A2a8aa6149014D2a94C",
      "vault": "ibWBNB",
      "borrowToken": "WBNB",
      "posVal": 156498.50941629923,
      "posValUSD": 86675351.63123465,
      "debtVal": 101621.0167840787,
      "debtValUSD": 56281924.957211554
    },
    {
      "name": "WBNB-USDT PancakeswapWorker",
      "address": "0x81b6534f4F7ba45Ecf98295Cef1450B4a4FC81Cd",
      "vault": "ibUSDT",
      "borrowToken": "USDT",
      "posVal": 52069959.06068024,
      "posValUSD": 52090494.411134586,
      "debtVal": 31950592.642709315,
      "debtValUSD": 31963193.317435745
    }
  ]
}