{
  "blockNo": 9388578,
  "lpName": "USDT-WBNB LP",
  "lpTokens": 0,
  "token0_symbol": "USDT",
  "token0_decimals": 18,
  "token0": 0,
  "token0_liquidity": 61807033.34461649,
  "token0_price": 1.00010069,
  "token0_posVal": 24989651.09071918,
  "token0_posValUSD": 24992167.298687503,
  "token0_debtVal": 14568026.019587025,
  "token0_debtValUSD": 14569492.874126937,
  "token1_symbol": "WBNB",
  "token1_decimals": 18,
  "token1": 0,
  "token1_liquidity": 209879.8865000404,
  "token1_price": 295.21027071,
  "token1_posVal": 89074.25467276161,
  "token1_posValUSD": 26295634.835237436,
  "token1_debtVal": 53990.96667826928,
  "token1_debtValUSD": 15938687.888986463,
  "liquidity": 123771954.80506495,
  "tvl": 0,
  "health": 51287802.13392494,
  "debt": 30508180.7631134,
  "leverage": 2.468177895000881,
  "workerPositions": [
    {
      "name": "USDT-WBNB PancakeswapWorker",
      "address": "0x41867cc58aece8B570FF1A2a8aa6149014D2a94C",
      "vault": "ibWBNB",
      "borrowToken": "WBNB",
      "posVal": 89074.25467276161,
      "posValUSD": 26295634.835237436,
      "debtVal": 53990.96667826928,
      "debtValUSD": 15938687.888986463
    },
    {
      "name": "WBNB-USDT PancakeswapWorker",
      "address": "0x81b6534f4F7ba45Ecf98295Cef1450B4a4FC81Cd",
      "vault": "ibUSDT",
      "borrowToken": "USDT",
      "posVal": 24989651.09071918,
      "posValUSD": 24992167.298687503,
      "debtVal": 14568026.019587025,
      "debtValUSD": 14569492.874126937
    }
  ]
}