{
  "blockNo": 15849524,
  "lpName": "USDT-WBNB LP",
  "lpTokens": 0,
  "token0_symbol": "USDT",
  "token0_decimals": 18,
  "token0": 0,
  "token0_liquidity": 97138557.57686317,
  "token0_price": 1.00024228,
  "token0_posVal": 22396469.350246757,
  "token0_posValUSD": 22401895.56684093,
  "token0_debtVal": 12749620.771708108,
  "token0_debtValUSD": 12752709.749828678,
  "token1_symbol": "WBNB",
  "token1_decimals": 18,
  "token1": 0,
  "token1_liquidity": 260364.70091773904,
  "token1_price": 373.98,
  "token1_posVal": 182178.16951665684,
  "token1_posValUSD": 68130991.83583933,
  "token1_debtVal": 109789.3077014704,
  "token1_debtValUSD": 41059005.294195905,
  "liquidity": 194533283.15580893,
  "tvl": 0,
  "health": 90532887.40268026,
  "debt": 53811715.04402459,
  "leverage": 2.465413863109968,
  "workerPositions": [
    {
      "name": "USDT-WBNB PancakeswapWorker",
      "address": "0x41867cc58aece8B570FF1A2a8aa6149014D2a94C",
      "vault": "ibWBNB",
      "borrowToken": "WBNB",
      "posVal": 182178.16951665684,
      "posValUSD": 68130991.83583933,
      "debtVal": 109789.3077014704,
      "debtValUSD": 41059005.294195905
    },
    {
      "name": "WBNB-USDT PancakeswapWorker",
      "address": "0x81b6534f4F7ba45Ecf98295Cef1450B4a4FC81Cd",
      "vault": "ibUSDT",
      "borrowToken": "USDT",
      "posVal": 22396469.350246757,
      "posValUSD": 22401895.56684093,
      "debtVal": 12749620.771708108,
      "debtValUSD": 12752709.749828678
    }
  ]
}