{
  "blockNo": 14387640,
  "lpName": "USDT-WBNB LP",
  "lpTokens": 0,
  "token0_symbol": "USDT",
  "token0_decimals": 18,
  "token0": 0,
  "token0_liquidity": 90473612.9736585,
  "token0_price": 1.00048278,
  "token0_posVal": 29498369.91051297,
  "token0_posValUSD": 29512611.133538365,
  "token0_debtVal": 17671896.196809944,
  "token0_debtValUSD": 17680427.83485584,
  "token1_symbol": "WBNB",
  "token1_decimals": 18,
  "token1": 0,
  "token1_liquidity": 184804.94620891637,
  "token1_price": 490.13643888,
  "token1_posVal": 98052.0094353619,
  "token1_posValUSD": 48058862.72967645,
  "token1_debtVal": 64869.08771099438,
  "token1_debtValUSD": 31794703.64406116,
  "liquidity": 181096930.04677814,
  "tvl": 0,
  "health": 77571473.86321482,
  "debt": 49475131.478917,
  "leverage": 2.7609100431010956,
  "workerPositions": [
    {
      "name": "USDT-WBNB PancakeswapWorker",
      "address": "0x41867cc58aece8B570FF1A2a8aa6149014D2a94C",
      "vault": "ibWBNB",
      "borrowToken": "WBNB",
      "posVal": 98052.0094353619,
      "posValUSD": 48058862.72967645,
      "debtVal": 64869.08771099438,
      "debtValUSD": 31794703.64406116
    },
    {
      "name": "WBNB-USDT PancakeswapWorker",
      "address": "0x81b6534f4F7ba45Ecf98295Cef1450B4a4FC81Cd",
      "vault": "ibUSDT",
      "borrowToken": "USDT",
      "posVal": 29498369.91051297,
      "posValUSD": 29512611.133538365,
      "debtVal": 17671896.196809944,
      "debtValUSD": 17680427.83485584
    }
  ]
}