{
  "blockNo": 14626382,
  "lpName": "USDT-WBNB LP",
  "lpTokens": 0,
  "token0_symbol": "USDT",
  "token0_decimals": 18,
  "token0": 0,
  "token0_liquidity": 88116710.6520513,
  "token0_price": 1.00033499,
  "token0_posVal": 34981460.07221968,
  "token0_posValUSD": 34993178.511529274,
  "token0_debtVal": 22094171.34415643,
  "token0_debtValUSD": 22101572.67061501,
  "token1_symbol": "WBNB",
  "token1_decimals": 18,
  "token1": 0,
  "token1_liquidity": 239650.62934712318,
  "token1_price": 368.00952268,
  "token1_posVal": 125342.04100048677,
  "token1_posValUSD": 46127064.68032613,
  "token1_debtVal": 73655.19673985783,
  "token1_debtValUSD": 27105813.79513657,
  "liquidity": 176339942.58494902,
  "tvl": 0,
  "health": 81120243.1918554,
  "debt": 49207386.46575158,
  "leverage": 2.541929852538125,
  "workerPositions": [
    {
      "name": "USDT-WBNB PancakeswapWorker",
      "address": "0x41867cc58aece8B570FF1A2a8aa6149014D2a94C",
      "vault": "ibWBNB",
      "borrowToken": "WBNB",
      "posVal": 125342.04100048677,
      "posValUSD": 46127064.68032613,
      "debtVal": 73655.19673985783,
      "debtValUSD": 27105813.79513657
    },
    {
      "name": "WBNB-USDT PancakeswapWorker",
      "address": "0x81b6534f4F7ba45Ecf98295Cef1450B4a4FC81Cd",
      "vault": "ibUSDT",
      "borrowToken": "USDT",
      "posVal": 34981460.07221968,
      "posValUSD": 34993178.511529274,
      "debtVal": 22094171.34415643,
      "debtValUSD": 22101572.67061501
    }
  ]
}