{
  "blockNo": 10054628,
  "lpName": "USDT-WBNB LP",
  "lpTokens": 0,
  "token0_symbol": "USDT",
  "token0_decimals": 18,
  "token0": 0,
  "token0_liquidity": 113243300.5924761,
  "token0_price": 1.0009,
  "token0_posVal": 34845782.837501794,
  "token0_posValUSD": 34877144.04205554,
  "token0_debtVal": 18822953.424432185,
  "token0_debtValUSD": 18839894.08251417,
  "token1_symbol": "WBNB",
  "token1_decimals": 18,
  "token1": 0,
  "token1_liquidity": 281168.42738472496,
  "token1_price": 403.40773608,
  "token1_posVal": 85080.23441530188,
  "token1_posValUSD": 34322024.750632636,
  "token1_debtVal": 54968.83200406841,
  "token1_debtValUSD": 22174852.07372309,
  "liquidity": 226770738.3114551,
  "tvl": 0,
  "health": 69199168.79268818,
  "debt": 41014746.15623726,
  "leverage": 2.4552274738881072,
  "workerPositions": [
    {
      "name": "USDT-WBNB PancakeswapWorker",
      "address": "0x41867cc58aece8B570FF1A2a8aa6149014D2a94C",
      "vault": "ibWBNB",
      "borrowToken": "WBNB",
      "posVal": 85080.23441530188,
      "posValUSD": 34322024.750632636,
      "debtVal": 54968.83200406841,
      "debtValUSD": 22174852.07372309
    },
    {
      "name": "WBNB-USDT PancakeswapWorker",
      "address": "0x81b6534f4F7ba45Ecf98295Cef1450B4a4FC81Cd",
      "vault": "ibUSDT",
      "borrowToken": "USDT",
      "posVal": 34845782.837501794,
      "posValUSD": 34877144.04205554,
      "debtVal": 18822953.424432185,
      "debtValUSD": 18839894.08251417
    }
  ]
}