{
  "blockNo": 16927370,
  "lpName": "USDT-WBNB LP",
  "lpTokens": 0,
  "token0_symbol": "USDT",
  "token0_decimals": 18,
  "token0": 0,
  "token0_liquidity": 168783260.91400903,
  "token0_price": 1.00032218,
  "token0_posVal": 53638431.41155074,
  "token0_posValUSD": 53655712.64138291,
  "token0_debtVal": 26829621.358835496,
  "token0_debtValUSD": 26838265.326244883,
  "token1_symbol": "WBNB",
  "token1_decimals": 18,
  "token1": 0,
  "token1_liquidity": 397021.98023455875,
  "token1_price": 424.82080595,
  "token1_posVal": 170344.61983562532,
  "token1_posValUSD": 72365938.68781671,
  "token1_debtVal": 108987.1818105714,
  "token1_debtValUSD": 46300022.414986126,
  "liquidity": 337500837.12812054,
  "tvl": 0,
  "health": 126021651.32919961,
  "debt": 73138287.74123101,
  "leverage": 2.383011268176417,
  "workerPositions": [
    {
      "name": "USDT-WBNB PancakeswapWorker",
      "address": "0x41867cc58aece8B570FF1A2a8aa6149014D2a94C",
      "vault": "ibWBNB",
      "borrowToken": "WBNB",
      "posVal": 170344.61983562532,
      "posValUSD": 72365938.68781671,
      "debtVal": 108987.1818105714,
      "debtValUSD": 46300022.414986126
    },
    {
      "name": "WBNB-USDT PancakeswapWorker",
      "address": "0x81b6534f4F7ba45Ecf98295Cef1450B4a4FC81Cd",
      "vault": "ibUSDT",
      "borrowToken": "USDT",
      "posVal": 53638431.41155074,
      "posValUSD": 53655712.64138291,
      "debtVal": 26829621.358835496,
      "debtValUSD": 26838265.326244883
    }
  ]
}