{
  "blockNo": 14234368,
  "lpName": "USDT-WBNB LP",
  "lpTokens": 0,
  "token0_symbol": "USDT",
  "token0_decimals": 18,
  "token0": 0,
  "token0_liquidity": 110149380.23859939,
  "token0_price": 1.00014539,
  "token0_posVal": 31514322.67491458,
  "token0_posValUSD": 31518904.542288285,
  "token0_debtVal": 19508908.501930516,
  "token0_debtValUSD": 19511744.90213761,
  "token1_symbol": "WBNB",
  "token1_decimals": 18,
  "token1": 0,
  "token1_liquidity": 248035.93414721466,
  "token1_price": 444.98058679,
  "token1_posVal": 107929.7964521935,
  "token1_posValUSD": 48026664.15742233,
  "token1_debtVal": 64258.54933714212,
  "token1_debtValUSD": 28593806.990315665,
  "liquidity": 220536570.37882566,
  "tvl": 0,
  "health": 79545568.69971061,
  "debt": 48105551.892453276,
  "leverage": 2.5300739877896317,
  "workerPositions": [
    {
      "name": "USDT-WBNB PancakeswapWorker",
      "address": "0x41867cc58aece8B570FF1A2a8aa6149014D2a94C",
      "vault": "ibWBNB",
      "borrowToken": "WBNB",
      "posVal": 107929.7964521935,
      "posValUSD": 48026664.15742233,
      "debtVal": 64258.54933714212,
      "debtValUSD": 28593806.990315665
    },
    {
      "name": "WBNB-USDT PancakeswapWorker",
      "address": "0x81b6534f4F7ba45Ecf98295Cef1450B4a4FC81Cd",
      "vault": "ibUSDT",
      "borrowToken": "USDT",
      "posVal": 31514322.67491458,
      "posValUSD": 31518904.542288285,
      "debtVal": 19508908.501930516,
      "debtValUSD": 19511744.90213761
    }
  ]
}