{
  "blockNo": 17611664,
  "lpName": "USDT-WBNB LP",
  "lpTokens": 0,
  "token0_symbol": "USDT",
  "token0_decimals": 18,
  "token0": 0,
  "token0_liquidity": 154271323.8752891,
  "token0_price": 0.99989071,
  "token0_posVal": 35358913.67756213,
  "token0_posValUSD": 35355049.30188631,
  "token0_debtVal": 19127776.452600483,
  "token0_debtValUSD": 19125685.97791198,
  "token1_symbol": "WBNB",
  "token1_decimals": 18,
  "token1": 0,
  "token1_liquidity": 423572.52174911054,
  "token1_price": 364.36700069,
  "token1_posVal": 168172.4176277086,
  "token1_posValUSD": 61276479.40979427,
  "token1_debtVal": 101176.86406195966,
  "token1_debtValUSD": 36865510.497476086,
  "liquidity": 308590312.88672596,
  "tvl": 0,
  "health": 96631528.71168059,
  "debt": 55991196.475388065,
  "leverage": 2.3777248706984473,
  "workerPositions": [
    {
      "name": "USDT-WBNB PancakeswapWorker",
      "address": "0x41867cc58aece8B570FF1A2a8aa6149014D2a94C",
      "vault": "ibWBNB",
      "borrowToken": "WBNB",
      "posVal": 168172.4176277086,
      "posValUSD": 61276479.40979427,
      "debtVal": 101176.86406195966,
      "debtValUSD": 36865510.497476086
    },
    {
      "name": "WBNB-USDT PancakeswapWorker",
      "address": "0x81b6534f4F7ba45Ecf98295Cef1450B4a4FC81Cd",
      "vault": "ibUSDT",
      "borrowToken": "USDT",
      "posVal": 35358913.67756213,
      "posValUSD": 35355049.30188631,
      "debtVal": 19127776.452600483,
      "debtValUSD": 19125685.97791198
    }
  ]
}