{
  "blockNo": 17271892,
  "lpName": "USDT-WBNB LP",
  "lpTokens": 0,
  "token0_symbol": "USDT",
  "token0_decimals": 18,
  "token0": 0,
  "token0_liquidity": 162223387.8764915,
  "token0_price": 1.00013314,
  "token0_posVal": 53761296.58644831,
  "token0_posValUSD": 53768454.36547583,
  "token0_debtVal": 27844377.348592754,
  "token0_debtValUSD": 27848084.548992947,
  "token1_symbol": "WBNB",
  "token1_decimals": 18,
  "token1": 0,
  "token1_liquidity": 401512.97367236356,
  "token1_price": 404.02637021,
  "token1_posVal": 182315.42767226536,
  "token1_posValUSD": 73660240.47570916,
  "token1_debtVal": 113888.72554869173,
  "token1_debtValUSD": 46014048.39128081,
  "liquidity": 324466815.6434217,
  "tvl": 0,
  "health": 127428694.84118499,
  "debt": 73862132.94027376,
  "leverage": 2.3788850790331812,
  "workerPositions": [
    {
      "name": "USDT-WBNB PancakeswapWorker",
      "address": "0x41867cc58aece8B570FF1A2a8aa6149014D2a94C",
      "vault": "ibWBNB",
      "borrowToken": "WBNB",
      "posVal": 182315.42767226536,
      "posValUSD": 73660240.47570916,
      "debtVal": 113888.72554869173,
      "debtValUSD": 46014048.39128081
    },
    {
      "name": "WBNB-USDT PancakeswapWorker",
      "address": "0x81b6534f4F7ba45Ecf98295Cef1450B4a4FC81Cd",
      "vault": "ibUSDT",
      "borrowToken": "USDT",
      "posVal": 53761296.58644831,
      "posValUSD": 53768454.36547583,
      "debtVal": 27844377.348592754,
      "debtValUSD": 27848084.548992947
    }
  ]
}