{
  "blockNo": 17507741,
  "lpName": "USDT-WBNB LP",
  "lpTokens": 0,
  "token0_symbol": "USDT",
  "token0_decimals": 18,
  "token0": 0,
  "token0_liquidity": 134215450.73413154,
  "token0_price": 1,
  "token0_posVal": 16393225.17113767,
  "token0_posValUSD": 16393225.17113767,
  "token0_debtVal": 9167287.432090253,
  "token0_debtValUSD": 9167287.432090253,
  "token1_symbol": "WBNB",
  "token1_decimals": 18,
  "token1": 0,
  "token1_liquidity": 344855.46678358555,
  "token1_price": 389.6547436,
  "token1_posVal": 162583.67522534658,
  "token1_posValUSD": 63351500.283478096,
  "token1_debtVal": 100940.0852312707,
  "token1_debtValUSD": 39331783.02975293,
  "liquidity": 268590019.2227479,
  "tvl": 0,
  "health": 79744725.45461577,
  "debt": 48499070.461843185,
  "leverage": 2.5521860710892916,
  "workerPositions": [
    {
      "name": "USDT-WBNB PancakeswapWorker",
      "address": "0x41867cc58aece8B570FF1A2a8aa6149014D2a94C",
      "vault": "ibWBNB",
      "borrowToken": "WBNB",
      "posVal": 162583.67522534658,
      "posValUSD": 63351500.283478096,
      "debtVal": 100940.0852312707,
      "debtValUSD": 39331783.02975293
    },
    {
      "name": "WBNB-USDT PancakeswapWorker",
      "address": "0x81b6534f4F7ba45Ecf98295Cef1450B4a4FC81Cd",
      "vault": "ibUSDT",
      "borrowToken": "USDT",
      "posVal": 16393225.17113767,
      "posValUSD": 16393225.17113767,
      "debtVal": 9167287.432090253,
      "debtValUSD": 9167287.432090253
    }
  ]
}