{
  "blockNo": 10861968,
  "lpName": "USDT-WBNB LP",
  "lpTokens": 0,
  "token0_symbol": "USDT",
  "token0_decimals": 18,
  "token0": 0,
  "token0_liquidity": 119850112.73719911,
  "token0_price": 1.00011781,
  "token0_posVal": 45328290.87400554,
  "token0_posValUSD": 45333630.99995341,
  "token0_debtVal": 26888493.877043143,
  "token0_debtValUSD": 26891661.6105068,
  "token1_symbol": "WBNB",
  "token1_decimals": 18,
  "token1": 0,
  "token1_liquidity": 288878.7133790233,
  "token1_price": 415.68014462,
  "token1_posVal": 136123.03876902472,
  "token1_posValUSD": 56583644.44162206,
  "token1_debtVal": 81907.85151156397,
  "token1_debtValUSD": 34047467.5618404,
  "liquidity": 239945377.63401264,
  "tvl": 0,
  "health": 101917275.44157547,
  "debt": 60939129.1723472,
  "leverage": 2.48711288138742,
  "workerPositions": [
    {
      "name": "USDT-WBNB PancakeswapWorker",
      "address": "0x41867cc58aece8B570FF1A2a8aa6149014D2a94C",
      "vault": "ibWBNB",
      "borrowToken": "WBNB",
      "posVal": 136123.03876902472,
      "posValUSD": 56583644.44162206,
      "debtVal": 81907.85151156397,
      "debtValUSD": 34047467.5618404
    },
    {
      "name": "WBNB-USDT PancakeswapWorker",
      "address": "0x81b6534f4F7ba45Ecf98295Cef1450B4a4FC81Cd",
      "vault": "ibUSDT",
      "borrowToken": "USDT",
      "posVal": 45328290.87400554,
      "posValUSD": 45333630.99995341,
      "debtVal": 26888493.877043143,
      "debtValUSD": 26891661.6105068
    }
  ]
}