{
  "blockNo": 18052551,
  "lpName": "USDT-WBNB LP",
  "lpTokens": 0,
  "token0_symbol": "USDT",
  "token0_decimals": 18,
  "token0": 0,
  "token0_liquidity": 120702766.27204242,
  "token0_price": 0.999,
  "token0_posVal": 31376170.350598726,
  "token0_posValUSD": 31344794.180248126,
  "token0_debtVal": 18364176.940234914,
  "token0_debtValUSD": 18345812.76329468,
  "token1_symbol": "WBNB",
  "token1_decimals": 18,
  "token1": 0,
  "token1_liquidity": 364076.0893559926,
  "token1_price": 331.7780253,
  "token1_posVal": 158142.19271991513,
  "token1_posValUSD": 52468104.41722548,
  "token1_debtVal": 84612.81335107748,
  "token1_debtValUSD": 28072672.128697965,
  "liquidity": 241374509.49124795,
  "tvl": 0,
  "health": 83812898.5974736,
  "debt": 46418484.89199264,
  "leverage": 2.2413213710899553,
  "workerPositions": [
    {
      "name": "USDT-WBNB PancakeswapWorker",
      "address": "0x41867cc58aece8B570FF1A2a8aa6149014D2a94C",
      "vault": "ibWBNB",
      "borrowToken": "WBNB",
      "posVal": 158142.19271991513,
      "posValUSD": 52468104.41722548,
      "debtVal": 84612.81335107748,
      "debtValUSD": 28072672.128697965
    },
    {
      "name": "WBNB-USDT PancakeswapWorker",
      "address": "0x81b6534f4F7ba45Ecf98295Cef1450B4a4FC81Cd",
      "vault": "ibUSDT",
      "borrowToken": "USDT",
      "posVal": 31376170.350598726,
      "posValUSD": 31344794.180248126,
      "debtVal": 18364176.940234914,
      "debtValUSD": 18345812.76329468
    }
  ]
}