{
  "blockNo": 8597964,
  "lpName": "USDT-WBNB LP",
  "lpTokens": 0,
  "token0_symbol": "USDT",
  "token0_decimals": 18,
  "token0": 0,
  "token0_liquidity": 59009175.816352144,
  "token0_price": 1.00033046,
  "token0_posVal": 22230065.00357904,
  "token0_posValUSD": 22237411.150860123,
  "token0_debtVal": 12034960.636592895,
  "token0_debtValUSD": 12038937.709684864,
  "token1_symbol": "WBNB",
  "token1_decimals": 18,
  "token1": 0,
  "token1_liquidity": 195027.13848749833,
  "token1_price": 303.11731055,
  "token1_posVal": 30867.787001969886,
  "token1_posValUSD": 9356560.57866736,
  "token1_debtVal": 16285.823062062136,
  "token1_debtValUSD": 4936514.886665441,
  "liquidity": 118144777.69118531,
  "tvl": 0,
  "health": 31593971.72952748,
  "debt": 16975452.596350305,
  "leverage": 2.1612292901696177,
  "workerPositions": [
    {
      "name": "USDT-WBNB PancakeswapWorker",
      "address": "0x41867cc58aece8B570FF1A2a8aa6149014D2a94C",
      "vault": "ibWBNB",
      "borrowToken": "WBNB",
      "posVal": 30867.787001969886,
      "posValUSD": 9356560.57866736,
      "debtVal": 16285.823062062136,
      "debtValUSD": 4936514.886665441
    },
    {
      "name": "WBNB-USDT PancakeswapWorker",
      "address": "0x81b6534f4F7ba45Ecf98295Cef1450B4a4FC81Cd",
      "vault": "ibUSDT",
      "borrowToken": "USDT",
      "posVal": 22230065.00357904,
      "posValUSD": 22237411.150860123,
      "debtVal": 12034960.636592895,
      "debtValUSD": 12038937.709684864
    }
  ]
}