{
  "blockNo": 16119402,
  "lpName": "USDT-WBNB LP",
  "lpTokens": 0,
  "token0_symbol": "USDT",
  "token0_decimals": 18,
  "token0": 0,
  "token0_liquidity": 123499426.43958133,
  "token0_price": 1.00039962,
  "token0_posVal": 47376986.534742475,
  "token0_posValUSD": 47395919.32610149,
  "token0_debtVal": 25258366.08938306,
  "token0_debtValUSD": 25268459.837639697,
  "token1_symbol": "WBNB",
  "token1_decimals": 18,
  "token1": 0,
  "token1_liquidity": 320474.04455074505,
  "token1_price": 385.55856942,
  "token1_posVal": 179892.99421978553,
  "token1_posValUSD": 69359285.50006084,
  "token1_debtVal": 110903.97207328686,
  "token1_debtValUSD": 42759976.81557211,
  "liquidity": 247110293.43360174,
  "tvl": 0,
  "health": 116755204.82616234,
  "debt": 68028436.6532118,
  "leverage": 2.396120432443868,
  "workerPositions": [
    {
      "name": "USDT-WBNB PancakeswapWorker",
      "address": "0x41867cc58aece8B570FF1A2a8aa6149014D2a94C",
      "vault": "ibWBNB",
      "borrowToken": "WBNB",
      "posVal": 179892.99421978553,
      "posValUSD": 69359285.50006084,
      "debtVal": 110903.97207328686,
      "debtValUSD": 42759976.81557211
    },
    {
      "name": "WBNB-USDT PancakeswapWorker",
      "address": "0x81b6534f4F7ba45Ecf98295Cef1450B4a4FC81Cd",
      "vault": "ibUSDT",
      "borrowToken": "USDT",
      "posVal": 47376986.534742475,
      "posValUSD": 47395919.32610149,
      "debtVal": 25258366.08938306,
      "debtValUSD": 25268459.837639697
    }
  ]
}