{
  "blockNo": 10623026,
  "lpName": "USDT-WBNB LP",
  "lpTokens": 0,
  "token0_symbol": "USDT",
  "token0_decimals": 18,
  "token0": 0,
  "token0_liquidity": 140019276.41566387,
  "token0_price": 1.00035879,
  "token0_posVal": 63698293.39754426,
  "token0_posValUSD": 63721147.70823236,
  "token0_debtVal": 33748443.916464105,
  "token0_debtValUSD": 33760552.52065689,
  "token1_symbol": "WBNB",
  "token1_decimals": 18,
  "token1": 0,
  "token1_liquidity": 276578.0341510993,
  "token1_price": 506.20783345,
  "token1_posVal": 125653.4642799228,
  "token1_posValUSD": 63606767.91862669,
  "token1_debtVal": 82723.59683518733,
  "token1_debtValUSD": 41875332.72913145,
  "liquidity": 280075481.3793371,
  "tvl": 0,
  "health": 127327915.62685904,
  "debt": 75635885.24978834,
  "leverage": 2.4632020583841983,
  "workerPositions": [
    {
      "name": "USDT-WBNB PancakeswapWorker",
      "address": "0x41867cc58aece8B570FF1A2a8aa6149014D2a94C",
      "vault": "ibWBNB",
      "borrowToken": "WBNB",
      "posVal": 125653.4642799228,
      "posValUSD": 63606767.91862669,
      "debtVal": 82723.59683518733,
      "debtValUSD": 41875332.72913145
    },
    {
      "name": "WBNB-USDT PancakeswapWorker",
      "address": "0x81b6534f4F7ba45Ecf98295Cef1450B4a4FC81Cd",
      "vault": "ibUSDT",
      "borrowToken": "USDT",
      "posVal": 63698293.39754426,
      "posValUSD": 63721147.70823236,
      "debtVal": 33748443.916464105,
      "debtValUSD": 33760552.52065689
    }
  ]
}