{
  "blockNo": 11139285,
  "lpName": "USDT-WBNB LP",
  "lpTokens": 0,
  "token0_symbol": "USDT",
  "token0_decimals": 18,
  "token0": 0,
  "token0_liquidity": 135865840.14879876,
  "token0_price": 1,
  "token0_posVal": 47898720.84792407,
  "token0_posValUSD": 47898720.84792407,
  "token0_debtVal": 29293679.156810556,
  "token0_debtValUSD": 29293679.156810556,
  "token1_symbol": "WBNB",
  "token1_decimals": 18,
  "token1": 0,
  "token1_liquidity": 374488.7321244965,
  "token1_price": 363.04,
  "token1_posVal": 159379.04313466558,
  "token1_posValUSD": 57860967.819608994,
  "token1_debtVal": 96051.18579763891,
  "token1_debtValUSD": 34870422.49197483,
  "liquidity": 271820229.45927596,
  "tvl": 0,
  "health": 105759688.66753307,
  "debt": 64164101.64878538,
  "leverage": 2.5425699274268148,
  "workerPositions": [
    {
      "name": "USDT-WBNB PancakeswapWorker",
      "address": "0x41867cc58aece8B570FF1A2a8aa6149014D2a94C",
      "vault": "ibWBNB",
      "borrowToken": "WBNB",
      "posVal": 159379.04313466558,
      "posValUSD": 57860967.819608994,
      "debtVal": 96051.18579763891,
      "debtValUSD": 34870422.49197483
    },
    {
      "name": "WBNB-USDT PancakeswapWorker",
      "address": "0x81b6534f4F7ba45Ecf98295Cef1450B4a4FC81Cd",
      "vault": "ibUSDT",
      "borrowToken": "USDT",
      "posVal": 47898720.84792407,
      "posValUSD": 47898720.84792407,
      "debtVal": 29293679.156810556,
      "debtValUSD": 29293679.156810556
    }
  ]
}