{
  "blockNo": 15058885,
  "lpName": "USDT-WBNB LP",
  "lpTokens": 0,
  "token0_symbol": "USDT",
  "token0_decimals": 18,
  "token0": 0,
  "token0_liquidity": 109803164.7967652,
  "token0_price": 1.0006026,
  "token0_posVal": 43506224.7784316,
  "token0_posValUSD": 43532441.62948308,
  "token0_debtVal": 25002796.660703875,
  "token0_debtValUSD": 25017863.345971614,
  "token1_symbol": "WBNB",
  "token1_decimals": 18,
  "token1": 0,
  "token1_liquidity": 253194.65372116826,
  "token1_price": 434.62519883,
  "token1_posVal": 122122.64429948803,
  "token1_posValUSD": 53077578.56031035,
  "token1_debtVal": 78406.53464341957,
  "token1_debtValUSD": 34077455.708967514,
  "liquidity": 219914108.90012747,
  "tvl": 0,
  "health": 96610020.18979344,
  "debt": 59095319.05493913,
  "leverage": 2.5752576261372533,
  "workerPositions": [
    {
      "name": "USDT-WBNB PancakeswapWorker",
      "address": "0x41867cc58aece8B570FF1A2a8aa6149014D2a94C",
      "vault": "ibWBNB",
      "borrowToken": "WBNB",
      "posVal": 122122.64429948803,
      "posValUSD": 53077578.56031035,
      "debtVal": 78406.53464341957,
      "debtValUSD": 34077455.708967514
    },
    {
      "name": "WBNB-USDT PancakeswapWorker",
      "address": "0x81b6534f4F7ba45Ecf98295Cef1450B4a4FC81Cd",
      "vault": "ibUSDT",
      "borrowToken": "USDT",
      "posVal": 43506224.7784316,
      "posValUSD": 43532441.62948308,
      "debtVal": 25002796.660703875,
      "debtValUSD": 25017863.345971614
    }
  ]
}