{
  "blockNo": 10369846,
  "lpName": "USDT-WBNB LP",
  "lpTokens": 0,
  "token0_symbol": "USDT",
  "token0_decimals": 18,
  "token0": 0,
  "token0_liquidity": 131737874.01541096,
  "token0_price": 1.00022879,
  "token0_posVal": 37578667.03890595,
  "token0_posValUSD": 37587264.66213778,
  "token0_debtVal": 20682416.66166221,
  "token0_debtValUSD": 20687148.59177023,
  "token1_symbol": "WBNB",
  "token1_decimals": 18,
  "token1": 0,
  "token1_liquidity": 273548.62668808224,
  "token1_price": 481.41198371,
  "token1_posVal": 107265.14869402227,
  "token1_posValUSD": 51638728.01573738,
  "token1_debtVal": 72276.2224614124,
  "token1_debtValUSD": 34794639.630213805,
  "liquidity": 263457601.33866286,
  "tvl": 0,
  "health": 89225992.67787516,
  "debt": 55481788.221984036,
  "leverage": 2.6441871757417568,
  "workerPositions": [
    {
      "name": "USDT-WBNB PancakeswapWorker",
      "address": "0x41867cc58aece8B570FF1A2a8aa6149014D2a94C",
      "vault": "ibWBNB",
      "borrowToken": "WBNB",
      "posVal": 107265.14869402227,
      "posValUSD": 51638728.01573738,
      "debtVal": 72276.2224614124,
      "debtValUSD": 34794639.630213805
    },
    {
      "name": "WBNB-USDT PancakeswapWorker",
      "address": "0x81b6534f4F7ba45Ecf98295Cef1450B4a4FC81Cd",
      "vault": "ibUSDT",
      "borrowToken": "USDT",
      "posVal": 37578667.03890595,
      "posValUSD": 37587264.66213778,
      "debtVal": 20682416.66166221,
      "debtValUSD": 20687148.59177023
    }
  ]
}