{
  "blockNo": 9460160,
  "lpName": "USDT-WBNB LP",
  "lpTokens": 0,
  "token0_symbol": "USDT",
  "token0_decimals": 18,
  "token0": 0,
  "token0_liquidity": 107069568.42550614,
  "token0_price": 1.00074815,
  "token0_posVal": 29780745.14537726,
  "token0_posValUSD": 29803025.60985777,
  "token0_debtVal": 16946030.928411204,
  "token0_debtValUSD": 16958709.101450294,
  "token1_symbol": "WBNB",
  "token1_decimals": 18,
  "token1": 0,
  "token1_liquidity": 353944.3582257114,
  "token1_price": 302.76464449,
  "token1_posVal": 112397.79210055183,
  "token1_posValUSD": 34030077.56678451,
  "token1_debtVal": 64949.281151859905,
  "token1_debtValUSD": 19664346.017823923,
  "liquidity": 214311510.3105724,
  "tvl": 0,
  "health": 63833103.176642284,
  "debt": 36623055.119274214,
  "leverage": 2.3459386415658035,
  "workerPositions": [
    {
      "name": "USDT-WBNB PancakeswapWorker",
      "address": "0x41867cc58aece8B570FF1A2a8aa6149014D2a94C",
      "vault": "ibWBNB",
      "borrowToken": "WBNB",
      "posVal": 112397.79210055183,
      "posValUSD": 34030077.56678451,
      "debtVal": 64949.281151859905,
      "debtValUSD": 19664346.017823923
    },
    {
      "name": "WBNB-USDT PancakeswapWorker",
      "address": "0x81b6534f4F7ba45Ecf98295Cef1450B4a4FC81Cd",
      "vault": "ibUSDT",
      "borrowToken": "USDT",
      "posVal": 29780745.14537726,
      "posValUSD": 29803025.60985777,
      "debtVal": 16946030.928411204,
      "debtValUSD": 16958709.101450294
    }
  ]
}