{
  "blockNo": 17232625,
  "lpName": "USDT-WBNB LP",
  "lpTokens": 0,
  "token0_symbol": "USDT",
  "token0_decimals": 18,
  "token0": 0,
  "token0_liquidity": 160644019.35814658,
  "token0_price": 1.00024947,
  "token0_posVal": 53654671.468233556,
  "token0_posValUSD": 53668056.69912473,
  "token0_debtVal": 27892791.902421597,
  "token0_debtValUSD": 27899750.317217495,
  "token1_symbol": "WBNB",
  "token1_decimals": 18,
  "token1": 0,
  "token1_liquidity": 400161.2989698059,
  "token1_price": 401.98780047,
  "token1_posVal": 182597.00918782272,
  "token1_posValUSD": 73401770.09581324,
  "token1_debtVal": 113710.28908860503,
  "token1_debtValUSD": 45710149.00153618,
  "liquidity": 321544055.6277462,
  "tvl": 0,
  "health": 127069826.79493797,
  "debt": 73609899.31875367,
  "leverage": 2.376917305986731,
  "workerPositions": [
    {
      "name": "USDT-WBNB PancakeswapWorker",
      "address": "0x41867cc58aece8B570FF1A2a8aa6149014D2a94C",
      "vault": "ibWBNB",
      "borrowToken": "WBNB",
      "posVal": 182597.00918782272,
      "posValUSD": 73401770.09581324,
      "debtVal": 113710.28908860503,
      "debtValUSD": 45710149.00153618
    },
    {
      "name": "WBNB-USDT PancakeswapWorker",
      "address": "0x81b6534f4F7ba45Ecf98295Cef1450B4a4FC81Cd",
      "vault": "ibUSDT",
      "borrowToken": "USDT",
      "posVal": 53654671.468233556,
      "posValUSD": 53668056.69912473,
      "debtVal": 27892791.902421597,
      "debtValUSD": 27899750.317217495
    }
  ]
}