{
  "blockNo": 14468674,
  "lpName": "USDT-WBNB LP",
  "lpTokens": 0,
  "token0_symbol": "USDT",
  "token0_decimals": 18,
  "token0": 0,
  "token0_liquidity": 89764540.05525309,
  "token0_price": 1.00033487,
  "token0_posVal": 28649424.418482497,
  "token0_posValUSD": 28659018.25123752,
  "token0_debtVal": 17606584.76671549,
  "token0_debtValUSD": 17612480.68375632,
  "token1_symbol": "WBNB",
  "token1_decimals": 18,
  "token1": 0,
  "token1_liquidity": 192604.9113513527,
  "token1_price": 466.6952424,
  "token1_posVal": 104980.48223689788,
  "token1_posValUSD": 48993891.60481795,
  "token1_debtVal": 67040.88444970283,
  "token1_debtValUSD": 31287661.81896445,
  "liquidity": 179682395.29733145,
  "tvl": 0,
  "health": 77652909.85605547,
  "debt": 48900142.50272077,
  "leverage": 2.7007108186074973,
  "workerPositions": [
    {
      "name": "USDT-WBNB PancakeswapWorker",
      "address": "0x41867cc58aece8B570FF1A2a8aa6149014D2a94C",
      "vault": "ibWBNB",
      "borrowToken": "WBNB",
      "posVal": 104980.48223689788,
      "posValUSD": 48993891.60481795,
      "debtVal": 67040.88444970283,
      "debtValUSD": 31287661.81896445
    },
    {
      "name": "WBNB-USDT PancakeswapWorker",
      "address": "0x81b6534f4F7ba45Ecf98295Cef1450B4a4FC81Cd",
      "vault": "ibUSDT",
      "borrowToken": "USDT",
      "posVal": 28649424.418482497,
      "posValUSD": 28659018.25123752,
      "debtVal": 17606584.76671549,
      "debtValUSD": 17612480.68375632
    }
  ]
}