{
  "blockNo": 16022575,
  "lpName": "USDT-WBNB LP",
  "lpTokens": 0,
  "token0_symbol": "USDT",
  "token0_decimals": 18,
  "token0": 0,
  "token0_liquidity": 121559228.228002,
  "token0_price": 1.00026937,
  "token0_posVal": 48212579.438807905,
  "token0_posValUSD": 48225566.46133134,
  "token0_debtVal": 26219235.076213032,
  "token0_debtValUSD": 26226297.751565512,
  "token1_symbol": "WBNB",
  "token1_decimals": 18,
  "token1": 0,
  "token1_liquidity": 327787.4165809434,
  "token1_price": 371.03295257,
  "token1_posVal": 185387.11275504885,
  "token1_posValUSD": 68784727.81393328,
  "token1_debtVal": 111903.85736468763,
  "token1_debtValUSD": 41520018.6019922,
  "liquidity": 243211905.62662977,
  "tvl": 0,
  "health": 117010294.27526462,
  "debt": 67746316.3535577,
  "leverage": 2.3751694282833586,
  "workerPositions": [
    {
      "name": "USDT-WBNB PancakeswapWorker",
      "address": "0x41867cc58aece8B570FF1A2a8aa6149014D2a94C",
      "vault": "ibWBNB",
      "borrowToken": "WBNB",
      "posVal": 185387.11275504885,
      "posValUSD": 68784727.81393328,
      "debtVal": 111903.85736468763,
      "debtValUSD": 41520018.6019922
    },
    {
      "name": "WBNB-USDT PancakeswapWorker",
      "address": "0x81b6534f4F7ba45Ecf98295Cef1450B4a4FC81Cd",
      "vault": "ibUSDT",
      "borrowToken": "USDT",
      "posVal": 48212579.438807905,
      "posValUSD": 48225566.46133134,
      "debtVal": 26219235.076213032,
      "debtValUSD": 26226297.751565512
    }
  ]
}