{
  "blockNo": 14668286,
  "lpName": "USDT-WBNB LP",
  "lpTokens": 0,
  "token0_symbol": "USDT",
  "token0_decimals": 18,
  "token0": 0,
  "token0_liquidity": 86381386.40597549,
  "token0_price": 1.00047822,
  "token0_posVal": 34907923.77483357,
  "token0_posValUSD": 34924617.44214117,
  "token0_debtVal": 22145090.43694152,
  "token0_debtValUSD": 22155680.66209027,
  "token1_symbol": "WBNB",
  "token1_decimals": 18,
  "token1": 0,
  "token1_liquidity": 238757.6024142771,
  "token1_price": 362.3,
  "token1_posVal": 123273.72586543564,
  "token1_posValUSD": 44662070.88104733,
  "token1_debtVal": 72452.33166281386,
  "token1_debtValUSD": 26249479.76143746,
  "liquidity": 172924575.06727517,
  "tvl": 0,
  "health": 79586688.3231885,
  "debt": 48405160.42352773,
  "leverage": 2.552366535061752,
  "workerPositions": [
    {
      "name": "USDT-WBNB PancakeswapWorker",
      "address": "0x41867cc58aece8B570FF1A2a8aa6149014D2a94C",
      "vault": "ibWBNB",
      "borrowToken": "WBNB",
      "posVal": 123273.72586543564,
      "posValUSD": 44662070.88104733,
      "debtVal": 72452.33166281386,
      "debtValUSD": 26249479.76143746
    },
    {
      "name": "WBNB-USDT PancakeswapWorker",
      "address": "0x81b6534f4F7ba45Ecf98295Cef1450B4a4FC81Cd",
      "vault": "ibUSDT",
      "borrowToken": "USDT",
      "posVal": 34907923.77483357,
      "posValUSD": 34924617.44214117,
      "debtVal": 22145090.43694152,
      "debtValUSD": 22155680.66209027
    }
  ]
}