{
  "blockNo": 10836790,
  "lpName": "USDT-WBNB LP",
  "lpTokens": 0,
  "token0_symbol": "USDT",
  "token0_decimals": 18,
  "token0": 0,
  "token0_liquidity": 116898321.37847658,
  "token0_price": 1.00011781,
  "token0_posVal": 44523979.93516778,
  "token0_posValUSD": 44529225.30524395,
  "token0_debtVal": 26874496.79914245,
  "token0_debtValUSD": 26877662.88361036,
  "token1_symbol": "WBNB",
  "token1_decimals": 18,
  "token1": 0,
  "token1_liquidity": 291570.8815763858,
  "token1_price": 401.09665927,
  "token1_posVal": 139335.62329356512,
  "token1_posValUSD": 55887053.02035216,
  "token1_debtVal": 82364.7755709228,
  "token1_debtValUSD": 33036236.323020436,
  "liquidity": 233860199.7104153,
  "tvl": 0,
  "health": 100416278.32559611,
  "debt": 59913899.206630796,
  "leverage": 2.479268638285399,
  "workerPositions": [
    {
      "name": "USDT-WBNB PancakeswapWorker",
      "address": "0x41867cc58aece8B570FF1A2a8aa6149014D2a94C",
      "vault": "ibWBNB",
      "borrowToken": "WBNB",
      "posVal": 139335.62329356512,
      "posValUSD": 55887053.02035216,
      "debtVal": 82364.7755709228,
      "debtValUSD": 33036236.323020436
    },
    {
      "name": "WBNB-USDT PancakeswapWorker",
      "address": "0x81b6534f4F7ba45Ecf98295Cef1450B4a4FC81Cd",
      "vault": "ibUSDT",
      "borrowToken": "USDT",
      "posVal": 44523979.93516778,
      "posValUSD": 44529225.30524395,
      "debtVal": 26874496.79914245,
      "debtValUSD": 26877662.88361036
    }
  ]
}