{
  "blockNo": 12433889,
  "lpName": "USDT-WBNB LP",
  "lpTokens": 0,
  "token0_symbol": "USDT",
  "token0_decimals": 18,
  "token0": 0,
  "token0_liquidity": 149313516.0052333,
  "token0_price": 1.001,
  "token0_posVal": 54260680.176161535,
  "token0_posValUSD": 54314940.85633769,
  "token0_debtVal": 30721396.65676823,
  "token0_debtValUSD": 30752118.053424995,
  "token1_symbol": "WBNB",
  "token1_decimals": 18,
  "token1": 0,
  "token1_liquidity": 231172.7099879008,
  "token1_price": 647.08406552,
  "token1_posVal": 128854.74283755048,
  "token1_posValUSD": 83379850.85685626,
  "token1_debtVal": 93656.71334719777,
  "token1_debtValUSD": 60603766.83594598,
  "liquidity": 299051006.53748524,
  "tvl": 0,
  "health": 137694791.71319395,
  "debt": 91355884.88937098,
  "leverage": 2.971472595085144,
  "workerPositions": [
    {
      "name": "USDT-WBNB PancakeswapWorker",
      "address": "0x41867cc58aece8B570FF1A2a8aa6149014D2a94C",
      "vault": "ibWBNB",
      "borrowToken": "WBNB",
      "posVal": 128854.74283755048,
      "posValUSD": 83379850.85685626,
      "debtVal": 93656.71334719777,
      "debtValUSD": 60603766.83594598
    },
    {
      "name": "WBNB-USDT PancakeswapWorker",
      "address": "0x81b6534f4F7ba45Ecf98295Cef1450B4a4FC81Cd",
      "vault": "ibUSDT",
      "borrowToken": "USDT",
      "posVal": 54260680.176161535,
      "posValUSD": 54314940.85633769,
      "debtVal": 30721396.65676823,
      "debtValUSD": 30752118.053424995
    }
  ]
}