{
  "blockNo": 17176405,
  "lpName": "USDT-WBNB LP",
  "lpTokens": 0,
  "token0_symbol": "USDT",
  "token0_decimals": 18,
  "token0": 0,
  "token0_liquidity": 162020756.76237243,
  "token0_price": 1.00020266,
  "token0_posVal": 54639186.76325513,
  "token0_posValUSD": 54650259.940844566,
  "token0_debtVal": 28166146.571249932,
  "token0_debtValUSD": 28171854.722514063,
  "token1_symbol": "WBNB",
  "token1_decimals": 18,
  "token1": 0,
  "token1_liquidity": 397161.8874337905,
  "token1_price": 407.71077262,
  "token1_posVal": 181369.09946735337,
  "token1_posValUSD": 73946135.67322828,
  "token1_debtVal": 113874.58660678953,
  "token1_debtValUSD": 46427895.68723726,
  "liquidity": 323980771.8697861,
  "tvl": 0,
  "health": 128596395.61407284,
  "debt": 74599750.40975133,
  "leverage": 2.3815626901906284,
  "workerPositions": [
    {
      "name": "USDT-WBNB PancakeswapWorker",
      "address": "0x41867cc58aece8B570FF1A2a8aa6149014D2a94C",
      "vault": "ibWBNB",
      "borrowToken": "WBNB",
      "posVal": 181369.09946735337,
      "posValUSD": 73946135.67322828,
      "debtVal": 113874.58660678953,
      "debtValUSD": 46427895.68723726
    },
    {
      "name": "WBNB-USDT PancakeswapWorker",
      "address": "0x81b6534f4F7ba45Ecf98295Cef1450B4a4FC81Cd",
      "vault": "ibUSDT",
      "borrowToken": "USDT",
      "posVal": 54639186.76325513,
      "posValUSD": 54650259.940844566,
      "debtVal": 28166146.571249932,
      "debtValUSD": 28171854.722514063
    }
  ]
}