{
  "blockNo": 10882310,
  "lpName": "USDT-WBNB LP",
  "lpTokens": 0,
  "token0_symbol": "USDT",
  "token0_decimals": 18,
  "token0": 0,
  "token0_liquidity": 119436386.33968513,
  "token0_price": 0.9999171,
  "token0_posVal": 44304073.3741333,
  "token0_posValUSD": 44300400.56645058,
  "token0_debtVal": 26893243.49508323,
  "token0_debtValUSD": 26891014.04519749,
  "token1_symbol": "WBNB",
  "token1_decimals": 18,
  "token1": 0,
  "token1_liquidity": 301920.8740027968,
  "token1_price": 395.91730379,
  "token1_posVal": 139116.37720653947,
  "token1_posValUSD": 55078580.97664572,
  "token1_debtVal": 81868.98025112052,
  "token1_debtValUSD": 32413345.925060395,
  "liquidity": 238962183.45636517,
  "tvl": 0,
  "health": 99378981.5430963,
  "debt": 59304359.970257886,
  "leverage": 2.479848284093415,
  "workerPositions": [
    {
      "name": "USDT-WBNB PancakeswapWorker",
      "address": "0x41867cc58aece8B570FF1A2a8aa6149014D2a94C",
      "vault": "ibWBNB",
      "borrowToken": "WBNB",
      "posVal": 139116.37720653947,
      "posValUSD": 55078580.97664572,
      "debtVal": 81868.98025112052,
      "debtValUSD": 32413345.925060395
    },
    {
      "name": "WBNB-USDT PancakeswapWorker",
      "address": "0x81b6534f4F7ba45Ecf98295Cef1450B4a4FC81Cd",
      "vault": "ibUSDT",
      "borrowToken": "USDT",
      "posVal": 44304073.3741333,
      "posValUSD": 44300400.56645058,
      "debtVal": 26893243.49508323,
      "debtValUSD": 26891014.04519749
    }
  ]
}