{
  "blockNo": 14303789,
  "lpName": "USDT-WBNB LP",
  "lpTokens": 0,
  "token0_symbol": "USDT",
  "token0_decimals": 18,
  "token0": 0,
  "token0_liquidity": 103288507.83448134,
  "token0_price": 1.00030253,
  "token0_posVal": 29004964.611441873,
  "token0_posValUSD": 29013739.48338577,
  "token0_debtVal": 17556751.50162282,
  "token0_debtValUSD": 17562062.945654605,
  "token1_symbol": "WBNB",
  "token1_decimals": 18,
  "token1": 0,
  "token1_liquidity": 214089.52825879693,
  "token1_price": 482.81811628,
  "token1_posVal": 106242.47999008145,
  "token1_posValUSD": 51295794.057726726,
  "token1_debtVal": 68555.01866855104,
  "token1_debtValUSD": 33099604.97509005,
  "liquidity": 206686058.4559427,
  "tvl": 0,
  "health": 80309533.5411125,
  "debt": 50661667.92074466,
  "leverage": 2.7087795988234817,
  "workerPositions": [
    {
      "name": "USDT-WBNB PancakeswapWorker",
      "address": "0x41867cc58aece8B570FF1A2a8aa6149014D2a94C",
      "vault": "ibWBNB",
      "borrowToken": "WBNB",
      "posVal": 106242.47999008145,
      "posValUSD": 51295794.057726726,
      "debtVal": 68555.01866855104,
      "debtValUSD": 33099604.97509005
    },
    {
      "name": "WBNB-USDT PancakeswapWorker",
      "address": "0x81b6534f4F7ba45Ecf98295Cef1450B4a4FC81Cd",
      "vault": "ibUSDT",
      "borrowToken": "USDT",
      "posVal": 29004964.611441873,
      "posValUSD": 29013739.48338577,
      "debtVal": 17556751.50162282,
      "debtValUSD": 17562062.945654605
    }
  ]
}