{
  "blockNo": 14339747,
  "lpName": "USDT-WBNB LP",
  "lpTokens": 0,
  "token0_symbol": "USDT",
  "token0_decimals": 18,
  "token0": 0,
  "token0_liquidity": 100279613.60585509,
  "token0_price": 1.00041002,
  "token0_posVal": 28674882.04091185,
  "token0_posValUSD": 28686639.31604626,
  "token0_debtVal": 17465579.483416505,
  "token0_debtValUSD": 17472740.720316295,
  "token1_symbol": "WBNB",
  "token1_decimals": 18,
  "token1": 0,
  "token1_liquidity": 210833.8772712493,
  "token1_price": 476.14779852,
  "token1_posVal": 102992.79762671396,
  "token1_posValUSD": 49039793.85337573,
  "token1_debtVal": 66621.90527840197,
  "token1_debtValUSD": 31721873.531519067,
  "liquidity": 200708816.76916698,
  "tvl": 0,
  "health": 77726433.169422,
  "debt": 49194614.25183536,
  "leverage": 2.7242018251248763,
  "workerPositions": [
    {
      "name": "USDT-WBNB PancakeswapWorker",
      "address": "0x41867cc58aece8B570FF1A2a8aa6149014D2a94C",
      "vault": "ibWBNB",
      "borrowToken": "WBNB",
      "posVal": 102992.79762671396,
      "posValUSD": 49039793.85337573,
      "debtVal": 66621.90527840197,
      "debtValUSD": 31721873.531519067
    },
    {
      "name": "WBNB-USDT PancakeswapWorker",
      "address": "0x81b6534f4F7ba45Ecf98295Cef1450B4a4FC81Cd",
      "vault": "ibUSDT",
      "borrowToken": "USDT",
      "posVal": 28674882.04091185,
      "posValUSD": 28686639.31604626,
      "debtVal": 17465579.483416505,
      "debtValUSD": 17472740.720316295
    }
  ]
}