{
  "blockNo": 14442573,
  "lpName": "USDT-WBNB LP",
  "lpTokens": 0,
  "token0_symbol": "USDT",
  "token0_decimals": 18,
  "token0": 0,
  "token0_liquidity": 91123513.72784448,
  "token0_price": 1.00035804,
  "token0_posVal": 29118606.35614214,
  "token0_posValUSD": 29129031.981961895,
  "token0_debtVal": 17595095.28746355,
  "token0_debtValUSD": 17601395.035380274,
  "token1_symbol": "WBNB",
  "token1_decimals": 18,
  "token1": 0,
  "token1_liquidity": 188856.46838766686,
  "token1_price": 483.76,
  "token1_posVal": 102871.8055449443,
  "token1_posValUSD": 49765264.65042225,
  "token1_debtVal": 66858.99539600403,
  "token1_debtValUSD": 32343707.612770908,
  "liquidity": 182517344.7379173,
  "tvl": 0,
  "health": 78894296.63238415,
  "debt": 49945102.64815118,
  "leverage": 2.7252674694623114,
  "workerPositions": [
    {
      "name": "USDT-WBNB PancakeswapWorker",
      "address": "0x41867cc58aece8B570FF1A2a8aa6149014D2a94C",
      "vault": "ibWBNB",
      "borrowToken": "WBNB",
      "posVal": 102871.8055449443,
      "posValUSD": 49765264.65042225,
      "debtVal": 66858.99539600403,
      "debtValUSD": 32343707.612770908
    },
    {
      "name": "WBNB-USDT PancakeswapWorker",
      "address": "0x81b6534f4F7ba45Ecf98295Cef1450B4a4FC81Cd",
      "vault": "ibUSDT",
      "borrowToken": "USDT",
      "posVal": 29118606.35614214,
      "posValUSD": 29129031.981961895,
      "debtVal": 17595095.28746355,
      "debtValUSD": 17601395.035380274
    }
  ]
}