{
  "blockNo": 16695301,
  "lpName": "USDT-WBNB LP",
  "lpTokens": 0,
  "token0_symbol": "USDT",
  "token0_decimals": 18,
  "token0": 0,
  "token0_liquidity": 158080077.2684638,
  "token0_price": 1.00017467,
  "token0_posVal": 49964195.80831791,
  "token0_posValUSD": 49972923.05439975,
  "token0_debtVal": 24554655.108458042,
  "token0_debtValUSD": 24558944.070065837,
  "token1_symbol": "WBNB",
  "token1_decimals": 18,
  "token1": 0,
  "token1_liquidity": 359345.08102169674,
  "token1_price": 440.14914176,
  "token1_posVal": 155104.31376723555,
  "token1_posValUSD": 68269030.58792248,
  "token1_debtVal": 102387.95173401838,
  "token1_debtValUSD": 45065969.0822925,
  "liquidity": 316273118.1229378,
  "tvl": 0,
  "health": 118241953.64232224,
  "debt": 69624913.15235834,
  "leverage": 2.4321092450440527,
  "workerPositions": [
    {
      "name": "USDT-WBNB PancakeswapWorker",
      "address": "0x41867cc58aece8B570FF1A2a8aa6149014D2a94C",
      "vault": "ibWBNB",
      "borrowToken": "WBNB",
      "posVal": 155104.31376723555,
      "posValUSD": 68269030.58792248,
      "debtVal": 102387.95173401838,
      "debtValUSD": 45065969.0822925
    },
    {
      "name": "WBNB-USDT PancakeswapWorker",
      "address": "0x81b6534f4F7ba45Ecf98295Cef1450B4a4FC81Cd",
      "vault": "ibUSDT",
      "borrowToken": "USDT",
      "posVal": 49964195.80831791,
      "posValUSD": 49972923.05439975,
      "debtVal": 24554655.108458042,
      "debtValUSD": 24558944.070065837
    }
  ]
}