{
  "blockNo": 9951538,
  "lpName": "USDT-WBNB LP",
  "lpTokens": 0,
  "token0_symbol": "USDT",
  "token0_decimals": 18,
  "token0": 0,
  "token0_liquidity": 109479288.24754347,
  "token0_price": 1.00034653,
  "token0_posVal": 32571182.900191613,
  "token0_posValUSD": 32582469.79220202,
  "token0_debtVal": 16892016.47972199,
  "token0_debtValUSD": 16897870.07019271,
  "token1_symbol": "WBNB",
  "token1_decimals": 18,
  "token1": 0,
  "token1_liquidity": 276082.99813400576,
  "token1_price": 397.10994932,
  "token1_posVal": 80731.5107304545,
  "token1_posValUSD": 32059286.13469782,
  "token1_debtVal": 52383.74552000822,
  "token1_debtValUSD": 20802106.52864224,
  "liquidity": 219152531.50240856,
  "tvl": 0,
  "health": 64641755.926899835,
  "debt": 37699976.59883495,
  "leverage": 2.3993127974128785,
  "workerPositions": [
    {
      "name": "USDT-WBNB PancakeswapWorker",
      "address": "0x41867cc58aece8B570FF1A2a8aa6149014D2a94C",
      "vault": "ibWBNB",
      "borrowToken": "WBNB",
      "posVal": 80731.5107304545,
      "posValUSD": 32059286.13469782,
      "debtVal": 52383.74552000822,
      "debtValUSD": 20802106.52864224
    },
    {
      "name": "WBNB-USDT PancakeswapWorker",
      "address": "0x81b6534f4F7ba45Ecf98295Cef1450B4a4FC81Cd",
      "vault": "ibUSDT",
      "borrowToken": "USDT",
      "posVal": 32571182.900191613,
      "posValUSD": 32582469.79220202,
      "debtVal": 16892016.47972199,
      "debtValUSD": 16897870.07019271
    }
  ]
}