{
  "blockNo": 15227866,
  "lpName": "USDT-WBNB LP",
  "lpTokens": 0,
  "token0_symbol": "USDT",
  "token0_decimals": 18,
  "token0": 0,
  "token0_liquidity": 120047666.77762078,
  "token0_price": 1.0006496,
  "token0_posVal": 43130902.00769423,
  "token0_posValUSD": 43158919.84163843,
  "token0_debtVal": 25937060.546016097,
  "token0_debtValUSD": 25953909.26054679,
  "token1_symbol": "WBNB",
  "token1_decimals": 18,
  "token1": 0,
  "token1_liquidity": 303098.5881061733,
  "token1_price": 396.5,
  "token1_posVal": 173800.56853491394,
  "token1_posValUSD": 68911925.42409338,
  "token1_debtVal": 101016.89152756274,
  "token1_debtValUSD": 40053197.49067862,
  "liquidity": 240304239.92605725,
  "tvl": 0,
  "health": 112070845.26573181,
  "debt": 66007106.75122541,
  "leverage": 2.432951577094387,
  "workerPositions": [
    {
      "name": "USDT-WBNB PancakeswapWorker",
      "address": "0x41867cc58aece8B570FF1A2a8aa6149014D2a94C",
      "vault": "ibWBNB",
      "borrowToken": "WBNB",
      "posVal": 173800.56853491394,
      "posValUSD": 68911925.42409338,
      "debtVal": 101016.89152756274,
      "debtValUSD": 40053197.49067862
    },
    {
      "name": "WBNB-USDT PancakeswapWorker",
      "address": "0x81b6534f4F7ba45Ecf98295Cef1450B4a4FC81Cd",
      "vault": "ibUSDT",
      "borrowToken": "USDT",
      "posVal": 43130902.00769423,
      "posValUSD": 43158919.84163843,
      "debtVal": 25937060.546016097,
      "debtValUSD": 25953909.26054679
    }
  ]
}