{
  "blockNo": 11149973,
  "lpName": "USDT-WBNB LP",
  "lpTokens": 0,
  "token0_symbol": "USDT",
  "token0_decimals": 18,
  "token0": 0,
  "token0_liquidity": 138414535.20181662,
  "token0_price": 1.00107034,
  "token0_posVal": 48979626.0127637,
  "token0_posValUSD": 49032050.865670204,
  "token0_debtVal": 29298841.032744028,
  "token0_debtValUSD": 29330200.754255015,
  "token1_symbol": "WBNB",
  "token1_decimals": 18,
  "token1": 0,
  "token1_liquidity": 365000.1168315717,
  "token1_price": 379.54,
  "token1_posVal": 154964.57789805482,
  "token1_posValUSD": 58815255.895427726,
  "token1_debtVal": 95236.70435568516,
  "token1_debtValUSD": 36146138.77115674,
  "liquidity": 277094830.15767926,
  "tvl": 0,
  "health": 107847306.76109794,
  "debt": 65476339.525411755,
  "leverage": 2.545311419519956,
  "workerPositions": [
    {
      "name": "USDT-WBNB PancakeswapWorker",
      "address": "0x41867cc58aece8B570FF1A2a8aa6149014D2a94C",
      "vault": "ibWBNB",
      "borrowToken": "WBNB",
      "posVal": 154964.57789805482,
      "posValUSD": 58815255.895427726,
      "debtVal": 95236.70435568516,
      "debtValUSD": 36146138.77115674
    },
    {
      "name": "WBNB-USDT PancakeswapWorker",
      "address": "0x81b6534f4F7ba45Ecf98295Cef1450B4a4FC81Cd",
      "vault": "ibUSDT",
      "borrowToken": "USDT",
      "posVal": 48979626.0127637,
      "posValUSD": 49032050.865670204,
      "debtVal": 29298841.032744028,
      "debtValUSD": 29330200.754255015
    }
  ]
}