{
  "blockNo": 12681127,
  "lpName": "USDT-WBNB LP",
  "lpTokens": 0,
  "token0_symbol": "USDT",
  "token0_decimals": 18,
  "token0": 0,
  "token0_liquidity": 143612458.89652807,
  "token0_price": 1.00036491,
  "token0_posVal": 53632112.008266315,
  "token0_posValUSD": 53651682.90225925,
  "token0_debtVal": 31380922.776699673,
  "token0_debtValUSD": 31392373.98923012,
  "token1_symbol": "WBNB",
  "token1_decimals": 18,
  "token1": 0,
  "token1_liquidity": 225371.9703167414,
  "token1_price": 637.35596128,
  "token1_posVal": 130412.90259700654,
  "token1_posValUSD": 83119440.8980301,
  "token1_debtVal": 91372.3971938319,
  "token1_debtValUSD": 58236742.04793271,
  "liquidity": 287307033.30569834,
  "tvl": 0,
  "health": 136771123.80028936,
  "debt": 89629116.03716283,
  "leverage": 2.9012579287568823,
  "workerPositions": [
    {
      "name": "USDT-WBNB PancakeswapWorker",
      "address": "0x41867cc58aece8B570FF1A2a8aa6149014D2a94C",
      "vault": "ibWBNB",
      "borrowToken": "WBNB",
      "posVal": 130412.90259700654,
      "posValUSD": 83119440.8980301,
      "debtVal": 91372.3971938319,
      "debtValUSD": 58236742.04793271
    },
    {
      "name": "WBNB-USDT PancakeswapWorker",
      "address": "0x81b6534f4F7ba45Ecf98295Cef1450B4a4FC81Cd",
      "vault": "ibUSDT",
      "borrowToken": "USDT",
      "posVal": 53632112.008266315,
      "posValUSD": 53651682.90225925,
      "debtVal": 31380922.776699673,
      "debtValUSD": 31392373.98923012
    }
  ]
}