{
  "blockNo": 12847389,
  "lpName": "USDT-WBNB LP",
  "lpTokens": 0,
  "token0_symbol": "USDT",
  "token0_decimals": 18,
  "token0": 0,
  "token0_liquidity": 154350442.79824093,
  "token0_price": 1.00106544,
  "token0_posVal": 66740268.587659344,
  "token0_posValUSD": 66811376.33942339,
  "token0_debtVal": 38078709.0086547,
  "token0_debtValUSD": 38119279.58838088,
  "token1_symbol": "WBNB",
  "token1_decimals": 18,
  "token1": 0,
  "token1_liquidity": 264211.5980034183,
  "token1_price": 585.24865847,
  "token1_posVal": 148216.92156027956,
  "token1_posValUSD": 86743754.50570683,
  "token1_debtVal": 99145.72855365048,
  "token1_debtValUSD": 58024904.62905472,
  "liquidity": 309144377.21773136,
  "tvl": 0,
  "health": 153555130.8451302,
  "debt": 96144184.2174356,
  "leverage": 2.6746664158130495,
  "workerPositions": [
    {
      "name": "USDT-WBNB PancakeswapWorker",
      "address": "0x41867cc58aece8B570FF1A2a8aa6149014D2a94C",
      "vault": "ibWBNB",
      "borrowToken": "WBNB",
      "posVal": 148216.92156027956,
      "posValUSD": 86743754.50570683,
      "debtVal": 99145.72855365048,
      "debtValUSD": 58024904.62905472
    },
    {
      "name": "WBNB-USDT PancakeswapWorker",
      "address": "0x81b6534f4F7ba45Ecf98295Cef1450B4a4FC81Cd",
      "vault": "ibUSDT",
      "borrowToken": "USDT",
      "posVal": 66740268.587659344,
      "posValUSD": 66811376.33942339,
      "debtVal": 38078709.0086547,
      "debtValUSD": 38119279.58838088
    }
  ]
}