{
  "blockNo": 14682647,
  "lpName": "USDT-WBNB LP",
  "lpTokens": 0,
  "token0_symbol": "USDT",
  "token0_decimals": 18,
  "token0": 0,
  "token0_liquidity": 93237821.78632703,
  "token0_price": 1.00047822,
  "token0_posVal": 35875582.14423614,
  "token0_posValUSD": 35892738.56512915,
  "token0_debtVal": 22095692.665739134,
  "token0_debtValUSD": 22106259.267885745,
  "token1_symbol": "WBNB",
  "token1_decimals": 18,
  "token1": 0,
  "token1_liquidity": 242403.27703548525,
  "token1_price": 385.09412661,
  "token1_posVal": 119657.91673576635,
  "token1_posValUSD": 46079560.93733204,
  "token1_debtVal": 72489.32183546801,
  "token1_debtValUSD": 27915212.080780756,
  "liquidity": 186630488.23484376,
  "tvl": 0,
  "health": 81972299.5024612,
  "debt": 50021471.348666504,
  "leverage": 2.5655766763818804,
  "workerPositions": [
    {
      "name": "USDT-WBNB PancakeswapWorker",
      "address": "0x41867cc58aece8B570FF1A2a8aa6149014D2a94C",
      "vault": "ibWBNB",
      "borrowToken": "WBNB",
      "posVal": 119657.91673576635,
      "posValUSD": 46079560.93733204,
      "debtVal": 72489.32183546801,
      "debtValUSD": 27915212.080780756
    },
    {
      "name": "WBNB-USDT PancakeswapWorker",
      "address": "0x81b6534f4F7ba45Ecf98295Cef1450B4a4FC81Cd",
      "vault": "ibUSDT",
      "borrowToken": "USDT",
      "posVal": 35875582.14423614,
      "posValUSD": 35892738.56512915,
      "debtVal": 22095692.665739134,
      "debtValUSD": 22106259.267885745
    }
  ]
}