{
  "blockNo": 17878261,
  "lpName": "USDT-WBNB LP",
  "lpTokens": 0,
  "token0_symbol": "USDT",
  "token0_decimals": 18,
  "token0": 0,
  "token0_liquidity": 118996303.44939482,
  "token0_price": 0.99882742,
  "token0_posVal": 31018199.77141794,
  "token0_posValUSD": 30981828.45072997,
  "token0_debtVal": 18409877.995760404,
  "token0_debtValUSD": 18388290.941020135,
  "token1_symbol": "WBNB",
  "token1_decimals": 18,
  "token1": 0,
  "token1_liquidity": 387167.3561855713,
  "token1_price": 306.94463139,
  "token1_posVal": 146331.24694022184,
  "token1_posValUSD": 44915590.65290546,
  "token1_debtVal": 74996.79331392566,
  "token1_debtValUSD": 23019863.07917493,
  "liquidity": 237695712.19451714,
  "tvl": 0,
  "health": 75897419.10363543,
  "debt": 41408154.02019507,
  "leverage": 2.2006099265964565,
  "workerPositions": [
    {
      "name": "USDT-WBNB PancakeswapWorker",
      "address": "0x41867cc58aece8B570FF1A2a8aa6149014D2a94C",
      "vault": "ibWBNB",
      "borrowToken": "WBNB",
      "posVal": 146331.24694022184,
      "posValUSD": 44915590.65290546,
      "debtVal": 74996.79331392566,
      "debtValUSD": 23019863.07917493
    },
    {
      "name": "WBNB-USDT PancakeswapWorker",
      "address": "0x81b6534f4F7ba45Ecf98295Cef1450B4a4FC81Cd",
      "vault": "ibUSDT",
      "borrowToken": "USDT",
      "posVal": 31018199.77141794,
      "posValUSD": 30981828.45072997,
      "debtVal": 18409877.995760404,
      "debtValUSD": 18388290.941020135
    }
  ]
}