{
  "blockNo": 12470940,
  "lpName": "USDT-WBNB LP",
  "lpTokens": 0,
  "token0_symbol": "USDT",
  "token0_decimals": 18,
  "token0": 0,
  "token0_liquidity": 148091099.09990245,
  "token0_price": 1.00081833,
  "token0_posVal": 53825496.046140045,
  "token0_posValUSD": 53869543.064319484,
  "token0_debtVal": 31396446.079547413,
  "token0_debtValUSD": 31422138.733267687,
  "token1_symbol": "WBNB",
  "token1_decimals": 18,
  "token1": 0,
  "token1_liquidity": 232357.0399129743,
  "token1_price": 639.3316651,
  "token1_posVal": 129879.45944145428,
  "token1_posValUSD": 83036051.06699288,
  "token1_debtVal": 91460.92081524969,
  "token1_debtValUSD": 58473862.796392836,
  "liquidity": 296765499.7142979,
  "tvl": 0,
  "health": 136905594.13131237,
  "debt": 89896001.52966052,
  "leverage": 2.9122905891020574,
  "workerPositions": [
    {
      "name": "USDT-WBNB PancakeswapWorker",
      "address": "0x41867cc58aece8B570FF1A2a8aa6149014D2a94C",
      "vault": "ibWBNB",
      "borrowToken": "WBNB",
      "posVal": 129879.45944145428,
      "posValUSD": 83036051.06699288,
      "debtVal": 91460.92081524969,
      "debtValUSD": 58473862.796392836
    },
    {
      "name": "WBNB-USDT PancakeswapWorker",
      "address": "0x81b6534f4F7ba45Ecf98295Cef1450B4a4FC81Cd",
      "vault": "ibUSDT",
      "borrowToken": "USDT",
      "posVal": 53825496.046140045,
      "posValUSD": 53869543.064319484,
      "debtVal": 31396446.079547413,
      "debtValUSD": 31422138.733267687
    }
  ]
}