{
  "blockNo": 17062962,
  "lpName": "USDT-WBNB LP",
  "lpTokens": 0,
  "token0_symbol": "USDT",
  "token0_decimals": 18,
  "token0": 0,
  "token0_liquidity": 170443456.8756969,
  "token0_price": 1.00029464,
  "token0_posVal": 55245315.11878927,
  "token0_posValUSD": 55261592.598435864,
  "token0_debtVal": 28229942.206899032,
  "token0_debtValUSD": 28238259.87707087,
  "token1_symbol": "WBNB",
  "token1_decimals": 18,
  "token1": 0,
  "token1_liquidity": 410511.8871209748,
  "token1_price": 415.05566326,
  "token1_posVal": 182071.00495620054,
  "token1_posValUSD": 75569601.72251056,
  "token1_debtVal": 115099.842475117,
  "token1_debtValUSD": 47772841.459631205,
  "liquidity": 340878959.92094123,
  "tvl": 0,
  "health": 130831194.32094643,
  "debt": 76011101.33670208,
  "leverage": 2.3865554981555426,
  "workerPositions": [
    {
      "name": "USDT-WBNB PancakeswapWorker",
      "address": "0x41867cc58aece8B570FF1A2a8aa6149014D2a94C",
      "vault": "ibWBNB",
      "borrowToken": "WBNB",
      "posVal": 182071.00495620054,
      "posValUSD": 75569601.72251056,
      "debtVal": 115099.842475117,
      "debtValUSD": 47772841.459631205
    },
    {
      "name": "WBNB-USDT PancakeswapWorker",
      "address": "0x81b6534f4F7ba45Ecf98295Cef1450B4a4FC81Cd",
      "vault": "ibUSDT",
      "borrowToken": "USDT",
      "posVal": 55245315.11878927,
      "posValUSD": 55261592.598435864,
      "debtVal": 28229942.206899032,
      "debtValUSD": 28238259.87707087
    }
  ]
}