{
  "blockNo": 9523344,
  "lpName": "USDT-WBNB LP",
  "lpTokens": 0,
  "token0_symbol": "USDT",
  "token0_decimals": 18,
  "token0": 0,
  "token0_liquidity": 120772624.83701351,
  "token0_price": 1.00001582,
  "token0_posVal": 31781194.904607095,
  "token0_posValUSD": 31781697.683110487,
  "token0_debtVal": 18186382.45578812,
  "token0_debtValUSD": 18186670.16435857,
  "token1_symbol": "WBNB",
  "token1_decimals": 18,
  "token1": 0,
  "token1_liquidity": 381332.13845563243,
  "token1_price": 316.85,
  "token1_posVal": 122819.01696571747,
  "token1_posValUSD": 38915205.52558758,
  "token1_debtVal": 73342.6815078266,
  "token1_debtValUSD": 23238628.635754857,
  "liquidity": 241599623.52960557,
  "tvl": 0,
  "health": 70696903.20869806,
  "debt": 41425298.800113425,
  "leverage": 2.4152042444234594,
  "workerPositions": [
    {
      "name": "USDT-WBNB PancakeswapWorker",
      "address": "0x41867cc58aece8B570FF1A2a8aa6149014D2a94C",
      "vault": "ibWBNB",
      "borrowToken": "WBNB",
      "posVal": 122819.01696571747,
      "posValUSD": 38915205.52558758,
      "debtVal": 73342.6815078266,
      "debtValUSD": 23238628.635754857
    },
    {
      "name": "WBNB-USDT PancakeswapWorker",
      "address": "0x81b6534f4F7ba45Ecf98295Cef1450B4a4FC81Cd",
      "vault": "ibUSDT",
      "borrowToken": "USDT",
      "posVal": 31781194.904607095,
      "posValUSD": 31781697.683110487,
      "debtVal": 18186382.45578812,
      "debtValUSD": 18186670.16435857
    }
  ]
}