{
  "blockNo": 15244662,
  "lpName": "USDT-WBNB LP",
  "lpTokens": 0,
  "token0_symbol": "USDT",
  "token0_decimals": 18,
  "token0": 0,
  "token0_liquidity": 120078958.9611886,
  "token0_price": 1.00051733,
  "token0_posVal": 43016003.943895645,
  "token0_posValUSD": 43038257.41321594,
  "token0_debtVal": 25906378.749888312,
  "token0_debtValUSD": 25919780.896806993,
  "token1_symbol": "WBNB",
  "token1_decimals": 18,
  "token1": 0,
  "token1_liquidity": 304040.3652607972,
  "token1_price": 394.76886277,
  "token1_posVal": 173961.83283168633,
  "token1_posValUSD": 68674714.91234966,
  "token1_debtVal": 100989.26041365654,
  "token1_debtValUSD": 39867415.48548257,
  "liquidity": 240166748.63920832,
  "tvl": 0,
  "health": 111712972.3255656,
  "debt": 65787196.382289566,
  "leverage": 2.4324678251173113,
  "workerPositions": [
    {
      "name": "USDT-WBNB PancakeswapWorker",
      "address": "0x41867cc58aece8B570FF1A2a8aa6149014D2a94C",
      "vault": "ibWBNB",
      "borrowToken": "WBNB",
      "posVal": 173961.83283168633,
      "posValUSD": 68674714.91234966,
      "debtVal": 100989.26041365654,
      "debtValUSD": 39867415.48548257
    },
    {
      "name": "WBNB-USDT PancakeswapWorker",
      "address": "0x81b6534f4F7ba45Ecf98295Cef1450B4a4FC81Cd",
      "vault": "ibUSDT",
      "borrowToken": "USDT",
      "posVal": 43016003.943895645,
      "posValUSD": 43038257.41321594,
      "debtVal": 25906378.749888312,
      "debtValUSD": 25919780.896806993
    }
  ]
}