{
  "blockNo": 10740629,
  "lpName": "USDT-WBNB LP",
  "lpTokens": 0,
  "token0_symbol": "USDT",
  "token0_decimals": 18,
  "token0": 0,
  "token0_liquidity": 101349188.55236635,
  "token0_price": 1.00034833,
  "token0_posVal": 44800849.063680194,
  "token0_posValUSD": 44816454.543434545,
  "token0_debtVal": 26579433.31533986,
  "token0_debtValUSD": 26588691.729346592,
  "token1_symbol": "WBNB",
  "token1_decimals": 18,
  "token1": 0,
  "token1_liquidity": 242347.10082805142,
  "token1_price": 418.52481814,
  "token1_posVal": 132315.90105422933,
  "token1_posValUSD": 55377488.42575156,
  "token1_debtVal": 80054.06589350432,
  "token1_debtValUSD": 33504613.369446468,
  "liquidity": 202812767.81603125,
  "tvl": 0,
  "health": 100193942.9691861,
  "debt": 60093305.09879306,
  "leverage": 2.498562324445241,
  "workerPositions": [
    {
      "name": "USDT-WBNB PancakeswapWorker",
      "address": "0x41867cc58aece8B570FF1A2a8aa6149014D2a94C",
      "vault": "ibWBNB",
      "borrowToken": "WBNB",
      "posVal": 132315.90105422933,
      "posValUSD": 55377488.42575156,
      "debtVal": 80054.06589350432,
      "debtValUSD": 33504613.369446468
    },
    {
      "name": "WBNB-USDT PancakeswapWorker",
      "address": "0x81b6534f4F7ba45Ecf98295Cef1450B4a4FC81Cd",
      "vault": "ibUSDT",
      "borrowToken": "USDT",
      "posVal": 44800849.063680194,
      "posValUSD": 44816454.543434545,
      "debtVal": 26579433.31533986,
      "debtValUSD": 26588691.729346592
    }
  ]
}