{
  "blockNo": 9760288,
  "lpName": "USDT-WBNB LP",
  "lpTokens": 0,
  "token0_symbol": "USDT",
  "token0_decimals": 18,
  "token0": 0,
  "token0_liquidity": 133448861.71004348,
  "token0_price": 1,
  "token0_posVal": 28938265.94900719,
  "token0_posValUSD": 28938265.94900719,
  "token0_debtVal": 15999948.07102623,
  "token0_debtValUSD": 15999948.07102623,
  "token1_symbol": "WBNB",
  "token1_decimals": 18,
  "token1": 0,
  "token1_liquidity": 399650.8734901458,
  "token1_price": 333.93860189,
  "token1_posVal": 100553.16741455412,
  "token1_posValUSD": 33578584.1420273,
  "token1_debtVal": 61924.89474426923,
  "token1_debtValUSD": 20679112.773086675,
  "liquidity": 266907715.64746,
  "tvl": 0,
  "health": 62516850.091034494,
  "debt": 36679060.8441129,
  "leverage": 2.4195897525746317,
  "workerPositions": [
    {
      "name": "USDT-WBNB PancakeswapWorker",
      "address": "0x41867cc58aece8B570FF1A2a8aa6149014D2a94C",
      "vault": "ibWBNB",
      "borrowToken": "WBNB",
      "posVal": 100553.16741455412,
      "posValUSD": 33578584.1420273,
      "debtVal": 61924.89474426923,
      "debtValUSD": 20679112.773086675
    },
    {
      "name": "WBNB-USDT PancakeswapWorker",
      "address": "0x81b6534f4F7ba45Ecf98295Cef1450B4a4FC81Cd",
      "vault": "ibUSDT",
      "borrowToken": "USDT",
      "posVal": 28938265.94900719,
      "posValUSD": 28938265.94900719,
      "debtVal": 15999948.07102623,
      "debtValUSD": 15999948.07102623
    }
  ]
}