{
  "blockNo": 14512608,
  "lpName": "USDT-WBNB LP",
  "lpTokens": 0,
  "token0_symbol": "USDT",
  "token0_decimals": 18,
  "token0": 0,
  "token0_liquidity": 82640968.65296358,
  "token0_price": 1.00026784,
  "token0_posVal": 28809573.039390977,
  "token0_posValUSD": 28817289.395433847,
  "token0_debtVal": 17674466.392277278,
  "token0_debtValUSD": 17679200.321355786,
  "token1_symbol": "WBNB",
  "token1_decimals": 18,
  "token1": 0,
  "token1_liquidity": 176644.50581717255,
  "token1_price": 467.64,
  "token1_posVal": 102572.58882326487,
  "token1_posValUSD": 47967045.43731158,
  "token1_debtVal": 66113.6864085891,
  "token1_debtValUSD": 30917404.312112607,
  "liquidity": 165269139.91035014,
  "tvl": 0,
  "health": 76784334.83274543,
  "debt": 48596604.63346839,
  "leverage": 2.7240339782560707,
  "workerPositions": [
    {
      "name": "USDT-WBNB PancakeswapWorker",
      "address": "0x41867cc58aece8B570FF1A2a8aa6149014D2a94C",
      "vault": "ibWBNB",
      "borrowToken": "WBNB",
      "posVal": 102572.58882326487,
      "posValUSD": 47967045.43731158,
      "debtVal": 66113.6864085891,
      "debtValUSD": 30917404.312112607
    },
    {
      "name": "WBNB-USDT PancakeswapWorker",
      "address": "0x81b6534f4F7ba45Ecf98295Cef1450B4a4FC81Cd",
      "vault": "ibUSDT",
      "borrowToken": "USDT",
      "posVal": 28809573.039390977,
      "posValUSD": 28817289.395433847,
      "debtVal": 17674466.392277278,
      "debtValUSD": 17679200.321355786
    }
  ]
}