{
  "blockNo": 9487377,
  "lpName": "USDT-WBNB LP",
  "lpTokens": 0,
  "token0_symbol": "USDT",
  "token0_decimals": 18,
  "token0": 0,
  "token0_liquidity": 114847500.2444121,
  "token0_price": 1.0006,
  "token0_posVal": 30883176.509667445,
  "token0_posValUSD": 30901706.415573243,
  "token0_debtVal": 17427293.511987884,
  "token0_debtValUSD": 17437749.888095073,
  "token1_symbol": "WBNB",
  "token1_decimals": 18,
  "token1": 0,
  "token1_liquidity": 358806.2390882721,
  "token1_price": 320.79,
  "token1_posVal": 112552.76474325424,
  "token1_posValUSD": 36105801.40198853,
  "token1_debtVal": 66779.84121909522,
  "token1_debtValUSD": 21422305.264673557,
  "liquidity": 230017862.18168557,
  "tvl": 0,
  "health": 67007507.817561775,
  "debt": 38860055.15276863,
  "leverage": 2.380588702485849,
  "workerPositions": [
    {
      "name": "USDT-WBNB PancakeswapWorker",
      "address": "0x41867cc58aece8B570FF1A2a8aa6149014D2a94C",
      "vault": "ibWBNB",
      "borrowToken": "WBNB",
      "posVal": 112552.76474325424,
      "posValUSD": 36105801.40198853,
      "debtVal": 66779.84121909522,
      "debtValUSD": 21422305.264673557
    },
    {
      "name": "WBNB-USDT PancakeswapWorker",
      "address": "0x81b6534f4F7ba45Ecf98295Cef1450B4a4FC81Cd",
      "vault": "ibUSDT",
      "borrowToken": "USDT",
      "posVal": 30883176.509667445,
      "posValUSD": 30901706.415573243,
      "debtVal": 17427293.511987884,
      "debtValUSD": 17437749.888095073
    }
  ]
}