{
  "blockNo": 17758090,
  "lpName": "USDT-WBNB LP",
  "lpTokens": 0,
  "token0_symbol": "USDT",
  "token0_decimals": 18,
  "token0": 0,
  "token0_liquidity": 76072611.86976086,
  "token0_price": 0.99788787,
  "token0_posVal": 30234077.42038188,
  "token0_posValUSD": 30170219.11843997,
  "token0_debtVal": 18168216.780829597,
  "token0_debtValUSD": 18129843.145120304,
  "token1_symbol": "WBNB",
  "token1_decimals": 18,
  "token1": 0,
  "token1_liquidity": 252027.15878166613,
  "token1_price": 301.10831174,
  "token1_posVal": 4199.003547407685,
  "token1_posValUSD": 1264354.869150199,
  "token1_debtVal": 1725.562168144001,
  "token1_debtValUSD": 519581.1112522541,
  "liquidity": 151799408.9174288,
  "tvl": 0,
  "health": 31434573.987590168,
  "debt": 18649424.25637256,
  "leverage": 2.4586785957489496,
  "workerPositions": [
    {
      "name": "USDT-WBNB PancakeswapWorker",
      "address": "0x41867cc58aece8B570FF1A2a8aa6149014D2a94C",
      "vault": "ibWBNB",
      "borrowToken": "WBNB",
      "posVal": 4199.003547407685,
      "posValUSD": 1264354.869150199,
      "debtVal": 1725.562168144001,
      "debtValUSD": 519581.1112522541
    },
    {
      "name": "WBNB-USDT PancakeswapWorker",
      "address": "0x81b6534f4F7ba45Ecf98295Cef1450B4a4FC81Cd",
      "vault": "ibUSDT",
      "borrowToken": "USDT",
      "posVal": 30234077.42038188,
      "posValUSD": 30170219.11843997,
      "debtVal": 18168216.780829597,
      "debtValUSD": 18129843.145120304
    }
  ]
}