{
  "blockNo": 11557569,
  "lpName": "USDT-WBNB LP",
  "lpTokens": 0,
  "token0_symbol": "USDT",
  "token0_decimals": 18,
  "token0": 0,
  "token0_liquidity": 94275068.79989332,
  "token0_price": 1.00037142,
  "token0_posVal": 41668704.18219755,
  "token0_posValUSD": 41684180.7723049,
  "token0_debtVal": 25108924.254272766,
  "token0_debtValUSD": 25118250.210919287,
  "token1_symbol": "WBNB",
  "token1_decimals": 18,
  "token1": 0,
  "token1_liquidity": 217365.81933405827,
  "token1_price": 433.09044245,
  "token1_posVal": 119370.60036589482,
  "token1_posValUSD": 51698266.12798752,
  "token1_debtVal": 76459.56989708787,
  "token1_debtValUSD": 33113908.95626649,
  "liquidity": 188449143.31484103,
  "tvl": 0,
  "health": 93382446.90029243,
  "debt": 58232159.167185776,
  "leverage": 2.6566623752652596,
  "workerPositions": [
    {
      "name": "USDT-WBNB PancakeswapWorker",
      "address": "0x41867cc58aece8B570FF1A2a8aa6149014D2a94C",
      "vault": "ibWBNB",
      "borrowToken": "WBNB",
      "posVal": 119370.60036589482,
      "posValUSD": 51698266.12798752,
      "debtVal": 76459.56989708787,
      "debtValUSD": 33113908.95626649
    },
    {
      "name": "WBNB-USDT PancakeswapWorker",
      "address": "0x81b6534f4F7ba45Ecf98295Cef1450B4a4FC81Cd",
      "vault": "ibUSDT",
      "borrowToken": "USDT",
      "posVal": 41668704.18219755,
      "posValUSD": 41684180.7723049,
      "debtVal": 25108924.254272766,
      "debtValUSD": 25118250.210919287
    }
  ]
}