{
  "blockNo": 15487379,
  "lpName": "USDT-WBNB LP",
  "lpTokens": 0,
  "token0_symbol": "USDT",
  "token0_decimals": 18,
  "token0": 0,
  "token0_liquidity": 118300534.98447001,
  "token0_price": 1.00067095,
  "token0_posVal": 44741940.83156931,
  "token0_posValUSD": 44771960.436770245,
  "token0_debtVal": 27632992.25043085,
  "token0_debtValUSD": 27651532.606581274,
  "token1_symbol": "WBNB",
  "token1_decimals": 18,
  "token1": 0,
  "token1_liquidity": 317718.1473023373,
  "token1_price": 372.81655161,
  "token1_posVal": 202909.84154869334,
  "token1_posValUSD": 75648147.41391535,
  "token1_debtVal": 121650.07086329986,
  "token1_debtValUSD": 45353159.92236759,
  "liquidity": 236830492.78959322,
  "tvl": 0,
  "health": 120420107.8506856,
  "debt": 73004692.52894886,
  "leverage": 2.5396826545454974,
  "workerPositions": [
    {
      "name": "USDT-WBNB PancakeswapWorker",
      "address": "0x41867cc58aece8B570FF1A2a8aa6149014D2a94C",
      "vault": "ibWBNB",
      "borrowToken": "WBNB",
      "posVal": 202909.84154869334,
      "posValUSD": 75648147.41391535,
      "debtVal": 121650.07086329986,
      "debtValUSD": 45353159.92236759
    },
    {
      "name": "WBNB-USDT PancakeswapWorker",
      "address": "0x81b6534f4F7ba45Ecf98295Cef1450B4a4FC81Cd",
      "vault": "ibUSDT",
      "borrowToken": "USDT",
      "posVal": 44741940.83156931,
      "posValUSD": 44771960.436770245,
      "debtVal": 27632992.25043085,
      "debtValUSD": 27651532.606581274
    }
  ]
}