{
  "blockNo": 15943614,
  "lpName": "USDT-WBNB LP",
  "lpTokens": 0,
  "token0_symbol": "USDT",
  "token0_decimals": 18,
  "token0": 0,
  "token0_liquidity": 117875014.8447184,
  "token0_price": 1.00034933,
  "token0_posVal": 46781095.875384234,
  "token0_posValUSD": 46797437.91560638,
  "token0_debtVal": 25521410.72960359,
  "token0_debtValUSD": 25530326.12401376,
  "token1_symbol": "WBNB",
  "token1_decimals": 18,
  "token1": 0,
  "token1_liquidity": 320715.17659284524,
  "token1_price": 367.23307785,
  "token1_posVal": 184315.68568065,
  "token1_posValUSD": 67686816.54853827,
  "token1_debtVal": 110059.54087199662,
  "token1_debtValUSD": 40417503.94118119,
  "liquidity": 235693413.5370509,
  "tvl": 0,
  "health": 114484254.46414465,
  "debt": 65947830.06519495,
  "leverage": 2.3587286431140986,
  "workerPositions": [
    {
      "name": "USDT-WBNB PancakeswapWorker",
      "address": "0x41867cc58aece8B570FF1A2a8aa6149014D2a94C",
      "vault": "ibWBNB",
      "borrowToken": "WBNB",
      "posVal": 184315.68568065,
      "posValUSD": 67686816.54853827,
      "debtVal": 110059.54087199662,
      "debtValUSD": 40417503.94118119
    },
    {
      "name": "WBNB-USDT PancakeswapWorker",
      "address": "0x81b6534f4F7ba45Ecf98295Cef1450B4a4FC81Cd",
      "vault": "ibUSDT",
      "borrowToken": "USDT",
      "posVal": 46781095.875384234,
      "posValUSD": 46797437.91560638,
      "debtVal": 25521410.72960359,
      "debtValUSD": 25530326.12401376
    }
  ]
}