{
  "blockNo": 14605998,
  "lpName": "USDT-WBNB LP",
  "lpTokens": 0,
  "token0_symbol": "USDT",
  "token0_decimals": 18,
  "token0": 0,
  "token0_liquidity": 88592844.64161474,
  "token0_price": 1.00044417,
  "token0_posVal": 34423061.17562478,
  "token0_posValUSD": 34438350.86670715,
  "token0_debtVal": 21853138.367254682,
  "token0_debtValUSD": 21862844.875723265,
  "token1_symbol": "WBNB",
  "token1_decimals": 18,
  "token1": 0,
  "token1_liquidity": 242017.6575378313,
  "token1_price": 366.32789855,
  "token1_posVal": 125549.44114580029,
  "token1_posValUSD": 45992262.93906792,
  "token1_debtVal": 73633.0123900109,
  "token1_debtValUSD": 26973826.692738805,
  "liquidity": 177290014.8232465,
  "tvl": 0,
  "health": 80430613.80577508,
  "debt": 48836671.568462074,
  "leverage": 2.5457606145391094,
  "workerPositions": [
    {
      "name": "USDT-WBNB PancakeswapWorker",
      "address": "0x41867cc58aece8B570FF1A2a8aa6149014D2a94C",
      "vault": "ibWBNB",
      "borrowToken": "WBNB",
      "posVal": 125549.44114580029,
      "posValUSD": 45992262.93906792,
      "debtVal": 73633.0123900109,
      "debtValUSD": 26973826.692738805
    },
    {
      "name": "WBNB-USDT PancakeswapWorker",
      "address": "0x81b6534f4F7ba45Ecf98295Cef1450B4a4FC81Cd",
      "vault": "ibUSDT",
      "borrowToken": "USDT",
      "posVal": 34423061.17562478,
      "posValUSD": 34438350.86670715,
      "debtVal": 21853138.367254682,
      "debtValUSD": 21862844.875723265
    }
  ]
}