{
  "blockNo": 14910261,
  "lpName": "USDT-WBNB LP",
  "lpTokens": 0,
  "token0_symbol": "USDT",
  "token0_decimals": 18,
  "token0": 0,
  "token0_liquidity": 95100421.77494884,
  "token0_price": 1.00057531,
  "token0_posVal": 38073371.59578755,
  "token0_posValUSD": 38095275.58720032,
  "token0_debtVal": 23507622.774452586,
  "token0_debtValUSD": 23521146.94491096,
  "token1_symbol": "WBNB",
  "token1_decimals": 18,
  "token1": 0,
  "token1_liquidity": 254421.7963524046,
  "token1_price": 374.14626378,
  "token1_posVal": 129413.57452279895,
  "token1_posValUSD": 48419605.39011983,
  "token1_debtVal": 77374.09414020347,
  "token1_debtValUSD": 28949228.23591912,
  "liquidity": 190346098.5280484,
  "tvl": 0,
  "health": 86514880.97732015,
  "debt": 52470375.18083008,
  "leverage": 2.541228869482948,
  "workerPositions": [
    {
      "name": "USDT-WBNB PancakeswapWorker",
      "address": "0x41867cc58aece8B570FF1A2a8aa6149014D2a94C",
      "vault": "ibWBNB",
      "borrowToken": "WBNB",
      "posVal": 129413.57452279895,
      "posValUSD": 48419605.39011983,
      "debtVal": 77374.09414020347,
      "debtValUSD": 28949228.23591912
    },
    {
      "name": "WBNB-USDT PancakeswapWorker",
      "address": "0x81b6534f4F7ba45Ecf98295Cef1450B4a4FC81Cd",
      "vault": "ibUSDT",
      "borrowToken": "USDT",
      "posVal": 38073371.59578755,
      "posValUSD": 38095275.58720032,
      "debtVal": 23507622.774452586,
      "debtValUSD": 23521146.94491096
    }
  ]
}