{
  "blockNo": 14880287,
  "lpName": "USDT-WBNB LP",
  "lpTokens": 0,
  "token0_symbol": "USDT",
  "token0_decimals": 18,
  "token0": 0,
  "token0_liquidity": 103810892.65755573,
  "token0_price": 1.00050557,
  "token0_posVal": 38621914.195894726,
  "token0_posValUSD": 38641440.27705475,
  "token0_debtVal": 23444415.101928044,
  "token0_debtValUSD": 23456267.894871127,
  "token1_symbol": "WBNB",
  "token1_decimals": 18,
  "token1": 0,
  "token1_liquidity": 268419.37175018765,
  "token1_price": 387.2,
  "token1_posVal": 127689.67664513286,
  "token1_posValUSD": 49441442.79699544,
  "token1_debtVal": 77614.69856082383,
  "token1_debtValUSD": 30052411.282750987,
  "liquidity": 207795357.07222927,
  "tvl": 0,
  "health": 88082883.07405019,
  "debt": 53508679.17762211,
  "leverage": 2.5476474697122438,
  "workerPositions": [
    {
      "name": "USDT-WBNB PancakeswapWorker",
      "address": "0x41867cc58aece8B570FF1A2a8aa6149014D2a94C",
      "vault": "ibWBNB",
      "borrowToken": "WBNB",
      "posVal": 127689.67664513286,
      "posValUSD": 49441442.79699544,
      "debtVal": 77614.69856082383,
      "debtValUSD": 30052411.282750987
    },
    {
      "name": "WBNB-USDT PancakeswapWorker",
      "address": "0x81b6534f4F7ba45Ecf98295Cef1450B4a4FC81Cd",
      "vault": "ibUSDT",
      "borrowToken": "USDT",
      "posVal": 38621914.195894726,
      "posValUSD": 38641440.27705475,
      "debtVal": 23444415.101928044,
      "debtValUSD": 23456267.894871127
    }
  ]
}