{
  "blockNo": 15606942,
  "lpName": "USDT-WBNB LP",
  "lpTokens": 0,
  "token0_symbol": "USDT",
  "token0_decimals": 18,
  "token0": 0,
  "token0_liquidity": 122988294.25061685,
  "token0_price": 1.0007984,
  "token0_posVal": 44700476.02458937,
  "token0_posValUSD": 44736164.88464741,
  "token0_debtVal": 27430623.583218157,
  "token0_debtValUSD": 27452524.193087,
  "token1_symbol": "WBNB",
  "token1_decimals": 18,
  "token1": 0,
  "token1_liquidity": 329964.6482478933,
  "token1_price": 373.62,
  "token1_posVal": 200496.28330122874,
  "token1_posValUSD": 74909421.36700508,
  "token1_debtVal": 120772.33936824501,
  "token1_debtValUSD": 45122961.4347637,
  "liquidity": 246367879.98312443,
  "tvl": 0,
  "health": 119645586.25165248,
  "debt": 72575485.6278507,
  "leverage": 2.5418595810511544,
  "workerPositions": [
    {
      "name": "USDT-WBNB PancakeswapWorker",
      "address": "0x41867cc58aece8B570FF1A2a8aa6149014D2a94C",
      "vault": "ibWBNB",
      "borrowToken": "WBNB",
      "posVal": 200496.28330122874,
      "posValUSD": 74909421.36700508,
      "debtVal": 120772.33936824501,
      "debtValUSD": 45122961.4347637
    },
    {
      "name": "WBNB-USDT PancakeswapWorker",
      "address": "0x81b6534f4F7ba45Ecf98295Cef1450B4a4FC81Cd",
      "vault": "ibUSDT",
      "borrowToken": "USDT",
      "posVal": 44700476.02458937,
      "posValUSD": 44736164.88464741,
      "debtVal": 27430623.583218157,
      "debtValUSD": 27452524.193087
    }
  ]
}