{
  "blockNo": 10745359,
  "lpName": "USDT-WBNB LP",
  "lpTokens": 0,
  "token0_symbol": "USDT",
  "token0_decimals": 18,
  "token0": 0,
  "token0_liquidity": 101175855.11833288,
  "token0_price": 1.00034833,
  "token0_posVal": 44658288.330410846,
  "token0_posValUSD": 44673844.151984975,
  "token0_debtVal": 26589085.868325833,
  "token0_debtValUSD": 26598347.644606348,
  "token1_symbol": "WBNB",
  "token1_decimals": 18,
  "token1": 0,
  "token1_liquidity": 243713.78588619994,
  "token1_price": 416.42,
  "token1_posVal": 132823.04150600868,
  "token1_posValUSD": 55310170.94393214,
  "token1_debtVal": 80059.62214217875,
  "token1_debtValUSD": 33338427.852446076,
  "liquidity": 202698392.42267764,
  "tvl": 0,
  "health": 99984015.0959171,
  "debt": 59936775.49705242,
  "leverage": 2.4966518565926727,
  "workerPositions": [
    {
      "name": "USDT-WBNB PancakeswapWorker",
      "address": "0x41867cc58aece8B570FF1A2a8aa6149014D2a94C",
      "vault": "ibWBNB",
      "borrowToken": "WBNB",
      "posVal": 132823.04150600868,
      "posValUSD": 55310170.94393214,
      "debtVal": 80059.62214217875,
      "debtValUSD": 33338427.852446076
    },
    {
      "name": "WBNB-USDT PancakeswapWorker",
      "address": "0x81b6534f4F7ba45Ecf98295Cef1450B4a4FC81Cd",
      "vault": "ibUSDT",
      "borrowToken": "USDT",
      "posVal": 44658288.330410846,
      "posValUSD": 44673844.151984975,
      "debtVal": 26589085.868325833,
      "debtValUSD": 26598347.644606348
    }
  ]
}