{
  "blockNo": 15518506,
  "lpName": "USDT-WBNB LP",
  "lpTokens": 0,
  "token0_symbol": "USDT",
  "token0_decimals": 18,
  "token0": 0,
  "token0_liquidity": 119764641.64857586,
  "token0_price": 1.00079641,
  "token0_posVal": 44328789.03101901,
  "token0_posValUSD": 44364092.921891205,
  "token0_debtVal": 27468455.16811438,
  "token0_debtValUSD": 27490331.320494816,
  "token1_symbol": "WBNB",
  "token1_decimals": 18,
  "token1": 0,
  "token1_liquidity": 324379.924569363,
  "token1_price": 369.42787948,
  "token1_posVal": 207442.20522497868,
  "token1_posValUSD": 76634933.99091884,
  "token1_debtVal": 123834.37869314646,
  "token1_debtValUSD": 45747871.92733239,
  "liquidity": 239695011.08637333,
  "tvl": 0,
  "health": 120999026.91281006,
  "debt": 73238203.2478272,
  "leverage": 2.5334367715589416,
  "workerPositions": [
    {
      "name": "USDT-WBNB PancakeswapWorker",
      "address": "0x41867cc58aece8B570FF1A2a8aa6149014D2a94C",
      "vault": "ibWBNB",
      "borrowToken": "WBNB",
      "posVal": 207442.20522497868,
      "posValUSD": 76634933.99091884,
      "debtVal": 123834.37869314646,
      "debtValUSD": 45747871.92733239
    },
    {
      "name": "WBNB-USDT PancakeswapWorker",
      "address": "0x81b6534f4F7ba45Ecf98295Cef1450B4a4FC81Cd",
      "vault": "ibUSDT",
      "borrowToken": "USDT",
      "posVal": 44328789.03101901,
      "posValUSD": 44364092.921891205,
      "debtVal": 27468455.16811438,
      "debtValUSD": 27490331.320494816
    }
  ]
}