{
  "blockNo": 16833986,
  "lpName": "USDT-WBNB LP",
  "lpTokens": 0,
  "token0_symbol": "USDT",
  "token0_decimals": 18,
  "token0": 0,
  "token0_liquidity": 155294639.8785322,
  "token0_price": 1.00052317,
  "token0_posVal": 48923668.80998894,
  "token0_posValUSD": 48949264.20580026,
  "token0_debtVal": 24333832.166041616,
  "token0_debtValUSD": 24346562.89701592,
  "token1_symbol": "WBNB",
  "token1_decimals": 18,
  "token1": 0,
  "token1_liquidity": 362604.1391174958,
  "token1_price": 428.01448577,
  "token1_posVal": 157942.07656708025,
  "token1_posValUSD": 67601496.68330482,
  "token1_debtVal": 102652.85053207801,
  "token1_debtValUSD": 43936907.033312045,
  "liquidity": 310575709.51772594,
  "tvl": 0,
  "health": 116550760.88910508,
  "debt": 68283469.93032797,
  "leverage": 2.4146944768175564,
  "workerPositions": [
    {
      "name": "USDT-WBNB PancakeswapWorker",
      "address": "0x41867cc58aece8B570FF1A2a8aa6149014D2a94C",
      "vault": "ibWBNB",
      "borrowToken": "WBNB",
      "posVal": 157942.07656708025,
      "posValUSD": 67601496.68330482,
      "debtVal": 102652.85053207801,
      "debtValUSD": 43936907.033312045
    },
    {
      "name": "WBNB-USDT PancakeswapWorker",
      "address": "0x81b6534f4F7ba45Ecf98295Cef1450B4a4FC81Cd",
      "vault": "ibUSDT",
      "borrowToken": "USDT",
      "posVal": 48923668.80998894,
      "posValUSD": 48949264.20580026,
      "debtVal": 24333832.166041616,
      "debtValUSD": 24346562.89701592
    }
  ]
}