{
  "blockNo": 15996209,
  "lpName": "USDT-WBNB LP",
  "lpTokens": 0,
  "token0_symbol": "USDT",
  "token0_decimals": 18,
  "token0": 0,
  "token0_liquidity": 122747441.80259374,
  "token0_price": 1.00019129,
  "token0_posVal": 49030004.317250006,
  "token0_posValUSD": 49039383.266775854,
  "token0_debtVal": 26432132.091310523,
  "token0_debtValUSD": 26437188.29385827,
  "token1_symbol": "WBNB",
  "token1_decimals": 18,
  "token1": 0,
  "token1_liquidity": 325647.6137696061,
  "token1_price": 376.6968963,
  "token1_posVal": 183807.89224951333,
  "token1_posValUSD": 69239862.5258365,
  "token1_debtVal": 111872.29762847359,
  "token1_debtValUSD": 42141947.29859585,
  "liquidity": 245441367.5552479,
  "tvl": 0,
  "health": 118279245.79261234,
  "debt": 68579135.59245412,
  "leverage": 2.3798588235773326,
  "workerPositions": [
    {
      "name": "USDT-WBNB PancakeswapWorker",
      "address": "0x41867cc58aece8B570FF1A2a8aa6149014D2a94C",
      "vault": "ibWBNB",
      "borrowToken": "WBNB",
      "posVal": 183807.89224951333,
      "posValUSD": 69239862.5258365,
      "debtVal": 111872.29762847359,
      "debtValUSD": 42141947.29859585
    },
    {
      "name": "WBNB-USDT PancakeswapWorker",
      "address": "0x81b6534f4F7ba45Ecf98295Cef1450B4a4FC81Cd",
      "vault": "ibUSDT",
      "borrowToken": "USDT",
      "posVal": 49030004.317250006,
      "posValUSD": 49039383.266775854,
      "debtVal": 26432132.091310523,
      "debtValUSD": 26437188.29385827
    }
  ]
}