{
  "blockNo": 17801534,
  "lpName": "USDT-WBNB LP",
  "lpTokens": 0,
  "token0_symbol": "USDT",
  "token0_decimals": 18,
  "token0": 0,
  "token0_liquidity": 90142686.36188777,
  "token0_price": 0.99896863,
  "token0_posVal": 29644624.784534108,
  "token0_posValUSD": 29614050.207870085,
  "token0_debtVal": 18191937.0854979,
  "token0_debtValUSD": 18173174.46734603,
  "token1_symbol": "WBNB",
  "token1_decimals": 18,
  "token1": 0,
  "token1_liquidity": 313063.1375676202,
  "token1_price": 287.59118258,
  "token1_posVal": 22216.806601754804,
  "token1_posValUSD": 6389357.683749815,
  "token1_debtVal": 10694.739358545357,
  "token1_debtValUSD": 3075712.73950893,
  "liquidity": 180083913.85473183,
  "tvl": 0,
  "health": 36003407.8916199,
  "debt": 21248887.20685496,
  "leverage": 2.440161131685959,
  "workerPositions": [
    {
      "name": "USDT-WBNB PancakeswapWorker",
      "address": "0x41867cc58aece8B570FF1A2a8aa6149014D2a94C",
      "vault": "ibWBNB",
      "borrowToken": "WBNB",
      "posVal": 22216.806601754804,
      "posValUSD": 6389357.683749815,
      "debtVal": 10694.739358545357,
      "debtValUSD": 3075712.73950893
    },
    {
      "name": "WBNB-USDT PancakeswapWorker",
      "address": "0x81b6534f4F7ba45Ecf98295Cef1450B4a4FC81Cd",
      "vault": "ibUSDT",
      "borrowToken": "USDT",
      "posVal": 29644624.784534108,
      "posValUSD": 29614050.207870085,
      "debtVal": 18191937.0854979,
      "debtValUSD": 18173174.46734603
    }
  ]
}