{
  "blockNo": 17123828,
  "lpName": "USDT-WBNB LP",
  "lpTokens": 0,
  "token0_symbol": "USDT",
  "token0_decimals": 18,
  "token0": 0,
  "token0_liquidity": 169320230.87094814,
  "token0_price": 1.00024602,
  "token0_posVal": 55500230.15142332,
  "token0_posValUSD": 55513884.31804518,
  "token0_debtVal": 28247638.569812965,
  "token0_debtValUSD": 28254588.05385391,
  "token1_symbol": "WBNB",
  "token1_decimals": 18,
  "token1": 0,
  "token1_liquidity": 404687.41877873015,
  "token1_price": 418.36620577,
  "token1_posVal": 179376.3977557561,
  "token1_posValUSD": 75045022.93376602,
  "token1_debtVal": 114038.58574379703,
  "token1_debtValUSD": 47709890.42900918,
  "liquidity": 338669426.9514594,
  "tvl": 0,
  "health": 130558907.2518112,
  "debt": 75964478.48286308,
  "leverage": 2.391432792608862,
  "workerPositions": [
    {
      "name": "USDT-WBNB PancakeswapWorker",
      "address": "0x41867cc58aece8B570FF1A2a8aa6149014D2a94C",
      "vault": "ibWBNB",
      "borrowToken": "WBNB",
      "posVal": 179376.3977557561,
      "posValUSD": 75045022.93376602,
      "debtVal": 114038.58574379703,
      "debtValUSD": 47709890.42900918
    },
    {
      "name": "WBNB-USDT PancakeswapWorker",
      "address": "0x81b6534f4F7ba45Ecf98295Cef1450B4a4FC81Cd",
      "vault": "ibUSDT",
      "borrowToken": "USDT",
      "posVal": 55500230.15142332,
      "posValUSD": 55513884.31804518,
      "debtVal": 28247638.569812965,
      "debtValUSD": 28254588.05385391
    }
  ]
}