{
  "blockNo": 14921050,
  "lpName": "USDT-WBNB LP",
  "lpTokens": 0,
  "token0_symbol": "USDT",
  "token0_decimals": 18,
  "token0": 0,
  "token0_liquidity": 94138209.88227707,
  "token0_price": 1.00062711,
  "token0_posVal": 37647060.55415746,
  "token0_posValUSD": 37670669.40230157,
  "token0_debtVal": 23514514.647698518,
  "token0_debtValUSD": 23529260.834979236,
  "token1_symbol": "WBNB",
  "token1_decimals": 18,
  "token1": 0,
  "token1_liquidity": 257766.48692287895,
  "token1_price": 366.17800784,
  "token1_posVal": 131538.98260609093,
  "token1_posValUSD": 48166682.60399879,
  "token1_debtVal": 77778.78705988007,
  "token1_debtValUSD": 28480881.297798455,
  "liquidity": 188585663.56441158,
  "tvl": 0,
  "health": 85837352.00630036,
  "debt": 52010142.13277769,
  "leverage": 2.537523855122536,
  "workerPositions": [
    {
      "name": "USDT-WBNB PancakeswapWorker",
      "address": "0x41867cc58aece8B570FF1A2a8aa6149014D2a94C",
      "vault": "ibWBNB",
      "borrowToken": "WBNB",
      "posVal": 131538.98260609093,
      "posValUSD": 48166682.60399879,
      "debtVal": 77778.78705988007,
      "debtValUSD": 28480881.297798455
    },
    {
      "name": "WBNB-USDT PancakeswapWorker",
      "address": "0x81b6534f4F7ba45Ecf98295Cef1450B4a4FC81Cd",
      "vault": "ibUSDT",
      "borrowToken": "USDT",
      "posVal": 37647060.55415746,
      "posValUSD": 37670669.40230157,
      "debtVal": 23514514.647698518,
      "debtValUSD": 23529260.834979236
    }
  ]
}