{
  "blockNo": 16292815,
  "lpName": "USDT-WBNB LP",
  "lpTokens": 0,
  "token0_symbol": "USDT",
  "token0_decimals": 18,
  "token0": 0,
  "token0_liquidity": 134865254.05302098,
  "token0_price": 1.00014022,
  "token0_posVal": 49410320.94194929,
  "token0_posValUSD": 49417249.257151775,
  "token0_debtVal": 25764850.610425875,
  "token0_debtValUSD": 25768463.35777847,
  "token1_symbol": "WBNB",
  "token1_decimals": 18,
  "token1": 0,
  "token1_liquidity": 331960.0525024783,
  "token1_price": 406.19253452,
  "token1_posVal": 178222.72926983307,
  "token1_posValUSD": 72392742.11118528,
  "token1_debtVal": 113193.88760742033,
  "token1_debtValUSD": 45978512.09943008,
  "liquidity": 269723859.9443182,
  "tvl": 0,
  "health": 121809991.36833706,
  "debt": 71746975.45720854,
  "leverage": 2.43313330512435,
  "workerPositions": [
    {
      "name": "USDT-WBNB PancakeswapWorker",
      "address": "0x41867cc58aece8B570FF1A2a8aa6149014D2a94C",
      "vault": "ibWBNB",
      "borrowToken": "WBNB",
      "posVal": 178222.72926983307,
      "posValUSD": 72392742.11118528,
      "debtVal": 113193.88760742033,
      "debtValUSD": 45978512.09943008
    },
    {
      "name": "WBNB-USDT PancakeswapWorker",
      "address": "0x81b6534f4F7ba45Ecf98295Cef1450B4a4FC81Cd",
      "vault": "ibUSDT",
      "borrowToken": "USDT",
      "posVal": 49410320.94194929,
      "posValUSD": 49417249.257151775,
      "debtVal": 25764850.610425875,
      "debtValUSD": 25768463.35777847
    }
  ]
}