{
  "blockNo": 12285382,
  "lpName": "USDT-WBNB LP",
  "lpTokens": 0,
  "token0_symbol": "USDT",
  "token0_decimals": 18,
  "token0": 0,
  "token0_liquidity": 131265150.98555896,
  "token0_price": 1.00056504,
  "token0_posVal": 50412121.260552995,
  "token0_posValUSD": 50440606.125550054,
  "token0_debtVal": 28810680.730487425,
  "token0_debtValUSD": 28826959.917527378,
  "token1_symbol": "WBNB",
  "token1_decimals": 18,
  "token1": 0,
  "token1_liquidity": 240749.24182158834,
  "token1_price": 546.21999078,
  "token1_posVal": 137083.2355874881,
  "token1_posValUSD": 74877603.67869031,
  "token1_debtVal": 93934.99231483816,
  "token1_debtValUSD": 51309170.63613027,
  "liquidity": 262841369.6945518,
  "tvl": 0,
  "health": 125318209.80424038,
  "debt": 80136130.55365765,
  "leverage": 2.7736264439982388,
  "workerPositions": [
    {
      "name": "USDT-WBNB PancakeswapWorker",
      "address": "0x41867cc58aece8B570FF1A2a8aa6149014D2a94C",
      "vault": "ibWBNB",
      "borrowToken": "WBNB",
      "posVal": 137083.2355874881,
      "posValUSD": 74877603.67869031,
      "debtVal": 93934.99231483816,
      "debtValUSD": 51309170.63613027
    },
    {
      "name": "WBNB-USDT PancakeswapWorker",
      "address": "0x81b6534f4F7ba45Ecf98295Cef1450B4a4FC81Cd",
      "vault": "ibUSDT",
      "borrowToken": "USDT",
      "posVal": 50412121.260552995,
      "posValUSD": 50440606.125550054,
      "debtVal": 28810680.730487425,
      "debtValUSD": 28826959.917527378
    }
  ]
}