{
  "blockNo": 16827986,
  "lpName": "USDT-WBNB LP",
  "lpTokens": 0,
  "token0_symbol": "USDT",
  "token0_decimals": 18,
  "token0": 0,
  "token0_liquidity": 154099800.58136344,
  "token0_price": 1.00052317,
  "token0_posVal": 48575248.00068618,
  "token0_posValUSD": 48600661.1131827,
  "token0_debtVal": 24330741.89376961,
  "token0_debtValUSD": 24343471.00800617,
  "token1_symbol": "WBNB",
  "token1_decimals": 18,
  "token1": 0,
  "token1_liquidity": 365414.02386540244,
  "token1_price": 422.39598307,
  "token1_posVal": 159156.03962186095,
  "token1_posValUSD": 67226871.81760383,
  "token1_debtVal": 102646.72871498516,
  "token1_debtValUSD": 43357565.88448576,
  "liquidity": 308529836.8122246,
  "tvl": 0,
  "health": 115827532.93078652,
  "debt": 67701036.89249194,
  "leverage": 2.4067310622120037,
  "workerPositions": [
    {
      "name": "USDT-WBNB PancakeswapWorker",
      "address": "0x41867cc58aece8B570FF1A2a8aa6149014D2a94C",
      "vault": "ibWBNB",
      "borrowToken": "WBNB",
      "posVal": 159156.03962186095,
      "posValUSD": 67226871.81760383,
      "debtVal": 102646.72871498516,
      "debtValUSD": 43357565.88448576
    },
    {
      "name": "WBNB-USDT PancakeswapWorker",
      "address": "0x81b6534f4F7ba45Ecf98295Cef1450B4a4FC81Cd",
      "vault": "ibUSDT",
      "borrowToken": "USDT",
      "posVal": 48575248.00068618,
      "posValUSD": 48600661.1131827,
      "debtVal": 24330741.89376961,
      "debtValUSD": 24343471.00800617
    }
  ]
}