{
  "blockNo": 11616231,
  "lpName": "USDT-WBNB LP",
  "lpTokens": 0,
  "token0_symbol": "USDT",
  "token0_decimals": 18,
  "token0": 0,
  "token0_liquidity": 138793705.92929173,
  "token0_price": 1.00029191,
  "token0_posVal": 52976901.91993307,
  "token0_posValUSD": 52992366.40737253,
  "token0_debtVal": 31642732.96692392,
  "token0_debtValUSD": 31651969.797104295,
  "token1_symbol": "WBNB",
  "token1_decimals": 18,
  "token1": 0,
  "token1_liquidity": 327786.3714043912,
  "token1_price": 423.3902,
  "token1_posVal": 148617.15286972295,
  "token1_posValUSD": 62923046.07694257,
  "token1_debtVal": 92909.19146159888,
  "token1_debtValUSD": 39336841.15476464,
  "liquidity": 277615758.54616904,
  "tvl": 0,
  "health": 115915412.4843151,
  "debt": 70988810.95186894,
  "leverage": 2.580106407572372,
  "workerPositions": [
    {
      "name": "USDT-WBNB PancakeswapWorker",
      "address": "0x41867cc58aece8B570FF1A2a8aa6149014D2a94C",
      "vault": "ibWBNB",
      "borrowToken": "WBNB",
      "posVal": 148617.15286972295,
      "posValUSD": 62923046.07694257,
      "debtVal": 92909.19146159888,
      "debtValUSD": 39336841.15476464
    },
    {
      "name": "WBNB-USDT PancakeswapWorker",
      "address": "0x81b6534f4F7ba45Ecf98295Cef1450B4a4FC81Cd",
      "vault": "ibUSDT",
      "borrowToken": "USDT",
      "posVal": 52976901.91993307,
      "posValUSD": 52992366.40737253,
      "debtVal": 31642732.96692392,
      "debtValUSD": 31651969.797104295
    }
  ]
}