{
  "blockNo": 12483959,
  "lpName": "USDT-WBNB LP",
  "lpTokens": 0,
  "token0_symbol": "USDT",
  "token0_decimals": 18,
  "token0": 0,
  "token0_liquidity": 149521211.04342613,
  "token0_price": 1.00081833,
  "token0_posVal": 52716252.93006593,
  "token0_posValUSD": 52759392.22132619,
  "token0_debtVal": 30484978.927348502,
  "token0_debtValUSD": 30509925.70015412,
  "token1_symbol": "WBNB",
  "token1_decimals": 18,
  "token1": 0,
  "token1_liquidity": 231165.66911818754,
  "token1_price": 647.86671253,
  "token1_posVal": 127392.75715945815,
  "token1_posValUSD": 82533526.78103077,
  "token1_debtVal": 90241.50291531727,
  "token1_debtValUSD": 58464465.827513,
  "liquidity": 299408110.8374572,
  "tvl": 0,
  "health": 135292919.00235695,
  "debt": 88974391.52766712,
  "leverage": 2.920924441656442,
  "workerPositions": [
    {
      "name": "USDT-WBNB PancakeswapWorker",
      "address": "0x41867cc58aece8B570FF1A2a8aa6149014D2a94C",
      "vault": "ibWBNB",
      "borrowToken": "WBNB",
      "posVal": 127392.75715945815,
      "posValUSD": 82533526.78103077,
      "debtVal": 90241.50291531727,
      "debtValUSD": 58464465.827513
    },
    {
      "name": "WBNB-USDT PancakeswapWorker",
      "address": "0x81b6534f4F7ba45Ecf98295Cef1450B4a4FC81Cd",
      "vault": "ibUSDT",
      "borrowToken": "USDT",
      "posVal": 52716252.93006593,
      "posValUSD": 52759392.22132619,
      "debtVal": 30484978.927348502,
      "debtValUSD": 30509925.70015412
    }
  ]
}