{
  "blockNo": 14155250,
  "lpName": "USDT-WBNB LP",
  "lpTokens": 0,
  "token0_symbol": "USDT",
  "token0_decimals": 18,
  "token0": 0,
  "token0_liquidity": 114713564.97139417,
  "token0_price": 0.99987027,
  "token0_posVal": 34783016.69672741,
  "token0_posValUSD": 34778504.29597134,
  "token0_debtVal": 21766704.297968335,
  "token0_debtValUSD": 21763880.50341976,
  "token1_symbol": "WBNB",
  "token1_decimals": 18,
  "token1": 0,
  "token1_liquidity": 253199.3985927955,
  "token1_price": 452.96327029,
  "token1_posVal": 108420.67906351277,
  "token1_posValUSD": 49110585.35567128,
  "token1_debtVal": 65076.585389817395,
  "token1_debtValUSD": 29477302.937478125,
  "liquidity": 229388710.80266428,
  "tvl": 0,
  "health": 83889089.65164262,
  "debt": 51241183.44089788,
  "leverage": 2.569509024870756,
  "workerPositions": [
    {
      "name": "USDT-WBNB PancakeswapWorker",
      "address": "0x41867cc58aece8B570FF1A2a8aa6149014D2a94C",
      "vault": "ibWBNB",
      "borrowToken": "WBNB",
      "posVal": 108420.67906351277,
      "posValUSD": 49110585.35567128,
      "debtVal": 65076.585389817395,
      "debtValUSD": 29477302.937478125
    },
    {
      "name": "WBNB-USDT PancakeswapWorker",
      "address": "0x81b6534f4F7ba45Ecf98295Cef1450B4a4FC81Cd",
      "vault": "ibUSDT",
      "borrowToken": "USDT",
      "posVal": 34783016.69672741,
      "posValUSD": 34778504.29597134,
      "debtVal": 21766704.297968335,
      "debtValUSD": 21763880.50341976
    }
  ]
}