{
  "blockNo": 12679928,
  "lpName": "USDT-WBNB LP",
  "lpTokens": 0,
  "token0_symbol": "USDT",
  "token0_decimals": 18,
  "token0": 0,
  "token0_liquidity": 143429476.94962856,
  "token0_price": 1.00036491,
  "token0_posVal": 53561376.87054172,
  "token0_posValUSD": 53580921.95257556,
  "token0_debtVal": 31379044.00235735,
  "token0_debtValUSD": 31390494.52930425,
  "token1_symbol": "WBNB",
  "token1_decimals": 18,
  "token1": 0,
  "token1_liquidity": 225638.65947034085,
  "token1_price": 635.6,
  "token1_posVal": 130570.24961268289,
  "token1_posValUSD": 82990450.65382124,
  "token1_debtVal": 91370.06619928281,
  "token1_debtValUSD": 58074814.07626416,
  "liquidity": 286897747.7594109,
  "tvl": 0,
  "health": 136571372.6063968,
  "debt": 89465308.60556841,
  "leverage": 2.8992312455567317,
  "workerPositions": [
    {
      "name": "USDT-WBNB PancakeswapWorker",
      "address": "0x41867cc58aece8B570FF1A2a8aa6149014D2a94C",
      "vault": "ibWBNB",
      "borrowToken": "WBNB",
      "posVal": 130570.24961268289,
      "posValUSD": 82990450.65382124,
      "debtVal": 91370.06619928281,
      "debtValUSD": 58074814.07626416
    },
    {
      "name": "WBNB-USDT PancakeswapWorker",
      "address": "0x81b6534f4F7ba45Ecf98295Cef1450B4a4FC81Cd",
      "vault": "ibUSDT",
      "borrowToken": "USDT",
      "posVal": 53561376.87054172,
      "posValUSD": 53580921.95257556,
      "debtVal": 31379044.00235735,
      "debtValUSD": 31390494.52930425
    }
  ]
}