{
  "blockNo": 9061125,
  "lpName": "USDT-WBNB LP",
  "lpTokens": 0,
  "token0_symbol": "USDT",
  "token0_decimals": 18,
  "token0": 0,
  "token0_liquidity": 119672341.75943616,
  "token0_price": 1.00029238,
  "token0_posVal": 27380137.522179298,
  "token0_posValUSD": 27388142.926788036,
  "token0_debtVal": 15299852.245026847,
  "token0_debtValUSD": 15304325.61582625,
  "token1_symbol": "WBNB",
  "token1_decimals": 18,
  "token1": 0,
  "token1_liquidity": 375296.1242873017,
  "token1_price": 319.20733682,
  "token1_posVal": 77876.21972721565,
  "token1_posValUSD": 24858660.700733654,
  "token1_debtVal": 48555.21766452453,
  "token1_debtValUSD": 15499181.719408296,
  "liquidity": 239504607.91133708,
  "tvl": 0,
  "health": 52246803.62752169,
  "debt": 30803507.335234545,
  "leverage": 2.4365098963965783,
  "workerPositions": [
    {
      "name": "USDT-WBNB PancakeswapWorker",
      "address": "0x41867cc58aece8B570FF1A2a8aa6149014D2a94C",
      "vault": "ibWBNB",
      "borrowToken": "WBNB",
      "posVal": 77876.21972721565,
      "posValUSD": 24858660.700733654,
      "debtVal": 48555.21766452453,
      "debtValUSD": 15499181.719408296
    },
    {
      "name": "WBNB-USDT PancakeswapWorker",
      "address": "0x81b6534f4F7ba45Ecf98295Cef1450B4a4FC81Cd",
      "vault": "ibUSDT",
      "borrowToken": "USDT",
      "posVal": 27380137.522179298,
      "posValUSD": 27388142.926788036,
      "debtVal": 15299852.245026847,
      "debtValUSD": 15304325.61582625
    }
  ]
}