{
  "blockNo": 13483932,
  "lpName": "USDT-WBNB LP",
  "lpTokens": 0,
  "token0_symbol": "USDT",
  "token0_decimals": 18,
  "token0": 0,
  "token0_liquidity": 132497775.9881878,
  "token0_price": 1.001,
  "token0_posVal": 45854171.69350806,
  "token0_posValUSD": 45900025.86520156,
  "token0_debtVal": 29272906.91161359,
  "token0_debtValUSD": 29302179.818525203,
  "token1_symbol": "WBNB",
  "token1_decimals": 18,
  "token1": 0,
  "token1_liquidity": 251748.09427739604,
  "token1_price": 527.13,
  "token1_posVal": 150983.7654153702,
  "token1_posValUSD": 79588072.2634041,
  "token1_debtVal": 95597.51571071259,
  "token1_debtValUSD": 50392318.456587926,
  "liquidity": 265334246.70061976,
  "tvl": 0,
  "health": 125488098.12860566,
  "debt": 79694498.27511314,
  "leverage": 2.740297738768731,
  "workerPositions": [
    {
      "name": "USDT-WBNB PancakeswapWorker",
      "address": "0x41867cc58aece8B570FF1A2a8aa6149014D2a94C",
      "vault": "ibWBNB",
      "borrowToken": "WBNB",
      "posVal": 150983.7654153702,
      "posValUSD": 79588072.2634041,
      "debtVal": 95597.51571071259,
      "debtValUSD": 50392318.456587926
    },
    {
      "name": "WBNB-USDT PancakeswapWorker",
      "address": "0x81b6534f4F7ba45Ecf98295Cef1450B4a4FC81Cd",
      "vault": "ibUSDT",
      "borrowToken": "USDT",
      "posVal": 45854171.69350806,
      "posValUSD": 45900025.86520156,
      "debtVal": 29272906.91161359,
      "debtValUSD": 29302179.818525203
    }
  ]
}