{
  "blockNo": 10826105,
  "lpName": "USDT-WBNB LP",
  "lpTokens": 0,
  "token0_symbol": "USDT",
  "token0_decimals": 18,
  "token0": 0,
  "token0_liquidity": 120325785.05885479,
  "token0_price": 1.00001353,
  "token0_posVal": 46427110.73589296,
  "token0_posValUSD": 46427738.89470121,
  "token0_debtVal": 27716443.316882808,
  "token0_debtValUSD": 27716818.320360884,
  "token1_symbol": "WBNB",
  "token1_decimals": 18,
  "token1": 0,
  "token1_liquidity": 290956.84517064906,
  "token1_price": 413.12664943,
  "token1_posVal": 136899.96065760322,
  "token1_posValUSD": 56557022.053574435,
  "token1_debtVal": 82182.50996069434,
  "token1_debtValUSD": 33951784.98180925,
  "liquidity": 240529439.64080015,
  "tvl": 0,
  "health": 102984760.94827566,
  "debt": 61668603.302170135,
  "leverage": 2.4926025752538257,
  "workerPositions": [
    {
      "name": "USDT-WBNB PancakeswapWorker",
      "address": "0x41867cc58aece8B570FF1A2a8aa6149014D2a94C",
      "vault": "ibWBNB",
      "borrowToken": "WBNB",
      "posVal": 136899.96065760322,
      "posValUSD": 56557022.053574435,
      "debtVal": 82182.50996069434,
      "debtValUSD": 33951784.98180925
    },
    {
      "name": "WBNB-USDT PancakeswapWorker",
      "address": "0x81b6534f4F7ba45Ecf98295Cef1450B4a4FC81Cd",
      "vault": "ibUSDT",
      "borrowToken": "USDT",
      "posVal": 46427110.73589296,
      "posValUSD": 46427738.89470121,
      "debtVal": 27716443.316882808,
      "debtValUSD": 27716818.320360884
    }
  ]
}