{
  "blockNo": 16365750,
  "lpName": "USDT-WBNB LP",
  "lpTokens": 0,
  "token0_symbol": "USDT",
  "token0_decimals": 18,
  "token0": 0,
  "token0_liquidity": 159602798.7949274,
  "token0_price": 1.00037379,
  "token0_posVal": 48917429.78332393,
  "token0_posValUSD": 48935714.62940264,
  "token0_debtVal": 25063380.61793763,
  "token0_debtValUSD": 25072749.058978807,
  "token1_symbol": "WBNB",
  "token1_decimals": 18,
  "token1": 0,
  "token1_liquidity": 380764.94751445623,
  "token1_price": 419.32539166,
  "token1_posVal": 175680.26396698185,
  "token1_posValUSD": 73667195.49488685,
  "token1_debtVal": 113235.01225121786,
  "token1_debtValUSD": 47482315.861866824,
  "liquidity": 319326867.4719876,
  "tvl": 0,
  "health": 122602910.12428948,
  "debt": 72555064.92084563,
  "leverage": 2.449714061133106,
  "workerPositions": [
    {
      "name": "USDT-WBNB PancakeswapWorker",
      "address": "0x41867cc58aece8B570FF1A2a8aa6149014D2a94C",
      "vault": "ibWBNB",
      "borrowToken": "WBNB",
      "posVal": 175680.26396698185,
      "posValUSD": 73667195.49488685,
      "debtVal": 113235.01225121786,
      "debtValUSD": 47482315.861866824
    },
    {
      "name": "WBNB-USDT PancakeswapWorker",
      "address": "0x81b6534f4F7ba45Ecf98295Cef1450B4a4FC81Cd",
      "vault": "ibUSDT",
      "borrowToken": "USDT",
      "posVal": 48917429.78332393,
      "posValUSD": 48935714.62940264,
      "debtVal": 25063380.61793763,
      "debtValUSD": 25072749.058978807
    }
  ]
}