{
  "blockNo": 13566415,
  "lpName": "USDT-WBNB LP",
  "lpTokens": 0,
  "token0_symbol": "USDT",
  "token0_decimals": 18,
  "token0": 0,
  "token0_liquidity": 146086112.83972907,
  "token0_price": 1.0002955,
  "token0_posVal": 50511766.84564471,
  "token0_posValUSD": 50526693.0727476,
  "token0_debtVal": 31676147.172046773,
  "token0_debtValUSD": 31685507.47353611,
  "token1_symbol": "WBNB",
  "token1_decimals": 18,
  "token1": 0,
  "token1_liquidity": 277121.06206296396,
  "token1_price": 527.93,
  "token1_posVal": 155036.71539039066,
  "token1_posValUSD": 81848533.15604894,
  "token1_debtVal": 98079.35124704678,
  "token1_debtValUSD": 51779031.9038534,
  "liquidity": 292429803.58097374,
  "tvl": 0,
  "health": 132375226.22879654,
  "debt": 83464539.37738952,
  "leverage": 2.706468355902642,
  "workerPositions": [
    {
      "name": "USDT-WBNB PancakeswapWorker",
      "address": "0x41867cc58aece8B570FF1A2a8aa6149014D2a94C",
      "vault": "ibWBNB",
      "borrowToken": "WBNB",
      "posVal": 155036.71539039066,
      "posValUSD": 81848533.15604894,
      "debtVal": 98079.35124704678,
      "debtValUSD": 51779031.9038534
    },
    {
      "name": "WBNB-USDT PancakeswapWorker",
      "address": "0x81b6534f4F7ba45Ecf98295Cef1450B4a4FC81Cd",
      "vault": "ibUSDT",
      "borrowToken": "USDT",
      "posVal": 50511766.84564471,
      "posValUSD": 50526693.0727476,
      "debtVal": 31676147.172046773,
      "debtValUSD": 31685507.47353611
    }
  ]
}