{
  "blockNo": 17657932,
  "lpName": "USDT-WBNB LP",
  "lpTokens": 0,
  "token0_symbol": "USDT",
  "token0_decimals": 18,
  "token0": 0,
  "token0_liquidity": 146305058.95367768,
  "token0_price": 0.99996533,
  "token0_posVal": 33562676.64673128,
  "token0_posValUSD": 33561513.028731935,
  "token0_debtVal": 19677728.3298755,
  "token0_debtValUSD": 19677046.103034303,
  "token1_symbol": "WBNB",
  "token1_decimals": 18,
  "token1": 0,
  "token1_liquidity": 451527.6022875984,
  "token1_price": 324.70140807,
  "token1_posVal": 181835.29640654454,
  "token1_posValUSD": 59042176.780030824,
  "token1_debtVal": 103255.41227481452,
  "token1_debtValUSD": 33527177.756480638,
  "liquidity": 292911634.8025379,
  "tvl": 0,
  "health": 92603689.80876276,
  "debt": 53204223.85951494,
  "leverage": 2.350379315497566,
  "workerPositions": [
    {
      "name": "USDT-WBNB PancakeswapWorker",
      "address": "0x41867cc58aece8B570FF1A2a8aa6149014D2a94C",
      "vault": "ibWBNB",
      "borrowToken": "WBNB",
      "posVal": 181835.29640654454,
      "posValUSD": 59042176.780030824,
      "debtVal": 103255.41227481452,
      "debtValUSD": 33527177.756480638
    },
    {
      "name": "WBNB-USDT PancakeswapWorker",
      "address": "0x81b6534f4F7ba45Ecf98295Cef1450B4a4FC81Cd",
      "vault": "ibUSDT",
      "borrowToken": "USDT",
      "posVal": 33562676.64673128,
      "posValUSD": 33561513.028731935,
      "debtVal": 19677728.3298755,
      "debtValUSD": 19677046.103034303
    }
  ]
}