{
  "blockNo": 10036641,
  "lpName": "USDT-WBNB LP",
  "lpTokens": 0,
  "token0_symbol": "USDT",
  "token0_decimals": 18,
  "token0": 0,
  "token0_liquidity": 111313588.2927267,
  "token0_price": 1.0009,
  "token0_posVal": 34916036.36077557,
  "token0_posValUSD": 34947460.79350026,
  "token0_debtVal": 18775992.823519386,
  "token0_debtValUSD": 18792891.21706055,
  "token1_symbol": "WBNB",
  "token1_decimals": 18,
  "token1": 0,
  "token1_liquidity": 273808.4684794552,
  "token1_price": 407.37061181,
  "token1_posVal": 84553.72683688335,
  "token1_posValUSD": 34444703.43235679,
  "token1_debtVal": 54904.40570119485,
  "token1_debtValUSD": 22366441.3415602,
  "liquidity": 222955293.84542492,
  "tvl": 0,
  "health": 69392164.22585705,
  "debt": 41159332.55862075,
  "leverage": 2.4578535034580122,
  "workerPositions": [
    {
      "name": "USDT-WBNB PancakeswapWorker",
      "address": "0x41867cc58aece8B570FF1A2a8aa6149014D2a94C",
      "vault": "ibWBNB",
      "borrowToken": "WBNB",
      "posVal": 84553.72683688335,
      "posValUSD": 34444703.43235679,
      "debtVal": 54904.40570119485,
      "debtValUSD": 22366441.3415602
    },
    {
      "name": "WBNB-USDT PancakeswapWorker",
      "address": "0x81b6534f4F7ba45Ecf98295Cef1450B4a4FC81Cd",
      "vault": "ibUSDT",
      "borrowToken": "USDT",
      "posVal": 34916036.36077557,
      "posValUSD": 34947460.79350026,
      "debtVal": 18775992.823519386,
      "debtValUSD": 18792891.21706055
    }
  ]
}