{
  "blockNo": 11146420,
  "lpName": "USDT-WBNB LP",
  "lpTokens": 0,
  "token0_symbol": "USDT",
  "token0_decimals": 18,
  "token0": 0,
  "token0_liquidity": 137990069.95378703,
  "token0_price": 1,
  "token0_posVal": 48819543.187782116,
  "token0_posValUSD": 48819543.187782116,
  "token0_debtVal": 29297186.581351314,
  "token0_debtValUSD": 29297186.581351314,
  "token1_symbol": "WBNB",
  "token1_decimals": 18,
  "token1": 0,
  "token1_liquidity": 366284.8742148076,
  "token1_price": 376.78223557,
  "token1_posVal": 154055.701187596,
  "token1_posValUSD": 58045451.49576632,
  "token1_debtVal": 94610.82746782985,
  "token1_debtValUSD": 35647679.08245649,
  "liquidity": 275999703.7159185,
  "tvl": 0,
  "health": 106864994.68354844,
  "debt": 64944865.66380781,
  "leverage": 2.5492525233694914,
  "workerPositions": [
    {
      "name": "USDT-WBNB PancakeswapWorker",
      "address": "0x41867cc58aece8B570FF1A2a8aa6149014D2a94C",
      "vault": "ibWBNB",
      "borrowToken": "WBNB",
      "posVal": 154055.701187596,
      "posValUSD": 58045451.49576632,
      "debtVal": 94610.82746782985,
      "debtValUSD": 35647679.08245649
    },
    {
      "name": "WBNB-USDT PancakeswapWorker",
      "address": "0x81b6534f4F7ba45Ecf98295Cef1450B4a4FC81Cd",
      "vault": "ibUSDT",
      "borrowToken": "USDT",
      "posVal": 48819543.187782116,
      "posValUSD": 48819543.187782116,
      "debtVal": 29297186.581351314,
      "debtValUSD": 29297186.581351314
    }
  ]
}