{
  "blockNo": 17787426,
  "lpName": "USDT-WBNB LP",
  "lpTokens": 0,
  "token0_symbol": "USDT",
  "token0_decimals": 18,
  "token0": 0,
  "token0_liquidity": 87851943.09683365,
  "token0_price": 0.999,
  "token0_posVal": 29755797.417953536,
  "token0_posValUSD": 29726041.620535582,
  "token0_debtVal": 18190590.5132758,
  "token0_debtValUSD": 18172399.922762524,
  "token1_symbol": "WBNB",
  "token1_decimals": 18,
  "token1": 0,
  "token1_liquidity": 302534.4786914602,
  "token1_price": 290.08369458,
  "token1_posVal": 4737.4370621803755,
  "token1_posValUSD": 1374253.2458375045,
  "token1_debtVal": 1953.3672188035532,
  "token1_debtValUSD": 566639.979701994,
  "liquidity": 175524410.47038987,
  "tvl": 0,
  "health": 31100294.86637309,
  "debt": 18739039.902464516,
  "leverage": 2.5159496310995366,
  "workerPositions": [
    {
      "name": "USDT-WBNB PancakeswapWorker",
      "address": "0x41867cc58aece8B570FF1A2a8aa6149014D2a94C",
      "vault": "ibWBNB",
      "borrowToken": "WBNB",
      "posVal": 4737.4370621803755,
      "posValUSD": 1374253.2458375045,
      "debtVal": 1953.3672188035532,
      "debtValUSD": 566639.979701994
    },
    {
      "name": "WBNB-USDT PancakeswapWorker",
      "address": "0x81b6534f4F7ba45Ecf98295Cef1450B4a4FC81Cd",
      "vault": "ibUSDT",
      "borrowToken": "USDT",
      "posVal": 29755797.417953536,
      "posValUSD": 29726041.620535582,
      "debtVal": 18190590.5132758,
      "debtValUSD": 18172399.922762524
    }
  ]
}