{
  "blockNo": 16284510,
  "lpName": "USDT-WBNB LP",
  "lpTokens": 0,
  "token0_symbol": "USDT",
  "token0_decimals": 18,
  "token0": 0,
  "token0_liquidity": 133592429.95758486,
  "token0_price": 1.00014022,
  "token0_posVal": 48679584.02455537,
  "token0_posValUSD": 48686409.8758273,
  "token0_debtVal": 25263796.54071684,
  "token0_debtValUSD": 25267339.030267783,
  "token1_symbol": "WBNB",
  "token1_decimals": 18,
  "token1": 0,
  "token1_liquidity": 328513.71621073445,
  "token1_price": 406.62,
  "token1_posVal": 172614.6839802034,
  "token1_posValUSD": 70188582.8000303,
  "token1_debtVal": 109493.0771380151,
  "token1_debtValUSD": 44522075.0258597,
  "liquidity": 267191409.57372236,
  "tvl": 0,
  "health": 118874992.6758576,
  "debt": 69789414.05612749,
  "leverage": 2.421790595498357,
  "workerPositions": [
    {
      "name": "USDT-WBNB PancakeswapWorker",
      "address": "0x41867cc58aece8B570FF1A2a8aa6149014D2a94C",
      "vault": "ibWBNB",
      "borrowToken": "WBNB",
      "posVal": 172614.6839802034,
      "posValUSD": 70188582.8000303,
      "debtVal": 109493.0771380151,
      "debtValUSD": 44522075.0258597
    },
    {
      "name": "WBNB-USDT PancakeswapWorker",
      "address": "0x81b6534f4F7ba45Ecf98295Cef1450B4a4FC81Cd",
      "vault": "ibUSDT",
      "borrowToken": "USDT",
      "posVal": 48679584.02455537,
      "posValUSD": 48686409.8758273,
      "debtVal": 25263796.54071684,
      "debtValUSD": 25267339.030267783
    }
  ]
}