{
  "blockNo": 13614374,
  "lpName": "USDT-WBNB LP",
  "lpTokens": 0,
  "token0_symbol": "USDT",
  "token0_decimals": 18,
  "token0": 0,
  "token0_liquidity": 146281409.33343592,
  "token0_price": 1.00036607,
  "token0_posVal": 50712131.748937525,
  "token0_posValUSD": 50730695.939006865,
  "token0_debtVal": 31582470.920919705,
  "token0_debtValUSD": 31594032.31604973,
  "token1_symbol": "WBNB",
  "token1_decimals": 18,
  "token1": 0,
  "token1_liquidity": 273427.4804947588,
  "token1_price": 535.23361605,
  "token1_posVal": 154077.71986602768,
  "token1_posValUSD": 82467575.15663292,
  "token1_debtVal": 98193.55167591278,
  "token1_debtValUSD": 52556489.736291334,
  "liquidity": 292682537.6816012,
  "tvl": 0,
  "health": 133198271.09563978,
  "debt": 84150522.05234106,
  "leverage": 2.715685708187221,
  "workerPositions": [
    {
      "name": "USDT-WBNB PancakeswapWorker",
      "address": "0x41867cc58aece8B570FF1A2a8aa6149014D2a94C",
      "vault": "ibWBNB",
      "borrowToken": "WBNB",
      "posVal": 154077.71986602768,
      "posValUSD": 82467575.15663292,
      "debtVal": 98193.55167591278,
      "debtValUSD": 52556489.736291334
    },
    {
      "name": "WBNB-USDT PancakeswapWorker",
      "address": "0x81b6534f4F7ba45Ecf98295Cef1450B4a4FC81Cd",
      "vault": "ibUSDT",
      "borrowToken": "USDT",
      "posVal": 50712131.748937525,
      "posValUSD": 50730695.939006865,
      "debtVal": 31582470.920919705,
      "debtValUSD": 31594032.31604973
    }
  ]
}