{
  "blockNo": 17381354,
  "lpName": "USDT-WBNB LP",
  "lpTokens": 0,
  "token0_symbol": "USDT",
  "token0_decimals": 18,
  "token0": 0,
  "token0_liquidity": 134643134.12974072,
  "token0_price": 1.00013457,
  "token0_posVal": 17802250.35340444,
  "token0_posValUSD": 17804646.002234496,
  "token0_debtVal": 10036127.778862081,
  "token0_debtValUSD": 10037478.340577282,
  "token1_symbol": "WBNB",
  "token1_decimals": 18,
  "token1": 0,
  "token1_liquidity": 342483.9889342065,
  "token1_price": 393.00471598,
  "token1_posVal": 171335.00077828876,
  "token1_posValUSD": 67335463.31830445,
  "token1_debtVal": 107096.99031960416,
  "token1_debtValUSD": 42089622.262868844,
  "liquidity": 269259075.85508585,
  "tvl": 0,
  "health": 85140109.32053894,
  "debt": 52127100.603446126,
  "leverage": 2.5789866670485204,
  "workerPositions": [
    {
      "name": "USDT-WBNB PancakeswapWorker",
      "address": "0x41867cc58aece8B570FF1A2a8aa6149014D2a94C",
      "vault": "ibWBNB",
      "borrowToken": "WBNB",
      "posVal": 171335.00077828876,
      "posValUSD": 67335463.31830445,
      "debtVal": 107096.99031960416,
      "debtValUSD": 42089622.262868844
    },
    {
      "name": "WBNB-USDT PancakeswapWorker",
      "address": "0x81b6534f4F7ba45Ecf98295Cef1450B4a4FC81Cd",
      "vault": "ibUSDT",
      "borrowToken": "USDT",
      "posVal": 17802250.35340444,
      "posValUSD": 17804646.002234496,
      "debtVal": 10036127.778862081,
      "debtValUSD": 10037478.340577282
    }
  ]
}