{
  "blockNo": 10609826,
  "lpName": "USDT-WBNB LP",
  "lpTokens": 0,
  "token0_symbol": "USDT",
  "token0_decimals": 18,
  "token0": 0,
  "token0_liquidity": 136206019.34458977,
  "token0_price": 1.00035879,
  "token0_posVal": 62216335.780769326,
  "token0_posValUSD": 62238658.3798841,
  "token0_debtVal": 33511503.1038926,
  "token0_debtValUSD": 33523526.696091242,
  "token1_symbol": "WBNB",
  "token1_decimals": 18,
  "token1": 0,
  "token1_liquidity": 278825.1412680397,
  "token1_price": 489.52,
  "token1_posVal": 123545.85378838253,
  "token1_posValUSD": 60478166.34648901,
  "token1_debtVal": 80927.33155111525,
  "token1_debtValUSD": 39615547.34090193,
  "liquidity": 272745371.8558012,
  "tvl": 0,
  "health": 122716824.7263731,
  "debt": 73139074.03699318,
  "leverage": 2.475239861026215,
  "workerPositions": [
    {
      "name": "USDT-WBNB PancakeswapWorker",
      "address": "0x41867cc58aece8B570FF1A2a8aa6149014D2a94C",
      "vault": "ibWBNB",
      "borrowToken": "WBNB",
      "posVal": 123545.85378838253,
      "posValUSD": 60478166.34648901,
      "debtVal": 80927.33155111525,
      "debtValUSD": 39615547.34090193
    },
    {
      "name": "WBNB-USDT PancakeswapWorker",
      "address": "0x81b6534f4F7ba45Ecf98295Cef1450B4a4FC81Cd",
      "vault": "ibUSDT",
      "borrowToken": "USDT",
      "posVal": 62216335.780769326,
      "posValUSD": 62238658.3798841,
      "debtVal": 33511503.1038926,
      "debtValUSD": 33523526.696091242
    }
  ]
}