{
  "blockNo": 10920636,
  "lpName": "USDT-WBNB LP",
  "lpTokens": 0,
  "token0_symbol": "USDT",
  "token0_decimals": 18,
  "token0": 0,
  "token0_liquidity": 128077928.95129241,
  "token0_price": 1.00028618,
  "token0_posVal": 46568922.004459806,
  "token0_posValUSD": 46582249.098559044,
  "token0_debtVal": 27498184.02151541,
  "token0_debtValUSD": 27506053.45181869,
  "token1_symbol": "WBNB",
  "token1_decimals": 18,
  "token1": 0,
  "token1_liquidity": 309746.1740657744,
  "token1_price": 414.2236891,
  "token1_posVal": 153136.85755185352,
  "token1_posValUSD": 63432914.07230996,
  "token1_debtVal": 92338.0561723018,
  "token1_debtValUSD": 38248610.27201388,
  "liquidity": 256418785.19913554,
  "tvl": 0,
  "health": 110015163.17086901,
  "debt": 65754663.72383257,
  "leverage": 2.485628597628383,
  "workerPositions": [
    {
      "name": "USDT-WBNB PancakeswapWorker",
      "address": "0x41867cc58aece8B570FF1A2a8aa6149014D2a94C",
      "vault": "ibWBNB",
      "borrowToken": "WBNB",
      "posVal": 153136.85755185352,
      "posValUSD": 63432914.07230996,
      "debtVal": 92338.0561723018,
      "debtValUSD": 38248610.27201388
    },
    {
      "name": "WBNB-USDT PancakeswapWorker",
      "address": "0x81b6534f4F7ba45Ecf98295Cef1450B4a4FC81Cd",
      "vault": "ibUSDT",
      "borrowToken": "USDT",
      "posVal": 46568922.004459806,
      "posValUSD": 46582249.098559044,
      "debtVal": 27498184.02151541,
      "debtValUSD": 27506053.45181869
    }
  ]
}