{
  "blockNo": 13978054,
  "lpName": "USDT-WBNB LP",
  "lpTokens": 0,
  "token0_symbol": "USDT",
  "token0_decimals": 18,
  "token0": 0,
  "token0_liquidity": 142446079.6350693,
  "token0_price": 1.00008501,
  "token0_posVal": 49095732.296332,
  "token0_posValUSD": 49099905.924534515,
  "token0_debtVal": 31117488.030792914,
  "token0_debtValUSD": 31120133.328450415,
  "token1_symbol": "WBNB",
  "token1_decimals": 18,
  "token1": 0,
  "token1_liquidity": 276261.2280661732,
  "token1_price": 515.57878862,
  "token1_posVal": 160540.27221364618,
  "token1_posValUSD": 82771159.07263674,
  "token1_debtVal": 100734.25004620239,
  "token1_debtValUSD": 51936442.6113652,
  "liquidity": 284892618.28533024,
  "tvl": 0,
  "health": 131871064.99717125,
  "debt": 83056575.93981561,
  "leverage": 2.7014738358159702,
  "workerPositions": [
    {
      "name": "USDT-WBNB PancakeswapWorker",
      "address": "0x41867cc58aece8B570FF1A2a8aa6149014D2a94C",
      "vault": "ibWBNB",
      "borrowToken": "WBNB",
      "posVal": 160540.27221364618,
      "posValUSD": 82771159.07263674,
      "debtVal": 100734.25004620239,
      "debtValUSD": 51936442.6113652
    },
    {
      "name": "WBNB-USDT PancakeswapWorker",
      "address": "0x81b6534f4F7ba45Ecf98295Cef1450B4a4FC81Cd",
      "vault": "ibUSDT",
      "borrowToken": "USDT",
      "posVal": 49095732.296332,
      "posValUSD": 49099905.924534515,
      "debtVal": 31117488.030792914,
      "debtValUSD": 31120133.328450415
    }
  ]
}