{
  "blockNo": 10459505,
  "lpName": "USDT-WBNB LP",
  "lpTokens": 0,
  "token0_symbol": "USDT",
  "token0_decimals": 18,
  "token0": 0,
  "token0_liquidity": 144223953.15569463,
  "token0_price": 1.00085489,
  "token0_posVal": 54287000.97287928,
  "token0_posValUSD": 54333410.38714099,
  "token0_debtVal": 29505546.554638926,
  "token0_debtValUSD": 29530770.55133302,
  "token1_symbol": "WBNB",
  "token1_decimals": 18,
  "token1": 0,
  "token1_liquidity": 299611.6704999698,
  "token1_price": 482.11097579,
  "token1_posVal": 121753.86250990878,
  "token1_posValUSD": 58698873.46085362,
  "token1_debtVal": 80247.0325690512,
  "token1_debtValUSD": 38687975.17611718,
  "liquidity": 288793323.59382033,
  "tvl": 0,
  "health": 113032283.84799461,
  "debt": 68218745.7274502,
  "leverage": 2.522279841951954,
  "workerPositions": [
    {
      "name": "USDT-WBNB PancakeswapWorker",
      "address": "0x41867cc58aece8B570FF1A2a8aa6149014D2a94C",
      "vault": "ibWBNB",
      "borrowToken": "WBNB",
      "posVal": 121753.86250990878,
      "posValUSD": 58698873.46085362,
      "debtVal": 80247.0325690512,
      "debtValUSD": 38687975.17611718
    },
    {
      "name": "WBNB-USDT PancakeswapWorker",
      "address": "0x81b6534f4F7ba45Ecf98295Cef1450B4a4FC81Cd",
      "vault": "ibUSDT",
      "borrowToken": "USDT",
      "posVal": 54287000.97287928,
      "posValUSD": 54333410.38714099,
      "debtVal": 29505546.554638926,
      "debtValUSD": 29530770.55133302
    }
  ]
}