{
  "blockNo": 8666199,
  "lpName": "USDT-WBNB LP",
  "lpTokens": 0,
  "token0_symbol": "USDT",
  "token0_decimals": 18,
  "token0": 0,
  "token0_liquidity": 62286456.14196961,
  "token0_price": 1.0008752,
  "token0_posVal": 21149117.906800188,
  "token0_posValUSD": 21167627.61479222,
  "token0_debtVal": 11843205.456745524,
  "token0_debtValUSD": 11853570.630161269,
  "token1_symbol": "WBNB",
  "token1_decimals": 18,
  "token1": 0,
  "token1_liquidity": 224982.18134772967,
  "token1_price": 276.89130396,
  "token1_posVal": 32202.296857263475,
  "token1_posValUSD": 8916535.967314694,
  "token1_debtVal": 17269.33525878077,
  "token1_debtValUSD": 4781728.758326212,
  "liquidity": 124636578.80952314,
  "tvl": 0,
  "health": 30084163.582106914,
  "debt": 16635299.38848748,
  "leverage": 2.2369296878155547,
  "workerPositions": [
    {
      "name": "USDT-WBNB PancakeswapWorker",
      "address": "0x41867cc58aece8B570FF1A2a8aa6149014D2a94C",
      "vault": "ibWBNB",
      "borrowToken": "WBNB",
      "posVal": 32202.296857263475,
      "posValUSD": 8916535.967314694,
      "debtVal": 17269.33525878077,
      "debtValUSD": 4781728.758326212
    },
    {
      "name": "WBNB-USDT PancakeswapWorker",
      "address": "0x81b6534f4F7ba45Ecf98295Cef1450B4a4FC81Cd",
      "vault": "ibUSDT",
      "borrowToken": "USDT",
      "posVal": 21149117.906800188,
      "posValUSD": 21167627.61479222,
      "debtVal": 11843205.456745524,
      "debtValUSD": 11853570.630161269
    }
  ]
}