{
  "blockNo": 15651191,
  "lpName": "USDT-WBNB LP",
  "lpTokens": 0,
  "token0_symbol": "USDT",
  "token0_decimals": 18,
  "token0": 0,
  "token0_liquidity": 122305063.37081356,
  "token0_price": 1.00044764,
  "token0_posVal": 44767091.21486169,
  "token0_posValUSD": 44787130.75557311,
  "token0_debtVal": 27628850.50038015,
  "token0_debtValUSD": 27641218.27901814,
  "token1_symbol": "WBNB",
  "token1_decimals": 18,
  "token1": 0,
  "token1_liquidity": 333091.63561800926,
  "token1_price": 367.92562085,
  "token1_posVal": 202311.40398940002,
  "token1_posValUSD": 74435548.91783516,
  "token1_debtVal": 120900.96158017317,
  "token1_debtValUSD": 44482561.350747205,
  "liquidity": 244912758.8440789,
  "tvl": 0,
  "health": 119222679.67340827,
  "debt": 72123779.62976535,
  "leverage": 2.5313262000372365,
  "workerPositions": [
    {
      "name": "USDT-WBNB PancakeswapWorker",
      "address": "0x41867cc58aece8B570FF1A2a8aa6149014D2a94C",
      "vault": "ibWBNB",
      "borrowToken": "WBNB",
      "posVal": 202311.40398940002,
      "posValUSD": 74435548.91783516,
      "debtVal": 120900.96158017317,
      "debtValUSD": 44482561.350747205
    },
    {
      "name": "WBNB-USDT PancakeswapWorker",
      "address": "0x81b6534f4F7ba45Ecf98295Cef1450B4a4FC81Cd",
      "vault": "ibUSDT",
      "borrowToken": "USDT",
      "posVal": 44767091.21486169,
      "posValUSD": 44787130.75557311,
      "debtVal": 27628850.50038015,
      "debtValUSD": 27641218.27901814
    }
  ]
}