{
  "blockNo": 13370466,
  "lpName": "USDT-WBNB LP",
  "lpTokens": 0,
  "token0_symbol": "USDT",
  "token0_decimals": 18,
  "token0": 0,
  "token0_liquidity": 128647471.48157285,
  "token0_price": 1.00045465,
  "token0_posVal": 45874681.24603232,
  "token0_posValUSD": 45895538.169860825,
  "token0_debtVal": 28453865.13088447,
  "token0_debtValUSD": 28466801.680666227,
  "token1_symbol": "WBNB",
  "token1_decimals": 18,
  "token1": 0,
  "token1_liquidity": 229575.695828706,
  "token1_price": 561.42,
  "token1_posVal": 144605.3131136021,
  "token1_posValUSD": 81184314.88823849,
  "token1_debtVal": 94089.88328241292,
  "token1_debtValUSD": 52823942.272412255,
  "liquidity": 257594348.20663404,
  "tvl": 0,
  "health": 127079853.05809931,
  "debt": 81290743.95307848,
  "leverage": 2.7753292331290376,
  "workerPositions": [
    {
      "name": "USDT-WBNB PancakeswapWorker",
      "address": "0x41867cc58aece8B570FF1A2a8aa6149014D2a94C",
      "vault": "ibWBNB",
      "borrowToken": "WBNB",
      "posVal": 144605.3131136021,
      "posValUSD": 81184314.88823849,
      "debtVal": 94089.88328241292,
      "debtValUSD": 52823942.272412255
    },
    {
      "name": "WBNB-USDT PancakeswapWorker",
      "address": "0x81b6534f4F7ba45Ecf98295Cef1450B4a4FC81Cd",
      "vault": "ibUSDT",
      "borrowToken": "USDT",
      "posVal": 45874681.24603232,
      "posValUSD": 45895538.169860825,
      "debtVal": 28453865.13088447,
      "debtValUSD": 28466801.680666227
    }
  ]
}