{
  "blockNo": 11992179,
  "lpName": "USDT-WBNB LP",
  "lpTokens": 0,
  "token0_symbol": "USDT",
  "token0_decimals": 18,
  "token0": 0,
  "token0_liquidity": 135910429.81490213,
  "token0_price": 1,
  "token0_posVal": 49589712.00043653,
  "token0_posValUSD": 49589712.00043653,
  "token0_debtVal": 29304553.31594848,
  "token0_debtValUSD": 29304553.31594848,
  "token1_symbol": "WBNB",
  "token1_decimals": 18,
  "token1": 0,
  "token1_liquidity": 276172.65291494114,
  "token1_price": 491.85726724,
  "token1_posVal": 125730.09540131118,
  "token1_posValUSD": 61841261.133913405,
  "token1_debtVal": 83654.88003488677,
  "token1_debtValUSD": 41146260.68524944,
  "liquidity": 271747956.1640661,
  "tvl": 0,
  "health": 111430973.13434994,
  "debt": 70450814.00119792,
  "leverage": 2.719144471164457,
  "workerPositions": [
    {
      "name": "USDT-WBNB PancakeswapWorker",
      "address": "0x41867cc58aece8B570FF1A2a8aa6149014D2a94C",
      "vault": "ibWBNB",
      "borrowToken": "WBNB",
      "posVal": 125730.09540131118,
      "posValUSD": 61841261.133913405,
      "debtVal": 83654.88003488677,
      "debtValUSD": 41146260.68524944
    },
    {
      "name": "WBNB-USDT PancakeswapWorker",
      "address": "0x81b6534f4F7ba45Ecf98295Cef1450B4a4FC81Cd",
      "vault": "ibUSDT",
      "borrowToken": "USDT",
      "posVal": 49589712.00043653,
      "posValUSD": 49589712.00043653,
      "debtVal": 29304553.31594848,
      "debtValUSD": 29304553.31594848
    }
  ]
}