{
  "blockNo": 15801835,
  "lpName": "USDT-WBNB LP",
  "lpTokens": 0,
  "token0_symbol": "USDT",
  "token0_decimals": 18,
  "token0": 0,
  "token0_liquidity": 95522357.17100525,
  "token0_price": 1.00022297,
  "token0_posVal": 22567463.534139957,
  "token0_posValUSD": 22572495.401484165,
  "token0_debtVal": 12725099.543034755,
  "token0_debtValUSD": 12727936.858479865,
  "token1_symbol": "WBNB",
  "token1_decimals": 18,
  "token1": 0,
  "token1_liquidity": 251030.3742674323,
  "token1_price": 380.85372581,
  "token1_posVal": 180207.1328596197,
  "token1_posValUSD": 68632557.96712385,
  "token1_debtVal": 109680.62949184734,
  "token1_debtValUSD": 41772276.39115623,
  "liquidity": 191149509.12221402,
  "tvl": 0,
  "health": 91205053.36860801,
  "debt": 54500213.24963609,
  "leverage": 2.4848236110819113,
  "workerPositions": [
    {
      "name": "USDT-WBNB PancakeswapWorker",
      "address": "0x41867cc58aece8B570FF1A2a8aa6149014D2a94C",
      "vault": "ibWBNB",
      "borrowToken": "WBNB",
      "posVal": 180207.1328596197,
      "posValUSD": 68632557.96712385,
      "debtVal": 109680.62949184734,
      "debtValUSD": 41772276.39115623
    },
    {
      "name": "WBNB-USDT PancakeswapWorker",
      "address": "0x81b6534f4F7ba45Ecf98295Cef1450B4a4FC81Cd",
      "vault": "ibUSDT",
      "borrowToken": "USDT",
      "posVal": 22567463.534139957,
      "posValUSD": 22572495.401484165,
      "debtVal": 12725099.543034755,
      "debtValUSD": 12727936.858479865
    }
  ]
}