{
  "blockNo": 14072678,
  "lpName": "USDT-WBNB LP",
  "lpTokens": 0,
  "token0_symbol": "USDT",
  "token0_decimals": 18,
  "token0": 0,
  "token0_liquidity": 142773604.5832243,
  "token0_price": 1.00003684,
  "token0_posVal": 49251295.53702525,
  "token0_posValUSD": 49253109.95475283,
  "token0_debtVal": 31164213.86489231,
  "token0_debtValUSD": 31165361.954531092,
  "token1_symbol": "WBNB",
  "token1_decimals": 18,
  "token1": 0,
  "token1_liquidity": 276012.43900590617,
  "token1_price": 517.61,
  "token1_posVal": 159364.8440586762,
  "token1_posValUSD": 82488836.93321139,
  "token1_debtVal": 100237.81626315479,
  "token1_debtValUSD": 51884096.07597155,
  "liquidity": 285645662.91666424,
  "tvl": 0,
  "health": 131741946.88796422,
  "debt": 83049458.03050265,
  "leverage": 2.705590738514412,
  "workerPositions": [
    {
      "name": "USDT-WBNB PancakeswapWorker",
      "address": "0x41867cc58aece8B570FF1A2a8aa6149014D2a94C",
      "vault": "ibWBNB",
      "borrowToken": "WBNB",
      "posVal": 159364.8440586762,
      "posValUSD": 82488836.93321139,
      "debtVal": 100237.81626315479,
      "debtValUSD": 51884096.07597155
    },
    {
      "name": "WBNB-USDT PancakeswapWorker",
      "address": "0x81b6534f4F7ba45Ecf98295Cef1450B4a4FC81Cd",
      "vault": "ibUSDT",
      "borrowToken": "USDT",
      "posVal": 49251295.53702525,
      "posValUSD": 49253109.95475283,
      "debtVal": 31164213.86489231,
      "debtValUSD": 31165361.954531092
    }
  ]
}