{
  "blockNo": 13138227,
  "lpName": "USDT-WBNB LP",
  "lpTokens": 0,
  "token0_symbol": "USDT",
  "token0_decimals": 18,
  "token0": 0,
  "token0_liquidity": 151038876.49344325,
  "token0_price": 1.00078189,
  "token0_posVal": 54906700.86202388,
  "token0_posValUSD": 54949631.862360895,
  "token0_debtVal": 32214554.000342544,
  "token0_debtValUSD": 32239742.237969875,
  "token1_symbol": "WBNB",
  "token1_decimals": 18,
  "token1": 0,
  "token1_liquidity": 243928.88164686077,
  "token1_price": 619.61576666,
  "token1_posVal": 129276.03208227346,
  "token1_posValUSD": 80101467.72942062,
  "token1_debtVal": 88020.8797278945,
  "token1_debtValUSD": 54539124.874687,
  "liquidity": 302299153.2927208,
  "tvl": 0,
  "health": 135051099.5917815,
  "debt": 86778867.11265688,
  "leverage": 2.797697406064335,
  "workerPositions": [
    {
      "name": "USDT-WBNB PancakeswapWorker",
      "address": "0x41867cc58aece8B570FF1A2a8aa6149014D2a94C",
      "vault": "ibWBNB",
      "borrowToken": "WBNB",
      "posVal": 129276.03208227346,
      "posValUSD": 80101467.72942062,
      "debtVal": 88020.8797278945,
      "debtValUSD": 54539124.874687
    },
    {
      "name": "WBNB-USDT PancakeswapWorker",
      "address": "0x81b6534f4F7ba45Ecf98295Cef1450B4a4FC81Cd",
      "vault": "ibUSDT",
      "borrowToken": "USDT",
      "posVal": 54906700.86202388,
      "posValUSD": 54949631.862360895,
      "debtVal": 32214554.000342544,
      "debtValUSD": 32239742.237969875
    }
  ]
}