{
  "blockNo": 12797135,
  "lpName": "USDT-WBNB LP",
  "lpTokens": 0,
  "token0_symbol": "USDT",
  "token0_decimals": 18,
  "token0": 0,
  "token0_liquidity": 146595369.00901726,
  "token0_price": 1.00166629,
  "token0_posVal": 54459999.96571175,
  "token0_posValUSD": 54550746.119054615,
  "token0_debtVal": 31797625.134591997,
  "token0_debtValUSD": 31850609.199377514,
  "token1_symbol": "WBNB",
  "token1_decimals": 18,
  "token1": 0,
  "token1_liquidity": 251765.97816016283,
  "token1_price": 582.70518292,
  "token1_posVal": 147150.35815693103,
  "token1_posValUSD": 85745276.36657801,
  "token1_debtVal": 98389.29536444762,
  "token1_debtValUSD": 57331952.35271036,
  "liquidity": 293544979.76329374,
  "tvl": 0,
  "health": 140296022.48563263,
  "debt": 89182561.55208787,
  "leverage": 2.7447959876565338,
  "workerPositions": [
    {
      "name": "USDT-WBNB PancakeswapWorker",
      "address": "0x41867cc58aece8B570FF1A2a8aa6149014D2a94C",
      "vault": "ibWBNB",
      "borrowToken": "WBNB",
      "posVal": 147150.35815693103,
      "posValUSD": 85745276.36657801,
      "debtVal": 98389.29536444762,
      "debtValUSD": 57331952.35271036
    },
    {
      "name": "WBNB-USDT PancakeswapWorker",
      "address": "0x81b6534f4F7ba45Ecf98295Cef1450B4a4FC81Cd",
      "vault": "ibUSDT",
      "borrowToken": "USDT",
      "posVal": 54459999.96571175,
      "posValUSD": 54550746.119054615,
      "debtVal": 31797625.134591997,
      "debtValUSD": 31850609.199377514
    }
  ]
}