{
  "blockNo": 16521437,
  "lpName": "USDT-WBNB LP",
  "lpTokens": 0,
  "token0_symbol": "USDT",
  "token0_decimals": 18,
  "token0": 0,
  "token0_liquidity": 169102918.53561556,
  "token0_price": 1.00038507,
  "token0_posVal": 50575739.32665224,
  "token0_posValUSD": 50595214.52659476,
  "token0_debtVal": 24950831.932251796,
  "token0_debtValUSD": 24960439.749103952,
  "token1_symbol": "WBNB",
  "token1_decimals": 18,
  "token1": 0,
  "token1_liquidity": 382053.2834944354,
  "token1_price": 442.95887972,
  "token1_posVal": 158193.65626225676,
  "token1_posValUSD": 70073284.75674002,
  "token1_debtVal": 104915.29312155323,
  "token1_debtValUSD": 46473160.706618644,
  "liquidity": 338401929.44649875,
  "tvl": 0,
  "health": 120668499.28333478,
  "debt": 71433600.4557226,
  "leverage": 2.4508733064697763,
  "workerPositions": [
    {
      "name": "USDT-WBNB PancakeswapWorker",
      "address": "0x41867cc58aece8B570FF1A2a8aa6149014D2a94C",
      "vault": "ibWBNB",
      "borrowToken": "WBNB",
      "posVal": 158193.65626225676,
      "posValUSD": 70073284.75674002,
      "debtVal": 104915.29312155323,
      "debtValUSD": 46473160.706618644
    },
    {
      "name": "WBNB-USDT PancakeswapWorker",
      "address": "0x81b6534f4F7ba45Ecf98295Cef1450B4a4FC81Cd",
      "vault": "ibUSDT",
      "borrowToken": "USDT",
      "posVal": 50575739.32665224,
      "posValUSD": 50595214.52659476,
      "debtVal": 24950831.932251796,
      "debtValUSD": 24960439.749103952
    }
  ]
}