{
  "blockNo": 14681447,
  "lpName": "USDT-WBNB LP",
  "lpTokens": 0,
  "token0_symbol": "USDT",
  "token0_decimals": 18,
  "token0": 0,
  "token0_liquidity": 93095817.16772424,
  "token0_price": 1.00047822,
  "token0_posVal": 35979940.374911085,
  "token0_posValUSD": 35997146.701997176,
  "token0_debtVal": 22095971.050070204,
  "token0_debtValUSD": 22106537.785345767,
  "token1_symbol": "WBNB",
  "token1_decimals": 18,
  "token1": 0,
  "token1_liquidity": 240621.0854548699,
  "token1_price": 386.40909335,
  "token1_posVal": 119302.79504978184,
  "token1_posValUSD": 46099684.86930706,
  "token1_debtVal": 72488.11889635766,
  "token1_debtValUSD": 28010068.30138856,
  "liquidity": 186118512.92091933,
  "tvl": 0,
  "health": 82096831.57130423,
  "debt": 50116606.086734325,
  "leverage": 2.5671123429356375,
  "workerPositions": [
    {
      "name": "USDT-WBNB PancakeswapWorker",
      "address": "0x41867cc58aece8B570FF1A2a8aa6149014D2a94C",
      "vault": "ibWBNB",
      "borrowToken": "WBNB",
      "posVal": 119302.79504978184,
      "posValUSD": 46099684.86930706,
      "debtVal": 72488.11889635766,
      "debtValUSD": 28010068.30138856
    },
    {
      "name": "WBNB-USDT PancakeswapWorker",
      "address": "0x81b6534f4F7ba45Ecf98295Cef1450B4a4FC81Cd",
      "vault": "ibUSDT",
      "borrowToken": "USDT",
      "posVal": 35979940.374911085,
      "posValUSD": 35997146.701997176,
      "debtVal": 22095971.050070204,
      "debtValUSD": 22106537.785345767
    }
  ]
}