{
  "blockNo": 12368651,
  "lpName": "USDT-WBNB LP",
  "lpTokens": 0,
  "token0_symbol": "USDT",
  "token0_decimals": 18,
  "token0": 0,
  "token0_liquidity": 147165119.98516646,
  "token0_price": 1.00073589,
  "token0_posVal": 53077935.451773696,
  "token0_posValUSD": 53116994.973693304,
  "token0_debtVal": 30435182.85800406,
  "token0_debtValUSD": 30457579.80471744,
  "token1_symbol": "WBNB",
  "token1_decimals": 18,
  "token1": 0,
  "token1_liquidity": 265993.7954489823,
  "token1_price": 552.89996783,
  "token1_posVal": 156361.60299004524,
  "token1_posValUSD": 86452325.26304325,
  "token1_debtVal": 104490.08003420306,
  "token1_debtValUSD": 57772561.889465,
  "liquidity": 294341378.2720343,
  "tvl": 0,
  "health": 139569320.23673657,
  "debt": 88230141.69418244,
  "leverage": 2.7185733040323203,
  "workerPositions": [
    {
      "name": "USDT-WBNB PancakeswapWorker",
      "address": "0x41867cc58aece8B570FF1A2a8aa6149014D2a94C",
      "vault": "ibWBNB",
      "borrowToken": "WBNB",
      "posVal": 156361.60299004524,
      "posValUSD": 86452325.26304325,
      "debtVal": 104490.08003420306,
      "debtValUSD": 57772561.889465
    },
    {
      "name": "WBNB-USDT PancakeswapWorker",
      "address": "0x81b6534f4F7ba45Ecf98295Cef1450B4a4FC81Cd",
      "vault": "ibUSDT",
      "borrowToken": "USDT",
      "posVal": 53077935.451773696,
      "posValUSD": 53116994.973693304,
      "debtVal": 30435182.85800406,
      "debtValUSD": 30457579.80471744
    }
  ]
}