{
  "blockNo": 11303610,
  "lpName": "USDT-WBNB LP",
  "lpTokens": 0,
  "token0_symbol": "USDT",
  "token0_decimals": 18,
  "token0": 0,
  "token0_liquidity": 125620649.94909003,
  "token0_price": 1.00056543,
  "token0_posVal": 45275646.81561628,
  "token0_posValUSD": 45301247.02459523,
  "token0_debtVal": 28378959.89479656,
  "token0_debtValUSD": 28395006.210089877,
  "token1_symbol": "WBNB",
  "token1_decimals": 18,
  "token1": 0,
  "token1_liquidity": 374551.53369636904,
  "token1_price": 335.68,
  "token1_posVal": 163873.57196166212,
  "token1_posValUSD": 55009080.63609074,
  "token1_debtVal": 96668.76614564276,
  "token1_debtValUSD": 32449771.41976936,
  "liquidity": 251421138.4643879,
  "tvl": 0,
  "health": 100310327.66068597,
  "debt": 60844777.62985924,
  "leverage": 2.541718728925179,
  "workerPositions": [
    {
      "name": "USDT-WBNB PancakeswapWorker",
      "address": "0x41867cc58aece8B570FF1A2a8aa6149014D2a94C",
      "vault": "ibWBNB",
      "borrowToken": "WBNB",
      "posVal": 163873.57196166212,
      "posValUSD": 55009080.63609074,
      "debtVal": 96668.76614564276,
      "debtValUSD": 32449771.41976936
    },
    {
      "name": "WBNB-USDT PancakeswapWorker",
      "address": "0x81b6534f4F7ba45Ecf98295Cef1450B4a4FC81Cd",
      "vault": "ibUSDT",
      "borrowToken": "USDT",
      "posVal": 45275646.81561628,
      "posValUSD": 45301247.02459523,
      "debtVal": 28378959.89479656,
      "debtValUSD": 28395006.210089877
    }
  ]
}