{
  "blockNo": 16407648,
  "lpName": "USDT-WBNB LP",
  "lpTokens": 0,
  "token0_symbol": "USDT",
  "token0_decimals": 18,
  "token0": 0,
  "token0_liquidity": 160904774.7745506,
  "token0_price": 1.00043575,
  "token0_posVal": 51718203.65183381,
  "token0_posValUSD": 51740739.8590751,
  "token0_debtVal": 26743435.44146407,
  "token0_debtValUSD": 26755088.89345769,
  "token1_symbol": "WBNB",
  "token1_decimals": 18,
  "token1": 0,
  "token1_liquidity": 388026.6498509684,
  "token1_price": 414.80396313,
  "token1_posVal": 176217.24544489555,
  "token1_posValUSD": 73095611.78239462,
  "token1_debtVal": 112876.1706306038,
  "token1_debtValUSD": 46821482.920512564,
  "liquidity": 321929881.1883971,
  "tvl": 0,
  "health": 124836351.64146972,
  "debt": 73576571.81397025,
  "leverage": 2.435366520526849,
  "workerPositions": [
    {
      "name": "USDT-WBNB PancakeswapWorker",
      "address": "0x41867cc58aece8B570FF1A2a8aa6149014D2a94C",
      "vault": "ibWBNB",
      "borrowToken": "WBNB",
      "posVal": 176217.24544489555,
      "posValUSD": 73095611.78239462,
      "debtVal": 112876.1706306038,
      "debtValUSD": 46821482.920512564
    },
    {
      "name": "WBNB-USDT PancakeswapWorker",
      "address": "0x81b6534f4F7ba45Ecf98295Cef1450B4a4FC81Cd",
      "vault": "ibUSDT",
      "borrowToken": "USDT",
      "posVal": 51718203.65183381,
      "posValUSD": 51740739.8590751,
      "debtVal": 26743435.44146407,
      "debtValUSD": 26755088.89345769
    }
  ]
}