{
  "blockNo": 11817079,
  "lpName": "USDT-WBNB LP",
  "lpTokens": 0,
  "token0_symbol": "USDT",
  "token0_decimals": 18,
  "token0": 0,
  "token0_liquidity": 111300918.65823346,
  "token0_price": 1.00030137,
  "token0_posVal": 45319983.13952988,
  "token0_posValUSD": 45333641.22284864,
  "token0_debtVal": 26336622.692581885,
  "token0_debtValUSD": 26344559.76056275,
  "token1_symbol": "WBNB",
  "token1_decimals": 18,
  "token1": 0,
  "token1_liquidity": 232806.3045576404,
  "token1_price": 478.14956303,
  "token1_posVal": 119746.96295742838,
  "token1_posValUSD": 57256958.012263976,
  "token1_debtVal": 79708.5647671601,
  "token1_debtValUSD": 38112615.41316606,
  "liquidity": 222650694.21095437,
  "tvl": 0,
  "health": 102590599.23511261,
  "debt": 64457175.17372881,
  "leverage": 2.690306516141099,
  "workerPositions": [
    {
      "name": "USDT-WBNB PancakeswapWorker",
      "address": "0x41867cc58aece8B570FF1A2a8aa6149014D2a94C",
      "vault": "ibWBNB",
      "borrowToken": "WBNB",
      "posVal": 119746.96295742838,
      "posValUSD": 57256958.012263976,
      "debtVal": 79708.5647671601,
      "debtValUSD": 38112615.41316606
    },
    {
      "name": "WBNB-USDT PancakeswapWorker",
      "address": "0x81b6534f4F7ba45Ecf98295Cef1450B4a4FC81Cd",
      "vault": "ibUSDT",
      "borrowToken": "USDT",
      "posVal": 45319983.13952988,
      "posValUSD": 45333641.22284864,
      "debtVal": 26336622.692581885,
      "debtValUSD": 26344559.76056275
    }
  ]
}