{
  "blockNo": 10030641,
  "lpName": "USDT-WBNB LP",
  "lpTokens": 0,
  "token0_symbol": "USDT",
  "token0_decimals": 18,
  "token0": 0,
  "token0_liquidity": 111459998.31409614,
  "token0_price": 1.0009,
  "token0_posVal": 34976987.52305407,
  "token0_posValUSD": 35008466.81182481,
  "token0_debtVal": 18774091.27650955,
  "token0_debtValUSD": 18790987.958658405,
  "token1_symbol": "WBNB",
  "token1_decimals": 18,
  "token1": 0,
  "token1_liquidity": 273179.66860725987,
  "token1_price": 408.17409791,
  "token1_posVal": 83894.9749670536,
  "token1_posValUSD": 34243755.72635914,
  "token1_debtVal": 54648.57122054888,
  "token1_debtValUSD": 22306131.260017928,
  "liquidity": 223065177.11369985,
  "tvl": 0,
  "health": 69252222.53818396,
  "debt": 41097119.21867633,
  "leverage": 2.459668563538947,
  "workerPositions": [
    {
      "name": "USDT-WBNB PancakeswapWorker",
      "address": "0x41867cc58aece8B570FF1A2a8aa6149014D2a94C",
      "vault": "ibWBNB",
      "borrowToken": "WBNB",
      "posVal": 83894.9749670536,
      "posValUSD": 34243755.72635914,
      "debtVal": 54648.57122054888,
      "debtValUSD": 22306131.260017928
    },
    {
      "name": "WBNB-USDT PancakeswapWorker",
      "address": "0x81b6534f4F7ba45Ecf98295Cef1450B4a4FC81Cd",
      "vault": "ibUSDT",
      "borrowToken": "USDT",
      "posVal": 34976987.52305407,
      "posValUSD": 35008466.81182481,
      "debtVal": 18774091.27650955,
      "debtValUSD": 18790987.958658405
    }
  ]
}