{
  "blockNo": 16064402,
  "lpName": "USDT-WBNB LP",
  "lpTokens": 0,
  "token0_symbol": "USDT",
  "token0_decimals": 18,
  "token0": 0,
  "token0_liquidity": 120452640.06157626,
  "token0_price": 1.00037658,
  "token0_posVal": 46397671.03635276,
  "token0_posValUSD": 46415143.47131163,
  "token0_debtVal": 25249848.872308545,
  "token0_debtValUSD": 25259357.46039688,
  "token1_symbol": "WBNB",
  "token1_decimals": 18,
  "token1": 0,
  "token1_liquidity": 325628.9841347023,
  "token1_price": 369.62710526,
  "token1_posVal": 184488.6768830937,
  "token1_posValUSD": 68192015.5895454,
  "token1_debtVal": 111424.4370421544,
  "token1_debtValUSD": 41185492.11911665,
  "liquidity": 240859298.91123512,
  "tvl": 0,
  "health": 114607159.06085703,
  "debt": 66444849.57951353,
  "leverage": 2.379602645617567,
  "workerPositions": [
    {
      "name": "USDT-WBNB PancakeswapWorker",
      "address": "0x41867cc58aece8B570FF1A2a8aa6149014D2a94C",
      "vault": "ibWBNB",
      "borrowToken": "WBNB",
      "posVal": 184488.6768830937,
      "posValUSD": 68192015.5895454,
      "debtVal": 111424.4370421544,
      "debtValUSD": 41185492.11911665
    },
    {
      "name": "WBNB-USDT PancakeswapWorker",
      "address": "0x81b6534f4F7ba45Ecf98295Cef1450B4a4FC81Cd",
      "vault": "ibUSDT",
      "borrowToken": "USDT",
      "posVal": 46397671.03635276,
      "posValUSD": 46415143.47131163,
      "debtVal": 25249848.872308545,
      "debtValUSD": 25259357.46039688
    }
  ]
}