{
  "blockNo": 9401768,
  "lpName": "USDT-WBNB LP",
  "lpTokens": 0,
  "token0_symbol": "USDT",
  "token0_decimals": 18,
  "token0": 0,
  "token0_liquidity": 63411645.58709179,
  "token0_price": 1.00010069,
  "token0_posVal": 25191060.869626924,
  "token0_posValUSD": 25193597.357545886,
  "token0_debtVal": 14570300.100784184,
  "token0_debtValUSD": 14571767.184301334,
  "token1_symbol": "WBNB",
  "token1_decimals": 18,
  "token1": 0,
  "token1_liquidity": 212230.99389414885,
  "token1_price": 299.29,
  "token1_posVal": 99828.97891321377,
  "token1_posValUSD": 29877815.09893575,
  "token1_debtVal": 59828.335519690125,
  "token1_debtValUSD": 17906022.537688058,
  "liquidity": 126936644.66826576,
  "tvl": 0,
  "health": 55071412.456481636,
  "debt": 32477789.721989393,
  "leverage": 2.437475968491216,
  "workerPositions": [
    {
      "name": "USDT-WBNB PancakeswapWorker",
      "address": "0x41867cc58aece8B570FF1A2a8aa6149014D2a94C",
      "vault": "ibWBNB",
      "borrowToken": "WBNB",
      "posVal": 99828.97891321377,
      "posValUSD": 29877815.09893575,
      "debtVal": 59828.335519690125,
      "debtValUSD": 17906022.537688058
    },
    {
      "name": "WBNB-USDT PancakeswapWorker",
      "address": "0x81b6534f4F7ba45Ecf98295Cef1450B4a4FC81Cd",
      "vault": "ibUSDT",
      "borrowToken": "USDT",
      "posVal": 25191060.869626924,
      "posValUSD": 25193597.357545886,
      "debtVal": 14570300.100784184,
      "debtValUSD": 14571767.184301334
    }
  ]
}