{
  "blockNo": 10548127,
  "lpName": "USDT-WBNB LP",
  "lpTokens": 0,
  "token0_symbol": "USDT",
  "token0_decimals": 18,
  "token0": 0,
  "token0_liquidity": 133844631.66718054,
  "token0_price": 1,
  "token0_posVal": 57599684.52494536,
  "token0_posValUSD": 57599684.52494536,
  "token0_debtVal": 31183591.6216188,
  "token0_debtValUSD": 31183591.6216188,
  "token1_symbol": "WBNB",
  "token1_decimals": 18,
  "token1": 0,
  "token1_liquidity": 276056.25732853514,
  "token1_price": 484.91,
  "token1_posVal": 126141.79303010291,
  "token1_posValUSD": 61167416.85822721,
  "token1_debtVal": 82174.91376937451,
  "token1_debtValUSD": 39847437.4359074,
  "liquidity": 267707071.40836054,
  "tvl": 0,
  "health": 118767101.38317257,
  "debt": 71031029.0575262,
  "leverage": 2.4879948348696574,
  "workerPositions": [
    {
      "name": "USDT-WBNB PancakeswapWorker",
      "address": "0x41867cc58aece8B570FF1A2a8aa6149014D2a94C",
      "vault": "ibWBNB",
      "borrowToken": "WBNB",
      "posVal": 126141.79303010291,
      "posValUSD": 61167416.85822721,
      "debtVal": 82174.91376937451,
      "debtValUSD": 39847437.4359074
    },
    {
      "name": "WBNB-USDT PancakeswapWorker",
      "address": "0x81b6534f4F7ba45Ecf98295Cef1450B4a4FC81Cd",
      "vault": "ibUSDT",
      "borrowToken": "USDT",
      "posVal": 57599684.52494536,
      "posValUSD": 57599684.52494536,
      "debtVal": 31183591.6216188,
      "debtValUSD": 31183591.6216188
    }
  ]
}