{
  "blockNo": 12699202,
  "lpName": "USDT-WBNB LP",
  "lpTokens": 0,
  "token0_symbol": "USDT",
  "token0_decimals": 18,
  "token0": 0,
  "token0_liquidity": 137247586.04802302,
  "token0_price": 1.00029671,
  "token0_posVal": 45857593.58327805,
  "token0_posValUSD": 45871199.989870146,
  "token0_debtVal": 27258070.047083925,
  "token0_debtValUSD": 27266157.789047595,
  "token1_symbol": "WBNB",
  "token1_decimals": 18,
  "token1": 0,
  "token1_liquidity": 230983.6838569355,
  "token1_price": 593.33992369,
  "token1_posVal": 136727.5778132826,
  "token1_posValUSD": 81125930.58605164,
  "token1_debtVal": 92541.33028748991,
  "token1_debtValUSD": 54908465.850950345,
  "liquidity": 274340150.1325885,
  "tvl": 0,
  "health": 126997130.57592179,
  "debt": 82174623.63999794,
  "leverage": 2.8333339488902514,
  "workerPositions": [
    {
      "name": "USDT-WBNB PancakeswapWorker",
      "address": "0x41867cc58aece8B570FF1A2a8aa6149014D2a94C",
      "vault": "ibWBNB",
      "borrowToken": "WBNB",
      "posVal": 136727.5778132826,
      "posValUSD": 81125930.58605164,
      "debtVal": 92541.33028748991,
      "debtValUSD": 54908465.850950345
    },
    {
      "name": "WBNB-USDT PancakeswapWorker",
      "address": "0x81b6534f4F7ba45Ecf98295Cef1450B4a4FC81Cd",
      "vault": "ibUSDT",
      "borrowToken": "USDT",
      "posVal": 45857593.58327805,
      "posValUSD": 45871199.989870146,
      "debtVal": 27258070.047083925,
      "debtValUSD": 27266157.789047595
    }
  ]
}