{
  "blockNo": 9253052,
  "lpName": "USDT-WBNB LP",
  "lpTokens": 0,
  "token0_symbol": "USDT",
  "token0_decimals": 18,
  "token0": 0,
  "token0_liquidity": 83256060.39513658,
  "token0_price": 1.00029925,
  "token0_posVal": 25376609.868857186,
  "token0_posValUSD": 25384203.819360442,
  "token0_debtVal": 14513581.485578388,
  "token0_debtValUSD": 14517924.674837949,
  "token1_symbol": "WBNB",
  "token1_decimals": 18,
  "token1": 0,
  "token1_liquidity": 270801.2526956514,
  "token1_price": 307.94,
  "token1_posVal": 71013.24016554763,
  "token1_posValUSD": 21867817.176578738,
  "token1_debtVal": 44717.292207676204,
  "token1_debtValUSD": 13770242.96243181,
  "liquidity": 166671512.52630872,
  "tvl": 0,
  "health": 47252020.99593918,
  "debt": 28288167.637269758,
  "leverage": 2.491688798802996,
  "workerPositions": [
    {
      "name": "USDT-WBNB PancakeswapWorker",
      "address": "0x41867cc58aece8B570FF1A2a8aa6149014D2a94C",
      "vault": "ibWBNB",
      "borrowToken": "WBNB",
      "posVal": 71013.24016554763,
      "posValUSD": 21867817.176578738,
      "debtVal": 44717.292207676204,
      "debtValUSD": 13770242.96243181
    },
    {
      "name": "WBNB-USDT PancakeswapWorker",
      "address": "0x81b6534f4F7ba45Ecf98295Cef1450B4a4FC81Cd",
      "vault": "ibUSDT",
      "borrowToken": "USDT",
      "posVal": 25376609.868857186,
      "posValUSD": 25384203.819360442,
      "debtVal": 14513581.485578388,
      "debtValUSD": 14517924.674837949
    }
  ]
}