{
  "blockNo": 17907981,
  "lpName": "USDT-WBNB LP",
  "lpTokens": 0,
  "token0_symbol": "USDT",
  "token0_decimals": 18,
  "token0": 0,
  "token0_liquidity": 118192597.77244882,
  "token0_price": 0.9989,
  "token0_posVal": 30736235.904392757,
  "token0_posValUSD": 30702426.044897925,
  "token0_debtVal": 18414583.14724738,
  "token0_debtValUSD": 18394327.10578541,
  "token1_symbol": "WBNB",
  "token1_decimals": 18,
  "token1": 0,
  "token1_liquidity": 391655.12919357204,
  "token1_price": 301.57353354,
  "token1_posVal": 147746.46319984042,
  "token1_posValUSD": 44556422.97521345,
  "token1_debtVal": 75026.85703392893,
  "token1_debtValUSD": 22626114.386122353,
  "liquidity": 236175407.15486985,
  "tvl": 0,
  "health": 75258849.02011138,
  "debt": 41020441.49190776,
  "leverage": 2.1980826344834377,
  "workerPositions": [
    {
      "name": "USDT-WBNB PancakeswapWorker",
      "address": "0x41867cc58aece8B570FF1A2a8aa6149014D2a94C",
      "vault": "ibWBNB",
      "borrowToken": "WBNB",
      "posVal": 147746.46319984042,
      "posValUSD": 44556422.97521345,
      "debtVal": 75026.85703392893,
      "debtValUSD": 22626114.386122353
    },
    {
      "name": "WBNB-USDT PancakeswapWorker",
      "address": "0x81b6534f4F7ba45Ecf98295Cef1450B4a4FC81Cd",
      "vault": "ibUSDT",
      "borrowToken": "USDT",
      "posVal": 30736235.904392757,
      "posValUSD": 30702426.044897925,
      "debtVal": 18414583.14724738,
      "debtValUSD": 18394327.10578541
    }
  ]
}