{
  "blockNo": 14194788,
  "lpName": "USDT-WBNB LP",
  "lpTokens": 0,
  "token0_symbol": "USDT",
  "token0_decimals": 18,
  "token0": 0,
  "token0_liquidity": 110039247.96988897,
  "token0_price": 1.00004302,
  "token0_posVal": 33520161.65118144,
  "token0_posValUSD": 33521603.68853567,
  "token0_debtVal": 21746381.87229627,
  "token0_debtValUSD": 21747317.401644412,
  "token1_symbol": "WBNB",
  "token1_decimals": 18,
  "token1": 0,
  "token1_liquidity": 261252.74370565184,
  "token1_price": 421.02,
  "token1_posVal": 111938.98553302439,
  "token1_posValUSD": 47128551.68911392,
  "token1_debtVal": 64870.955728843255,
  "token1_debtValUSD": 27311969.780957587,
  "liquidity": 220036612.01329017,
  "tvl": 0,
  "health": 80650155.37764959,
  "debt": 49059287.182602,
  "leverage": 2.552957863636457,
  "workerPositions": [
    {
      "name": "USDT-WBNB PancakeswapWorker",
      "address": "0x41867cc58aece8B570FF1A2a8aa6149014D2a94C",
      "vault": "ibWBNB",
      "borrowToken": "WBNB",
      "posVal": 111938.98553302439,
      "posValUSD": 47128551.68911392,
      "debtVal": 64870.955728843255,
      "debtValUSD": 27311969.780957587
    },
    {
      "name": "WBNB-USDT PancakeswapWorker",
      "address": "0x81b6534f4F7ba45Ecf98295Cef1450B4a4FC81Cd",
      "vault": "ibUSDT",
      "borrowToken": "USDT",
      "posVal": 33520161.65118144,
      "posValUSD": 33521603.68853567,
      "debtVal": 21746381.87229627,
      "debtValUSD": 21747317.401644412
    }
  ]
}