{
  "blockNo": 8841065,
  "lpName": "USDT-WBNB LP",
  "lpTokens": 0,
  "token0_symbol": "USDT",
  "token0_decimals": 18,
  "token0": 0,
  "token0_liquidity": 80321666.8507301,
  "token0_price": 1.0002,
  "token0_posVal": 29616724.23235015,
  "token0_posValUSD": 29622647.577196617,
  "token0_debtVal": 16536361.171754882,
  "token0_debtValUSD": 16539668.443989232,
  "token1_symbol": "WBNB",
  "token1_decimals": 18,
  "token1": 0,
  "token1_liquidity": 268344.0942335596,
  "token1_price": 299.86973783,
  "token1_posVal": 71064.94077974459,
  "token1_posValUSD": 21310225.160526488,
  "token1_debtVal": 42314.80428592659,
  "token1_debtValUSD": 12688929.267548569,
  "liquidity": 160806004.3701466,
  "tvl": 0,
  "health": 50932872.737723105,
  "debt": 29228597.7115378,
  "leverage": 2.3466746839631694,
  "workerPositions": [
    {
      "name": "USDT-WBNB PancakeswapWorker",
      "address": "0x41867cc58aece8B570FF1A2a8aa6149014D2a94C",
      "vault": "ibWBNB",
      "borrowToken": "WBNB",
      "posVal": 71064.94077974459,
      "posValUSD": 21310225.160526488,
      "debtVal": 42314.80428592659,
      "debtValUSD": 12688929.267548569
    },
    {
      "name": "WBNB-USDT PancakeswapWorker",
      "address": "0x81b6534f4F7ba45Ecf98295Cef1450B4a4FC81Cd",
      "vault": "ibUSDT",
      "borrowToken": "USDT",
      "posVal": 29616724.23235015,
      "posValUSD": 29622647.577196617,
      "debtVal": 16536361.171754882,
      "debtValUSD": 16539668.443989232
    }
  ]
}