{
  "blockNo": 15517306,
  "lpName": "USDT-WBNB LP",
  "lpTokens": 0,
  "token0_symbol": "USDT",
  "token0_decimals": 18,
  "token0": 0,
  "token0_liquidity": 119961746.40278603,
  "token0_price": 1.00079641,
  "token0_posVal": 44402170.84751523,
  "token0_posValUSD": 44437533.1803999,
  "token0_debtVal": 27468028.465116654,
  "token0_debtValUSD": 27489904.277666558,
  "token1_symbol": "WBNB",
  "token1_decimals": 18,
  "token1": 0,
  "token1_liquidity": 323836.77599225874,
  "token1_price": 370.88304809,
  "token1_posVal": 207096.85224885755,
  "token1_posValUSD": 76808711.81190066,
  "token1_debtVal": 123832.04690799517,
  "token1_debtValUSD": 45927207.00846111,
  "liquidity": 240162855.70088613,
  "tvl": 0,
  "health": 121246244.99230057,
  "debt": 73417111.28612767,
  "leverage": 2.5349872681606263,
  "workerPositions": [
    {
      "name": "USDT-WBNB PancakeswapWorker",
      "address": "0x41867cc58aece8B570FF1A2a8aa6149014D2a94C",
      "vault": "ibWBNB",
      "borrowToken": "WBNB",
      "posVal": 207096.85224885755,
      "posValUSD": 76808711.81190066,
      "debtVal": 123832.04690799517,
      "debtValUSD": 45927207.00846111
    },
    {
      "name": "WBNB-USDT PancakeswapWorker",
      "address": "0x81b6534f4F7ba45Ecf98295Cef1450B4a4FC81Cd",
      "vault": "ibUSDT",
      "borrowToken": "USDT",
      "posVal": 44402170.84751523,
      "posValUSD": 44437533.1803999,
      "debtVal": 27468028.465116654,
      "debtValUSD": 27489904.277666558
    }
  ]
}