{
  "blockNo": 16819604,
  "lpName": "USDT-WBNB LP",
  "lpTokens": 0,
  "token0_symbol": "USDT",
  "token0_decimals": 18,
  "token0": 0,
  "token0_liquidity": 154289118.52523345,
  "token0_price": 1.00052317,
  "token0_posVal": 48637749.17330698,
  "token0_posValUSD": 48663194.984541975,
  "token0_debtVal": 24282167.103962824,
  "token0_debtValUSD": 24294870.805326603,
  "token1_symbol": "WBNB",
  "token1_decimals": 18,
  "token1": 0,
  "token1_liquidity": 363356.5790098186,
  "token1_price": 424.77147429,
  "token1_posVal": 158461.4402133946,
  "token1_posValUSD": 67309899.57756032,
  "token1_debtVal": 102586.72290215817,
  "token1_debtValUSD": 43575913.52972943,
  "liquidity": 308713347.7223438,
  "tvl": 0,
  "health": 115973094.56210229,
  "debt": 67870784.33505604,
  "leverage": 2.4109672490718475,
  "workerPositions": [
    {
      "name": "USDT-WBNB PancakeswapWorker",
      "address": "0x41867cc58aece8B570FF1A2a8aa6149014D2a94C",
      "vault": "ibWBNB",
      "borrowToken": "WBNB",
      "posVal": 158461.4402133946,
      "posValUSD": 67309899.57756032,
      "debtVal": 102586.72290215817,
      "debtValUSD": 43575913.52972943
    },
    {
      "name": "WBNB-USDT PancakeswapWorker",
      "address": "0x81b6534f4F7ba45Ecf98295Cef1450B4a4FC81Cd",
      "vault": "ibUSDT",
      "borrowToken": "USDT",
      "posVal": 48637749.17330698,
      "posValUSD": 48663194.984541975,
      "debtVal": 24282167.103962824,
      "debtValUSD": 24294870.805326603
    }
  ]
}