{
  "blockNo": 11739391,
  "lpName": "USDT-WBNB LP",
  "lpTokens": 0,
  "token0_symbol": "USDT",
  "token0_decimals": 18,
  "token0": 0,
  "token0_liquidity": 140091474.5753152,
  "token0_price": 1,
  "token0_posVal": 48952597.43635497,
  "token0_posValUSD": 48952597.43635497,
  "token0_debtVal": 28855739.679002557,
  "token0_debtValUSD": 28855739.679002557,
  "token1_symbol": "WBNB",
  "token1_decimals": 18,
  "token1": 0,
  "token1_liquidity": 307529.0797208244,
  "token1_price": 455.82090696,
  "token1_posVal": 140067.75868858822,
  "token1_posValUSD": 63845812.801286705,
  "token1_debtVal": 91241.10767982512,
  "token1_debtValUSD": 41589604.454652905,
  "liquidity": 280269658.6102355,
  "tvl": 0,
  "health": 112798410.23764168,
  "debt": 70445344.13365546,
  "leverage": 2.6632879414372606,
  "workerPositions": [
    {
      "name": "USDT-WBNB PancakeswapWorker",
      "address": "0x41867cc58aece8B570FF1A2a8aa6149014D2a94C",
      "vault": "ibWBNB",
      "borrowToken": "WBNB",
      "posVal": 140067.75868858822,
      "posValUSD": 63845812.801286705,
      "debtVal": 91241.10767982512,
      "debtValUSD": 41589604.454652905
    },
    {
      "name": "WBNB-USDT PancakeswapWorker",
      "address": "0x81b6534f4F7ba45Ecf98295Cef1450B4a4FC81Cd",
      "vault": "ibUSDT",
      "borrowToken": "USDT",
      "posVal": 48952597.43635497,
      "posValUSD": 48952597.43635497,
      "debtVal": 28855739.679002557,
      "debtValUSD": 28855739.679002557
    }
  ]
}