{
  "blockNo": 14510216,
  "lpName": "USDT-WBNB LP",
  "lpTokens": 0,
  "token0_symbol": "USDT",
  "token0_decimals": 18,
  "token0": 0,
  "token0_liquidity": 82953779.39934848,
  "token0_price": 1.00026784,
  "token0_posVal": 28917274.743097577,
  "token0_posValUSD": 28925019.94596477,
  "token0_debtVal": 17674466.392277278,
  "token0_debtValUSD": 17679200.321355786,
  "token1_symbol": "WBNB",
  "token1_decimals": 18,
  "token1": 0,
  "token1_liquidity": 175984.20338625624,
  "token1_price": 471.25070607,
  "token1_posVal": 102184.41833418263,
  "token1_posValUSD": 48154479.28933582,
  "token1_debtVal": 66110.15949700568,
  "token1_debtValUSD": 31154459.34136424,
  "liquidity": 165908677.84256256,
  "tvl": 0,
  "health": 77079499.23530059,
  "debt": 48833659.662720025,
  "leverage": 2.728879735978,
  "workerPositions": [
    {
      "name": "USDT-WBNB PancakeswapWorker",
      "address": "0x41867cc58aece8B570FF1A2a8aa6149014D2a94C",
      "vault": "ibWBNB",
      "borrowToken": "WBNB",
      "posVal": 102184.41833418263,
      "posValUSD": 48154479.28933582,
      "debtVal": 66110.15949700568,
      "debtValUSD": 31154459.34136424
    },
    {
      "name": "WBNB-USDT PancakeswapWorker",
      "address": "0x81b6534f4F7ba45Ecf98295Cef1450B4a4FC81Cd",
      "vault": "ibUSDT",
      "borrowToken": "USDT",
      "posVal": 28917274.743097577,
      "posValUSD": 28925019.94596477,
      "debtVal": 17674466.392277278,
      "debtValUSD": 17679200.321355786
    }
  ]
}