{
  "blockNo": 9618115,
  "lpName": "USDT-WBNB LP",
  "lpTokens": 0,
  "token0_symbol": "USDT",
  "token0_decimals": 18,
  "token0": 0,
  "token0_liquidity": 125246458.63589057,
  "token0_price": 1.0004,
  "token0_posVal": 30756763.615868714,
  "token0_posValUSD": 30769066.32131506,
  "token0_debtVal": 17436390.872500654,
  "token0_debtValUSD": 17443365.428849652,
  "token1_symbol": "WBNB",
  "token1_decimals": 18,
  "token1": 0,
  "token1_liquidity": 389404.9397488986,
  "token1_price": 322.20240045,
  "token1_posVal": 138474.19793842905,
  "token1_posValUSD": 44616718.97615028,
  "token1_debtVal": 83273.16286006135,
  "token1_debtValUSD": 26830812.966575556,
  "liquidity": 250763763.5535277,
  "tvl": 0,
  "health": 75385785.29746534,
  "debt": 44274178.39542521,
  "leverage": 2.4230759129488084,
  "workerPositions": [
    {
      "name": "USDT-WBNB PancakeswapWorker",
      "address": "0x41867cc58aece8B570FF1A2a8aa6149014D2a94C",
      "vault": "ibWBNB",
      "borrowToken": "WBNB",
      "posVal": 138474.19793842905,
      "posValUSD": 44616718.97615028,
      "debtVal": 83273.16286006135,
      "debtValUSD": 26830812.966575556
    },
    {
      "name": "WBNB-USDT PancakeswapWorker",
      "address": "0x81b6534f4F7ba45Ecf98295Cef1450B4a4FC81Cd",
      "vault": "ibUSDT",
      "borrowToken": "USDT",
      "posVal": 30756763.615868714,
      "posValUSD": 30769066.32131506,
      "debtVal": 17436390.872500654,
      "debtValUSD": 17443365.428849652
    }
  ]
}