{
  "blockNo": 13738322,
  "lpName": "USDT-WBNB LP",
  "lpTokens": 0,
  "token0_symbol": "USDT",
  "token0_decimals": 18,
  "token0": 0,
  "token0_liquidity": 131710620.58487192,
  "token0_price": 1.00029778,
  "token0_posVal": 50064404.99040616,
  "token0_posValUSD": 50079313.168924205,
  "token0_debtVal": 30798081.04340566,
  "token0_debtValUSD": 30807252.095978763,
  "token1_symbol": "WBNB",
  "token1_decimals": 18,
  "token1": 0,
  "token1_liquidity": 240084.82398373834,
  "token1_price": 548.98827037,
  "token1_posVal": 148088.45732463154,
  "token1_posValUSD": 81298826.04841103,
  "token1_debtVal": 95612.20925871425,
  "token1_debtValUSD": 52489981.38719604,
  "liquidity": 263553593.6343881,
  "tvl": 0,
  "health": 131378139.21733522,
  "debt": 83297233.4831748,
  "leverage": 2.732438942471792,
  "workerPositions": [
    {
      "name": "USDT-WBNB PancakeswapWorker",
      "address": "0x41867cc58aece8B570FF1A2a8aa6149014D2a94C",
      "vault": "ibWBNB",
      "borrowToken": "WBNB",
      "posVal": 148088.45732463154,
      "posValUSD": 81298826.04841103,
      "debtVal": 95612.20925871425,
      "debtValUSD": 52489981.38719604
    },
    {
      "name": "WBNB-USDT PancakeswapWorker",
      "address": "0x81b6534f4F7ba45Ecf98295Cef1450B4a4FC81Cd",
      "vault": "ibUSDT",
      "borrowToken": "USDT",
      "posVal": 50064404.99040616,
      "posValUSD": 50079313.168924205,
      "debtVal": 30798081.04340566,
      "debtValUSD": 30807252.095978763
    }
  ]
}