{
  "blockNo": 17464772,
  "lpName": "USDT-WBNB LP",
  "lpTokens": 0,
  "token0_symbol": "USDT",
  "token0_decimals": 18,
  "token0": 0,
  "token0_liquidity": 133019030.34273526,
  "token0_price": 1.00027397,
  "token0_posVal": 16341592.659146981,
  "token0_posValUSD": 16346069.76528781,
  "token0_debtVal": 9144708.953593642,
  "token0_debtValUSD": 9147214.329505658,
  "token1_symbol": "WBNB",
  "token1_decimals": 18,
  "token1": 0,
  "token1_liquidity": 341737.3047655846,
  "token1_price": 389.23234564,
  "token1_posVal": 162479.34193664003,
  "token1_posValUSD": 63242215.380042024,
  "token1_debtVal": 100834.33659084163,
  "token1_debtValUSD": 39247985.35230657,
  "liquidity": 266070686.2930783,
  "tvl": 0,
  "health": 79588285.14532983,
  "debt": 48395199.68181223,
  "leverage": 2.551472031787738,
  "workerPositions": [
    {
      "name": "USDT-WBNB PancakeswapWorker",
      "address": "0x41867cc58aece8B570FF1A2a8aa6149014D2a94C",
      "vault": "ibWBNB",
      "borrowToken": "WBNB",
      "posVal": 162479.34193664003,
      "posValUSD": 63242215.380042024,
      "debtVal": 100834.33659084163,
      "debtValUSD": 39247985.35230657
    },
    {
      "name": "WBNB-USDT PancakeswapWorker",
      "address": "0x81b6534f4F7ba45Ecf98295Cef1450B4a4FC81Cd",
      "vault": "ibUSDT",
      "borrowToken": "USDT",
      "posVal": 16341592.659146981,
      "posValUSD": 16346069.76528781,
      "debtVal": 9144708.953593642,
      "debtValUSD": 9147214.329505658
    }
  ]
}