{
  "blockNo": 10144402,
  "lpName": "USDT-WBNB LP",
  "lpTokens": 0,
  "token0_symbol": "USDT",
  "token0_decimals": 18,
  "token0": 0,
  "token0_liquidity": 112471843.05102804,
  "token0_price": 1.00035428,
  "token0_posVal": 36485630.97945272,
  "token0_posValUSD": 36498557.10879613,
  "token0_debtVal": 20711249.946107067,
  "token0_debtValUSD": 20718587.527737975,
  "token1_symbol": "WBNB",
  "token1_decimals": 18,
  "token1": 0,
  "token1_liquidity": 278194.2981093107,
  "token1_price": 405.14273852,
  "token1_posVal": 86045.76418880046,
  "token1_posValUSD": 34860816.54149677,
  "token1_debtVal": 56711.04086758008,
  "token1_debtValUSD": 22976066.40141103,
  "liquidity": 225220089.35223955,
  "tvl": 0,
  "health": 71359373.6502929,
  "debt": 43694653.929149,
  "leverage": 2.579435988131612,
  "workerPositions": [
    {
      "name": "USDT-WBNB PancakeswapWorker",
      "address": "0x41867cc58aece8B570FF1A2a8aa6149014D2a94C",
      "vault": "ibWBNB",
      "borrowToken": "WBNB",
      "posVal": 86045.76418880046,
      "posValUSD": 34860816.54149677,
      "debtVal": 56711.04086758008,
      "debtValUSD": 22976066.40141103
    },
    {
      "name": "WBNB-USDT PancakeswapWorker",
      "address": "0x81b6534f4F7ba45Ecf98295Cef1450B4a4FC81Cd",
      "vault": "ibUSDT",
      "borrowToken": "USDT",
      "posVal": 36485630.97945272,
      "posValUSD": 36498557.10879613,
      "debtVal": 20711249.946107067,
      "debtValUSD": 20718587.527737975
    }
  ]
}