{
  "blockNo": 12372190,
  "lpName": "USDT-WBNB LP",
  "lpTokens": 0,
  "token0_symbol": "USDT",
  "token0_decimals": 18,
  "token0": 0,
  "token0_liquidity": 147454607.6246357,
  "token0_price": 1.00073589,
  "token0_posVal": 52876962.24328908,
  "token0_posValUSD": 52915873.8710343,
  "token0_debtVal": 30441595.496272042,
  "token0_debtValUSD": 30463997.161981795,
  "token1_symbol": "WBNB",
  "token1_decimals": 18,
  "token1": 0,
  "token1_liquidity": 264884.44685390766,
  "token1_price": 558.21,
  "token1_posVal": 155899.6386261092,
  "token1_posValUSD": 87024737.27748042,
  "token1_debtVal": 104496.38878440128,
  "token1_debtValUSD": 58330929.18334064,
  "liquidity": 295424265.07416046,
  "tvl": 0,
  "health": 139940611.14851472,
  "debt": 88794926.34532243,
  "leverage": 2.7361176546370194,
  "workerPositions": [
    {
      "name": "USDT-WBNB PancakeswapWorker",
      "address": "0x41867cc58aece8B570FF1A2a8aa6149014D2a94C",
      "vault": "ibWBNB",
      "borrowToken": "WBNB",
      "posVal": 155899.6386261092,
      "posValUSD": 87024737.27748042,
      "debtVal": 104496.38878440128,
      "debtValUSD": 58330929.18334064
    },
    {
      "name": "WBNB-USDT PancakeswapWorker",
      "address": "0x81b6534f4F7ba45Ecf98295Cef1450B4a4FC81Cd",
      "vault": "ibUSDT",
      "borrowToken": "USDT",
      "posVal": 52876962.24328908,
      "posValUSD": 52915873.8710343,
      "debtVal": 30441595.496272042,
      "debtValUSD": 30463997.161981795
    }
  ]
}