{
  "blockNo": 11358299,
  "lpName": "USDT-WBNB LP",
  "lpTokens": 0,
  "token0_symbol": "USDT",
  "token0_decimals": 18,
  "token0": 0,
  "token0_liquidity": 91512170.8325972,
  "token0_price": 1,
  "token0_posVal": 42300694.35248143,
  "token0_posValUSD": 42300694.35248143,
  "token0_debtVal": 25658415.03444026,
  "token0_debtValUSD": 25658415.03444026,
  "token1_symbol": "WBNB",
  "token1_decimals": 18,
  "token1": 0,
  "token1_liquidity": 242330.45802022217,
  "token1_price": 377.92060457,
  "token1_posVal": 133189.21151591305,
  "token1_posValUSD": 50334947.33829547,
  "token1_debtVal": 85936.22689539626,
  "token1_debtValUSD": 32477070.822772853,
  "liquidity": 183093844.03332457,
  "tvl": 0,
  "health": 92635641.6907769,
  "debt": 58135485.85721311,
  "leverage": 2.6850789352277498,
  "workerPositions": [
    {
      "name": "USDT-WBNB PancakeswapWorker",
      "address": "0x41867cc58aece8B570FF1A2a8aa6149014D2a94C",
      "vault": "ibWBNB",
      "borrowToken": "WBNB",
      "posVal": 133189.21151591305,
      "posValUSD": 50334947.33829547,
      "debtVal": 85936.22689539626,
      "debtValUSD": 32477070.822772853
    },
    {
      "name": "WBNB-USDT PancakeswapWorker",
      "address": "0x81b6534f4F7ba45Ecf98295Cef1450B4a4FC81Cd",
      "vault": "ibUSDT",
      "borrowToken": "USDT",
      "posVal": 42300694.35248143,
      "posValUSD": 42300694.35248143,
      "debtVal": 25658415.03444026,
      "debtValUSD": 25658415.03444026
    }
  ]
}