{
  "blockNo": 14088228,
  "lpName": "USDT-WBNB LP",
  "lpTokens": 0,
  "token0_symbol": "USDT",
  "token0_decimals": 18,
  "token0": 0,
  "token0_liquidity": 142134001.75667122,
  "token0_price": 1.00003684,
  "token0_posVal": 48985946.42548264,
  "token0_posValUSD": 48987751.06774895,
  "token0_debtVal": 31175659.13911974,
  "token0_debtValUSD": 31176807.650402423,
  "token1_symbol": "WBNB",
  "token1_decimals": 18,
  "token1": 0,
  "token1_liquidity": 277994.0790251503,
  "token1_price": 512.21041662,
  "token1_posVal": 160327.9727474094,
  "token1_posValUSD": 82121657.71679059,
  "token1_debtVal": 100262.02230221788,
  "token1_debtValUSD": 51355252.214582756,
  "liquidity": 284530701.0086614,
  "tvl": 0,
  "health": 131109408.78453954,
  "debt": 82532059.86498518,
  "leverage": 2.698982379661371,
  "workerPositions": [
    {
      "name": "USDT-WBNB PancakeswapWorker",
      "address": "0x41867cc58aece8B570FF1A2a8aa6149014D2a94C",
      "vault": "ibWBNB",
      "borrowToken": "WBNB",
      "posVal": 160327.9727474094,
      "posValUSD": 82121657.71679059,
      "debtVal": 100262.02230221788,
      "debtValUSD": 51355252.214582756
    },
    {
      "name": "WBNB-USDT PancakeswapWorker",
      "address": "0x81b6534f4F7ba45Ecf98295Cef1450B4a4FC81Cd",
      "vault": "ibUSDT",
      "borrowToken": "USDT",
      "posVal": 48985946.42548264,
      "posValUSD": 48987751.06774895,
      "debtVal": 31175659.13911974,
      "debtValUSD": 31176807.650402423
    }
  ]
}