{
  "blockNo": 18134858,
  "lpName": "USDT-WBNB LP",
  "lpTokens": 0,
  "token0_symbol": "USDT",
  "token0_decimals": 18,
  "token0": 0,
  "token0_liquidity": 119728978.34536843,
  "token0_price": 0.99910361,
  "token0_posVal": 30217514.65100386,
  "token0_posValUSD": 30190427.97304585,
  "token0_debtVal": 18199531.66771134,
  "token0_debtValUSD": 18183217.78951972,
  "token1_symbol": "WBNB",
  "token1_decimals": 18,
  "token1": 0,
  "token1_liquidity": 383276.32134384074,
  "token1_price": 312.38331493,
  "token1_posVal": 175094.1498542998,
  "token1_posValUSD": 54696490.95633634,
  "token1_debtVal": 90597.29023178246,
  "token1_debtValUSD": 28301081.846279513,
  "liquidity": 239350782.2820343,
  "tvl": 0,
  "health": 84886918.92938219,
  "debt": 46484299.63579923,
  "leverage": 2.210446070889928,
  "workerPositions": [
    {
      "name": "USDT-WBNB PancakeswapWorker",
      "address": "0x41867cc58aece8B570FF1A2a8aa6149014D2a94C",
      "vault": "ibWBNB",
      "borrowToken": "WBNB",
      "posVal": 175094.1498542998,
      "posValUSD": 54696490.95633634,
      "debtVal": 90597.29023178246,
      "debtValUSD": 28301081.846279513
    },
    {
      "name": "WBNB-USDT PancakeswapWorker",
      "address": "0x81b6534f4F7ba45Ecf98295Cef1450B4a4FC81Cd",
      "vault": "ibUSDT",
      "borrowToken": "USDT",
      "posVal": 30217514.65100386,
      "posValUSD": 30190427.97304585,
      "debtVal": 18199531.66771134,
      "debtValUSD": 18183217.78951972
    }
  ]
}