{
  "blockNo": 9886199,
  "lpName": "USDT-WBNB LP",
  "lpTokens": 0,
  "token0_symbol": "USDT",
  "token0_decimals": 18,
  "token0": 0,
  "token0_liquidity": 134107379.31968328,
  "token0_price": 1.00040896,
  "token0_posVal": 30237853.72672872,
  "token0_posValUSD": 30250219.7993888,
  "token0_debtVal": 16450698.474781303,
  "token0_debtValUSD": 16457426.152429547,
  "token1_symbol": "WBNB",
  "token1_decimals": 18,
  "token1": 0,
  "token1_liquidity": 377782.50113339996,
  "token1_price": 355.68,
  "token1_posVal": 88805.31860088067,
  "token1_posValUSD": 31586275.719961237,
  "token1_debtVal": 55768.75441576586,
  "token1_debtValUSD": 19835830.570599604,
  "liquidity": 268531903.87665755,
  "tvl": 0,
  "health": 61836495.51935004,
  "debt": 36293256.72302915,
  "leverage": 2.4208557110720292,
  "workerPositions": [
    {
      "name": "USDT-WBNB PancakeswapWorker",
      "address": "0x41867cc58aece8B570FF1A2a8aa6149014D2a94C",
      "vault": "ibWBNB",
      "borrowToken": "WBNB",
      "posVal": 88805.31860088067,
      "posValUSD": 31586275.719961237,
      "debtVal": 55768.75441576586,
      "debtValUSD": 19835830.570599604
    },
    {
      "name": "WBNB-USDT PancakeswapWorker",
      "address": "0x81b6534f4F7ba45Ecf98295Cef1450B4a4FC81Cd",
      "vault": "ibUSDT",
      "borrowToken": "USDT",
      "posVal": 30237853.72672872,
      "posValUSD": 30250219.7993888,
      "debtVal": 16450698.474781303,
      "debtValUSD": 16457426.152429547
    }
  ]
}