{
  "blockNo": 11683217,
  "lpName": "USDT-WBNB LP",
  "lpTokens": 0,
  "token0_symbol": "USDT",
  "token0_decimals": 18,
  "token0": 0,
  "token0_liquidity": 140249120.11470625,
  "token0_price": 1.00041,
  "token0_posVal": 53968242.34056351,
  "token0_posValUSD": 53990369.31992315,
  "token0_debtVal": 32221944.704364978,
  "token0_debtValUSD": 32235155.70169377,
  "token1_symbol": "WBNB",
  "token1_decimals": 18,
  "token1": 0,
  "token1_liquidity": 334595.02287847816,
  "token1_price": 419.41996911,
  "token1_posVal": 147722.90056290023,
  "token1_posValUSD": 61957934.39093122,
  "token1_debtVal": 92031.39769895822,
  "token1_debtValUSD": 38599805.98004718,
  "liquidity": 280642456.4140043,
  "tvl": 0,
  "health": 115948303.71085437,
  "debt": 70834961.68174095,
  "leverage": 2.570155490498318,
  "workerPositions": [
    {
      "name": "USDT-WBNB PancakeswapWorker",
      "address": "0x41867cc58aece8B570FF1A2a8aa6149014D2a94C",
      "vault": "ibWBNB",
      "borrowToken": "WBNB",
      "posVal": 147722.90056290023,
      "posValUSD": 61957934.39093122,
      "debtVal": 92031.39769895822,
      "debtValUSD": 38599805.98004718
    },
    {
      "name": "WBNB-USDT PancakeswapWorker",
      "address": "0x81b6534f4F7ba45Ecf98295Cef1450B4a4FC81Cd",
      "vault": "ibUSDT",
      "borrowToken": "USDT",
      "posVal": 53968242.34056351,
      "posValUSD": 53990369.31992315,
      "debtVal": 32221944.704364978,
      "debtValUSD": 32235155.70169377
    }
  ]
}