{
  "blockNo": 15731309,
  "lpName": "USDT-WBNB LP",
  "lpTokens": 0,
  "token0_symbol": "USDT",
  "token0_decimals": 18,
  "token0": 0,
  "token0_liquidity": 98940572.46542315,
  "token0_price": 1.00047984,
  "token0_posVal": 24194012.461303554,
  "token0_posValUSD": 24205621.716242984,
  "token0_debtVal": 13247257.171942845,
  "token0_debtValUSD": 13253613.73582423,
  "token1_symbol": "WBNB",
  "token1_decimals": 18,
  "token1": 0,
  "token1_liquidity": 243232.31150784966,
  "token1_price": 406.95716857,
  "token1_posVal": 174265.82238726696,
  "token1_posValUSD": 70918725.65724468,
  "token1_debtVal": 109599.90104173233,
  "token1_debtValUSD": 44602465.40349559,
  "liquidity": 197973180.9056857,
  "tvl": 0,
  "health": 95124347.37348767,
  "debt": 57856079.139319815,
  "leverage": 2.5524219900906715,
  "workerPositions": [
    {
      "name": "USDT-WBNB PancakeswapWorker",
      "address": "0x41867cc58aece8B570FF1A2a8aa6149014D2a94C",
      "vault": "ibWBNB",
      "borrowToken": "WBNB",
      "posVal": 174265.82238726696,
      "posValUSD": 70918725.65724468,
      "debtVal": 109599.90104173233,
      "debtValUSD": 44602465.40349559
    },
    {
      "name": "WBNB-USDT PancakeswapWorker",
      "address": "0x81b6534f4F7ba45Ecf98295Cef1450B4a4FC81Cd",
      "vault": "ibUSDT",
      "borrowToken": "USDT",
      "posVal": 24194012.461303554,
      "posValUSD": 24205621.716242984,
      "debtVal": 13247257.171942845,
      "debtValUSD": 13253613.73582423
    }
  ]
}