{
  "blockNo": 13210605,
  "lpName": "USDT-WBNB LP",
  "lpTokens": 0,
  "token0_symbol": "USDT",
  "token0_decimals": 18,
  "token0": 0,
  "token0_liquidity": 143203175.79160497,
  "token0_price": 1.00130747,
  "token0_posVal": 52070958.46760107,
  "token0_posValUSD": 52139039.6836687,
  "token0_debtVal": 31519466.243784033,
  "token0_debtValUSD": 31560677.000313792,
  "token1_symbol": "WBNB",
  "token1_decimals": 18,
  "token1": 0,
  "token1_liquidity": 250127.42384490874,
  "token1_price": 573.49748603,
  "token1_posVal": 138770.14837482,
  "token1_posValUSD": 79584331.22896937,
  "token1_debtVal": 91181.0928998543,
  "token1_debtValUSD": 52292127.55153432,
  "liquidity": 286837858.4100727,
  "tvl": 0,
  "health": 131723370.91263807,
  "debt": 83852804.55184811,
  "leverage": 2.7516568306267346,
  "workerPositions": [
    {
      "name": "USDT-WBNB PancakeswapWorker",
      "address": "0x41867cc58aece8B570FF1A2a8aa6149014D2a94C",
      "vault": "ibWBNB",
      "borrowToken": "WBNB",
      "posVal": 138770.14837482,
      "posValUSD": 79584331.22896937,
      "debtVal": 91181.0928998543,
      "debtValUSD": 52292127.55153432
    },
    {
      "name": "WBNB-USDT PancakeswapWorker",
      "address": "0x81b6534f4F7ba45Ecf98295Cef1450B4a4FC81Cd",
      "vault": "ibUSDT",
      "borrowToken": "USDT",
      "posVal": 52070958.46760107,
      "posValUSD": 52139039.6836687,
      "debtVal": 31519466.243784033,
      "debtValUSD": 31560677.000313792
    }
  ]
}