{
  "blockNo": 14625182,
  "lpName": "USDT-WBNB LP",
  "lpTokens": 0,
  "token0_symbol": "USDT",
  "token0_decimals": 18,
  "token0": 0,
  "token0_liquidity": 87709021.49858238,
  "token0_price": 1.00033499,
  "token0_posVal": 34819534.65401336,
  "token0_posValUSD": 34831198.849927105,
  "token0_debtVal": 22093890.11702967,
  "token0_debtValUSD": 22101291.349279974,
  "token1_symbol": "WBNB",
  "token1_decimals": 18,
  "token1": 0,
  "token1_liquidity": 240744.22998223957,
  "token1_price": 364.38774122,
  "token1_posVal": 125916.06128111461,
  "token1_posValUSD": 45882269.153544456,
  "token1_debtVal": 73654.48417485425,
  "token1_debtValUSD": 26838791.119199377,
  "liquidity": 175462649.3186707,
  "tvl": 0,
  "health": 80713468.00347155,
  "debt": 48940082.46847935,
  "leverage": 2.5402854195245066,
  "workerPositions": [
    {
      "name": "USDT-WBNB PancakeswapWorker",
      "address": "0x41867cc58aece8B570FF1A2a8aa6149014D2a94C",
      "vault": "ibWBNB",
      "borrowToken": "WBNB",
      "posVal": 125916.06128111461,
      "posValUSD": 45882269.153544456,
      "debtVal": 73654.48417485425,
      "debtValUSD": 26838791.119199377
    },
    {
      "name": "WBNB-USDT PancakeswapWorker",
      "address": "0x81b6534f4F7ba45Ecf98295Cef1450B4a4FC81Cd",
      "vault": "ibUSDT",
      "borrowToken": "USDT",
      "posVal": 34819534.65401336,
      "posValUSD": 34831198.849927105,
      "debtVal": 22093890.11702967,
      "debtValUSD": 22101291.349279974
    }
  ]
}