{
  "blockNo": 13014114,
  "lpName": "USDT-WBNB LP",
  "lpTokens": 0,
  "token0_symbol": "USDT",
  "token0_decimals": 18,
  "token0": 0,
  "token0_liquidity": 143539549.4444908,
  "token0_price": 1.0009,
  "token0_posVal": 58059316.51021314,
  "token0_posValUSD": 58111569.895072326,
  "token0_debtVal": 33649132.84298972,
  "token0_debtValUSD": 33679417.06254841,
  "token1_symbol": "WBNB",
  "token1_decimals": 18,
  "token1": 0,
  "token1_liquidity": 248527.48338865835,
  "token1_price": 578.73544301,
  "token1_posVal": 132995.99446481973,
  "token1_posValUSD": 76969495.77515295,
  "token1_debtVal": 87909.14794704595,
  "token1_debtValUSD": 50876139.68176527,
  "liquidity": 287500398.23808646,
  "tvl": 0,
  "health": 135081065.67022526,
  "debt": 84555556.74431369,
  "leverage": 2.6735221186648968,
  "workerPositions": [
    {
      "name": "USDT-WBNB PancakeswapWorker",
      "address": "0x41867cc58aece8B570FF1A2a8aa6149014D2a94C",
      "vault": "ibWBNB",
      "borrowToken": "WBNB",
      "posVal": 132995.99446481973,
      "posValUSD": 76969495.77515295,
      "debtVal": 87909.14794704595,
      "debtValUSD": 50876139.68176527
    },
    {
      "name": "WBNB-USDT PancakeswapWorker",
      "address": "0x81b6534f4F7ba45Ecf98295Cef1450B4a4FC81Cd",
      "vault": "ibUSDT",
      "borrowToken": "USDT",
      "posVal": 58059316.51021314,
      "posValUSD": 58111569.895072326,
      "debtVal": 33649132.84298972,
      "debtValUSD": 33679417.06254841
    }
  ]
}