{
  "blockNo": 16179151,
  "lpName": "USDT-WBNB LP",
  "lpTokens": 0,
  "token0_symbol": "USDT",
  "token0_decimals": 18,
  "token0": 0,
  "token0_liquidity": 125108804.89465208,
  "token0_price": 1.00068319,
  "token0_posVal": 47972142.37424582,
  "token0_posValUSD": 48004916.46219448,
  "token0_debtVal": 25219152.858495492,
  "token0_debtValUSD": 25236382.331536885,
  "token1_symbol": "WBNB",
  "token1_decimals": 18,
  "token1": 0,
  "token1_liquidity": 315638.85592090845,
  "token1_price": 396.13646853,
  "token1_posVal": 177497.02648398964,
  "token1_posValUSD": 70313045.24594355,
  "token1_debtVal": 110991.24251205225,
  "token1_debtValUSD": 43967678.84648119,
  "liquidity": 250230339.6944262,
  "tvl": 0,
  "health": 118317961.70813802,
  "debt": 69204061.17801808,
  "leverage": 2.409052435889866,
  "workerPositions": [
    {
      "name": "USDT-WBNB PancakeswapWorker",
      "address": "0x41867cc58aece8B570FF1A2a8aa6149014D2a94C",
      "vault": "ibWBNB",
      "borrowToken": "WBNB",
      "posVal": 177497.02648398964,
      "posValUSD": 70313045.24594355,
      "debtVal": 110991.24251205225,
      "debtValUSD": 43967678.84648119
    },
    {
      "name": "WBNB-USDT PancakeswapWorker",
      "address": "0x81b6534f4F7ba45Ecf98295Cef1450B4a4FC81Cd",
      "vault": "ibUSDT",
      "borrowToken": "USDT",
      "posVal": 47972142.37424582,
      "posValUSD": 48004916.46219448,
      "debtVal": 25219152.858495492,
      "debtValUSD": 25236382.331536885
    }
  ]
}