{
  "blockNo": 11316680,
  "lpName": "USDT-WBNB LP",
  "lpTokens": 0,
  "token0_symbol": "USDT",
  "token0_decimals": 18,
  "token0": 0,
  "token0_liquidity": 125973258.85645162,
  "token0_price": 1.00026905,
  "token0_posVal": 45282000.70054985,
  "token0_posValUSD": 45294183.82283833,
  "token0_debtVal": 28379877.659080323,
  "token0_debtValUSD": 28387513.2651645,
  "token1_symbol": "WBNB",
  "token1_decimals": 18,
  "token1": 0,
  "token1_liquidity": 375577.43600504874,
  "token1_price": 335.27225896,
  "token1_posVal": 165316.91321491607,
  "token1_posValUSD": 55426174.937859185,
  "token1_debtVal": 97459.25304943936,
  "token1_debtValUSD": 32675383.9264398,
  "liquidity": 251927847.34556448,
  "tvl": 0,
  "health": 100720358.76069751,
  "debt": 61062897.1916043,
  "leverage": 2.5397580877741626,
  "workerPositions": [
    {
      "name": "USDT-WBNB PancakeswapWorker",
      "address": "0x41867cc58aece8B570FF1A2a8aa6149014D2a94C",
      "vault": "ibWBNB",
      "borrowToken": "WBNB",
      "posVal": 165316.91321491607,
      "posValUSD": 55426174.937859185,
      "debtVal": 97459.25304943936,
      "debtValUSD": 32675383.9264398
    },
    {
      "name": "WBNB-USDT PancakeswapWorker",
      "address": "0x81b6534f4F7ba45Ecf98295Cef1450B4a4FC81Cd",
      "vault": "ibUSDT",
      "borrowToken": "USDT",
      "posVal": 45282000.70054985,
      "posValUSD": 45294183.82283833,
      "debtVal": 28379877.659080323,
      "debtValUSD": 28387513.2651645
    }
  ]
}