{
  "blockNo": 13274295,
  "lpName": "USDT-WBNB LP",
  "lpTokens": 0,
  "token0_symbol": "USDT",
  "token0_decimals": 18,
  "token0": 0,
  "token0_liquidity": 137090183.40307269,
  "token0_price": 1.00110142,
  "token0_posVal": 49438469.01866155,
  "token0_posValUSD": 49492921.53720808,
  "token0_debtVal": 29872352.094668847,
  "token0_debtValUSD": 29905254.100712955,
  "token1_symbol": "WBNB",
  "token1_decimals": 18,
  "token1": 0,
  "token1_liquidity": 233601.86000782927,
  "token1_price": 587.74,
  "token1_posVal": 140486.42262781775,
  "token1_posValUSD": 82569490.03527361,
  "token1_debtVal": 93473.1213283151,
  "token1_debtValUSD": 54937892.329503916,
  "liquidity": 274538334.473878,
  "tvl": 0,
  "health": 132062411.57248169,
  "debt": 84843146.43021688,
  "leverage": 2.7967909109681557,
  "workerPositions": [
    {
      "name": "USDT-WBNB PancakeswapWorker",
      "address": "0x41867cc58aece8B570FF1A2a8aa6149014D2a94C",
      "vault": "ibWBNB",
      "borrowToken": "WBNB",
      "posVal": 140486.42262781775,
      "posValUSD": 82569490.03527361,
      "debtVal": 93473.1213283151,
      "debtValUSD": 54937892.329503916
    },
    {
      "name": "WBNB-USDT PancakeswapWorker",
      "address": "0x81b6534f4F7ba45Ecf98295Cef1450B4a4FC81Cd",
      "vault": "ibUSDT",
      "borrowToken": "USDT",
      "posVal": 49438469.01866155,
      "posValUSD": 49492921.53720808,
      "debtVal": 29872352.094668847,
      "debtValUSD": 29905254.100712955
    }
  ]
}