{
  "blockNo": 11591132,
  "lpName": "USDT-WBNB LP",
  "lpTokens": 0,
  "token0_symbol": "USDT",
  "token0_decimals": 18,
  "token0": 0,
  "token0_liquidity": 96080123.28943826,
  "token0_price": 1.00033223,
  "token0_posVal": 41894818.34646895,
  "token0_posValUSD": 41908737.06196819,
  "token0_debtVal": 25190167.77637243,
  "token0_debtValUSD": 25198536.70581277,
  "token1_symbol": "WBNB",
  "token1_decimals": 18,
  "token1": 0,
  "token1_liquidity": 220301.0262370028,
  "token1_price": 437.09634304,
  "token1_posVal": 117170.89082967391,
  "token1_posValUSD": 51214967.89238954,
  "token1_debtVal": 75339.2270479454,
  "token1_debtValUSD": 32930500.630117193,
  "liquidity": 192404816.92495173,
  "tvl": 0,
  "health": 93123704.95435774,
  "debt": 58129037.33592996,
  "leverage": 2.661082710364704,
  "workerPositions": [
    {
      "name": "USDT-WBNB PancakeswapWorker",
      "address": "0x41867cc58aece8B570FF1A2a8aa6149014D2a94C",
      "vault": "ibWBNB",
      "borrowToken": "WBNB",
      "posVal": 117170.89082967391,
      "posValUSD": 51214967.89238954,
      "debtVal": 75339.2270479454,
      "debtValUSD": 32930500.630117193
    },
    {
      "name": "WBNB-USDT PancakeswapWorker",
      "address": "0x81b6534f4F7ba45Ecf98295Cef1450B4a4FC81Cd",
      "vault": "ibUSDT",
      "borrowToken": "USDT",
      "posVal": 41894818.34646895,
      "posValUSD": 41908737.06196819,
      "debtVal": 25190167.77637243,
      "debtValUSD": 25198536.70581277
    }
  ]
}