{
  "blockNo": 10634905,
  "lpName": "USDT-WBNB LP",
  "lpTokens": 0,
  "token0_symbol": "USDT",
  "token0_decimals": 18,
  "token0": 0,
  "token0_liquidity": 138964821.372648,
  "token0_price": 1.00053971,
  "token0_posVal": 63252458.086366564,
  "token0_posValUSD": 63286596.07052036,
  "token0_debtVal": 33778747.51150503,
  "token0_debtValUSD": 33796978.239324465,
  "token1_symbol": "WBNB",
  "token1_decimals": 18,
  "token1": 0,
  "token1_liquidity": 278788.60130207095,
  "token1_price": 498.67847471,
  "token1_posVal": 126839.6958085596,
  "token1_posValUSD": 63252226.03849288,
  "token1_debtVal": 82814.5145679884,
  "token1_debtValUSD": 41297815.80861353,
  "liquidity": 278065696.5402421,
  "tvl": 0,
  "health": 126538822.10901323,
  "debt": 75094794.04793799,
  "leverage": 2.4597378331024964,
  "workerPositions": [
    {
      "name": "USDT-WBNB PancakeswapWorker",
      "address": "0x41867cc58aece8B570FF1A2a8aa6149014D2a94C",
      "vault": "ibWBNB",
      "borrowToken": "WBNB",
      "posVal": 126839.6958085596,
      "posValUSD": 63252226.03849288,
      "debtVal": 82814.5145679884,
      "debtValUSD": 41297815.80861353
    },
    {
      "name": "WBNB-USDT PancakeswapWorker",
      "address": "0x81b6534f4F7ba45Ecf98295Cef1450B4a4FC81Cd",
      "vault": "ibUSDT",
      "borrowToken": "USDT",
      "posVal": 63252458.086366564,
      "posValUSD": 63286596.07052036,
      "debtVal": 33778747.51150503,
      "debtValUSD": 33796978.239324465
    }
  ]
}