{
  "blockNo": 9404167,
  "lpName": "USDT-WBNB LP",
  "lpTokens": 0,
  "token0_symbol": "USDT",
  "token0_decimals": 18,
  "token0": 0,
  "token0_liquidity": 63743653.74312833,
  "token0_price": 1.00010069,
  "token0_posVal": 24969754.15412867,
  "token0_posValUSD": 24972268.35867445,
  "token0_debtVal": 14569164.952207658,
  "token0_debtValUSD": 14570631.921426697,
  "token1_symbol": "WBNB",
  "token1_decimals": 18,
  "token1": 0,
  "token1_liquidity": 217218.4931318822,
  "token1_price": 294.96025511,
  "token1_posVal": 100984.03462713998,
  "token1_posValUSD": 29786276.61565828,
  "token1_debtVal": 59948.653366167586,
  "token1_debtValUSD": 17682470.09038575,
  "liquidity": 127820894.24041347,
  "tvl": 0,
  "health": 54758544.974332735,
  "debt": 32253102.01181245,
  "leverage": 2.4331245141686635,
  "workerPositions": [
    {
      "name": "USDT-WBNB PancakeswapWorker",
      "address": "0x41867cc58aece8B570FF1A2a8aa6149014D2a94C",
      "vault": "ibWBNB",
      "borrowToken": "WBNB",
      "posVal": 100984.03462713998,
      "posValUSD": 29786276.61565828,
      "debtVal": 59948.653366167586,
      "debtValUSD": 17682470.09038575
    },
    {
      "name": "WBNB-USDT PancakeswapWorker",
      "address": "0x81b6534f4F7ba45Ecf98295Cef1450B4a4FC81Cd",
      "vault": "ibUSDT",
      "borrowToken": "USDT",
      "posVal": 24969754.15412867,
      "posValUSD": 24972268.35867445,
      "debtVal": 14569164.952207658,
      "debtValUSD": 14570631.921426697
    }
  ]
}