{
  "blockNo": 10613426,
  "lpName": "USDT-WBNB LP",
  "lpTokens": 0,
  "token0_symbol": "USDT",
  "token0_decimals": 18,
  "token0": 0,
  "token0_liquidity": 136449725.55818954,
  "token0_price": 1.00035879,
  "token0_posVal": 62247123.4664124,
  "token0_posValUSD": 62269457.11184091,
  "token0_debtVal": 33509554.634714622,
  "token0_debtValUSD": 33521577.52782201,
  "token1_symbol": "WBNB",
  "token1_decimals": 18,
  "token1": 0,
  "token1_liquidity": 279022.11215651355,
  "token1_price": 488.93410088,
  "token1_posVal": 123876.9390538081,
  "token1_posValUSD": 60567659.816040225,
  "token1_debtVal": 81143.40383638343,
  "token1_debtValUSD": 39673777.197084874,
  "liquidity": 272922107.888106,
  "tvl": 0,
  "health": 122837116.92788114,
  "debt": 73195354.72490689,
  "leverage": 2.4744713216591143,
  "workerPositions": [
    {
      "name": "USDT-WBNB PancakeswapWorker",
      "address": "0x41867cc58aece8B570FF1A2a8aa6149014D2a94C",
      "vault": "ibWBNB",
      "borrowToken": "WBNB",
      "posVal": 123876.9390538081,
      "posValUSD": 60567659.816040225,
      "debtVal": 81143.40383638343,
      "debtValUSD": 39673777.197084874
    },
    {
      "name": "WBNB-USDT PancakeswapWorker",
      "address": "0x81b6534f4F7ba45Ecf98295Cef1450B4a4FC81Cd",
      "vault": "ibUSDT",
      "borrowToken": "USDT",
      "posVal": 62247123.4664124,
      "posValUSD": 62269457.11184091,
      "debtVal": 33509554.634714622,
      "debtValUSD": 33521577.52782201
    }
  ]
}