{
  "blockNo": 18209801,
  "lpName": "USDT-WBNB LP",
  "lpTokens": 0,
  "token0_symbol": "USDT",
  "token0_decimals": 18,
  "token0": 0,
  "token0_liquidity": 117050561.66744998,
  "token0_price": 0.99942263,
  "token0_posVal": 29056141.351124417,
  "token0_posValUSD": 29039365.20679252,
  "token0_debtVal": 17646677.638026215,
  "token0_debtValUSD": 17636488.975758348,
  "token1_symbol": "WBNB",
  "token1_decimals": 18,
  "token1": 0,
  "token1_liquidity": 382266.5928065536,
  "token1_price": 306.20108871,
  "token1_posVal": 178227.78429789282,
  "token1_posValUSD": 54573541.59038583,
  "token1_debtVal": 91416.74768592544,
  "token1_debtValUSD": 27991907.667757746,
  "liquidity": 234033427.07948902,
  "tvl": 0,
  "health": 83612906.79717836,
  "debt": 45628396.64351609,
  "leverage": 2.201236937344494,
  "workerPositions": [
    {
      "name": "USDT-WBNB PancakeswapWorker",
      "address": "0x41867cc58aece8B570FF1A2a8aa6149014D2a94C",
      "vault": "ibWBNB",
      "borrowToken": "WBNB",
      "posVal": 178227.78429789282,
      "posValUSD": 54573541.59038583,
      "debtVal": 91416.74768592544,
      "debtValUSD": 27991907.667757746
    },
    {
      "name": "WBNB-USDT PancakeswapWorker",
      "address": "0x81b6534f4F7ba45Ecf98295Cef1450B4a4FC81Cd",
      "vault": "ibUSDT",
      "borrowToken": "USDT",
      "posVal": 29056141.351124417,
      "posValUSD": 29039365.20679252,
      "debtVal": 17646677.638026215,
      "debtValUSD": 17636488.975758348
    }
  ]
}