{
  "blockNo": 11638977,
  "lpName": "USDT-WBNB LP",
  "lpTokens": 0,
  "token0_symbol": "USDT",
  "token0_decimals": 18,
  "token0": 0,
  "token0_liquidity": 140065719.53259787,
  "token0_price": 1.00020541,
  "token0_posVal": 52542652.265183546,
  "token0_posValUSD": 52553445.051385336,
  "token0_debtVal": 31740803.365666773,
  "token0_debtValUSD": 31747323.244086113,
  "token1_symbol": "WBNB",
  "token1_decimals": 18,
  "token1": 0,
  "token1_liquidity": 338850.3574667572,
  "token1_price": 413.92,
  "token1_posVal": 150718.34182451345,
  "token1_posValUSD": 62385336.04800261,
  "token1_debtVal": 93053.89033537514,
  "token1_debtValUSD": 38516866.28761848,
  "liquidity": 280351430.3946872,
  "tvl": 0,
  "health": 114938781.09938794,
  "debt": 70264189.53170459,
  "leverage": 2.572799819003431,
  "workerPositions": [
    {
      "name": "USDT-WBNB PancakeswapWorker",
      "address": "0x41867cc58aece8B570FF1A2a8aa6149014D2a94C",
      "vault": "ibWBNB",
      "borrowToken": "WBNB",
      "posVal": 150718.34182451345,
      "posValUSD": 62385336.04800261,
      "debtVal": 93053.89033537514,
      "debtValUSD": 38516866.28761848
    },
    {
      "name": "WBNB-USDT PancakeswapWorker",
      "address": "0x81b6534f4F7ba45Ecf98295Cef1450B4a4FC81Cd",
      "vault": "ibUSDT",
      "borrowToken": "USDT",
      "posVal": 52542652.265183546,
      "posValUSD": 52553445.051385336,
      "debtVal": 31740803.365666773,
      "debtValUSD": 31747323.244086113
    }
  ]
}