{
  "blockNo": 16442380,
  "lpName": "USDT-WBNB LP",
  "lpTokens": 0,
  "token0_symbol": "USDT",
  "token0_decimals": 18,
  "token0": 0,
  "token0_liquidity": 165904057.28478727,
  "token0_price": 1.00023485,
  "token0_posVal": 52791627.07492843,
  "token0_posValUSD": 52804025.18854698,
  "token0_debtVal": 26750379.096645925,
  "token0_debtValUSD": 26756661.423176773,
  "token1_symbol": "WBNB",
  "token1_decimals": 18,
  "token1": 0,
  "token1_liquidity": 384136.7583585554,
  "token1_price": 431.72921464,
  "token1_posVal": 172045.52430680348,
  "token1_posValUSD": 74277079.0913033,
  "token1_debtVal": 112520.89897490616,
  "token1_debtValUSD": 48578559.34502302,
  "liquidity": 331786080.85313517,
  "tvl": 0,
  "health": 127081104.27985027,
  "debt": 75335220.7681998,
  "leverage": 2.455868866385057,
  "workerPositions": [
    {
      "name": "USDT-WBNB PancakeswapWorker",
      "address": "0x41867cc58aece8B570FF1A2a8aa6149014D2a94C",
      "vault": "ibWBNB",
      "borrowToken": "WBNB",
      "posVal": 172045.52430680348,
      "posValUSD": 74277079.0913033,
      "debtVal": 112520.89897490616,
      "debtValUSD": 48578559.34502302
    },
    {
      "name": "WBNB-USDT PancakeswapWorker",
      "address": "0x81b6534f4F7ba45Ecf98295Cef1450B4a4FC81Cd",
      "vault": "ibUSDT",
      "borrowToken": "USDT",
      "posVal": 52791627.07492843,
      "posValUSD": 52804025.18854698,
      "debtVal": 26750379.096645925,
      "debtValUSD": 26756661.423176773
    }
  ]
}