{
  "blockNo": 15718113,
  "lpName": "USDT-WBNB LP",
  "lpTokens": 0,
  "token0_symbol": "USDT",
  "token0_decimals": 18,
  "token0": 0,
  "token0_liquidity": 99099836.65957762,
  "token0_price": 1.00052509,
  "token0_posVal": 24329149.476612724,
  "token0_posValUSD": 24341924.4697114,
  "token0_debtVal": 13303918.891397338,
  "token0_debtValUSD": 13310904.646168021,
  "token1_symbol": "WBNB",
  "token1_decimals": 18,
  "token1": 0,
  "token1_liquidity": 243171.69655273308,
  "token1_price": 408.02964993,
  "token1_posVal": 174094.79062607058,
  "token1_posValUSD": 71035836.47379223,
  "token1_debtVal": 109560.42032157077,
  "token1_debtValUSD": 44703899.94999418,
  "liquidity": 198373135.21010506,
  "tvl": 0,
  "health": 95377760.94350362,
  "debt": 58014804.5961622,
  "leverage": 2.552735925306143,
  "workerPositions": [
    {
      "name": "USDT-WBNB PancakeswapWorker",
      "address": "0x41867cc58aece8B570FF1A2a8aa6149014D2a94C",
      "vault": "ibWBNB",
      "borrowToken": "WBNB",
      "posVal": 174094.79062607058,
      "posValUSD": 71035836.47379223,
      "debtVal": 109560.42032157077,
      "debtValUSD": 44703899.94999418
    },
    {
      "name": "WBNB-USDT PancakeswapWorker",
      "address": "0x81b6534f4F7ba45Ecf98295Cef1450B4a4FC81Cd",
      "vault": "ibUSDT",
      "borrowToken": "USDT",
      "posVal": 24329149.476612724,
      "posValUSD": 24341924.4697114,
      "debtVal": 13303918.891397338,
      "debtValUSD": 13310904.646168021
    }
  ]
}