{
  "blockNo": 13711937,
  "lpName": "USDT-WBNB LP",
  "lpTokens": 0,
  "token0_symbol": "USDT",
  "token0_decimals": 18,
  "token0": 0,
  "token0_liquidity": 143015877.50458416,
  "token0_price": 1.00062179,
  "token0_posVal": 49195927.95687403,
  "token0_posValUSD": 49226517.492918335,
  "token0_debtVal": 30745978.865623277,
  "token0_debtValUSD": 30765096.407822136,
  "token1_symbol": "WBNB",
  "token1_decimals": 18,
  "token1": 0,
  "token1_liquidity": 269104.2829275105,
  "token1_price": 532.22982154,
  "token1_posVal": 151052.08074508072,
  "token1_posValUSD": 80394421.97819997,
  "token1_debtVal": 95988.5492809524,
  "token1_debtValUSD": 51087968.45368479,
  "liquidity": 286330127.82521635,
  "tvl": 0,
  "health": 129620939.4711183,
  "debt": 81853064.86150692,
  "leverage": 2.713558862111007,
  "workerPositions": [
    {
      "name": "USDT-WBNB PancakeswapWorker",
      "address": "0x41867cc58aece8B570FF1A2a8aa6149014D2a94C",
      "vault": "ibWBNB",
      "borrowToken": "WBNB",
      "posVal": 151052.08074508072,
      "posValUSD": 80394421.97819997,
      "debtVal": 95988.5492809524,
      "debtValUSD": 51087968.45368479
    },
    {
      "name": "WBNB-USDT PancakeswapWorker",
      "address": "0x81b6534f4F7ba45Ecf98295Cef1450B4a4FC81Cd",
      "vault": "ibUSDT",
      "borrowToken": "USDT",
      "posVal": 49195927.95687403,
      "posValUSD": 49226517.492918335,
      "debtVal": 30745978.865623277,
      "debtValUSD": 30765096.407822136
    }
  ]
}