{
  "blockNo": 10987633,
  "lpName": "USDT-WBNB LP",
  "lpTokens": 0,
  "token0_symbol": "USDT",
  "token0_decimals": 18,
  "token0": 0,
  "token0_liquidity": 135493190.41511714,
  "token0_price": 1,
  "token0_posVal": 49797007.05371777,
  "token0_posValUSD": 49797007.05371777,
  "token0_debtVal": 29501677.68813621,
  "token0_debtValUSD": 29501677.68813621,
  "token1_symbol": "WBNB",
  "token1_decimals": 18,
  "token1": 0,
  "token1_liquidity": 325151.4473541302,
  "token1_price": 417.31446495,
  "token1_posVal": 164751.66345317874,
  "token1_posValUSD": 68753252.28358576,
  "token1_debtVal": 101320.62267033452,
  "token1_debtValUSD": 42282561.43807149,
  "liquidity": 271183592.6954241,
  "tvl": 0,
  "health": 118550259.33730352,
  "debt": 71784239.1262077,
  "leverage": 2.534965746543812,
  "workerPositions": [
    {
      "name": "USDT-WBNB PancakeswapWorker",
      "address": "0x41867cc58aece8B570FF1A2a8aa6149014D2a94C",
      "vault": "ibWBNB",
      "borrowToken": "WBNB",
      "posVal": 164751.66345317874,
      "posValUSD": 68753252.28358576,
      "debtVal": 101320.62267033452,
      "debtValUSD": 42282561.43807149
    },
    {
      "name": "WBNB-USDT PancakeswapWorker",
      "address": "0x81b6534f4F7ba45Ecf98295Cef1450B4a4FC81Cd",
      "vault": "ibUSDT",
      "borrowToken": "USDT",
      "posVal": 49797007.05371777,
      "posValUSD": 49797007.05371777,
      "debtVal": 29501677.68813621,
      "debtValUSD": 29501677.68813621
    }
  ]
}