{
  "blockNo": 17575831,
  "lpName": "USDT-WBNB LP",
  "lpTokens": 0,
  "token0_symbol": "USDT",
  "token0_decimals": 18,
  "token0": 0,
  "token0_liquidity": 156719740.51398125,
  "token0_price": 0.9998041,
  "token0_posVal": 35840927.53491005,
  "token0_posValUSD": 35833906.29720596,
  "token0_debtVal": 18982574.741952494,
  "token0_debtValUSD": 18978856.055560544,
  "token1_symbol": "WBNB",
  "token1_decimals": 18,
  "token1": 0,
  "token1_liquidity": 411693.7653382241,
  "token1_price": 381.19322838,
  "token1_posVal": 165875.1445503746,
  "token1_posValUSD": 63230481.85915645,
  "token1_debtVal": 101796.78156888355,
  "token1_debtValUSD": 38804243.8049364,
  "liquidity": 313623914.63001037,
  "tvl": 0,
  "health": 99064388.15636241,
  "debt": 57783099.860496946,
  "leverage": 2.3997407117326865,
  "workerPositions": [
    {
      "name": "USDT-WBNB PancakeswapWorker",
      "address": "0x41867cc58aece8B570FF1A2a8aa6149014D2a94C",
      "vault": "ibWBNB",
      "borrowToken": "WBNB",
      "posVal": 165875.1445503746,
      "posValUSD": 63230481.85915645,
      "debtVal": 101796.78156888355,
      "debtValUSD": 38804243.8049364
    },
    {
      "name": "WBNB-USDT PancakeswapWorker",
      "address": "0x81b6534f4F7ba45Ecf98295Cef1450B4a4FC81Cd",
      "vault": "ibUSDT",
      "borrowToken": "USDT",
      "posVal": 35840927.53491005,
      "posValUSD": 35833906.29720596,
      "debtVal": 18982574.741952494,
      "debtValUSD": 18978856.055560544
    }
  ]
}