{
  "blockNo": 17811066,
  "lpName": "USDT-WBNB LP",
  "lpTokens": 0,
  "token0_symbol": "USDT",
  "token0_decimals": 18,
  "token0": 0,
  "token0_liquidity": 102853386.79617758,
  "token0_price": 0.99889372,
  "token0_posVal": 29977508.19651306,
  "token0_posValUSD": 29944344.678745423,
  "token0_debtVal": 18186153.006958988,
  "token0_debtValUSD": 18166034.029610448,
  "token1_symbol": "WBNB",
  "token1_decimals": 18,
  "token1": 0,
  "token1_liquidity": 349646.51972230955,
  "token1_price": 294.49039894,
  "token1_posVal": 102142.60613876478,
  "token1_posValUSD": 30080016.83057613,
  "token1_debtVal": 51425.570776471664,
  "token1_debtValUSD": 15144336.853680344,
  "liquidity": 205707145.2324382,
  "tvl": 0,
  "health": 60024361.509321555,
  "debt": 33310370.88329079,
  "leverage": 2.246926052704097,
  "workerPositions": [
    {
      "name": "USDT-WBNB PancakeswapWorker",
      "address": "0x41867cc58aece8B570FF1A2a8aa6149014D2a94C",
      "vault": "ibWBNB",
      "borrowToken": "WBNB",
      "posVal": 102142.60613876478,
      "posValUSD": 30080016.83057613,
      "debtVal": 51425.570776471664,
      "debtValUSD": 15144336.853680344
    },
    {
      "name": "WBNB-USDT PancakeswapWorker",
      "address": "0x81b6534f4F7ba45Ecf98295Cef1450B4a4FC81Cd",
      "vault": "ibUSDT",
      "borrowToken": "USDT",
      "posVal": 29977508.19651306,
      "posValUSD": 29944344.678745423,
      "debtVal": 18186153.006958988,
      "debtValUSD": 18166034.029610448
    }
  ]
}