{
  "blockNo": 10796443,
  "lpName": "USDT-WBNB LP",
  "lpTokens": 0,
  "token0_symbol": "USDT",
  "token0_decimals": 18,
  "token0": 0,
  "token0_liquidity": 125899297.91776995,
  "token0_price": 1.00004991,
  "token0_posVal": 45835200.330594026,
  "token0_posValUSD": 45837487.96544252,
  "token0_debtVal": 27647543.815479264,
  "token0_debtValUSD": 27648923.704391092,
  "token1_symbol": "WBNB",
  "token1_decimals": 18,
  "token1": 0,
  "token1_liquidity": 310630.23316691234,
  "token1_price": 405.30490657,
  "token1_posVal": 135989.45240988137,
  "token1_posValUSD": 55117192.303492434,
  "token1_debtVal": 80948.35265967916,
  "token1_debtValUSD": 32808764.511726674,
  "liquidity": 251805539.18326175,
  "tvl": 0,
  "health": 100954680.26893497,
  "debt": 60457688.21611777,
  "leverage": 2.4928933027239983,
  "workerPositions": [
    {
      "name": "USDT-WBNB PancakeswapWorker",
      "address": "0x41867cc58aece8B570FF1A2a8aa6149014D2a94C",
      "vault": "ibWBNB",
      "borrowToken": "WBNB",
      "posVal": 135989.45240988137,
      "posValUSD": 55117192.303492434,
      "debtVal": 80948.35265967916,
      "debtValUSD": 32808764.511726674
    },
    {
      "name": "WBNB-USDT PancakeswapWorker",
      "address": "0x81b6534f4F7ba45Ecf98295Cef1450B4a4FC81Cd",
      "vault": "ibUSDT",
      "borrowToken": "USDT",
      "posVal": 45835200.330594026,
      "posValUSD": 45837487.96544252,
      "debtVal": 27647543.815479264,
      "debtValUSD": 27648923.704391092
    }
  ]
}