{
  "blockNo": 16329835,
  "lpName": "USDT-WBNB LP",
  "lpTokens": 0,
  "token0_symbol": "USDT",
  "token0_decimals": 18,
  "token0": 0,
  "token0_liquidity": 138172980.12021816,
  "token0_price": 1.00024919,
  "token0_posVal": 49428647.58027578,
  "token0_posValUSD": 49440964.70496631,
  "token0_debtVal": 25681374.312634714,
  "token0_debtValUSD": 25687773.854299676,
  "token1_symbol": "WBNB",
  "token1_decimals": 18,
  "token1": 0,
  "token1_liquidity": 337749.2219487654,
  "token1_price": 409.95248318,
  "token1_posVal": 177779.6025724452,
  "token1_posValUSD": 72881189.53332743,
  "token1_debtVal": 113281.12461228136,
  "token1_debtValUSD": 46439878.33222776,
  "liquidity": 276668543.6751436,
  "tvl": 0,
  "health": 122322154.23829374,
  "debt": 72127652.18652743,
  "leverage": 2.4369631979243693,
  "workerPositions": [
    {
      "name": "USDT-WBNB PancakeswapWorker",
      "address": "0x41867cc58aece8B570FF1A2a8aa6149014D2a94C",
      "vault": "ibWBNB",
      "borrowToken": "WBNB",
      "posVal": 177779.6025724452,
      "posValUSD": 72881189.53332743,
      "debtVal": 113281.12461228136,
      "debtValUSD": 46439878.33222776
    },
    {
      "name": "WBNB-USDT PancakeswapWorker",
      "address": "0x81b6534f4F7ba45Ecf98295Cef1450B4a4FC81Cd",
      "vault": "ibUSDT",
      "borrowToken": "USDT",
      "posVal": 49428647.58027578,
      "posValUSD": 49440964.70496631,
      "debtVal": 25681374.312634714,
      "debtValUSD": 25687773.854299676
    }
  ]
}