{
  "blockNo": 14433031,
  "lpName": "USDT-WBNB LP",
  "lpTokens": 0,
  "token0_symbol": "USDT",
  "token0_decimals": 18,
  "token0": 0,
  "token0_liquidity": 91515980.05066119,
  "token0_price": 1.0003904,
  "token0_posVal": 29273769.607856333,
  "token0_posValUSD": 29285198.087511238,
  "token0_debtVal": 17570802.700370148,
  "token0_debtValUSD": 17577662.34174437,
  "token1_symbol": "WBNB",
  "token1_decimals": 18,
  "token1": 0,
  "token1_liquidity": 187162.9093761989,
  "token1_price": 490.01273439,
  "token1_posVal": 99792.65392282663,
  "token1_posValUSD": 48899671.220759235,
  "token1_debtVal": 65752.57525666711,
  "token1_debtValUSD": 32219599.19470371,
  "liquidity": 183263916.88909194,
  "tvl": 0,
  "health": 78184869.30827047,
  "debt": 49797261.53644808,
  "leverage": 2.754190135946466,
  "workerPositions": [
    {
      "name": "USDT-WBNB PancakeswapWorker",
      "address": "0x41867cc58aece8B570FF1A2a8aa6149014D2a94C",
      "vault": "ibWBNB",
      "borrowToken": "WBNB",
      "posVal": 99792.65392282663,
      "posValUSD": 48899671.220759235,
      "debtVal": 65752.57525666711,
      "debtValUSD": 32219599.19470371
    },
    {
      "name": "WBNB-USDT PancakeswapWorker",
      "address": "0x81b6534f4F7ba45Ecf98295Cef1450B4a4FC81Cd",
      "vault": "ibUSDT",
      "borrowToken": "USDT",
      "posVal": 29273769.607856333,
      "posValUSD": 29285198.087511238,
      "debtVal": 17570802.700370148,
      "debtValUSD": 17577662.34174437
    }
  ]
}