{
  "blockNo": 11779990,
  "lpName": "USDT-WBNB LP",
  "lpTokens": 0,
  "token0_symbol": "USDT",
  "token0_decimals": 18,
  "token0": 0,
  "token0_liquidity": 110787992.77262542,
  "token0_price": 1.00009116,
  "token0_posVal": 43667286.309514225,
  "token0_posValUSD": 43671267.0193342,
  "token0_debtVal": 25567314.21147297,
  "token0_debtValUSD": 25569644.927836485,
  "token1_symbol": "WBNB",
  "token1_decimals": 18,
  "token1": 0,
  "token1_liquidity": 237083.16013745012,
  "token1_price": 466.83972023,
  "token1_posVal": 120062.56086823756,
  "token1_posValUSD": 56049972.32582537,
  "token1_debtVal": 79143.286788346,
  "token1_debtValUSD": 36947229.8623541,
  "liquidity": 221477928.3558581,
  "tvl": 0,
  "health": 99721239.34515956,
  "debt": 62516874.790190585,
  "leverage": 2.6803639986330823,
  "workerPositions": [
    {
      "name": "USDT-WBNB PancakeswapWorker",
      "address": "0x41867cc58aece8B570FF1A2a8aa6149014D2a94C",
      "vault": "ibWBNB",
      "borrowToken": "WBNB",
      "posVal": 120062.56086823756,
      "posValUSD": 56049972.32582537,
      "debtVal": 79143.286788346,
      "debtValUSD": 36947229.8623541
    },
    {
      "name": "WBNB-USDT PancakeswapWorker",
      "address": "0x81b6534f4F7ba45Ecf98295Cef1450B4a4FC81Cd",
      "vault": "ibUSDT",
      "borrowToken": "USDT",
      "posVal": 43667286.309514225,
      "posValUSD": 43671267.0193342,
      "debtVal": 25567314.21147297,
      "debtValUSD": 25569644.927836485
    }
  ]
}