{
  "blockNo": 14145707,
  "lpName": "USDT-WBNB LP",
  "lpTokens": 0,
  "token0_symbol": "USDT",
  "token0_decimals": 18,
  "token0": 0,
  "token0_liquidity": 120078832.3395589,
  "token0_price": 0.99995135,
  "token0_posVal": 34472273.05549062,
  "token0_posValUSD": 34470595.97940647,
  "token0_debtVal": 21666073.528279375,
  "token0_debtValUSD": 21665019.473802224,
  "token1_symbol": "WBNB",
  "token1_decimals": 18,
  "token1": 0,
  "token1_liquidity": 256445.19895558982,
  "token1_price": 468.8834377,
  "token1_posVal": 107066.30235747255,
  "token1_posValUSD": 50201615.911199346,
  "token1_debtVal": 64294.95311749053,
  "token1_debtValUSD": 30146838.644489292,
  "liquidity": 240315896.972323,
  "tvl": 0,
  "health": 84672211.8906058,
  "debt": 51811858.11829151,
  "leverage": 2.5767285549416195,
  "workerPositions": [
    {
      "name": "USDT-WBNB PancakeswapWorker",
      "address": "0x41867cc58aece8B570FF1A2a8aa6149014D2a94C",
      "vault": "ibWBNB",
      "borrowToken": "WBNB",
      "posVal": 107066.30235747255,
      "posValUSD": 50201615.911199346,
      "debtVal": 64294.95311749053,
      "debtValUSD": 30146838.644489292
    },
    {
      "name": "WBNB-USDT PancakeswapWorker",
      "address": "0x81b6534f4F7ba45Ecf98295Cef1450B4a4FC81Cd",
      "vault": "ibUSDT",
      "borrowToken": "USDT",
      "posVal": 34472273.05549062,
      "posValUSD": 34470595.97940647,
      "debtVal": 21666073.528279375,
      "debtValUSD": 21665019.473802224
    }
  ]
}