{
  "blockNo": 9526312,
  "lpName": "USDT-WBNB LP",
  "lpTokens": 0,
  "token0_symbol": "USDT",
  "token0_decimals": 18,
  "token0": 0,
  "token0_liquidity": 118861575.79769696,
  "token0_price": 1.00001582,
  "token0_posVal": 31203130.892561823,
  "token0_posValUSD": 31203624.526092544,
  "token0_debtVal": 18187180.25936795,
  "token0_debtValUSD": 18187467.980559655,
  "token1_symbol": "WBNB",
  "token1_decimals": 18,
  "token1": 0,
  "token1_liquidity": 389411.51957618905,
  "token1_price": 304.86571819,
  "token1_posVal": 125129.87708645717,
  "token1_posValUSD": 38147809.84498919,
  "token1_debtVal": 73350.59507698382,
  "token1_debtValUSD": 22362081.84780855,
  "liquidity": 237581678.7748802,
  "tvl": 0,
  "health": 69351434.37108174,
  "debt": 40549549.8283682,
  "leverage": 2.4078783549122535,
  "workerPositions": [
    {
      "name": "USDT-WBNB PancakeswapWorker",
      "address": "0x41867cc58aece8B570FF1A2a8aa6149014D2a94C",
      "vault": "ibWBNB",
      "borrowToken": "WBNB",
      "posVal": 125129.87708645717,
      "posValUSD": 38147809.84498919,
      "debtVal": 73350.59507698382,
      "debtValUSD": 22362081.84780855
    },
    {
      "name": "WBNB-USDT PancakeswapWorker",
      "address": "0x81b6534f4F7ba45Ecf98295Cef1450B4a4FC81Cd",
      "vault": "ibUSDT",
      "borrowToken": "USDT",
      "posVal": 31203130.892561823,
      "posValUSD": 31203624.526092544,
      "debtVal": 18187180.25936795,
      "debtValUSD": 18187467.980559655
    }
  ]
}