{
  "blockNo": 13124125,
  "lpName": "USDT-WBNB LP",
  "lpTokens": 0,
  "token0_symbol": "USDT",
  "token0_decimals": 18,
  "token0": 0,
  "token0_liquidity": 149028053.69570997,
  "token0_price": 1.00083759,
  "token0_posVal": 61370124.430755414,
  "token0_posValUSD": 61421527.43327737,
  "token0_debtVal": 35573277.42412967,
  "token0_debtValUSD": 35603073.245567344,
  "token1_symbol": "WBNB",
  "token1_decimals": 18,
  "token1": 0,
  "token1_liquidity": 240285.21575491154,
  "token1_price": 621.59883152,
  "token1_posVal": 127665.26714186967,
  "token1_posValUSD": 79356580.88107483,
  "token1_debtVal": 87121.20863949654,
  "token1_debtValUSD": 54154441.49092118,
  "liquidity": 298513887.4479891,
  "tvl": 0,
  "health": 140778108.3143522,
  "debt": 89757514.73648852,
  "leverage": 2.7592408955318706,
  "workerPositions": [
    {
      "name": "USDT-WBNB PancakeswapWorker",
      "address": "0x41867cc58aece8B570FF1A2a8aa6149014D2a94C",
      "vault": "ibWBNB",
      "borrowToken": "WBNB",
      "posVal": 127665.26714186967,
      "posValUSD": 79356580.88107483,
      "debtVal": 87121.20863949654,
      "debtValUSD": 54154441.49092118
    },
    {
      "name": "WBNB-USDT PancakeswapWorker",
      "address": "0x81b6534f4F7ba45Ecf98295Cef1450B4a4FC81Cd",
      "vault": "ibUSDT",
      "borrowToken": "USDT",
      "posVal": 61370124.430755414,
      "posValUSD": 61421527.43327737,
      "debtVal": 35573277.42412967,
      "debtValUSD": 35603073.245567344
    }
  ]
}