{
  "blockNo": 9045525,
  "lpName": "USDT-WBNB LP",
  "lpTokens": 0,
  "token0_symbol": "USDT",
  "token0_decimals": 18,
  "token0": 0,
  "token0_liquidity": 120414162.58191344,
  "token0_price": 1.00029238,
  "token0_posVal": 27150925.673627697,
  "token0_posValUSD": 27158864.061276156,
  "token0_debtVal": 15281205.0124628,
  "token0_debtValUSD": 15285672.931184346,
  "token1_symbol": "WBNB",
  "token1_decimals": 18,
  "token1": 0,
  "token1_liquidity": 383321.17522897624,
  "token1_price": 314.3057678,
  "token1_posVal": 82773.93637124456,
  "token1_posValUSD": 26016325.62499237,
  "token1_debtVal": 50674.79412841594,
  "token1_debtValUSD": 15927380.076638704,
  "liquidity": 240929425.56911087,
  "tvl": 0,
  "health": 53175189.68626852,
  "debt": 31213053.00782305,
  "leverage": 2.4212211436811972,
  "workerPositions": [
    {
      "name": "USDT-WBNB PancakeswapWorker",
      "address": "0x41867cc58aece8B570FF1A2a8aa6149014D2a94C",
      "vault": "ibWBNB",
      "borrowToken": "WBNB",
      "posVal": 82773.93637124456,
      "posValUSD": 26016325.62499237,
      "debtVal": 50674.79412841594,
      "debtValUSD": 15927380.076638704
    },
    {
      "name": "WBNB-USDT PancakeswapWorker",
      "address": "0x81b6534f4F7ba45Ecf98295Cef1450B4a4FC81Cd",
      "vault": "ibUSDT",
      "borrowToken": "USDT",
      "posVal": 27150925.673627697,
      "posValUSD": 27158864.061276156,
      "debtVal": 15281205.0124628,
      "debtValUSD": 15285672.931184346
    }
  ]
}