{
  "blockNo": 18164596,
  "lpName": "USDT-WBNB LP",
  "lpTokens": 0,
  "token0_symbol": "USDT",
  "token0_decimals": 18,
  "token0": 0,
  "token0_liquidity": 117472908.99973665,
  "token0_price": 0.99914379,
  "token0_posVal": 29616448.816823393,
  "token0_posValUSD": 29591090.91718194,
  "token0_debtVal": 18219788.086956255,
  "token0_debtValUSD": 18204188.12219832,
  "token1_symbol": "WBNB",
  "token1_decimals": 18,
  "token1": 0,
  "token1_liquidity": 392607.30497340707,
  "token1_price": 299.58,
  "token1_posVal": 179881.4880620912,
  "token1_posValUSD": 53888896.19364128,
  "token1_debtVal": 91209.51841750849,
  "token1_debtValUSD": 27324547.527517192,
  "liquidity": 234989623.94425526,
  "tvl": 0,
  "health": 83479987.11082321,
  "debt": 45528735.64971551,
  "leverage": 2.19966361837562,
  "workerPositions": [
    {
      "name": "USDT-WBNB PancakeswapWorker",
      "address": "0x41867cc58aece8B570FF1A2a8aa6149014D2a94C",
      "vault": "ibWBNB",
      "borrowToken": "WBNB",
      "posVal": 179881.4880620912,
      "posValUSD": 53888896.19364128,
      "debtVal": 91209.51841750849,
      "debtValUSD": 27324547.527517192
    },
    {
      "name": "WBNB-USDT PancakeswapWorker",
      "address": "0x81b6534f4F7ba45Ecf98295Cef1450B4a4FC81Cd",
      "vault": "ibUSDT",
      "borrowToken": "USDT",
      "posVal": 29616448.816823393,
      "posValUSD": 29591090.91718194,
      "debtVal": 18219788.086956255,
      "debtValUSD": 18204188.12219832
    }
  ]
}