{
  "blockNo": 9748613,
  "lpName": "USDT-WBNB LP",
  "lpTokens": 0,
  "token0_symbol": "USDT",
  "token0_decimals": 18,
  "token0": 0,
  "token0_liquidity": 132640004.4625399,
  "token0_price": 1,
  "token0_posVal": 28697482.97248571,
  "token0_posValUSD": 28697482.97248571,
  "token0_debtVal": 15845086.486725131,
  "token0_debtValUSD": 15845086.486725131,
  "token1_symbol": "WBNB",
  "token1_decimals": 18,
  "token1": 0,
  "token1_liquidity": 397394.1280161912,
  "token1_price": 333.87694857,
  "token1_posVal": 102889.35266462482,
  "token1_posValUSD": 34352383.108007535,
  "token1_debtVal": 63306.99297265499,
  "token1_debtValUSD": 21136745.636852484,
  "liquidity": 265320743.30422175,
  "tvl": 0,
  "health": 63049866.08049324,
  "debt": 36981832.12357762,
  "leverage": 2.4186659486749154,
  "workerPositions": [
    {
      "name": "USDT-WBNB PancakeswapWorker",
      "address": "0x41867cc58aece8B570FF1A2a8aa6149014D2a94C",
      "vault": "ibWBNB",
      "borrowToken": "WBNB",
      "posVal": 102889.35266462482,
      "posValUSD": 34352383.108007535,
      "debtVal": 63306.99297265499,
      "debtValUSD": 21136745.636852484
    },
    {
      "name": "WBNB-USDT PancakeswapWorker",
      "address": "0x81b6534f4F7ba45Ecf98295Cef1450B4a4FC81Cd",
      "vault": "ibUSDT",
      "borrowToken": "USDT",
      "posVal": 28697482.97248571,
      "posValUSD": 28697482.97248571,
      "debtVal": 15845086.486725131,
      "debtValUSD": 15845086.486725131
    }
  ]
}