{
  "blockNo": 8924374,
  "lpName": "USDT-WBNB LP",
  "lpTokens": 0,
  "token0_symbol": "USDT",
  "token0_decimals": 18,
  "token0": 0,
  "token0_liquidity": 88688294.09264924,
  "token0_price": 1.00031363,
  "token0_posVal": 31901417.27085265,
  "token0_posValUSD": 31911422.512351308,
  "token0_debtVal": 17547412.305013273,
  "token0_debtValUSD": 17552915.699934494,
  "token1_symbol": "WBNB",
  "token1_decimals": 18,
  "token1": 0,
  "token1_liquidity": 281059.0773155746,
  "token1_price": 315.75825128,
  "token1_posVal": 81412.94549941286,
  "token1_posValUSD": 25706809.302448552,
  "token1_debtVal": 49999.921448906454,
  "token1_debtValUSD": 15787887.760844067,
  "liquidity": 177462832.16186166,
  "tvl": 0,
  "health": 57618231.81479986,
  "debt": 33340803.46077856,
  "leverage": 2.3733251716200003,
  "workerPositions": [
    {
      "name": "USDT-WBNB PancakeswapWorker",
      "address": "0x41867cc58aece8B570FF1A2a8aa6149014D2a94C",
      "vault": "ibWBNB",
      "borrowToken": "WBNB",
      "posVal": 81412.94549941286,
      "posValUSD": 25706809.302448552,
      "debtVal": 49999.921448906454,
      "debtValUSD": 15787887.760844067
    },
    {
      "name": "WBNB-USDT PancakeswapWorker",
      "address": "0x81b6534f4F7ba45Ecf98295Cef1450B4a4FC81Cd",
      "vault": "ibUSDT",
      "borrowToken": "USDT",
      "posVal": 31901417.27085265,
      "posValUSD": 31911422.512351308,
      "debtVal": 17547412.305013273,
      "debtValUSD": 17552915.699934494
    }
  ]
}