{
  "blockNo": 13722736,
  "lpName": "USDT-WBNB LP",
  "lpTokens": 0,
  "token0_symbol": "USDT",
  "token0_decimals": 18,
  "token0": 0,
  "token0_liquidity": 128830562.79977472,
  "token0_price": 1.00062179,
  "token0_posVal": 48937285.2263268,
  "token0_posValUSD": 48967713.94090768,
  "token0_debtVal": 30750932.777300555,
  "token0_debtValUSD": 30770053.399792153,
  "token1_symbol": "WBNB",
  "token1_decimals": 18,
  "token1": 0,
  "token1_liquidity": 244959.15911656877,
  "token1_price": 527.05485316,
  "token1_posVal": 151802.67080223834,
  "token1_posValUSD": 80008334.36896954,
  "token1_debtVal": 96007.82790578759,
  "token1_debtValUSD": 50601391.639095426,
  "liquidity": 258017581.99379823,
  "tvl": 0,
  "health": 128976048.30987722,
  "debt": 81371445.03888758,
  "leverage": 2.7093188357369535,
  "workerPositions": [
    {
      "name": "USDT-WBNB PancakeswapWorker",
      "address": "0x41867cc58aece8B570FF1A2a8aa6149014D2a94C",
      "vault": "ibWBNB",
      "borrowToken": "WBNB",
      "posVal": 151802.67080223834,
      "posValUSD": 80008334.36896954,
      "debtVal": 96007.82790578759,
      "debtValUSD": 50601391.639095426
    },
    {
      "name": "WBNB-USDT PancakeswapWorker",
      "address": "0x81b6534f4F7ba45Ecf98295Cef1450B4a4FC81Cd",
      "vault": "ibUSDT",
      "borrowToken": "USDT",
      "posVal": 48937285.2263268,
      "posValUSD": 48967713.94090768,
      "debtVal": 30750932.777300555,
      "debtValUSD": 30770053.399792153
    }
  ]
}