{
  "blockNo": 11595920,
  "lpName": "USDT-WBNB LP",
  "lpTokens": 0,
  "token0_symbol": "USDT",
  "token0_decimals": 18,
  "token0": 0,
  "token0_liquidity": 113319780.19476688,
  "token0_price": 1.00033223,
  "token0_posVal": 42002358.21582786,
  "token0_posValUSD": 42016312.6592979,
  "token0_debtVal": 25603565.43434289,
  "token0_debtValUSD": 25612071.70688714,
  "token1_symbol": "WBNB",
  "token1_decimals": 18,
  "token1": 0,
  "token1_liquidity": 269386.0262859596,
  "token1_price": 420.92582128,
  "token1_posVal": 126299.76157840612,
  "token1_posValUSD": 53162830.86985878,
  "token1_debtVal": 78478.71649379826,
  "token1_debtValUSD": 33033718.193152312,
  "liquidity": 226748962.78111416,
  "tvl": 0,
  "health": 95179143.52915668,
  "debt": 58645789.90003945,
  "leverage": 2.605267079923878,
  "workerPositions": [
    {
      "name": "USDT-WBNB PancakeswapWorker",
      "address": "0x41867cc58aece8B570FF1A2a8aa6149014D2a94C",
      "vault": "ibWBNB",
      "borrowToken": "WBNB",
      "posVal": 126299.76157840612,
      "posValUSD": 53162830.86985878,
      "debtVal": 78478.71649379826,
      "debtValUSD": 33033718.193152312
    },
    {
      "name": "WBNB-USDT PancakeswapWorker",
      "address": "0x81b6534f4F7ba45Ecf98295Cef1450B4a4FC81Cd",
      "vault": "ibUSDT",
      "borrowToken": "USDT",
      "posVal": 42002358.21582786,
      "posValUSD": 42016312.6592979,
      "debtVal": 25603565.43434289,
      "debtValUSD": 25612071.70688714
    }
  ]
}