{
  "blockNo": 12301809,
  "lpName": "USDT-WBNB LP",
  "lpTokens": 0,
  "token0_symbol": "USDT",
  "token0_decimals": 18,
  "token0": 0,
  "token0_liquidity": 131698198.4857802,
  "token0_price": 1.001,
  "token0_posVal": 50205340.939259194,
  "token0_posValUSD": 50255546.28019845,
  "token0_debtVal": 28754607.81918421,
  "token0_debtValUSD": 28783362.42700339,
  "token1_symbol": "WBNB",
  "token1_decimals": 18,
  "token1": 0,
  "token1_liquidity": 241486.29703011765,
  "token1_price": 547.35334512,
  "token1_posVal": 138387.3325523415,
  "token1_posValUSD": 75746769.39475799,
  "token1_debtVal": 94557.80147040237,
  "token1_debtValUSD": 51756528.942017585,
  "liquidity": 264008229.16434276,
  "tvl": 0,
  "health": 126002315.67495644,
  "debt": 80539891.36902097,
  "leverage": 2.7715705354170006,
  "workerPositions": [
    {
      "name": "USDT-WBNB PancakeswapWorker",
      "address": "0x41867cc58aece8B570FF1A2a8aa6149014D2a94C",
      "vault": "ibWBNB",
      "borrowToken": "WBNB",
      "posVal": 138387.3325523415,
      "posValUSD": 75746769.39475799,
      "debtVal": 94557.80147040237,
      "debtValUSD": 51756528.942017585
    },
    {
      "name": "WBNB-USDT PancakeswapWorker",
      "address": "0x81b6534f4F7ba45Ecf98295Cef1450B4a4FC81Cd",
      "vault": "ibUSDT",
      "borrowToken": "USDT",
      "posVal": 50205340.939259194,
      "posValUSD": 50255546.28019845,
      "debtVal": 28754607.81918421,
      "debtValUSD": 28783362.42700339
    }
  ]
}