{
  "blockNo": 12912306,
  "lpName": "USDT-WBNB LP",
  "lpTokens": 0,
  "token0_symbol": "USDT",
  "token0_decimals": 18,
  "token0": 0,
  "token0_liquidity": 154428461.04349846,
  "token0_price": 1.00014654,
  "token0_posVal": 66030331.45936233,
  "token0_posValUSD": 66040007.544134386,
  "token0_debtVal": 37902994.25935937,
  "token0_debtValUSD": 37908548.56413814,
  "token1_symbol": "WBNB",
  "token1_decimals": 18,
  "token1": 0,
  "token1_liquidity": 263361.86665975576,
  "token1_price": 586.69,
  "token1_posVal": 145358.96581931267,
  "token1_posValUSD": 85280651.65653256,
  "token1_debtVal": 97329.0673697443,
  "token1_debtValUSD": 57101990.53515529,
  "liquidity": 308962864.54079187,
  "tvl": 0,
  "health": 151320659.20066693,
  "debt": 95010539.09929343,
  "leverage": 2.687272890348105,
  "workerPositions": [
    {
      "name": "USDT-WBNB PancakeswapWorker",
      "address": "0x41867cc58aece8B570FF1A2a8aa6149014D2a94C",
      "vault": "ibWBNB",
      "borrowToken": "WBNB",
      "posVal": 145358.96581931267,
      "posValUSD": 85280651.65653256,
      "debtVal": 97329.0673697443,
      "debtValUSD": 57101990.53515529
    },
    {
      "name": "WBNB-USDT PancakeswapWorker",
      "address": "0x81b6534f4F7ba45Ecf98295Cef1450B4a4FC81Cd",
      "vault": "ibUSDT",
      "borrowToken": "USDT",
      "posVal": 66030331.45936233,
      "posValUSD": 66040007.544134386,
      "debtVal": 37902994.25935937,
      "debtValUSD": 37908548.56413814
    }
  ]
}