{
  "blockNo": 12005307,
  "lpName": "USDT-WBNB LP",
  "lpTokens": 0,
  "token0_symbol": "USDT",
  "token0_decimals": 18,
  "token0": 0,
  "token0_liquidity": 134045129.3796954,
  "token0_price": 0.99983912,
  "token0_posVal": 49064009.583356,
  "token0_posValUSD": 49056116.165494226,
  "token0_debtVal": 29445962.675188385,
  "token0_debtValUSD": 29441225.4087132,
  "token1_symbol": "WBNB",
  "token1_decimals": 18,
  "token1": 0,
  "token1_liquidity": 280722.257872261,
  "token1_price": 478.115213,
  "token1_posVal": 127710.8682430145,
  "token1_posValUSD": 61060508.97242381,
  "token1_debtVal": 83719.78795456351,
  "token1_debtValUSD": 40027704.25021096,
  "liquidity": 268241146.3157178,
  "tvl": 0,
  "health": 110116625.13791803,
  "debt": 69468929.65892416,
  "leverage": 2.7090496482100614,
  "workerPositions": [
    {
      "name": "USDT-WBNB PancakeswapWorker",
      "address": "0x41867cc58aece8B570FF1A2a8aa6149014D2a94C",
      "vault": "ibWBNB",
      "borrowToken": "WBNB",
      "posVal": 127710.8682430145,
      "posValUSD": 61060508.97242381,
      "debtVal": 83719.78795456351,
      "debtValUSD": 40027704.25021096
    },
    {
      "name": "WBNB-USDT PancakeswapWorker",
      "address": "0x81b6534f4F7ba45Ecf98295Cef1450B4a4FC81Cd",
      "vault": "ibUSDT",
      "borrowToken": "USDT",
      "posVal": 49064009.583356,
      "posValUSD": 49056116.165494226,
      "debtVal": 29445962.675188385,
      "debtValUSD": 29441225.4087132
    }
  ]
}