{
  "blockNo": 16515548,
  "lpName": "USDT-WBNB LP",
  "lpTokens": 0,
  "token0_symbol": "USDT",
  "token0_decimals": 18,
  "token0": 0,
  "token0_liquidity": 170049149.72647068,
  "token0_price": 1.00038507,
  "token0_posVal": 50843363.76346261,
  "token0_posValUSD": 50862942.01754701,
  "token0_debtVal": 24953791.91619332,
  "token0_debtValUSD": 24963400.87284649,
  "token1_symbol": "WBNB",
  "token1_decimals": 18,
  "token1": 0,
  "token1_liquidity": 380227.9194648918,
  "token1_price": 448.06736623,
  "token1_posVal": 157417.11235872103,
  "token1_posValUSD": 70533470.93410411,
  "token1_debtVal": 104946.584642843,
  "token1_debtValUSD": 47023139.775752425,
  "liquidity": 340482352.9943025,
  "tvl": 0,
  "health": 121396412.95165113,
  "debt": 71986540.64859891,
  "leverage": 2.456926263785386,
  "workerPositions": [
    {
      "name": "USDT-WBNB PancakeswapWorker",
      "address": "0x41867cc58aece8B570FF1A2a8aa6149014D2a94C",
      "vault": "ibWBNB",
      "borrowToken": "WBNB",
      "posVal": 157417.11235872103,
      "posValUSD": 70533470.93410411,
      "debtVal": 104946.584642843,
      "debtValUSD": 47023139.775752425
    },
    {
      "name": "WBNB-USDT PancakeswapWorker",
      "address": "0x81b6534f4F7ba45Ecf98295Cef1450B4a4FC81Cd",
      "vault": "ibUSDT",
      "borrowToken": "USDT",
      "posVal": 50843363.76346261,
      "posValUSD": 50862942.01754701,
      "debtVal": 24953791.91619332,
      "debtValUSD": 24963400.87284649
    }
  ]
}