{
  "blockNo": 13819837,
  "lpName": "USDT-WBNB LP",
  "lpTokens": 0,
  "token0_symbol": "USDT",
  "token0_decimals": 18,
  "token0": 0,
  "token0_liquidity": 131749002.72197857,
  "token0_price": 1.0004725,
  "token0_posVal": 50104600.881999366,
  "token0_posValUSD": 50128275.305916116,
  "token0_debtVal": 30865112.12176339,
  "token0_debtValUSD": 30879695.887240924,
  "token1_symbol": "WBNB",
  "token1_decimals": 18,
  "token1": 0,
  "token1_liquidity": 240822.03031578017,
  "token1_price": 547.48155884,
  "token1_posVal": 148435.1233832676,
  "token1_posValUSD": 81265492.73647909,
  "token1_debtVal": 95700.7876705607,
  "token1_debtValUSD": 52394416.41609443,
  "liquidity": 263656874.6860618,
  "tvl": 0,
  "health": 131393768.0423952,
  "debt": 83274112.30333535,
  "leverage": 2.7305633430735416,
  "workerPositions": [
    {
      "name": "USDT-WBNB PancakeswapWorker",
      "address": "0x41867cc58aece8B570FF1A2a8aa6149014D2a94C",
      "vault": "ibWBNB",
      "borrowToken": "WBNB",
      "posVal": 148435.1233832676,
      "posValUSD": 81265492.73647909,
      "debtVal": 95700.7876705607,
      "debtValUSD": 52394416.41609443
    },
    {
      "name": "WBNB-USDT PancakeswapWorker",
      "address": "0x81b6534f4F7ba45Ecf98295Cef1450B4a4FC81Cd",
      "vault": "ibUSDT",
      "borrowToken": "USDT",
      "posVal": 50104600.881999366,
      "posValUSD": 50128275.305916116,
      "debtVal": 30865112.12176339,
      "debtValUSD": 30879695.887240924
    }
  ]
}