{
  "blockNo": 15782703,
  "lpName": "USDT-WBNB LP",
  "lpTokens": 0,
  "token0_symbol": "USDT",
  "token0_decimals": 18,
  "token0": 0,
  "token0_liquidity": 94224852.35566655,
  "token0_price": 1.00022297,
  "token0_posVal": 22259338.424535215,
  "token0_posValUSD": 22264301.589223735,
  "token0_debtVal": 12688483.240895385,
  "token0_debtValUSD": 12691312.392003607,
  "token1_symbol": "WBNB",
  "token1_decimals": 18,
  "token1": 0,
  "token1_liquidity": 252987.84797439026,
  "token1_price": 372.5706223,
  "token1_posVal": 182160.87318967254,
  "token1_posValUSD": 67867789.8829877,
  "token1_debtVal": 109683.14584107781,
  "token1_debtValUSD": 40864717.90183202,
  "liquidity": 188501701.62515268,
  "tvl": 0,
  "health": 90132091.47221142,
  "debt": 53556030.293835625,
  "leverage": 2.4642372242503408,
  "workerPositions": [
    {
      "name": "USDT-WBNB PancakeswapWorker",
      "address": "0x41867cc58aece8B570FF1A2a8aa6149014D2a94C",
      "vault": "ibWBNB",
      "borrowToken": "WBNB",
      "posVal": 182160.87318967254,
      "posValUSD": 67867789.8829877,
      "debtVal": 109683.14584107781,
      "debtValUSD": 40864717.90183202
    },
    {
      "name": "WBNB-USDT PancakeswapWorker",
      "address": "0x81b6534f4F7ba45Ecf98295Cef1450B4a4FC81Cd",
      "vault": "ibUSDT",
      "borrowToken": "USDT",
      "posVal": 22259338.424535215,
      "posValUSD": 22264301.589223735,
      "debtVal": 12688483.240895385,
      "debtValUSD": 12691312.392003607
    }
  ]
}