{
  "blockNo": 9149919,
  "lpName": "USDT-WBNB LP",
  "lpTokens": 0,
  "token0_symbol": "USDT",
  "token0_decimals": 18,
  "token0": 0,
  "token0_liquidity": 113813452.44995882,
  "token0_price": 1,
  "token0_posVal": 25722640.854214367,
  "token0_posValUSD": 25722640.854214367,
  "token0_debtVal": 14737960.122561214,
  "token0_debtValUSD": 14737960.122561214,
  "token1_symbol": "WBNB",
  "token1_decimals": 18,
  "token1": 0,
  "token1_liquidity": 376036.68733200524,
  "token1_price": 302.91,
  "token1_posVal": 76140.73579514484,
  "token1_posValUSD": 23063790.279707324,
  "token1_debtVal": 47020.77158477716,
  "token1_debtValUSD": 14243061.920744851,
  "liquidity": 227718725.40969652,
  "tvl": 0,
  "health": 48786431.13392169,
  "debt": 28981022.043306068,
  "leverage": 2.4632882315487294,
  "workerPositions": [
    {
      "name": "USDT-WBNB PancakeswapWorker",
      "address": "0x41867cc58aece8B570FF1A2a8aa6149014D2a94C",
      "vault": "ibWBNB",
      "borrowToken": "WBNB",
      "posVal": 76140.73579514484,
      "posValUSD": 23063790.279707324,
      "debtVal": 47020.77158477716,
      "debtValUSD": 14243061.920744851
    },
    {
      "name": "WBNB-USDT PancakeswapWorker",
      "address": "0x81b6534f4F7ba45Ecf98295Cef1450B4a4FC81Cd",
      "vault": "ibUSDT",
      "borrowToken": "USDT",
      "posVal": 25722640.854214367,
      "posValUSD": 25722640.854214367,
      "debtVal": 14737960.122561214,
      "debtValUSD": 14737960.122561214
    }
  ]
}