{
  "blockNo": 17543567,
  "lpName": "USDT-WBNB LP",
  "lpTokens": 0,
  "token0_symbol": "USDT",
  "token0_decimals": 18,
  "token0": 0,
  "token0_liquidity": 132055672.85192056,
  "token0_price": 0.99992324,
  "token0_posVal": 16324348.236470107,
  "token0_posValUSD": 16323095.179499475,
  "token0_debtVal": 9237673.90702908,
  "token0_debtValUSD": 9236964.823179975,
  "token1_symbol": "WBNB",
  "token1_decimals": 18,
  "token1": 0,
  "token1_liquidity": 346984.07120427495,
  "token1_price": 380.97449038,
  "token1_posVal": 165592.26222228978,
  "token1_posValUSD": 63086427.711008176,
  "token1_debtVal": 101532.43793403878,
  "token1_debtValUSD": 38681268.798959404,
  "liquidity": 264237615.95549873,
  "tvl": 0,
  "health": 79409522.89050765,
  "debt": 47918233.62213938,
  "leverage": 2.5216345451525006,
  "workerPositions": [
    {
      "name": "USDT-WBNB PancakeswapWorker",
      "address": "0x41867cc58aece8B570FF1A2a8aa6149014D2a94C",
      "vault": "ibWBNB",
      "borrowToken": "WBNB",
      "posVal": 165592.26222228978,
      "posValUSD": 63086427.711008176,
      "debtVal": 101532.43793403878,
      "debtValUSD": 38681268.798959404
    },
    {
      "name": "WBNB-USDT PancakeswapWorker",
      "address": "0x81b6534f4F7ba45Ecf98295Cef1450B4a4FC81Cd",
      "vault": "ibUSDT",
      "borrowToken": "USDT",
      "posVal": 16324348.236470107,
      "posValUSD": 16323095.179499475,
      "debtVal": 9237673.90702908,
      "debtValUSD": 9236964.823179975
    }
  ]
}