{
  "blockNo": 16936951,
  "lpName": "USDT-WBNB LP",
  "lpTokens": 0,
  "token0_symbol": "USDT",
  "token0_decimals": 18,
  "token0": 0,
  "token0_liquidity": 167513587.77837077,
  "token0_price": 1.00032218,
  "token0_posVal": 53233629.71131062,
  "token0_posValUSD": 53250780.522131,
  "token0_debtVal": 26833406.383396696,
  "token0_debtValUSD": 26842051.570265297,
  "token1_symbol": "WBNB",
  "token1_decimals": 18,
  "token1": 0,
  "token1_liquidity": 400157.89766000875,
  "token1_price": 418.6029511,
  "token1_posVal": 171688.46131008829,
  "token1_posValUSD": 71869296.57422112,
  "token1_debtVal": 108998.7436415847,
  "token1_debtValUSD": 45627195.75455972,
  "liquidity": 335074834.1725327,
  "tvl": 0,
  "health": 125120077.09635213,
  "debt": 72469247.32482502,
  "leverage": 2.3764122548362088,
  "workerPositions": [
    {
      "name": "USDT-WBNB PancakeswapWorker",
      "address": "0x41867cc58aece8B570FF1A2a8aa6149014D2a94C",
      "vault": "ibWBNB",
      "borrowToken": "WBNB",
      "posVal": 171688.46131008829,
      "posValUSD": 71869296.57422112,
      "debtVal": 108998.7436415847,
      "debtValUSD": 45627195.75455972
    },
    {
      "name": "WBNB-USDT PancakeswapWorker",
      "address": "0x81b6534f4F7ba45Ecf98295Cef1450B4a4FC81Cd",
      "vault": "ibUSDT",
      "borrowToken": "USDT",
      "posVal": 53233629.71131062,
      "posValUSD": 53250780.522131,
      "debtVal": 26833406.383396696,
      "debtValUSD": 26842051.570265297
    }
  ]
}