{
  "blockNo": 9605049,
  "lpName": "USDT-WBNB LP",
  "lpTokens": 0,
  "token0_symbol": "USDT",
  "token0_decimals": 18,
  "token0": 0,
  "token0_liquidity": 105211085.01764506,
  "token0_price": 1.0002,
  "token0_posVal": 30078534.147070136,
  "token0_posValUSD": 30084549.85389955,
  "token0_debtVal": 17347742.965660445,
  "token0_debtValUSD": 17351212.514253575,
  "token1_symbol": "WBNB",
  "token1_decimals": 18,
  "token1": 0,
  "token1_liquidity": 338168.05674561695,
  "token1_price": 310.95244985,
  "token1_posVal": 142680.3314348802,
  "token1_posValUSD": 44366798.60508597,
  "token1_debtVal": 84264.68896087822,
  "token1_debtValUSD": 26202311.468233332,
  "liquidity": 210386312.94071198,
  "tvl": 0,
  "health": 74451348.45898552,
  "debt": 43553523.9824869,
  "leverage": 2.4095984011953466,
  "workerPositions": [
    {
      "name": "USDT-WBNB PancakeswapWorker",
      "address": "0x41867cc58aece8B570FF1A2a8aa6149014D2a94C",
      "vault": "ibWBNB",
      "borrowToken": "WBNB",
      "posVal": 142680.3314348802,
      "posValUSD": 44366798.60508597,
      "debtVal": 84264.68896087822,
      "debtValUSD": 26202311.468233332
    },
    {
      "name": "WBNB-USDT PancakeswapWorker",
      "address": "0x81b6534f4F7ba45Ecf98295Cef1450B4a4FC81Cd",
      "vault": "ibUSDT",
      "borrowToken": "USDT",
      "posVal": 30078534.147070136,
      "posValUSD": 30084549.85389955,
      "debtVal": 17347742.965660445,
      "debtValUSD": 17351212.514253575
    }
  ]
}