{
  "blockNo": 14917450,
  "lpName": "USDT-WBNB LP",
  "lpTokens": 0,
  "token0_symbol": "USDT",
  "token0_decimals": 18,
  "token0": 0,
  "token0_liquidity": 94353170.98919345,
  "token0_price": 1.00062711,
  "token0_posVal": 37733657.5130245,
  "token0_posValUSD": 37757320.66698749,
  "token0_debtVal": 23513693.8513787,
  "token0_debtValUSD": 23528439.523929838,
  "token1_symbol": "WBNB",
  "token1_decimals": 18,
  "token1": 0,
  "token1_liquidity": 257151.12076365497,
  "token1_price": 367.53083762,
  "token1_posVal": 131227.1553753396,
  "token1_posValUSD": 48230026.33358844,
  "token1_debtVal": 77775.41736136362,
  "token1_debtValUSD": 28584864.289067063,
  "liquidity": 188923307.61544037,
  "tvl": 0,
  "health": 85987347.00057593,
  "debt": 52113303.8129969,
  "leverage": 2.5384435664918166,
  "workerPositions": [
    {
      "name": "USDT-WBNB PancakeswapWorker",
      "address": "0x41867cc58aece8B570FF1A2a8aa6149014D2a94C",
      "vault": "ibWBNB",
      "borrowToken": "WBNB",
      "posVal": 131227.1553753396,
      "posValUSD": 48230026.33358844,
      "debtVal": 77775.41736136362,
      "debtValUSD": 28584864.289067063
    },
    {
      "name": "WBNB-USDT PancakeswapWorker",
      "address": "0x81b6534f4F7ba45Ecf98295Cef1450B4a4FC81Cd",
      "vault": "ibUSDT",
      "borrowToken": "USDT",
      "posVal": 37733657.5130245,
      "posValUSD": 37757320.66698749,
      "debtVal": 23513693.8513787,
      "debtValUSD": 23528439.523929838
    }
  ]
}