{
  "blockNo": 16544107,
  "lpName": "USDT-WBNB LP",
  "lpTokens": 0,
  "token0_symbol": "USDT",
  "token0_decimals": 18,
  "token0": 0,
  "token0_liquidity": 164739886.77411112,
  "token0_price": 1.00024313,
  "token0_posVal": 49766376.072042994,
  "token0_posValUSD": 49778475.7710574,
  "token0_debtVal": 24915620.330889292,
  "token0_debtValUSD": 24921678.065660343,
  "token1_symbol": "WBNB",
  "token1_decimals": 18,
  "token1": 0,
  "token1_liquidity": 383501.7509387474,
  "token1_price": 429.54302611,
  "token1_posVal": 160923.9392849383,
  "token1_posValUSD": 69123755.85399431,
  "token1_debtVal": 105080.83457936863,
  "token1_debtValUSD": 45136739.67138633,
  "liquidity": 329510442.59949565,
  "tvl": 0,
  "health": 118902231.6250517,
  "debt": 70058417.73704667,
  "leverage": 2.43433553116235,
  "workerPositions": [
    {
      "name": "USDT-WBNB PancakeswapWorker",
      "address": "0x41867cc58aece8B570FF1A2a8aa6149014D2a94C",
      "vault": "ibWBNB",
      "borrowToken": "WBNB",
      "posVal": 160923.9392849383,
      "posValUSD": 69123755.85399431,
      "debtVal": 105080.83457936863,
      "debtValUSD": 45136739.67138633
    },
    {
      "name": "WBNB-USDT PancakeswapWorker",
      "address": "0x81b6534f4F7ba45Ecf98295Cef1450B4a4FC81Cd",
      "vault": "ibUSDT",
      "borrowToken": "USDT",
      "posVal": 49766376.072042994,
      "posValUSD": 49778475.7710574,
      "debtVal": 24915620.330889292,
      "debtValUSD": 24921678.065660343
    }
  ]
}