{
  "blockNo": 15490955,
  "lpName": "USDT-WBNB LP",
  "lpTokens": 0,
  "token0_symbol": "USDT",
  "token0_decimals": 18,
  "token0": 0,
  "token0_liquidity": 118404084.48706402,
  "token0_price": 1.00067095,
  "token0_posVal": 44633248.34683403,
  "token0_posValUSD": 44663195.02481233,
  "token0_debtVal": 27634170.405772377,
  "token0_debtValUSD": 27652711.55240613,
  "token1_symbol": "WBNB",
  "token1_decimals": 18,
  "token1": 0,
  "token1_liquidity": 319582.8891913743,
  "token1_price": 370.86242192,
  "token1_posVal": 203431.17402918896,
  "token1_posValUSD": 75444977.89449401,
  "token1_debtVal": 121655.26883800403,
  "token1_debtValUSD": 45117367.64059088,
  "liquidity": 237004811.99725467,
  "tvl": 0,
  "health": 120108172.91930634,
  "debt": 72770079.19299701,
  "leverage": 2.537241436330868,
  "workerPositions": [
    {
      "name": "USDT-WBNB PancakeswapWorker",
      "address": "0x41867cc58aece8B570FF1A2a8aa6149014D2a94C",
      "vault": "ibWBNB",
      "borrowToken": "WBNB",
      "posVal": 203431.17402918896,
      "posValUSD": 75444977.89449401,
      "debtVal": 121655.26883800403,
      "debtValUSD": 45117367.64059088
    },
    {
      "name": "WBNB-USDT PancakeswapWorker",
      "address": "0x81b6534f4F7ba45Ecf98295Cef1450B4a4FC81Cd",
      "vault": "ibUSDT",
      "borrowToken": "USDT",
      "posVal": 44633248.34683403,
      "posValUSD": 44663195.02481233,
      "debtVal": 27634170.405772377,
      "debtValUSD": 27652711.55240613
    }
  ]
}