{
  "blockNo": 16758560,
  "lpName": "USDT-WBNB LP",
  "lpTokens": 0,
  "token0_symbol": "USDT",
  "token0_decimals": 18,
  "token0": 0,
  "token0_liquidity": 156012186.58330724,
  "token0_price": 1.00013293,
  "token0_posVal": 49269185.14201581,
  "token0_posValUSD": 49275734.49479673,
  "token0_debtVal": 24262385.202604253,
  "token0_debtValUSD": 24265610.401469234,
  "token1_symbol": "WBNB",
  "token1_decimals": 18,
  "token1": 0,
  "token1_liquidity": 357035.44556047773,
  "token1_price": 437.04162942,
  "token1_posVal": 155931.62035688426,
  "token1_posValUSD": 68148609.43887354,
  "token1_debtVal": 102524.73980757757,
  "token1_debtValUSD": 44807579.34136524,
  "liquidity": 312072278.17171663,
  "tvl": 0,
  "health": 117424343.93367028,
  "debt": 69073189.74283448,
  "leverage": 2.4285737517290995,
  "workerPositions": [
    {
      "name": "USDT-WBNB PancakeswapWorker",
      "address": "0x41867cc58aece8B570FF1A2a8aa6149014D2a94C",
      "vault": "ibWBNB",
      "borrowToken": "WBNB",
      "posVal": 155931.62035688426,
      "posValUSD": 68148609.43887354,
      "debtVal": 102524.73980757757,
      "debtValUSD": 44807579.34136524
    },
    {
      "name": "WBNB-USDT PancakeswapWorker",
      "address": "0x81b6534f4F7ba45Ecf98295Cef1450B4a4FC81Cd",
      "vault": "ibUSDT",
      "borrowToken": "USDT",
      "posVal": 49269185.14201581,
      "posValUSD": 49275734.49479673,
      "debtVal": 24262385.202604253,
      "debtValUSD": 24265610.401469234
    }
  ]
}