{
  "blockNo": 16057240,
  "lpName": "USDT-WBNB LP",
  "lpTokens": 0,
  "token0_symbol": "USDT",
  "token0_decimals": 18,
  "token0": 0,
  "token0_liquidity": 120303893.24757606,
  "token0_price": 1.00037658,
  "token0_posVal": 46238590.58831575,
  "token0_posValUSD": 46256003.116759494,
  "token0_debtVal": 25247782.487007566,
  "token0_debtValUSD": 25257290.296936523,
  "token1_symbol": "WBNB",
  "token1_decimals": 18,
  "token1": 0,
  "token1_liquidity": 327433.9599899473,
  "token1_price": 367.5324624,
  "token1_posVal": 186589.2557182086,
  "token1_posValUSD": 68577608.61149648,
  "token1_debtVal": 112106.21683810999,
  "token1_debtValUSD": 41202673.924858905,
  "liquidity": 240691806.87618363,
  "tvl": 0,
  "health": 114833611.72825597,
  "debt": 66459964.221795425,
  "leverage": 2.373887801471232,
  "workerPositions": [
    {
      "name": "USDT-WBNB PancakeswapWorker",
      "address": "0x41867cc58aece8B570FF1A2a8aa6149014D2a94C",
      "vault": "ibWBNB",
      "borrowToken": "WBNB",
      "posVal": 186589.2557182086,
      "posValUSD": 68577608.61149648,
      "debtVal": 112106.21683810999,
      "debtValUSD": 41202673.924858905
    },
    {
      "name": "WBNB-USDT PancakeswapWorker",
      "address": "0x81b6534f4F7ba45Ecf98295Cef1450B4a4FC81Cd",
      "vault": "ibUSDT",
      "borrowToken": "USDT",
      "posVal": 46238590.58831575,
      "posValUSD": 46256003.116759494,
      "debtVal": 25247782.487007566,
      "debtValUSD": 25257290.296936523
    }
  ]
}