{
  "blockNo": 10698179,
  "lpName": "USDT-WBNB LP",
  "lpTokens": 0,
  "token0_symbol": "USDT",
  "token0_decimals": 18,
  "token0": 0,
  "token0_liquidity": 133193655.28679729,
  "token0_price": 1.00014835,
  "token0_posVal": 63057208.400938176,
  "token0_posValUSD": 63066562.937804446,
  "token0_debtVal": 33832893.143663816,
  "token0_debtValUSD": 33837912.25336167,
  "token1_symbol": "WBNB",
  "token1_decimals": 18,
  "token1": 0,
  "token1_liquidity": 267804.9974790835,
  "token1_price": 496.800249,
  "token1_posVal": 120981.40197632533,
  "token1_posValUSD": 60103590.626207516,
  "token1_debtVal": 79339.71467994101,
  "token1_debtValUSD": 39415990.00858365,
  "liquidity": 266259003.99661213,
  "tvl": 0,
  "health": 123170153.56401196,
  "debt": 73253902.26194532,
  "leverage": 2.467536130040127,
  "workerPositions": [
    {
      "name": "USDT-WBNB PancakeswapWorker",
      "address": "0x41867cc58aece8B570FF1A2a8aa6149014D2a94C",
      "vault": "ibWBNB",
      "borrowToken": "WBNB",
      "posVal": 120981.40197632533,
      "posValUSD": 60103590.626207516,
      "debtVal": 79339.71467994101,
      "debtValUSD": 39415990.00858365
    },
    {
      "name": "WBNB-USDT PancakeswapWorker",
      "address": "0x81b6534f4F7ba45Ecf98295Cef1450B4a4FC81Cd",
      "vault": "ibUSDT",
      "borrowToken": "USDT",
      "posVal": 63057208.400938176,
      "posValUSD": 63066562.937804446,
      "debtVal": 33832893.143663816,
      "debtValUSD": 33837912.25336167
    }
  ]
}