{
  "blockNo": 18106325,
  "lpName": "USDT-WBNB LP",
  "lpTokens": 0,
  "token0_symbol": "USDT",
  "token0_decimals": 18,
  "token0": 0,
  "token0_liquidity": 120997070.14392428,
  "token0_price": 0.99946177,
  "token0_posVal": 31161894.352500875,
  "token0_posValUSD": 31145122.08610353,
  "token0_debtVal": 18204145.345909692,
  "token0_debtValUSD": 18194347.328760166,
  "token1_symbol": "WBNB",
  "token1_decimals": 18,
  "token1": 0,
  "token1_liquidity": 364242.6976506908,
  "token1_price": 332.61101678,
  "token1_posVal": 157729.953699173,
  "token1_posValUSD": 52462720.27654425,
  "token1_debtVal": 84505.6791972707,
  "token1_debtValUSD": 28107519.881488703,
  "liquidity": 242083079.91114712,
  "tvl": 0,
  "health": 83607842.36264777,
  "debt": 46301867.21024887,
  "leverage": 2.2411381024380357,
  "workerPositions": [
    {
      "name": "USDT-WBNB PancakeswapWorker",
      "address": "0x41867cc58aece8B570FF1A2a8aa6149014D2a94C",
      "vault": "ibWBNB",
      "borrowToken": "WBNB",
      "posVal": 157729.953699173,
      "posValUSD": 52462720.27654425,
      "debtVal": 84505.6791972707,
      "debtValUSD": 28107519.881488703
    },
    {
      "name": "WBNB-USDT PancakeswapWorker",
      "address": "0x81b6534f4F7ba45Ecf98295Cef1450B4a4FC81Cd",
      "vault": "ibUSDT",
      "borrowToken": "USDT",
      "posVal": 31161894.352500875,
      "posValUSD": 31145122.08610353,
      "debtVal": 18204145.345909692,
      "debtValUSD": 18194347.328760166
    }
  ]
}