{
  "blockNo": 15724113,
  "lpName": "USDT-WBNB LP",
  "lpTokens": 0,
  "token0_symbol": "USDT",
  "token0_decimals": 18,
  "token0": 0,
  "token0_liquidity": 99218560.45266762,
  "token0_price": 1.00047984,
  "token0_posVal": 24432224.255883124,
  "token0_posValUSD": 24443947.814370066,
  "token0_debtVal": 13347257.29932257,
  "token0_debtValUSD": 13353661.847265076,
  "token1_symbol": "WBNB",
  "token1_decimals": 18,
  "token1": 0,
  "token1_liquidity": 243130.03483305167,
  "token1_price": 408.52,
  "token1_posVal": 174013.5067302373,
  "token1_posValUSD": 71087997.76943654,
  "token1_debtVal": 109598.32454549972,
  "token1_debtValUSD": 44773107.54332755,
  "liquidity": 198589651.3167135,
  "tvl": 0,
  "health": 95531945.5838066,
  "debt": 58126769.39059262,
  "leverage": 2.553976623190935,
  "workerPositions": [
    {
      "name": "USDT-WBNB PancakeswapWorker",
      "address": "0x41867cc58aece8B570FF1A2a8aa6149014D2a94C",
      "vault": "ibWBNB",
      "borrowToken": "WBNB",
      "posVal": 174013.5067302373,
      "posValUSD": 71087997.76943654,
      "debtVal": 109598.32454549972,
      "debtValUSD": 44773107.54332755
    },
    {
      "name": "WBNB-USDT PancakeswapWorker",
      "address": "0x81b6534f4F7ba45Ecf98295Cef1450B4a4FC81Cd",
      "vault": "ibUSDT",
      "borrowToken": "USDT",
      "posVal": 24432224.255883124,
      "posValUSD": 24443947.814370066,
      "debtVal": 13347257.29932257,
      "debtValUSD": 13353661.847265076
    }
  ]
}