{
  "blockNo": 13616774,
  "lpName": "USDT-WBNB LP",
  "lpTokens": 0,
  "token0_symbol": "USDT",
  "token0_decimals": 18,
  "token0": 0,
  "token0_liquidity": 146253674.7743091,
  "token0_price": 1.00036607,
  "token0_posVal": 50674126.25256826,
  "token0_posValUSD": 50692676.52996554,
  "token0_debtVal": 31572493.613855973,
  "token0_debtValUSD": 31584051.3565932,
  "token1_symbol": "WBNB",
  "token1_decimals": 18,
  "token1": 0,
  "token1_liquidity": 273625.6969779579,
  "token1_price": 533.72334804,
  "token1_posVal": 154152.58277688114,
  "token1_posValUSD": 82274832.58869025,
  "token1_debtVal": 98197.49143613198,
  "token1_debtValUSD": 52410293.89842159,
  "liquidity": 292347636.957888,
  "tvl": 0,
  "health": 132967509.1186558,
  "debt": 83994345.25501479,
  "leverage": 2.71510963614451,
  "workerPositions": [
    {
      "name": "USDT-WBNB PancakeswapWorker",
      "address": "0x41867cc58aece8B570FF1A2a8aa6149014D2a94C",
      "vault": "ibWBNB",
      "borrowToken": "WBNB",
      "posVal": 154152.58277688114,
      "posValUSD": 82274832.58869025,
      "debtVal": 98197.49143613198,
      "debtValUSD": 52410293.89842159
    },
    {
      "name": "WBNB-USDT PancakeswapWorker",
      "address": "0x81b6534f4F7ba45Ecf98295Cef1450B4a4FC81Cd",
      "vault": "ibUSDT",
      "borrowToken": "USDT",
      "posVal": 50674126.25256826,
      "posValUSD": 50692676.52996554,
      "debtVal": 31572493.613855973,
      "debtValUSD": 31584051.3565932
    }
  ]
}