{
  "blockNo": 11961883,
  "lpName": "USDT-WBNB LP",
  "lpTokens": 0,
  "token0_symbol": "USDT",
  "token0_decimals": 18,
  "token0": 0,
  "token0_liquidity": 132724638.60872592,
  "token0_price": 1.00000974,
  "token0_posVal": 47490530.437999666,
  "token0_posValUSD": 47490992.99576613,
  "token0_debtVal": 27868343.578594558,
  "token0_debtValUSD": 27868615.016261015,
  "token1_symbol": "WBNB",
  "token1_decimals": 18,
  "token1": 0,
  "token1_liquidity": 267666.1114884211,
  "token1_price": 496.00522005,
  "token1_posVal": 123776.08732832874,
  "token1_posValUSD": 61393585.43221571,
  "token1_debtVal": 82702.41857392072,
  "token1_debtValUSD": 41020831.32342475,
  "liquidity": 265489719.8754481,
  "tvl": 0,
  "health": 108884578.42798185,
  "debt": 68889446.33968577,
  "leverage": 2.7224457763409946,
  "workerPositions": [
    {
      "name": "USDT-WBNB PancakeswapWorker",
      "address": "0x41867cc58aece8B570FF1A2a8aa6149014D2a94C",
      "vault": "ibWBNB",
      "borrowToken": "WBNB",
      "posVal": 123776.08732832874,
      "posValUSD": 61393585.43221571,
      "debtVal": 82702.41857392072,
      "debtValUSD": 41020831.32342475
    },
    {
      "name": "WBNB-USDT PancakeswapWorker",
      "address": "0x81b6534f4F7ba45Ecf98295Cef1450B4a4FC81Cd",
      "vault": "ibUSDT",
      "borrowToken": "USDT",
      "posVal": 47490530.437999666,
      "posValUSD": 47490992.99576613,
      "debtVal": 27868343.578594558,
      "debtValUSD": 27868615.016261015
    }
  ]
}