{
  "blockNo": 11516820,
  "lpName": "USDT-WBNB LP",
  "lpTokens": 0,
  "token0_symbol": "USDT",
  "token0_decimals": 18,
  "token0": 0,
  "token0_liquidity": 95439668.75658453,
  "token0_price": 1.00040728,
  "token0_posVal": 42446457.23586201,
  "token0_posValUSD": 42463744.82896502,
  "token0_debtVal": 25411627.642647322,
  "token0_debtValUSD": 25421977.29035362,
  "token1_symbol": "WBNB",
  "token1_decimals": 18,
  "token1": 0,
  "token1_liquidity": 217203.35239251002,
  "token1_price": 440.36,
  "token1_posVal": 118560.56354491177,
  "token1_posValUSD": 52209329.76263735,
  "token1_debtVal": 76475.2677797874,
  "token1_debtValUSD": 33676648.91950718,
  "liquidity": 191126207.6844414,
  "tvl": 0,
  "health": 94673074.59160237,
  "debt": 59098626.2098608,
  "leverage": 2.66126613055771,
  "workerPositions": [
    {
      "name": "USDT-WBNB PancakeswapWorker",
      "address": "0x41867cc58aece8B570FF1A2a8aa6149014D2a94C",
      "vault": "ibWBNB",
      "borrowToken": "WBNB",
      "posVal": 118560.56354491177,
      "posValUSD": 52209329.76263735,
      "debtVal": 76475.2677797874,
      "debtValUSD": 33676648.91950718
    },
    {
      "name": "WBNB-USDT PancakeswapWorker",
      "address": "0x81b6534f4F7ba45Ecf98295Cef1450B4a4FC81Cd",
      "vault": "ibUSDT",
      "borrowToken": "USDT",
      "posVal": 42446457.23586201,
      "posValUSD": 42463744.82896502,
      "debtVal": 25411627.642647322,
      "debtValUSD": 25421977.29035362
    }
  ]
}