{
  "blockNo": 16419624,
  "lpName": "USDT-WBNB LP",
  "lpTokens": 0,
  "token0_symbol": "USDT",
  "token0_decimals": 18,
  "token0": 0,
  "token0_liquidity": 160956010.1464678,
  "token0_price": 1.00043241,
  "token0_posVal": 51725425.255808905,
  "token0_posValUSD": 51747791.846943766,
  "token0_debtVal": 26729802.46905426,
  "token0_debtValUSD": 26741360.7029399,
  "token1_symbol": "WBNB",
  "token1_decimals": 18,
  "token1": 0,
  "token1_liquidity": 387557.45862874715,
  "token1_price": 415.81,
  "token1_posVal": 176101.48674584538,
  "token1_posValUSD": 73224759.20378996,
  "token1_debtVal": 112891.22179742447,
  "token1_debtValUSD": 46941298.93558707,
  "liquidity": 322175876.0072346,
  "tvl": 0,
  "health": 124972551.05073373,
  "debt": 73682659.63852698,
  "leverage": 2.4365922330845655,
  "workerPositions": [
    {
      "name": "USDT-WBNB PancakeswapWorker",
      "address": "0x41867cc58aece8B570FF1A2a8aa6149014D2a94C",
      "vault": "ibWBNB",
      "borrowToken": "WBNB",
      "posVal": 176101.48674584538,
      "posValUSD": 73224759.20378996,
      "debtVal": 112891.22179742447,
      "debtValUSD": 46941298.93558707
    },
    {
      "name": "WBNB-USDT PancakeswapWorker",
      "address": "0x81b6534f4F7ba45Ecf98295Cef1450B4a4FC81Cd",
      "vault": "ibUSDT",
      "borrowToken": "USDT",
      "posVal": 51725425.255808905,
      "posValUSD": 51747791.846943766,
      "debtVal": 26729802.46905426,
      "debtValUSD": 26741360.7029399
    }
  ]
}