{
  "blockNo": 18159811,
  "lpName": "USDT-WBNB LP",
  "lpTokens": 0,
  "token0_symbol": "USDT",
  "token0_decimals": 18,
  "token0": 0,
  "token0_liquidity": 117013472.29954432,
  "token0_price": 0.99914379,
  "token0_posVal": 29510853.423766345,
  "token0_posValUSD": 29485585.93595638,
  "token0_debtVal": 18201315.606797628,
  "token0_debtValUSD": 18185731.45836193,
  "token1_symbol": "WBNB",
  "token1_decimals": 18,
  "token1": 0,
  "token1_liquidity": 393086.7533372643,
  "token1_price": 297.28002366,
  "token1_posVal": 180328.94244736448,
  "token1_posValUSD": 53608192.277335286,
  "token1_debtVal": 91204.06865361716,
  "token1_debtValUSD": 27113147.68723557,
  "liquidity": 233770123.52696124,
  "tvl": 0,
  "health": 83093778.21329167,
  "debt": 45298879.1455975,
  "leverage": 2.198544784164207,
  "workerPositions": [
    {
      "name": "USDT-WBNB PancakeswapWorker",
      "address": "0x41867cc58aece8B570FF1A2a8aa6149014D2a94C",
      "vault": "ibWBNB",
      "borrowToken": "WBNB",
      "posVal": 180328.94244736448,
      "posValUSD": 53608192.277335286,
      "debtVal": 91204.06865361716,
      "debtValUSD": 27113147.68723557
    },
    {
      "name": "WBNB-USDT PancakeswapWorker",
      "address": "0x81b6534f4F7ba45Ecf98295Cef1450B4a4FC81Cd",
      "vault": "ibUSDT",
      "borrowToken": "USDT",
      "posVal": 29510853.423766345,
      "posValUSD": 29485585.93595638,
      "debtVal": 18201315.606797628,
      "debtValUSD": 18185731.45836193
    }
  ]
}