{
  "blockNo": 12770954,
  "lpName": "USDT-WBNB LP",
  "lpTokens": 0,
  "token0_symbol": "USDT",
  "token0_decimals": 18,
  "token0": 0,
  "token0_liquidity": 140084485.43549493,
  "token0_price": 1.00055532,
  "token0_posVal": 49115044.68855845,
  "token0_posValUSD": 49142319.2551749,
  "token0_debtVal": 29544122.366777662,
  "token0_debtValUSD": 29560528.80881038,
  "token1_symbol": "WBNB",
  "token1_decimals": 18,
  "token1": 0,
  "token1_liquidity": 253403.76393056734,
  "token1_price": 553.02,
  "token1_posVal": 149707.25791808454,
  "token1_posValUSD": 82791107.77385911,
  "token1_debtVal": 97719.53117383298,
  "token1_debtValUSD": 54040855.12975311,
  "liquidity": 280299626.6808293,
  "tvl": 0,
  "health": 131933427.02903402,
  "debt": 83601383.9385635,
  "leverage": 2.7297299802136217,
  "workerPositions": [
    {
      "name": "USDT-WBNB PancakeswapWorker",
      "address": "0x41867cc58aece8B570FF1A2a8aa6149014D2a94C",
      "vault": "ibWBNB",
      "borrowToken": "WBNB",
      "posVal": 149707.25791808454,
      "posValUSD": 82791107.77385911,
      "debtVal": 97719.53117383298,
      "debtValUSD": 54040855.12975311
    },
    {
      "name": "WBNB-USDT PancakeswapWorker",
      "address": "0x81b6534f4F7ba45Ecf98295Cef1450B4a4FC81Cd",
      "vault": "ibUSDT",
      "borrowToken": "USDT",
      "posVal": 49115044.68855845,
      "posValUSD": 49142319.2551749,
      "debtVal": 29544122.366777662,
      "debtValUSD": 29560528.80881038
    }
  ]
}