{
  "blockNo": 16149302,
  "lpName": "USDT-WBNB LP",
  "lpTokens": 0,
  "token0_symbol": "USDT",
  "token0_decimals": 18,
  "token0": 0,
  "token0_liquidity": 123904916.82935224,
  "token0_price": 1.0004117,
  "token0_posVal": 47838446.989183865,
  "token0_posValUSD": 47858142.07780931,
  "token0_debtVal": 25380545.78195201,
  "token0_debtValUSD": 25390994.952650435,
  "token1_symbol": "WBNB",
  "token1_decimals": 18,
  "token1": 0,
  "token1_liquidity": 318635.333525841,
  "token1_price": 389.72888527,
  "token1_posVal": 179157.69644690372,
  "token1_posValUSD": 69822929.32379282,
  "token1_debtVal": 110956.14082077456,
  "token1_debtValUSD": 43242813.07594161,
  "liquidity": 248137321.82627153,
  "tvl": 0,
  "health": 117681071.40160212,
  "debt": 68633808.02859205,
  "leverage": 2.3993402140833844,
  "workerPositions": [
    {
      "name": "USDT-WBNB PancakeswapWorker",
      "address": "0x41867cc58aece8B570FF1A2a8aa6149014D2a94C",
      "vault": "ibWBNB",
      "borrowToken": "WBNB",
      "posVal": 179157.69644690372,
      "posValUSD": 69822929.32379282,
      "debtVal": 110956.14082077456,
      "debtValUSD": 43242813.07594161
    },
    {
      "name": "WBNB-USDT PancakeswapWorker",
      "address": "0x81b6534f4F7ba45Ecf98295Cef1450B4a4FC81Cd",
      "vault": "ibUSDT",
      "borrowToken": "USDT",
      "posVal": 47838446.989183865,
      "posValUSD": 47858142.07780931,
      "debtVal": 25380545.78195201,
      "debtValUSD": 25390994.952650435
    }
  ]
}