{
  "blockNo": 12109936,
  "lpName": "USDT-WBNB LP",
  "lpTokens": 0,
  "token0_symbol": "USDT",
  "token0_decimals": 18,
  "token0": 0,
  "token0_liquidity": 143863963.25959635,
  "token0_price": 0.9999,
  "token0_posVal": 49181806.57009337,
  "token0_posValUSD": 49176888.389436364,
  "token0_debtVal": 29359056.156189762,
  "token0_debtValUSD": 29356120.25057414,
  "token1_symbol": "WBNB",
  "token1_decimals": 18,
  "token1": 0,
  "token1_liquidity": 297997.2130535416,
  "token1_price": 482.64479046,
  "token1_posVal": 143521.93458631457,
  "token1_posValUSD": 69270114.04482563,
  "token1_debtVal": 93917.30172050321,
  "token1_debtValUSD": 45328696.40946087,
  "liquidity": 287676379.315161,
  "tvl": 0,
  "health": 118447002.434262,
  "debt": 74684816.66003501,
  "leverage": 2.7066061792557767,
  "workerPositions": [
    {
      "name": "USDT-WBNB PancakeswapWorker",
      "address": "0x41867cc58aece8B570FF1A2a8aa6149014D2a94C",
      "vault": "ibWBNB",
      "borrowToken": "WBNB",
      "posVal": 143521.93458631457,
      "posValUSD": 69270114.04482563,
      "debtVal": 93917.30172050321,
      "debtValUSD": 45328696.40946087
    },
    {
      "name": "WBNB-USDT PancakeswapWorker",
      "address": "0x81b6534f4F7ba45Ecf98295Cef1450B4a4FC81Cd",
      "vault": "ibUSDT",
      "borrowToken": "USDT",
      "posVal": 49181806.57009337,
      "posValUSD": 49176888.389436364,
      "debtVal": 29359056.156189762,
      "debtValUSD": 29356120.25057414
    }
  ]
}