{
  "blockNo": 12887106,
  "lpName": "USDT-WBNB LP",
  "lpTokens": 0,
  "token0_symbol": "USDT",
  "token0_decimals": 18,
  "token0": 0,
  "token0_liquidity": 152967589.13252366,
  "token0_price": 1.00075615,
  "token0_posVal": 66112840.09026664,
  "token0_posValUSD": 66162831.31430089,
  "token0_debtVal": 38087654.7368035,
  "token0_debtValUSD": 38116454.71693274,
  "token1_symbol": "WBNB",
  "token1_decimals": 18,
  "token1": 0,
  "token1_liquidity": 267363.6204717573,
  "token1_price": 571.81896671,
  "token1_posVal": 147767.1724025113,
  "token1_posValUSD": 84496071.83686244,
  "token1_debtVal": 97847.77995342393,
  "token1_debtValUSD": 55951216.427834325,
  "liquidity": 305966844.7690511,
  "tvl": 0,
  "health": 150658903.15116334,
  "debt": 94067671.14476706,
  "leverage": 2.662230487120955,
  "workerPositions": [
    {
      "name": "USDT-WBNB PancakeswapWorker",
      "address": "0x41867cc58aece8B570FF1A2a8aa6149014D2a94C",
      "vault": "ibWBNB",
      "borrowToken": "WBNB",
      "posVal": 147767.1724025113,
      "posValUSD": 84496071.83686244,
      "debtVal": 97847.77995342393,
      "debtValUSD": 55951216.427834325
    },
    {
      "name": "WBNB-USDT PancakeswapWorker",
      "address": "0x81b6534f4F7ba45Ecf98295Cef1450B4a4FC81Cd",
      "vault": "ibUSDT",
      "borrowToken": "USDT",
      "posVal": 66112840.09026664,
      "posValUSD": 66162831.31430089,
      "debtVal": 38087654.7368035,
      "debtValUSD": 38116454.71693274
    }
  ]
}