{
  "blockNo": 14720952,
  "lpName": "USDT-WBNB LP",
  "lpTokens": 0,
  "token0_symbol": "USDT",
  "token0_decimals": 18,
  "token0": 0,
  "token0_liquidity": 91148985.23043658,
  "token0_price": 1.00059707,
  "token0_posVal": 35361441.843389995,
  "token0_posValUSD": 35382555.09947143,
  "token0_debtVal": 22387307.586535208,
  "token0_debtValUSD": 22400674.3762759,
  "token1_symbol": "WBNB",
  "token1_decimals": 18,
  "token1": 0,
  "token1_liquidity": 252033.89674117864,
  "token1_price": 362.45680046,
  "token1_posVal": 123494.90451318804,
  "token1_posValUSD": 44761567.96296335,
  "token1_debtVal": 72514.37619724478,
  "token1_debtValUSD": 26283328.783806127,
  "liquidity": 182554807.37532175,
  "tvl": 0,
  "health": 80144123.06243478,
  "debt": 48684003.16008203,
  "leverage": 2.5474830773433,
  "workerPositions": [
    {
      "name": "USDT-WBNB PancakeswapWorker",
      "address": "0x41867cc58aece8B570FF1A2a8aa6149014D2a94C",
      "vault": "ibWBNB",
      "borrowToken": "WBNB",
      "posVal": 123494.90451318804,
      "posValUSD": 44761567.96296335,
      "debtVal": 72514.37619724478,
      "debtValUSD": 26283328.783806127
    },
    {
      "name": "WBNB-USDT PancakeswapWorker",
      "address": "0x81b6534f4F7ba45Ecf98295Cef1450B4a4FC81Cd",
      "vault": "ibUSDT",
      "borrowToken": "USDT",
      "posVal": 35361441.843389995,
      "posValUSD": 35382555.09947143,
      "debtVal": 22387307.586535208,
      "debtValUSD": 22400674.3762759
    }
  ]
}