{
  "blockNo": 10537430,
  "lpName": "USDT-WBNB LP",
  "lpTokens": 0,
  "token0_symbol": "USDT",
  "token0_decimals": 18,
  "token0": 0,
  "token0_liquidity": 134278343.46297422,
  "token0_price": 1.00036221,
  "token0_posVal": 56048797.29243654,
  "token0_posValUSD": 56069098.72730383,
  "token0_debtVal": 30702383.598381553,
  "token0_debtValUSD": 30713504.308744725,
  "token1_symbol": "WBNB",
  "token1_decimals": 18,
  "token1": 0,
  "token1_liquidity": 279865.73100131826,
  "token1_price": 479.52,
  "token1_posVal": 138444.32985118503,
  "token1_posValUSD": 66386825.05024024,
  "token1_debtVal": 90102.13417932192,
  "token1_debtValUSD": 43205775.38166844,
  "liquidity": 268528195.7515121,
  "tvl": 0,
  "health": 122455923.77754408,
  "debt": 73919279.69041316,
  "leverage": 2.52295819129391,
  "workerPositions": [
    {
      "name": "USDT-WBNB PancakeswapWorker",
      "address": "0x41867cc58aece8B570FF1A2a8aa6149014D2a94C",
      "vault": "ibWBNB",
      "borrowToken": "WBNB",
      "posVal": 138444.32985118503,
      "posValUSD": 66386825.05024024,
      "debtVal": 90102.13417932192,
      "debtValUSD": 43205775.38166844
    },
    {
      "name": "WBNB-USDT PancakeswapWorker",
      "address": "0x81b6534f4F7ba45Ecf98295Cef1450B4a4FC81Cd",
      "vault": "ibUSDT",
      "borrowToken": "USDT",
      "posVal": 56048797.29243654,
      "posValUSD": 56069098.72730383,
      "debtVal": 30702383.598381553,
      "debtValUSD": 30713504.308744725
    }
  ]
}