{
  "blockNo": 9212280,
  "lpName": "USDT-WBNB LP",
  "lpTokens": 0,
  "token0_symbol": "USDT",
  "token0_decimals": 18,
  "token0": 0,
  "token0_liquidity": 86603541.47532631,
  "token0_price": 1,
  "token0_posVal": 25477886.90809381,
  "token0_posValUSD": 25477886.90809381,
  "token0_debtVal": 14488103.24280628,
  "token0_debtValUSD": 14488103.24280628,
  "token1_symbol": "WBNB",
  "token1_decimals": 18,
  "token1": 0,
  "token1_liquidity": 278477.94700289395,
  "token1_price": 310.79273174,
  "token1_posVal": 70413.77895830305,
  "token1_posValUSD": 21884090.71458754,
  "token1_debtVal": 44582.688037218104,
  "token1_debtValUSD": 13855975.403399235,
  "liquidity": 173152463.35370266,
  "tvl": 0,
  "health": 47361977.62268135,
  "debt": 28344078.646205515,
  "leverage": 2.4903895893687147,
  "workerPositions": [
    {
      "name": "USDT-WBNB PancakeswapWorker",
      "address": "0x41867cc58aece8B570FF1A2a8aa6149014D2a94C",
      "vault": "ibWBNB",
      "borrowToken": "WBNB",
      "posVal": 70413.77895830305,
      "posValUSD": 21884090.71458754,
      "debtVal": 44582.688037218104,
      "debtValUSD": 13855975.403399235
    },
    {
      "name": "WBNB-USDT PancakeswapWorker",
      "address": "0x81b6534f4F7ba45Ecf98295Cef1450B4a4FC81Cd",
      "vault": "ibUSDT",
      "borrowToken": "USDT",
      "posVal": 25477886.90809381,
      "posValUSD": 25477886.90809381,
      "debtVal": 14488103.24280628,
      "debtValUSD": 14488103.24280628
    }
  ]
}