{
  "blockNo": 15679862,
  "lpName": "USDT-WBNB LP",
  "lpTokens": 0,
  "token0_symbol": "USDT",
  "token0_decimals": 18,
  "token0": 0,
  "token0_liquidity": 128723998.71413328,
  "token0_price": 1.00037319,
  "token0_posVal": 46901197.67871576,
  "token0_posValUSD": 46918700.736677475,
  "token0_debtVal": 27525795.570737433,
  "token0_debtValUSD": 27536067.922386475,
  "token1_symbol": "WBNB",
  "token1_decimals": 18,
  "token1": 0,
  "token1_liquidity": 314836.328476353,
  "token1_price": 409.3126335,
  "token1_posVal": 191908.85754461368,
  "token1_posValUSD": 78550719.87356217,
  "token1_debtVal": 120997.36722352568,
  "token1_debtValUSD": 49525751.02482788,
  "liquidity": 257638523.95334047,
  "tvl": 0,
  "health": 125469420.61023965,
  "debt": 77061818.94721437,
  "leverage": 2.5919363137148714,
  "workerPositions": [
    {
      "name": "USDT-WBNB PancakeswapWorker",
      "address": "0x41867cc58aece8B570FF1A2a8aa6149014D2a94C",
      "vault": "ibWBNB",
      "borrowToken": "WBNB",
      "posVal": 191908.85754461368,
      "posValUSD": 78550719.87356217,
      "debtVal": 120997.36722352568,
      "debtValUSD": 49525751.02482788
    },
    {
      "name": "WBNB-USDT PancakeswapWorker",
      "address": "0x81b6534f4F7ba45Ecf98295Cef1450B4a4FC81Cd",
      "vault": "ibUSDT",
      "borrowToken": "USDT",
      "posVal": 46901197.67871576,
      "posValUSD": 46918700.736677475,
      "debtVal": 27525795.570737433,
      "debtValUSD": 27536067.922386475
    }
  ]
}