{
  "blockNo": 9740478,
  "lpName": "USDT-WBNB LP",
  "lpTokens": 0,
  "token0_symbol": "USDT",
  "token0_decimals": 18,
  "token0": 0,
  "token0_liquidity": 131854395.08005103,
  "token0_price": 1.00008982,
  "token0_posVal": 28704908.746700585,
  "token0_posValUSD": 28707487.02160421,
  "token0_debtVal": 16109293.991144687,
  "token0_debtValUSD": 16110740.92793097,
  "token1_symbol": "WBNB",
  "token1_decimals": 18,
  "token1": 0,
  "token1_liquidity": 407914.58389048127,
  "token1_price": 323.53757875,
  "token1_posVal": 109813.39524826652,
  "token1_posValUSD": 35528760.012940906,
  "token1_debtVal": 66570.68921092768,
  "token1_debtValUSD": 21538119.603022292,
  "liquidity": 263841935.0505572,
  "tvl": 0,
  "health": 64236247.034545116,
  "debt": 37648860.53095326,
  "leverage": 2.416042171947477,
  "workerPositions": [
    {
      "name": "USDT-WBNB PancakeswapWorker",
      "address": "0x41867cc58aece8B570FF1A2a8aa6149014D2a94C",
      "vault": "ibWBNB",
      "borrowToken": "WBNB",
      "posVal": 109813.39524826652,
      "posValUSD": 35528760.012940906,
      "debtVal": 66570.68921092768,
      "debtValUSD": 21538119.603022292
    },
    {
      "name": "WBNB-USDT PancakeswapWorker",
      "address": "0x81b6534f4F7ba45Ecf98295Cef1450B4a4FC81Cd",
      "vault": "ibUSDT",
      "borrowToken": "USDT",
      "posVal": 28704908.746700585,
      "posValUSD": 28707487.02160421,
      "debtVal": 16109293.991144687,
      "debtValUSD": 16110740.92793097
    }
  ]
}