{
  "blockNo": 13943289,
  "lpName": "USDT-WBNB LP",
  "lpTokens": 0,
  "token0_symbol": "USDT",
  "token0_decimals": 18,
  "token0": 0,
  "token0_liquidity": 144487894.02415103,
  "token0_price": 1.00004355,
  "token0_posVal": 49168581.07324721,
  "token0_posValUSD": 49170722.36495295,
  "token0_debtVal": 31196130.344621703,
  "token0_debtValUSD": 31197488.93609821,
  "token1_symbol": "WBNB",
  "token1_decimals": 18,
  "token1": 0,
  "token1_liquidity": 280753.03913244547,
  "token1_price": 515.14242857,
  "token1_posVal": 161721.51168689967,
  "token1_posValUSD": 83309612.28240113,
  "token1_debtVal": 101389.48257198476,
  "token1_debtValUSD": 52230024.28358792,
  "liquidity": 289121988.879032,
  "tvl": 0,
  "health": 132480334.64735408,
  "debt": 83427513.21968612,
  "leverage": 2.700768901595318,
  "workerPositions": [
    {
      "name": "USDT-WBNB PancakeswapWorker",
      "address": "0x41867cc58aece8B570FF1A2a8aa6149014D2a94C",
      "vault": "ibWBNB",
      "borrowToken": "WBNB",
      "posVal": 161721.51168689967,
      "posValUSD": 83309612.28240113,
      "debtVal": 101389.48257198476,
      "debtValUSD": 52230024.28358792
    },
    {
      "name": "WBNB-USDT PancakeswapWorker",
      "address": "0x81b6534f4F7ba45Ecf98295Cef1450B4a4FC81Cd",
      "vault": "ibUSDT",
      "borrowToken": "USDT",
      "posVal": 49168581.07324721,
      "posValUSD": 49170722.36495295,
      "debtVal": 31196130.344621703,
      "debtValUSD": 31197488.93609821
    }
  ]
}