{
  "blockNo": 9814894,
  "lpName": "USDT-WBNB LP",
  "lpTokens": 0,
  "token0_symbol": "USDT",
  "token0_decimals": 18,
  "token0": 0,
  "token0_liquidity": 135401223.96873173,
  "token0_price": 1.0004,
  "token0_posVal": 30171378.402512196,
  "token0_posValUSD": 30183446.9538732,
  "token0_debtVal": 16263668.691227747,
  "token0_debtValUSD": 16270174.158704238,
  "token1_symbol": "WBNB",
  "token1_decimals": 18,
  "token1": 0,
  "token1_liquidity": 386953.71486381476,
  "token1_price": 350.46689497,
  "token1_posVal": 97800.94362308226,
  "token1_posValUSD": 34275993.03671766,
  "token1_debtVal": 61536.83595656612,
  "token1_debtValUSD": 21566623.82397598,
  "liquidity": 271069851.4037471,
  "tvl": 0,
  "health": 64459439.990590855,
  "debt": 37836797.98268022,
  "leverage": 2.421226261895322,
  "workerPositions": [
    {
      "name": "USDT-WBNB PancakeswapWorker",
      "address": "0x41867cc58aece8B570FF1A2a8aa6149014D2a94C",
      "vault": "ibWBNB",
      "borrowToken": "WBNB",
      "posVal": 97800.94362308226,
      "posValUSD": 34275993.03671766,
      "debtVal": 61536.83595656612,
      "debtValUSD": 21566623.82397598
    },
    {
      "name": "WBNB-USDT PancakeswapWorker",
      "address": "0x81b6534f4F7ba45Ecf98295Cef1450B4a4FC81Cd",
      "vault": "ibUSDT",
      "borrowToken": "USDT",
      "posVal": 30171378.402512196,
      "posValUSD": 30183446.9538732,
      "debtVal": 16263668.691227747,
      "debtValUSD": 16270174.158704238
    }
  ]
}