{
  "blockNo": 12636758,
  "lpName": "USDT-WBNB LP",
  "lpTokens": 0,
  "token0_symbol": "USDT",
  "token0_decimals": 18,
  "token0": 0,
  "token0_liquidity": 152681960.38030976,
  "token0_price": 1.00014833,
  "token0_posVal": 54273951.75473932,
  "token0_posValUSD": 54282002.2100031,
  "token0_debtVal": 31606075.613509797,
  "token0_debtValUSD": 31610763.74270555,
  "token1_symbol": "WBNB",
  "token1_decimals": 18,
  "token1": 0,
  "token1_liquidity": 236783.36074759837,
  "token1_price": 645.54920063,
  "token1_posVal": 129029.61641903332,
  "token1_posValUSD": 83294965.73690248,
  "token1_debtVal": 91103.0546105029,
  "token1_debtValUSD": 58811504.078761384,
  "liquidity": 305559916.94859004,
  "tvl": 0,
  "health": 137576967.94690558,
  "debt": 90422267.82146694,
  "leverage": 2.9175663842825847,
  "workerPositions": [
    {
      "name": "USDT-WBNB PancakeswapWorker",
      "address": "0x41867cc58aece8B570FF1A2a8aa6149014D2a94C",
      "vault": "ibWBNB",
      "borrowToken": "WBNB",
      "posVal": 129029.61641903332,
      "posValUSD": 83294965.73690248,
      "debtVal": 91103.0546105029,
      "debtValUSD": 58811504.078761384
    },
    {
      "name": "WBNB-USDT PancakeswapWorker",
      "address": "0x81b6534f4F7ba45Ecf98295Cef1450B4a4FC81Cd",
      "vault": "ibUSDT",
      "borrowToken": "USDT",
      "posVal": 54273951.75473932,
      "posValUSD": 54282002.2100031,
      "debtVal": 31606075.613509797,
      "debtValUSD": 31610763.74270555
    }
  ]
}