{
  "blockNo": 8949563,
  "lpName": "USDT-WBNB LP",
  "lpTokens": 0,
  "token0_symbol": "USDT",
  "token0_decimals": 18,
  "token0": 0,
  "token0_liquidity": 92835513.06636131,
  "token0_price": 1.00014646,
  "token0_posVal": 32935031.511269417,
  "token0_posValUSD": 32939855.175984558,
  "token0_debtVal": 17496177.52553641,
  "token0_debtValUSD": 17498740.0156968,
  "token1_symbol": "WBNB",
  "token1_decimals": 18,
  "token1": 0,
  "token1_liquidity": 274622.61497362785,
  "token1_price": 338.35386531,
  "token1_posVal": 83675.1052522684,
  "token1_posValUSD": 28311795.292326096,
  "token1_debtVal": 52589.58811003349,
  "token1_debtValUSD": 17793890.412090648,
  "liquidity": 185768733.03347188,
  "tvl": 0,
  "health": 61251650.468310654,
  "debt": 35292630.42778745,
  "leverage": 2.359551723165746,
  "workerPositions": [
    {
      "name": "USDT-WBNB PancakeswapWorker",
      "address": "0x41867cc58aece8B570FF1A2a8aa6149014D2a94C",
      "vault": "ibWBNB",
      "borrowToken": "WBNB",
      "posVal": 83675.1052522684,
      "posValUSD": 28311795.292326096,
      "debtVal": 52589.58811003349,
      "debtValUSD": 17793890.412090648
    },
    {
      "name": "WBNB-USDT PancakeswapWorker",
      "address": "0x81b6534f4F7ba45Ecf98295Cef1450B4a4FC81Cd",
      "vault": "ibUSDT",
      "borrowToken": "USDT",
      "posVal": 32935031.511269417,
      "posValUSD": 32939855.175984558,
      "debtVal": 17496177.52553641,
      "debtValUSD": 17498740.0156968
    }
  ]
}