{
  "blockNo": 15346287,
  "lpName": "USDT-WBNB LP",
  "lpTokens": 0,
  "token0_symbol": "USDT",
  "token0_decimals": 18,
  "token0": 0,
  "token0_liquidity": 98800612.83397526,
  "token0_price": 1.00060314,
  "token0_posVal": 28537987.271094333,
  "token0_posValUSD": 28555199.67273702,
  "token0_debtVal": 16287905.265330667,
  "token0_debtValUSD": 16297729.152512398,
  "token1_symbol": "WBNB",
  "token1_decimals": 18,
  "token1": 0,
  "token1_liquidity": 244353.53108628106,
  "token1_price": 404.95247247,
  "token1_posVal": 189959.83451692032,
  "token1_posValUSD": 76924704.65761892,
  "token1_debtVal": 118248.42988512105,
  "token1_debtValUSD": 47884994.0476752,
  "liquidity": 197811770.00576445,
  "tvl": 0,
  "health": 105479904.33035594,
  "debt": 64182723.20018759,
  "leverage": 2.554167171795194,
  "workerPositions": [
    {
      "name": "USDT-WBNB PancakeswapWorker",
      "address": "0x41867cc58aece8B570FF1A2a8aa6149014D2a94C",
      "vault": "ibWBNB",
      "borrowToken": "WBNB",
      "posVal": 189959.83451692032,
      "posValUSD": 76924704.65761892,
      "debtVal": 118248.42988512105,
      "debtValUSD": 47884994.0476752
    },
    {
      "name": "WBNB-USDT PancakeswapWorker",
      "address": "0x81b6534f4F7ba45Ecf98295Cef1450B4a4FC81Cd",
      "vault": "ibUSDT",
      "borrowToken": "USDT",
      "posVal": 28537987.271094333,
      "posValUSD": 28555199.67273702,
      "debtVal": 16287905.265330667,
      "debtValUSD": 16297729.152512398
    }
  ]
}