{
  "blockNo": 10367451,
  "lpName": "USDT-WBNB LP",
  "lpTokens": 0,
  "token0_symbol": "USDT",
  "token0_decimals": 18,
  "token0": 0,
  "token0_liquidity": 132326407.06613588,
  "token0_price": 1.00022879,
  "token0_posVal": 37994606.30256577,
  "token0_posValUSD": 38003299.08854173,
  "token0_debtVal": 20681554.03095925,
  "token0_debtValUSD": 20686285.76370599,
  "token1_symbol": "WBNB",
  "token1_decimals": 18,
  "token1": 0,
  "token1_liquidity": 268723.9749963916,
  "token1_price": 491.48543841,
  "token1_posVal": 102270.08274836757,
  "token1_posValUSD": 50264256.45580841,
  "token1_debtVal": 70372.39373120439,
  "token1_debtValUSD": 34587006.78494212,
  "liquidity": 264430602.68718797,
  "tvl": 0,
  "health": 88267555.54435015,
  "debt": 55273292.54864811,
  "leverage": 2.6752394971164604,
  "workerPositions": [
    {
      "name": "USDT-WBNB PancakeswapWorker",
      "address": "0x41867cc58aece8B570FF1A2a8aa6149014D2a94C",
      "vault": "ibWBNB",
      "borrowToken": "WBNB",
      "posVal": 102270.08274836757,
      "posValUSD": 50264256.45580841,
      "debtVal": 70372.39373120439,
      "debtValUSD": 34587006.78494212
    },
    {
      "name": "WBNB-USDT PancakeswapWorker",
      "address": "0x81b6534f4F7ba45Ecf98295Cef1450B4a4FC81Cd",
      "vault": "ibUSDT",
      "borrowToken": "USDT",
      "posVal": 37994606.30256577,
      "posValUSD": 38003299.08854173,
      "debtVal": 20681554.03095925,
      "debtValUSD": 20686285.76370599
    }
  ]
}