{
  "blockNo": 12807498,
  "lpName": "USDT-WBNB LP",
  "lpTokens": 0,
  "token0_symbol": "USDT",
  "token0_decimals": 18,
  "token0": 0,
  "token0_liquidity": 152730347.1528971,
  "token0_price": 1.00166629,
  "token0_posVal": 65592651.46926895,
  "token0_posValUSD": 65701947.84848567,
  "token0_debtVal": 37291333.38071178,
  "token0_debtValUSD": 37353471.556610726,
  "token1_symbol": "WBNB",
  "token1_decimals": 18,
  "token1": 0,
  "token1_liquidity": 260704.47712204963,
  "token1_price": 587.30499283,
  "token1_posVal": 146759.7497818923,
  "token1_posValUSD": 86192733.79338683,
  "token1_debtVal": 98432.11980328702,
  "token1_debtValUSD": 57809675.41531118,
  "liquidity": 306097881.26996875,
  "tvl": 0,
  "health": 151894681.6418725,
  "debt": 95163146.9719219,
  "leverage": 2.6774294495214437,
  "workerPositions": [
    {
      "name": "USDT-WBNB PancakeswapWorker",
      "address": "0x41867cc58aece8B570FF1A2a8aa6149014D2a94C",
      "vault": "ibWBNB",
      "borrowToken": "WBNB",
      "posVal": 146759.7497818923,
      "posValUSD": 86192733.79338683,
      "debtVal": 98432.11980328702,
      "debtValUSD": 57809675.41531118
    },
    {
      "name": "WBNB-USDT PancakeswapWorker",
      "address": "0x81b6534f4F7ba45Ecf98295Cef1450B4a4FC81Cd",
      "vault": "ibUSDT",
      "borrowToken": "USDT",
      "posVal": 65592651.46926895,
      "posValUSD": 65701947.84848567,
      "debtVal": 37291333.38071178,
      "debtValUSD": 37353471.556610726
    }
  ]
}