{
  "blockNo": 16213699,
  "lpName": "USDT-WBNB LP",
  "lpTokens": 0,
  "token0_symbol": "USDT",
  "token0_decimals": 18,
  "token0": 0,
  "token0_liquidity": 125970020.41406988,
  "token0_price": 1.00041382,
  "token0_posVal": 48019574.27387298,
  "token0_posValUSD": 48039445.734098986,
  "token0_debtVal": 25220665.704090852,
  "token0_debtValUSD": 25231102.519972518,
  "token1_symbol": "WBNB",
  "token1_decimals": 18,
  "token1": 0,
  "token1_liquidity": 317449.52317475213,
  "token1_price": 396.84240688,
  "token1_posVal": 177511.01967853738,
  "token1_posValUSD": 70443900.29695381,
  "token1_debtVal": 111027.51169931378,
  "token1_debtValUSD": 44060424.97265304,
  "liquidity": 251999582.1674946,
  "tvl": 0,
  "health": 118483346.0310528,
  "debt": 69291527.49262556,
  "leverage": 2.408598615611192,
  "workerPositions": [
    {
      "name": "USDT-WBNB PancakeswapWorker",
      "address": "0x41867cc58aece8B570FF1A2a8aa6149014D2a94C",
      "vault": "ibWBNB",
      "borrowToken": "WBNB",
      "posVal": 177511.01967853738,
      "posValUSD": 70443900.29695381,
      "debtVal": 111027.51169931378,
      "debtValUSD": 44060424.97265304
    },
    {
      "name": "WBNB-USDT PancakeswapWorker",
      "address": "0x81b6534f4F7ba45Ecf98295Cef1450B4a4FC81Cd",
      "vault": "ibUSDT",
      "borrowToken": "USDT",
      "posVal": 48019574.27387298,
      "posValUSD": 48039445.734098986,
      "debtVal": 25220665.704090852,
      "debtValUSD": 25231102.519972518
    }
  ]
}