{
  "blockNo": 13195035,
  "lpName": "USDT-WBNB LP",
  "lpTokens": 0,
  "token0_symbol": "USDT",
  "token0_decimals": 18,
  "token0": 0,
  "token0_liquidity": 140207810.25787833,
  "token0_price": 1.00135429,
  "token0_posVal": 50864814.19879826,
  "token0_posValUSD": 50933699.90801956,
  "token0_debtVal": 30941670.482554805,
  "token0_debtValUSD": 30983574.477472626,
  "token1_symbol": "WBNB",
  "token1_decimals": 18,
  "token1": 0,
  "token1_liquidity": 248282.8541954235,
  "token1_price": 565.37834979,
  "token1_posVal": 139358.77758036344,
  "token1_posValUSD": 78790435.69713753,
  "token1_debtVal": 91013.34185171533,
  "token1_debtValUSD": 51456973.02499596,
  "liquidity": 280771442.6793922,
  "tvl": 0,
  "health": 129724135.60515709,
  "debt": 82440547.50246859,
  "leverage": 2.7435340846686103,
  "workerPositions": [
    {
      "name": "USDT-WBNB PancakeswapWorker",
      "address": "0x41867cc58aece8B570FF1A2a8aa6149014D2a94C",
      "vault": "ibWBNB",
      "borrowToken": "WBNB",
      "posVal": 139358.77758036344,
      "posValUSD": 78790435.69713753,
      "debtVal": 91013.34185171533,
      "debtValUSD": 51456973.02499596
    },
    {
      "name": "WBNB-USDT PancakeswapWorker",
      "address": "0x81b6534f4F7ba45Ecf98295Cef1450B4a4FC81Cd",
      "vault": "ibUSDT",
      "borrowToken": "USDT",
      "posVal": 50864814.19879826,
      "posValUSD": 50933699.90801956,
      "debtVal": 30941670.482554805,
      "debtValUSD": 30983574.477472626
    }
  ]
}