{
  "blockNo": 13402826,
  "lpName": "USDT-WBNB LP",
  "lpTokens": 0,
  "token0_symbol": "USDT",
  "token0_decimals": 18,
  "token0": 0,
  "token0_liquidity": 127849204.70363404,
  "token0_price": 1.00050284,
  "token0_posVal": 46380644.597932875,
  "token0_posValUSD": 46403966.6412625,
  "token0_debtVal": 28746485.885037933,
  "token0_debtValUSD": 28760940.768000364,
  "token1_symbol": "WBNB",
  "token1_decimals": 18,
  "token1": 0,
  "token1_liquidity": 227599.37374590035,
  "token1_price": 562.43,
  "token1_posVal": 144260.17931409166,
  "token1_posValUSD": 81136252.65162456,
  "token1_debtVal": 93947.8446611811,
  "token1_debtValUSD": 52839086.27278808,
  "liquidity": 255922208.17363393,
  "tvl": 0,
  "health": 127540219.29288706,
  "debt": 81600027.04078844,
  "leverage": 2.7762230204219667,
  "workerPositions": [
    {
      "name": "USDT-WBNB PancakeswapWorker",
      "address": "0x41867cc58aece8B570FF1A2a8aa6149014D2a94C",
      "vault": "ibWBNB",
      "borrowToken": "WBNB",
      "posVal": 144260.17931409166,
      "posValUSD": 81136252.65162456,
      "debtVal": 93947.8446611811,
      "debtValUSD": 52839086.27278808
    },
    {
      "name": "WBNB-USDT PancakeswapWorker",
      "address": "0x81b6534f4F7ba45Ecf98295Cef1450B4a4FC81Cd",
      "vault": "ibUSDT",
      "borrowToken": "USDT",
      "posVal": 46380644.597932875,
      "posValUSD": 46403966.6412625,
      "debtVal": 28746485.885037933,
      "debtValUSD": 28760940.768000364
    }
  ]
}