{
  "blockNo": 14069108,
  "lpName": "USDT-WBNB LP",
  "lpTokens": 0,
  "token0_symbol": "USDT",
  "token0_decimals": 18,
  "token0": 0,
  "token0_liquidity": 142450047.2952463,
  "token0_price": 1.00003684,
  "token0_posVal": 49062451.50831883,
  "token0_posValUSD": 49064258.96903239,
  "token0_debtVal": 31162255.80459048,
  "token0_debtValUSD": 31163403.822094318,
  "token1_symbol": "WBNB",
  "token1_decimals": 18,
  "token1": 0,
  "token1_liquidity": 277482.81719116634,
  "token1_price": 514.08684722,
  "token1_posVal": 160811.89783151718,
  "token1_posValUSD": 82671281.55166942,
  "token1_debtVal": 100715.2214090092,
  "token1_debtValUSD": 51776370.641221784,
  "liquidity": 285105561.80251896,
  "tvl": 0,
  "health": 131735540.52070181,
  "debt": 82939774.4633161,
  "leverage": 2.699733013019525,
  "workerPositions": [
    {
      "name": "USDT-WBNB PancakeswapWorker",
      "address": "0x41867cc58aece8B570FF1A2a8aa6149014D2a94C",
      "vault": "ibWBNB",
      "borrowToken": "WBNB",
      "posVal": 160811.89783151718,
      "posValUSD": 82671281.55166942,
      "debtVal": 100715.2214090092,
      "debtValUSD": 51776370.641221784
    },
    {
      "name": "WBNB-USDT PancakeswapWorker",
      "address": "0x81b6534f4F7ba45Ecf98295Cef1450B4a4FC81Cd",
      "vault": "ibUSDT",
      "borrowToken": "USDT",
      "posVal": 49062451.50831883,
      "posValUSD": 49064258.96903239,
      "debtVal": 31162255.80459048,
      "debtValUSD": 31163403.822094318
    }
  ]
}