{
  "blockNo": 13604786,
  "lpName": "USDT-WBNB LP",
  "lpTokens": 0,
  "token0_symbol": "USDT",
  "token0_decimals": 18,
  "token0": 0,
  "token0_liquidity": 146701680.5565463,
  "token0_price": 1.00036607,
  "token0_posVal": 50823200.53171574,
  "token0_posValUSD": 50841805.38073439,
  "token0_debtVal": 31551052.154887047,
  "token0_debtValUSD": 31562602.04854939,
  "token1_symbol": "WBNB",
  "token1_decimals": 18,
  "token1": 0,
  "token1_liquidity": 272479.2588243013,
  "token1_price": 538.66,
  "token1_posVal": 153546.0355430676,
  "token1_posValUSD": 82709107.5056288,
  "token1_debtVal": 98162.6302101393,
  "token1_debtValUSD": 52876282.38899363,
  "liquidity": 293529061.1990458,
  "tvl": 0,
  "health": 133550912.88636318,
  "debt": 84438884.43754302,
  "leverage": 2.719311686047281,
  "workerPositions": [
    {
      "name": "USDT-WBNB PancakeswapWorker",
      "address": "0x41867cc58aece8B570FF1A2a8aa6149014D2a94C",
      "vault": "ibWBNB",
      "borrowToken": "WBNB",
      "posVal": 153546.0355430676,
      "posValUSD": 82709107.5056288,
      "debtVal": 98162.6302101393,
      "debtValUSD": 52876282.38899363
    },
    {
      "name": "WBNB-USDT PancakeswapWorker",
      "address": "0x81b6534f4F7ba45Ecf98295Cef1450B4a4FC81Cd",
      "vault": "ibUSDT",
      "borrowToken": "USDT",
      "posVal": 50823200.53171574,
      "posValUSD": 50841805.38073439,
      "debtVal": 31551052.154887047,
      "debtValUSD": 31562602.04854939
    }
  ]
}