{
  "blockNo": 17795659,
  "lpName": "USDT-WBNB LP",
  "lpTokens": 0,
  "token0_symbol": "USDT",
  "token0_decimals": 18,
  "token0": 0,
  "token0_liquidity": 88815501.37784989,
  "token0_price": 0.99896863,
  "token0_posVal": 29195598.77999427,
  "token0_posValUSD": 29165487.31528055,
  "token0_debtVal": 18191904.682319403,
  "token0_debtValUSD": 18173142.097587198,
  "token1_symbol": "WBNB",
  "token1_decimals": 18,
  "token1": 0,
  "token1_liquidity": 317944.0827234463,
  "token1_price": 279.68785607,
  "token1_posVal": 22589.461168576094,
  "token1_posValUSD": 6317997.964015565,
  "token1_debtVal": 10717.414630742058,
  "token1_debtValUSD": 2997530.720685497,
  "liquidity": 177648998.58125722,
  "tvl": 0,
  "health": 35483485.279296115,
  "debt": 21170672.818272695,
  "leverage": 2.479141355056846,
  "workerPositions": [
    {
      "name": "USDT-WBNB PancakeswapWorker",
      "address": "0x41867cc58aece8B570FF1A2a8aa6149014D2a94C",
      "vault": "ibWBNB",
      "borrowToken": "WBNB",
      "posVal": 22589.461168576094,
      "posValUSD": 6317997.964015565,
      "debtVal": 10717.414630742058,
      "debtValUSD": 2997530.720685497
    },
    {
      "name": "WBNB-USDT PancakeswapWorker",
      "address": "0x81b6534f4F7ba45Ecf98295Cef1450B4a4FC81Cd",
      "vault": "ibUSDT",
      "borrowToken": "USDT",
      "posVal": 29195598.77999427,
      "posValUSD": 29165487.31528055,
      "debtVal": 18191904.682319403,
      "debtValUSD": 18173142.097587198
    }
  ]
}