{
  "blockNo": 14447322,
  "lpName": "USDT-WBNB LP",
  "lpTokens": 0,
  "token0_symbol": "USDT",
  "token0_decimals": 18,
  "token0": 0,
  "token0_liquidity": 90371913.72035547,
  "token0_price": 1.00035804,
  "token0_posVal": 28843335.71007013,
  "token0_posValUSD": 28853662.777987763,
  "token0_debtVal": 17596522.04838821,
  "token0_debtValUSD": 17602822.307142414,
  "token1_symbol": "WBNB",
  "token1_decimals": 18,
  "token1": 0,
  "token1_liquidity": 190967.79598548912,
  "token1_price": 472.88751655,
  "token1_posVal": 103967.37651300598,
  "token1_posValUSD": 49164874.48145419,
  "token1_debtVal": 66911.32716839884,
  "token1_debtValUSD": 31641531.33372867,
  "liquidity": 180710557.2649489,
  "tvl": 0,
  "health": 78018537.25944196,
  "debt": 49244353.640871085,
  "leverage": 2.7114074996410586,
  "workerPositions": [
    {
      "name": "USDT-WBNB PancakeswapWorker",
      "address": "0x41867cc58aece8B570FF1A2a8aa6149014D2a94C",
      "vault": "ibWBNB",
      "borrowToken": "WBNB",
      "posVal": 103967.37651300598,
      "posValUSD": 49164874.48145419,
      "debtVal": 66911.32716839884,
      "debtValUSD": 31641531.33372867
    },
    {
      "name": "WBNB-USDT PancakeswapWorker",
      "address": "0x81b6534f4F7ba45Ecf98295Cef1450B4a4FC81Cd",
      "vault": "ibUSDT",
      "borrowToken": "USDT",
      "posVal": 28843335.71007013,
      "posValUSD": 28853662.777987763,
      "debtVal": 17596522.04838821,
      "debtValUSD": 17602822.307142414
    }
  ]
}