{
  "blockNo": 16627442,
  "lpName": "USDT-WBNB LP",
  "lpTokens": 0,
  "token0_symbol": "USDT",
  "token0_decimals": 18,
  "token0": 0,
  "token0_liquidity": 159950279.2254093,
  "token0_price": 1.00038518,
  "token0_posVal": 50615527.67060291,
  "token0_posValUSD": 50635023.75955108,
  "token0_debtVal": 24627607.853227507,
  "token0_debtValUSD": 24637093.915220417,
  "token1_symbol": "WBNB",
  "token1_decimals": 18,
  "token1": 0,
  "token1_liquidity": 356924.276610829,
  "token1_price": 447.83873803,
  "token1_posVal": 153516.91833750418,
  "token1_posValUSD": 68750822.97452244,
  "token1_debtVal": 102311.85254658911,
  "token1_debtValUSD": 45819210.92997591,
  "liquidity": 319856406.48362565,
  "tvl": 0,
  "health": 119385846.73407352,
  "debt": 70456304.84519634,
  "leverage": 2.43995431237039,
  "workerPositions": [
    {
      "name": "USDT-WBNB PancakeswapWorker",
      "address": "0x41867cc58aece8B570FF1A2a8aa6149014D2a94C",
      "vault": "ibWBNB",
      "borrowToken": "WBNB",
      "posVal": 153516.91833750418,
      "posValUSD": 68750822.97452244,
      "debtVal": 102311.85254658911,
      "debtValUSD": 45819210.92997591
    },
    {
      "name": "WBNB-USDT PancakeswapWorker",
      "address": "0x81b6534f4F7ba45Ecf98295Cef1450B4a4FC81Cd",
      "vault": "ibUSDT",
      "borrowToken": "USDT",
      "posVal": 50615527.67060291,
      "posValUSD": 50635023.75955108,
      "debtVal": 24627607.853227507,
      "debtValUSD": 24637093.915220417
    }
  ]
}