{
  "blockNo": 9731321,
  "lpName": "USDT-WBNB LP",
  "lpTokens": 0,
  "token0_symbol": "USDT",
  "token0_decimals": 18,
  "token0": 0,
  "token0_liquidity": 130943011.70459364,
  "token0_price": 1.00008982,
  "token0_posVal": 28471170.99287876,
  "token0_posValUSD": 28473728.273457337,
  "token0_debtVal": 16029888.807076795,
  "token0_debtValUSD": 16031328.611689445,
  "token1_symbol": "WBNB",
  "token1_decimals": 18,
  "token1": 0,
  "token1_liquidity": 407527.0010466145,
  "token1_price": 321.19314119,
  "token1_posVal": 109945.63853368128,
  "token1_posValUSD": 35313785.0007734,
  "token1_debtVal": 66460.14402131394,
  "token1_debtValUSD": 21346542.422145624,
  "liquidity": 261849650.59180748,
  "tvl": 0,
  "health": 63787513.27423073,
  "debt": 37377871.03383507,
  "leverage": 2.4153115249953148,
  "workerPositions": [
    {
      "name": "USDT-WBNB PancakeswapWorker",
      "address": "0x41867cc58aece8B570FF1A2a8aa6149014D2a94C",
      "vault": "ibWBNB",
      "borrowToken": "WBNB",
      "posVal": 109945.63853368128,
      "posValUSD": 35313785.0007734,
      "debtVal": 66460.14402131394,
      "debtValUSD": 21346542.422145624
    },
    {
      "name": "WBNB-USDT PancakeswapWorker",
      "address": "0x81b6534f4F7ba45Ecf98295Cef1450B4a4FC81Cd",
      "vault": "ibUSDT",
      "borrowToken": "USDT",
      "posVal": 28471170.99287876,
      "posValUSD": 28473728.273457337,
      "debtVal": 16029888.807076795,
      "debtValUSD": 16031328.611689445
    }
  ]
}