{
  "blockNo": 12932827,
  "lpName": "USDT-WBNB LP",
  "lpTokens": 0,
  "token0_symbol": "USDT",
  "token0_decimals": 18,
  "token0": 0,
  "token0_liquidity": 152928765.3443516,
  "token0_price": 1.00021115,
  "token0_posVal": 65588322.54578659,
  "token0_posValUSD": 65602171.52009213,
  "token0_debtVal": 37170913.94158045,
  "token0_debtValUSD": 37178762.580059215,
  "token1_symbol": "WBNB",
  "token1_decimals": 18,
  "token1": 0,
  "token1_liquidity": 255184.5641460397,
  "token1_price": 600.53741419,
  "token1_posVal": 142376.5446187137,
  "token1_posValUSD": 85502441.9466295,
  "token1_debtVal": 96300.66214595329,
  "token1_debtValUSD": 57832150.62991561,
  "liquidity": 306208934.54661894,
  "tvl": 0,
  "health": 151104613.46672162,
  "debt": 95010913.20997483,
  "leverage": 2.6937893698418867,
  "workerPositions": [
    {
      "name": "USDT-WBNB PancakeswapWorker",
      "address": "0x41867cc58aece8B570FF1A2a8aa6149014D2a94C",
      "vault": "ibWBNB",
      "borrowToken": "WBNB",
      "posVal": 142376.5446187137,
      "posValUSD": 85502441.9466295,
      "debtVal": 96300.66214595329,
      "debtValUSD": 57832150.62991561
    },
    {
      "name": "WBNB-USDT PancakeswapWorker",
      "address": "0x81b6534f4F7ba45Ecf98295Cef1450B4a4FC81Cd",
      "vault": "ibUSDT",
      "borrowToken": "USDT",
      "posVal": 65588322.54578659,
      "posValUSD": 65602171.52009213,
      "debtVal": 37170913.94158045,
      "debtValUSD": 37178762.580059215
    }
  ]
}