{
  "blockNo": 13649154,
  "lpName": "USDT-WBNB LP",
  "lpTokens": 0,
  "token0_symbol": "USDT",
  "token0_decimals": 18,
  "token0": 0,
  "token0_liquidity": 143475750.9997613,
  "token0_price": 1.00035778,
  "token0_posVal": 49262192.866457,
  "token0_posValUSD": 49279817.89382076,
  "token0_debtVal": 31226807.753324125,
  "token0_debtValUSD": 31237980.080602113,
  "token1_symbol": "WBNB",
  "token1_decimals": 18,
  "token1": 0,
  "token1_liquidity": 276851.6976547085,
  "token1_price": 518.58760738,
  "token1_posVal": 155612.1332315724,
  "token1_posValUSD": 80698523.85185891,
  "token1_debtVal": 97641.03067446295,
  "token1_debtValUSD": 50635428.47958693,
  "liquidity": 287098943.23980045,
  "tvl": 0,
  "health": 129978341.74567968,
  "debt": 81873408.56018904,
  "leverage": 2.701975309777244,
  "workerPositions": [
    {
      "name": "USDT-WBNB PancakeswapWorker",
      "address": "0x41867cc58aece8B570FF1A2a8aa6149014D2a94C",
      "vault": "ibWBNB",
      "borrowToken": "WBNB",
      "posVal": 155612.1332315724,
      "posValUSD": 80698523.85185891,
      "debtVal": 97641.03067446295,
      "debtValUSD": 50635428.47958693
    },
    {
      "name": "WBNB-USDT PancakeswapWorker",
      "address": "0x81b6534f4F7ba45Ecf98295Cef1450B4a4FC81Cd",
      "vault": "ibUSDT",
      "borrowToken": "USDT",
      "posVal": 49262192.866457,
      "posValUSD": 49279817.89382076,
      "debtVal": 31226807.753324125,
      "debtValUSD": 31237980.080602113
    }
  ]
}