{
  "blockNo": 10839190,
  "lpName": "USDT-WBNB LP",
  "lpTokens": 0,
  "token0_symbol": "USDT",
  "token0_decimals": 18,
  "token0": 0,
  "token0_liquidity": 117117267.61473432,
  "token0_price": 1.00011781,
  "token0_posVal": 44803774.224852785,
  "token0_posValUSD": 44809052.55749422,
  "token0_debtVal": 26885965.655114856,
  "token0_debtValUSD": 26889133.09072869,
  "token1_symbol": "WBNB",
  "token1_decimals": 18,
  "token1": 0,
  "token1_liquidity": 288703.20916482294,
  "token1_price": 405.39536745,
  "token1_posVal": 136341.1293416084,
  "token1_posValUSD": 55272062.227989316,
  "token1_debtVal": 81258.0070289339,
  "token1_debtValUSD": 32941619.61774934,
  "liquidity": 234170008.7633996,
  "tvl": 0,
  "health": 100081114.78548354,
  "debt": 59830752.70847803,
  "leverage": 2.4864649563651637,
  "workerPositions": [
    {
      "name": "USDT-WBNB PancakeswapWorker",
      "address": "0x41867cc58aece8B570FF1A2a8aa6149014D2a94C",
      "vault": "ibWBNB",
      "borrowToken": "WBNB",
      "posVal": 136341.1293416084,
      "posValUSD": 55272062.227989316,
      "debtVal": 81258.0070289339,
      "debtValUSD": 32941619.61774934
    },
    {
      "name": "WBNB-USDT PancakeswapWorker",
      "address": "0x81b6534f4F7ba45Ecf98295Cef1450B4a4FC81Cd",
      "vault": "ibUSDT",
      "borrowToken": "USDT",
      "posVal": 44803774.224852785,
      "posValUSD": 44809052.55749422,
      "debtVal": 26885965.655114856,
      "debtValUSD": 26889133.09072869
    }
  ]
}