{
  "blockNo": 10794098,
  "lpName": "USDT-WBNB LP",
  "lpTokens": 0,
  "token0_symbol": "USDT",
  "token0_decimals": 18,
  "token0": 0,
  "token0_liquidity": 126361236.24460554,
  "token0_price": 1.00004991,
  "token0_posVal": 45989451.633090556,
  "token0_posValUSD": 45991746.96662156,
  "token0_debtVal": 27606749.878004536,
  "token0_debtValUSD": 27608127.73089095,
  "token1_symbol": "WBNB",
  "token1_decimals": 18,
  "token1": 0,
  "token1_liquidity": 308758.60217124154,
  "token1_price": 409.26544159,
  "token1_posVal": 137435.80090123208,
  "token1_posValUSD": 56247723.74611807,
  "token1_debtVal": 82017.32345117352,
  "token1_debtValUSD": 33566856.1002744,
  "liquidity": 252731768.5962308,
  "tvl": 0,
  "health": 102239470.71273963,
  "debt": 61174983.83116534,
  "leverage": 2.4897296539364446,
  "workerPositions": [
    {
      "name": "USDT-WBNB PancakeswapWorker",
      "address": "0x41867cc58aece8B570FF1A2a8aa6149014D2a94C",
      "vault": "ibWBNB",
      "borrowToken": "WBNB",
      "posVal": 137435.80090123208,
      "posValUSD": 56247723.74611807,
      "debtVal": 82017.32345117352,
      "debtValUSD": 33566856.1002744
    },
    {
      "name": "WBNB-USDT PancakeswapWorker",
      "address": "0x81b6534f4F7ba45Ecf98295Cef1450B4a4FC81Cd",
      "vault": "ibUSDT",
      "borrowToken": "USDT",
      "posVal": 45989451.633090556,
      "posValUSD": 45991746.96662156,
      "debtVal": 27606749.878004536,
      "debtValUSD": 27608127.73089095
    }
  ]
}