{
  "blockNo": 14651509,
  "lpName": "USDT-WBNB LP",
  "lpTokens": 0,
  "token0_symbol": "USDT",
  "token0_decimals": 18,
  "token0": 0,
  "token0_liquidity": 86009673.40248783,
  "token0_price": 1.00064458,
  "token0_posVal": 34677166.035950065,
  "token0_posValUSD": 34699518.243633516,
  "token0_debtVal": 22134747.881436735,
  "token0_debtValUSD": 22149015.49722615,
  "token1_symbol": "WBNB",
  "token1_decimals": 18,
  "token1": 0,
  "token1_liquidity": 240630.05527137665,
  "token1_price": 358.90304164,
  "token1_posVal": 124374.02318412521,
  "token1_posValUSD": 44638215.22178642,
  "token1_debtVal": 72462.08578016469,
  "token1_debtValUSD": 26006862.9900797,
  "liquidity": 172427972.264668,
  "tvl": 0,
  "health": 79337733.46541993,
  "debt": 48155878.48730585,
  "leverage": 2.5443557966998913,
  "workerPositions": [
    {
      "name": "USDT-WBNB PancakeswapWorker",
      "address": "0x41867cc58aece8B570FF1A2a8aa6149014D2a94C",
      "vault": "ibWBNB",
      "borrowToken": "WBNB",
      "posVal": 124374.02318412521,
      "posValUSD": 44638215.22178642,
      "debtVal": 72462.08578016469,
      "debtValUSD": 26006862.9900797
    },
    {
      "name": "WBNB-USDT PancakeswapWorker",
      "address": "0x81b6534f4F7ba45Ecf98295Cef1450B4a4FC81Cd",
      "vault": "ibUSDT",
      "borrowToken": "USDT",
      "posVal": 34677166.035950065,
      "posValUSD": 34699518.243633516,
      "debtVal": 22134747.881436735,
      "debtValUSD": 22149015.49722615
    }
  ]
}