{
  "blockNo": 11201318,
  "lpName": "USDT-WBNB LP",
  "lpTokens": 0,
  "token0_symbol": "USDT",
  "token0_decimals": 18,
  "token0": 0,
  "token0_liquidity": 128067987.49657615,
  "token0_price": 1.00047816,
  "token0_posVal": 45291355.21588555,
  "token0_posValUSD": 45313011.730295576,
  "token0_debtVal": 28017153.0544927,
  "token0_debtValUSD": 28030549.736397233,
  "token1_symbol": "WBNB",
  "token1_decimals": 18,
  "token1": 0,
  "token1_liquidity": 365913.74125830975,
  "token1_price": 350.9671594,
  "token1_posVal": 164688.7084070465,
  "token1_posValUSD": 57800328.17487601,
  "token1_debtVal": 97531.01128792956,
  "token1_debtValUSD": 34230181.985133976,
  "liquidity": 256552930.84033304,
  "tvl": 0,
  "health": 103113339.90517159,
  "debt": 62260731.72153121,
  "leverage": 2.5240332132934373,
  "workerPositions": [
    {
      "name": "USDT-WBNB PancakeswapWorker",
      "address": "0x41867cc58aece8B570FF1A2a8aa6149014D2a94C",
      "vault": "ibWBNB",
      "borrowToken": "WBNB",
      "posVal": 164688.7084070465,
      "posValUSD": 57800328.17487601,
      "debtVal": 97531.01128792956,
      "debtValUSD": 34230181.985133976
    },
    {
      "name": "WBNB-USDT PancakeswapWorker",
      "address": "0x81b6534f4F7ba45Ecf98295Cef1450B4a4FC81Cd",
      "vault": "ibUSDT",
      "borrowToken": "USDT",
      "posVal": 45291355.21588555,
      "posValUSD": 45313011.730295576,
      "debtVal": 28017153.0544927,
      "debtValUSD": 28030549.736397233
    }
  ]
}