{
  "blockNo": 17976027,
  "lpName": "USDT-WBNB LP",
  "lpTokens": 0,
  "token0_symbol": "USDT",
  "token0_decimals": 18,
  "token0": 0,
  "token0_liquidity": 114814364.14727215,
  "token0_price": 0.99919027,
  "token0_posVal": 32892272.547971327,
  "token0_posValUSD": 32865638.688121058,
  "token0_debtVal": 19849700.955154397,
  "token0_debtValUSD": 19833628.05679998,
  "token1_symbol": "WBNB",
  "token1_decimals": 18,
  "token1": 0,
  "token1_liquidity": 380157.60447682795,
  "token1_price": 302.36,
  "token1_posVal": 153240.8286765055,
  "token1_posValUSD": 46333896.95862821,
  "token1_debtVal": 78595.69852860192,
  "token1_debtValUSD": 23764195.407108076,
  "liquidity": 229665848.8018049,
  "tvl": 0,
  "health": 79199535.64674926,
  "debt": 43597823.46390806,
  "leverage": 2.2245990653483436,
  "workerPositions": [
    {
      "name": "USDT-WBNB PancakeswapWorker",
      "address": "0x41867cc58aece8B570FF1A2a8aa6149014D2a94C",
      "vault": "ibWBNB",
      "borrowToken": "WBNB",
      "posVal": 153240.8286765055,
      "posValUSD": 46333896.95862821,
      "debtVal": 78595.69852860192,
      "debtValUSD": 23764195.407108076
    },
    {
      "name": "WBNB-USDT PancakeswapWorker",
      "address": "0x81b6534f4F7ba45Ecf98295Cef1450B4a4FC81Cd",
      "vault": "ibUSDT",
      "borrowToken": "USDT",
      "posVal": 32892272.547971327,
      "posValUSD": 32865638.688121058,
      "debtVal": 19849700.955154397,
      "debtValUSD": 19833628.05679998
    }
  ]
}