{
  "blockNo": 8692481,
  "lpName": "USDT-WBNB LP",
  "lpTokens": 0,
  "token0_symbol": "USDT",
  "token0_decimals": 18,
  "token0": 0,
  "token0_liquidity": 66256903.03099426,
  "token0_price": 1.00045,
  "token0_posVal": 24826170.50530808,
  "token0_posValUSD": 24837342.28203547,
  "token0_debtVal": 14044858.363827258,
  "token0_debtValUSD": 14051178.550090982,
  "token1_symbol": "WBNB",
  "token1_decimals": 18,
  "token1": 0,
  "token1_liquidity": 230917.34095370045,
  "token1_price": 287.00082259,
  "token1_posVal": 53275.4662774579,
  "token1_posValUSD": 15290102.645496221,
  "token1_debtVal": 30026.35054381847,
  "token1_debtValUSD": 8617587.305451594,
  "liquidity": 132560185.44136573,
  "tvl": 0,
  "health": 40127444.92753169,
  "debt": 22668765.855542578,
  "leverage": 2.298423882017087,
  "workerPositions": [
    {
      "name": "USDT-WBNB PancakeswapWorker",
      "address": "0x41867cc58aece8B570FF1A2a8aa6149014D2a94C",
      "vault": "ibWBNB",
      "borrowToken": "WBNB",
      "posVal": 53275.4662774579,
      "posValUSD": 15290102.645496221,
      "debtVal": 30026.35054381847,
      "debtValUSD": 8617587.305451594
    },
    {
      "name": "WBNB-USDT PancakeswapWorker",
      "address": "0x81b6534f4F7ba45Ecf98295Cef1450B4a4FC81Cd",
      "vault": "ibUSDT",
      "borrowToken": "USDT",
      "posVal": 24826170.50530808,
      "posValUSD": 24837342.28203547,
      "debtVal": 14044858.363827258,
      "debtValUSD": 14051178.550090982
    }
  ]
}