{
  "blockNo": 10526831,
  "lpName": "USDT-WBNB LP",
  "lpTokens": 0,
  "token0_symbol": "USDT",
  "token0_decimals": 18,
  "token0": 0,
  "token0_liquidity": 128568199.2997604,
  "token0_price": 1.00036221,
  "token0_posVal": 55012495.550547615,
  "token0_posValUSD": 55032421.62656098,
  "token0_debtVal": 30652718.994686812,
  "token0_debtValUSD": 30663821.71603388,
  "token1_symbol": "WBNB",
  "token1_decimals": 18,
  "token1": 0,
  "token1_liquidity": 277111.9014652176,
  "token1_price": 465.22157026,
  "token1_posVal": 130241.26537415957,
  "token1_posValUSD": 60591045.99001589,
  "token1_debtVal": 84518.32460613856,
  "token1_debtValUSD": 39319747.68901218,
  "liquidity": 257533201.9246117,
  "tvl": 0,
  "health": 115623467.61657687,
  "debt": 69983569.40504606,
  "leverage": 2.533385746845616,
  "workerPositions": [
    {
      "name": "USDT-WBNB PancakeswapWorker",
      "address": "0x41867cc58aece8B570FF1A2a8aa6149014D2a94C",
      "vault": "ibWBNB",
      "borrowToken": "WBNB",
      "posVal": 130241.26537415957,
      "posValUSD": 60591045.99001589,
      "debtVal": 84518.32460613856,
      "debtValUSD": 39319747.68901218
    },
    {
      "name": "WBNB-USDT PancakeswapWorker",
      "address": "0x81b6534f4F7ba45Ecf98295Cef1450B4a4FC81Cd",
      "vault": "ibUSDT",
      "borrowToken": "USDT",
      "posVal": 55012495.550547615,
      "posValUSD": 55032421.62656098,
      "debtVal": 30652718.994686812,
      "debtValUSD": 30663821.71603388
    }
  ]
}