{
  "blockNo": 14157649,
  "lpName": "USDT-WBNB LP",
  "lpTokens": 0,
  "token0_symbol": "USDT",
  "token0_decimals": 18,
  "token0": 0,
  "token0_liquidity": 114998614.86002125,
  "token0_price": 0.99987027,
  "token0_posVal": 34880552.295659296,
  "token0_posValUSD": 34876027.241609976,
  "token0_debtVal": 21777170.503416605,
  "token0_debtValUSD": 21774345.351087198,
  "token1_symbol": "WBNB",
  "token1_decimals": 18,
  "token1": 0,
  "token1_liquidity": 252653.92980323653,
  "token1_price": 454.98364652,
  "token1_posVal": 108174.61784861449,
  "token1_posValUSD": 49217682.0896701,
  "token1_debtVal": 65079.31537898746,
  "token1_debtValUSD": 29610024.22415683,
  "liquidity": 229937102.3792001,
  "tvl": 0,
  "health": 84093709.33128008,
  "debt": 51384369.575244024,
  "leverage": 2.5709387581191314,
  "workerPositions": [
    {
      "name": "USDT-WBNB PancakeswapWorker",
      "address": "0x41867cc58aece8B570FF1A2a8aa6149014D2a94C",
      "vault": "ibWBNB",
      "borrowToken": "WBNB",
      "posVal": 108174.61784861449,
      "posValUSD": 49217682.0896701,
      "debtVal": 65079.31537898746,
      "debtValUSD": 29610024.22415683
    },
    {
      "name": "WBNB-USDT PancakeswapWorker",
      "address": "0x81b6534f4F7ba45Ecf98295Cef1450B4a4FC81Cd",
      "vault": "ibUSDT",
      "borrowToken": "USDT",
      "posVal": 34880552.295659296,
      "posValUSD": 34876027.241609976,
      "debtVal": 21777170.503416605,
      "debtValUSD": 21774345.351087198
    }
  ]
}