{
  "blockNo": 17207456,
  "lpName": "USDT-WBNB LP",
  "lpTokens": 0,
  "token0_symbol": "USDT",
  "token0_decimals": 18,
  "token0": 0,
  "token0_liquidity": 161646661.5620496,
  "token0_price": 1.00009022,
  "token0_posVal": 53962496.49915664,
  "token0_posValUSD": 53967364.99559079,
  "token0_debtVal": 27883311.76127026,
  "token0_debtValUSD": 27885827.393657357,
  "token1_symbol": "WBNB",
  "token1_decimals": 18,
  "token1": 0,
  "token1_liquidity": 397754.38281352975,
  "token1_price": 406.16998663,
  "token1_posVal": 181786.2878885925,
  "token1_posValUSD": 73836134.12122694,
  "token1_debtVal": 113917.36441817989,
  "token1_debtValUSD": 46269814.38265696,
  "liquidity": 323217137.673251,
  "tvl": 0,
  "health": 127803499.11681773,
  "debt": 74155641.77631432,
  "leverage": 2.3822666076978214,
  "workerPositions": [
    {
      "name": "USDT-WBNB PancakeswapWorker",
      "address": "0x41867cc58aece8B570FF1A2a8aa6149014D2a94C",
      "vault": "ibWBNB",
      "borrowToken": "WBNB",
      "posVal": 181786.2878885925,
      "posValUSD": 73836134.12122694,
      "debtVal": 113917.36441817989,
      "debtValUSD": 46269814.38265696
    },
    {
      "name": "WBNB-USDT PancakeswapWorker",
      "address": "0x81b6534f4F7ba45Ecf98295Cef1450B4a4FC81Cd",
      "vault": "ibUSDT",
      "borrowToken": "USDT",
      "posVal": 53962496.49915664,
      "posValUSD": 53967364.99559079,
      "debtVal": 27883311.76127026,
      "debtValUSD": 27885827.393657357
    }
  ]
}