{
  "blockNo": 9655499,
  "lpName": "USDT-WBNB LP",
  "lpTokens": 0,
  "token0_symbol": "USDT",
  "token0_decimals": 18,
  "token0": 0,
  "token0_liquidity": 124738114.62189199,
  "token0_price": 1.00062725,
  "token0_posVal": 30740552.672527276,
  "token0_posValUSD": 30759834.68419112,
  "token0_debtVal": 16826795.132611863,
  "token0_debtValUSD": 16837349.739858795,
  "token1_symbol": "WBNB",
  "token1_decimals": 18,
  "token1": 0,
  "token1_liquidity": 362963.1422591531,
  "token1_price": 343.96898614,
  "token1_posVal": 113291.94712935138,
  "token1_posValUSD": 38968916.19190948,
  "token1_debtVal": 71047.01700640364,
  "token1_debtValUSD": 24437970.407964,
  "liquidity": 249664420.65335804,
  "tvl": 0,
  "health": 69728750.8761006,
  "debt": 41275320.1478228,
  "leverage": 2.4506271859443034,
  "workerPositions": [
    {
      "name": "USDT-WBNB PancakeswapWorker",
      "address": "0x41867cc58aece8B570FF1A2a8aa6149014D2a94C",
      "vault": "ibWBNB",
      "borrowToken": "WBNB",
      "posVal": 113291.94712935138,
      "posValUSD": 38968916.19190948,
      "debtVal": 71047.01700640364,
      "debtValUSD": 24437970.407964
    },
    {
      "name": "WBNB-USDT PancakeswapWorker",
      "address": "0x81b6534f4F7ba45Ecf98295Cef1450B4a4FC81Cd",
      "vault": "ibUSDT",
      "borrowToken": "USDT",
      "posVal": 30740552.672527276,
      "posValUSD": 30759834.68419112,
      "debtVal": 16826795.132611863,
      "debtValUSD": 16837349.739858795
    }
  ]
}