{
  "blockNo": 14254758,
  "lpName": "USDT-WBNB LP",
  "lpTokens": 0,
  "token0_symbol": "USDT",
  "token0_decimals": 18,
  "token0": 0,
  "token0_liquidity": 105046534.7901394,
  "token0_price": 1.00009553,
  "token0_posVal": 30211800.219387654,
  "token0_posValUSD": 30214686.352662615,
  "token0_debtVal": 19093384.56324283,
  "token0_debtValUSD": 19095208.55427016,
  "token1_symbol": "WBNB",
  "token1_decimals": 18,
  "token1": 0,
  "token1_liquidity": 248528.21600409955,
  "token1_price": 423.23381827,
  "token1_posVal": 106094.28566797615,
  "token1_posValUSD": 44902689.619885676,
  "token1_debtVal": 61666.15629674942,
  "token1_debtValUSD": 26099202.787507858,
  "liquidity": 210242115.6928543,
  "tvl": 0,
  "health": 75117375.97254829,
  "debt": 45194411.34177802,
  "leverage": 2.510358746181983,
  "workerPositions": [
    {
      "name": "USDT-WBNB PancakeswapWorker",
      "address": "0x41867cc58aece8B570FF1A2a8aa6149014D2a94C",
      "vault": "ibWBNB",
      "borrowToken": "WBNB",
      "posVal": 106094.28566797615,
      "posValUSD": 44902689.619885676,
      "debtVal": 61666.15629674942,
      "debtValUSD": 26099202.787507858
    },
    {
      "name": "WBNB-USDT PancakeswapWorker",
      "address": "0x81b6534f4F7ba45Ecf98295Cef1450B4a4FC81Cd",
      "vault": "ibUSDT",
      "borrowToken": "USDT",
      "posVal": 30211800.219387654,
      "posValUSD": 30214686.352662615,
      "debtVal": 19093384.56324283,
      "debtValUSD": 19095208.55427016
    }
  ]
}