{
  "blockNo": 9531517,
  "lpName": "USDT-WBNB LP",
  "lpTokens": 0,
  "token0_symbol": "USDT",
  "token0_decimals": 18,
  "token0": 0,
  "token0_liquidity": 119493766.62281208,
  "token0_price": 1.00026361,
  "token0_posVal": 31462930.149892405,
  "token0_posValUSD": 31471224.092909217,
  "token0_debtVal": 18195381.866244446,
  "token0_debtValUSD": 18200178.350858208,
  "token1_symbol": "WBNB",
  "token1_decimals": 18,
  "token1": 0,
  "token1_liquidity": 385394.6974753072,
  "token1_price": 309.89,
  "token1_posVal": 124165.6226902316,
  "token1_posValUSD": 38477684.815475866,
  "token1_debtVal": 73358.73963428545,
  "token1_debtValUSD": 22733139.825268716,
  "liquidity": 238955229.17525446,
  "tvl": 0,
  "health": 69948908.90838508,
  "debt": 40933318.17612693,
  "leverage": 2.4107353027494702,
  "workerPositions": [
    {
      "name": "USDT-WBNB PancakeswapWorker",
      "address": "0x41867cc58aece8B570FF1A2a8aa6149014D2a94C",
      "vault": "ibWBNB",
      "borrowToken": "WBNB",
      "posVal": 124165.6226902316,
      "posValUSD": 38477684.815475866,
      "debtVal": 73358.73963428545,
      "debtValUSD": 22733139.825268716
    },
    {
      "name": "WBNB-USDT PancakeswapWorker",
      "address": "0x81b6534f4F7ba45Ecf98295Cef1450B4a4FC81Cd",
      "vault": "ibUSDT",
      "borrowToken": "USDT",
      "posVal": 31462930.149892405,
      "posValUSD": 31471224.092909217,
      "debtVal": 18195381.866244446,
      "debtValUSD": 18200178.350858208
    }
  ]
}