{
  "blockNo": 12259776,
  "lpName": "USDT-WBNB LP",
  "lpTokens": 0,
  "token0_symbol": "USDT",
  "token0_decimals": 18,
  "token0": 0,
  "token0_liquidity": 121952777.15511306,
  "token0_price": 1.00066287,
  "token0_posVal": 48822955.88632427,
  "token0_posValUSD": 48855319.159092635,
  "token0_debtVal": 28451739.54368947,
  "token0_debtValUSD": 28470599.348280795,
  "token1_symbol": "WBNB",
  "token1_decimals": 18,
  "token1": 0,
  "token1_liquidity": 233321.98949381316,
  "token1_price": 524.60777164,
  "token1_posVal": 136760.07471754967,
  "token1_posValUSD": 71745398.04689363,
  "token1_debtVal": 91977.99986091825,
  "token1_debtValUSD": 48252373.54694056,
  "liquidity": 244436144.97546667,
  "tvl": 0,
  "health": 120600717.20598626,
  "debt": 76722972.89522135,
  "leverage": 2.748562377132004,
  "workerPositions": [
    {
      "name": "USDT-WBNB PancakeswapWorker",
      "address": "0x41867cc58aece8B570FF1A2a8aa6149014D2a94C",
      "vault": "ibWBNB",
      "borrowToken": "WBNB",
      "posVal": 136760.07471754967,
      "posValUSD": 71745398.04689363,
      "debtVal": 91977.99986091825,
      "debtValUSD": 48252373.54694056
    },
    {
      "name": "WBNB-USDT PancakeswapWorker",
      "address": "0x81b6534f4F7ba45Ecf98295Cef1450B4a4FC81Cd",
      "vault": "ibUSDT",
      "borrowToken": "USDT",
      "posVal": 48822955.88632427,
      "posValUSD": 48855319.159092635,
      "debtVal": 28451739.54368947,
      "debtValUSD": 28470599.348280795
    }
  ]
}