{
  "blockNo": 12539982,
  "lpName": "USDT-WBNB LP",
  "lpTokens": 0,
  "token0_symbol": "USDT",
  "token0_decimals": 18,
  "token0": 0,
  "token0_liquidity": 146927320.71510464,
  "token0_price": 1.0000673,
  "token0_posVal": 51902902.41723587,
  "token0_posValUSD": 51906395.482568555,
  "token0_debtVal": 30719494.088124454,
  "token0_debtValUSD": 30721561.510076586,
  "token1_symbol": "WBNB",
  "token1_decimals": 18,
  "token1": 0,
  "token1_liquidity": 237708.5267883578,
  "token1_price": 618.6800793,
  "token1_posVal": 130304.57540008618,
  "token1_posValUSD": 80616845.04167815,
  "token1_debtVal": 90171.69725581446,
  "token1_debtValUSD": 55787432.80884288,
  "liquidity": 294002739.1274961,
  "tvl": 0,
  "health": 132523240.5242467,
  "debt": 86508994.31891946,
  "leverage": 2.8800480601788934,
  "workerPositions": [
    {
      "name": "USDT-WBNB PancakeswapWorker",
      "address": "0x41867cc58aece8B570FF1A2a8aa6149014D2a94C",
      "vault": "ibWBNB",
      "borrowToken": "WBNB",
      "posVal": 130304.57540008618,
      "posValUSD": 80616845.04167815,
      "debtVal": 90171.69725581446,
      "debtValUSD": 55787432.80884288
    },
    {
      "name": "WBNB-USDT PancakeswapWorker",
      "address": "0x81b6534f4F7ba45Ecf98295Cef1450B4a4FC81Cd",
      "vault": "ibUSDT",
      "borrowToken": "USDT",
      "posVal": 51902902.41723587,
      "posValUSD": 51906395.482568555,
      "debtVal": 30719494.088124454,
      "debtValUSD": 30721561.510076586
    }
  ]
}