{
  "blockNo": 15671478,
  "lpName": "USDT-WBNB LP",
  "lpTokens": 0,
  "token0_symbol": "USDT",
  "token0_decimals": 18,
  "token0": 0,
  "token0_liquidity": 126801793.62508743,
  "token0_price": 1.00037319,
  "token0_posVal": 46540382.711418234,
  "token0_posValUSD": 46557751.11684231,
  "token0_debtVal": 27740373.442012586,
  "token0_debtValUSD": 27750725.871977407,
  "token1_symbol": "WBNB",
  "token1_decimals": 18,
  "token1": 0,
  "token1_liquidity": 320903.4087144847,
  "token1_price": 396.08080501,
  "token1_posVal": 195214.33189472908,
  "token1_posValUSD": 77320649.72635362,
  "token1_debtVal": 120984.3455440801,
  "token1_debtValUSD": 47919576.97670726,
  "liquidity": 253952795.2405365,
  "tvl": 0,
  "health": 123878400.84319592,
  "debt": 75670302.84868467,
  "leverage": 2.569659579958955,
  "workerPositions": [
    {
      "name": "USDT-WBNB PancakeswapWorker",
      "address": "0x41867cc58aece8B570FF1A2a8aa6149014D2a94C",
      "vault": "ibWBNB",
      "borrowToken": "WBNB",
      "posVal": 195214.33189472908,
      "posValUSD": 77320649.72635362,
      "debtVal": 120984.3455440801,
      "debtValUSD": 47919576.97670726
    },
    {
      "name": "WBNB-USDT PancakeswapWorker",
      "address": "0x81b6534f4F7ba45Ecf98295Cef1450B4a4FC81Cd",
      "vault": "ibUSDT",
      "borrowToken": "USDT",
      "posVal": 46540382.711418234,
      "posValUSD": 46557751.11684231,
      "debtVal": 27740373.442012586,
      "debtValUSD": 27750725.871977407
    }
  ]
}