{
  "blockNo": 9976289,
  "lpName": "USDT-WBNB LP",
  "lpTokens": 0,
  "token0_symbol": "USDT",
  "token0_decimals": 18,
  "token0": 0,
  "token0_liquidity": 108813412.10090914,
  "token0_price": 1,
  "token0_posVal": 34173469.98936546,
  "token0_posValUSD": 34173469.98936546,
  "token0_debtVal": 18391588.160209995,
  "token0_debtValUSD": 18391588.160209995,
  "token1_symbol": "WBNB",
  "token1_decimals": 18,
  "token1": 0,
  "token1_liquidity": 283186.1429932638,
  "token1_price": 384.533375,
  "token1_posVal": 84214.71585277928,
  "token1_posValUSD": 32383368.91153522,
  "token1_debtVal": 53771.44522505895,
  "token1_debtValUSD": 20676915.31101955,
  "liquidity": 217707935.41934144,
  "tvl": 0,
  "health": 66556838.90090068,
  "debt": 39068503.471229546,
  "leverage": 2.4212757106077323,
  "workerPositions": [
    {
      "name": "USDT-WBNB PancakeswapWorker",
      "address": "0x41867cc58aece8B570FF1A2a8aa6149014D2a94C",
      "vault": "ibWBNB",
      "borrowToken": "WBNB",
      "posVal": 84214.71585277928,
      "posValUSD": 32383368.91153522,
      "debtVal": 53771.44522505895,
      "debtValUSD": 20676915.31101955
    },
    {
      "name": "WBNB-USDT PancakeswapWorker",
      "address": "0x81b6534f4F7ba45Ecf98295Cef1450B4a4FC81Cd",
      "vault": "ibUSDT",
      "borrowToken": "USDT",
      "posVal": 34173469.98936546,
      "posValUSD": 34173469.98936546,
      "debtVal": 18391588.160209995,
      "debtValUSD": 18391588.160209995
    }
  ]
}