{
  "blockNo": 13972054,
  "lpName": "USDT-WBNB LP",
  "lpTokens": 0,
  "token0_symbol": "USDT",
  "token0_decimals": 18,
  "token0": 0,
  "token0_liquidity": 143125705.95810133,
  "token0_price": 1.00008501,
  "token0_posVal": 49343478.24226902,
  "token0_posValUSD": 49347672.931354396,
  "token0_debtVal": 31210159.554350022,
  "token0_debtValUSD": 31212812.73001374,
  "token1_symbol": "WBNB",
  "token1_decimals": 18,
  "token1": 0,
  "token1_liquidity": 276266.26755318925,
  "token1_price": 517.85738357,
  "token1_posVal": 161247.7144009745,
  "token1_posValUSD": 83503319.48633127,
  "token1_debtVal": 101434.44272958438,
  "token1_debtValUSD": 52528575.115823574,
  "liquidity": 286204399.55810905,
  "tvl": 0,
  "health": 132850992.41768566,
  "debt": 83741387.84583731,
  "leverage": 2.7051936902347067,
  "workerPositions": [
    {
      "name": "USDT-WBNB PancakeswapWorker",
      "address": "0x41867cc58aece8B570FF1A2a8aa6149014D2a94C",
      "vault": "ibWBNB",
      "borrowToken": "WBNB",
      "posVal": 161247.7144009745,
      "posValUSD": 83503319.48633127,
      "debtVal": 101434.44272958438,
      "debtValUSD": 52528575.115823574
    },
    {
      "name": "WBNB-USDT PancakeswapWorker",
      "address": "0x81b6534f4F7ba45Ecf98295Cef1450B4a4FC81Cd",
      "vault": "ibUSDT",
      "borrowToken": "USDT",
      "posVal": 49343478.24226902,
      "posValUSD": 49347672.931354396,
      "debtVal": 31210159.554350022,
      "debtValUSD": 31212812.73001374
    }
  ]
}