{
  "blockNo": 14281043,
  "lpName": "USDT-WBNB LP",
  "lpTokens": 0,
  "token0_symbol": "USDT",
  "token0_decimals": 18,
  "token0": 0,
  "token0_liquidity": 110106374.51915169,
  "token0_price": 1.00004646,
  "token0_posVal": 32339491.26366923,
  "token0_posValUSD": 32340993.75643334,
  "token0_debtVal": 19679784.314262282,
  "token0_debtValUSD": 19680698.637041524,
  "token1_symbol": "WBNB",
  "token1_decimals": 18,
  "token1": 0,
  "token1_liquidity": 239052.0053926274,
  "token1_price": 460.80145357,
  "token1_posVal": 107873.47248810095,
  "token1_posValUSD": 49708252.92416032,
  "token1_debtVal": 65467.143185363275,
  "token1_debtValUSD": 30167354.740890715,
  "liquidity": 220267001.62505805,
  "tvl": 0,
  "health": 82049246.68059365,
  "debt": 49848053.377932236,
  "leverage": 2.548018823694099,
  "workerPositions": [
    {
      "name": "USDT-WBNB PancakeswapWorker",
      "address": "0x41867cc58aece8B570FF1A2a8aa6149014D2a94C",
      "vault": "ibWBNB",
      "borrowToken": "WBNB",
      "posVal": 107873.47248810095,
      "posValUSD": 49708252.92416032,
      "debtVal": 65467.143185363275,
      "debtValUSD": 30167354.740890715
    },
    {
      "name": "WBNB-USDT PancakeswapWorker",
      "address": "0x81b6534f4F7ba45Ecf98295Cef1450B4a4FC81Cd",
      "vault": "ibUSDT",
      "borrowToken": "USDT",
      "posVal": 32339491.26366923,
      "posValUSD": 32340993.75643334,
      "debtVal": 19679784.314262282,
      "debtValUSD": 19680698.637041524
    }
  ]
}