{
  "blockNo": 13499446,
  "lpName": "USDT-WBNB LP",
  "lpTokens": 0,
  "token0_symbol": "USDT",
  "token0_decimals": 18,
  "token0": 0,
  "token0_liquidity": 139833315.6039171,
  "token0_price": 1.001,
  "token0_posVal": 49536644.355830126,
  "token0_posValUSD": 49586181.00018595,
  "token0_debtVal": 31392583.337731294,
  "token0_debtValUSD": 31423975.921069022,
  "token1_symbol": "WBNB",
  "token1_decimals": 18,
  "token1": 0,
  "token1_liquidity": 271145.99186409457,
  "token1_price": 516.22689709,
  "token1_posVal": 154100.17431316405,
  "token1_posValUSD": 79550654.8267128,
  "token1_debtVal": 96491.08800214573,
  "token1_debtValUSD": 49811294.95618581,
  "liquidity": 279946002.9579129,
  "tvl": 0,
  "health": 129136835.82689875,
  "debt": 81235270.87725483,
  "leverage": 2.695879267465534,
  "workerPositions": [
    {
      "name": "USDT-WBNB PancakeswapWorker",
      "address": "0x41867cc58aece8B570FF1A2a8aa6149014D2a94C",
      "vault": "ibWBNB",
      "borrowToken": "WBNB",
      "posVal": 154100.17431316405,
      "posValUSD": 79550654.8267128,
      "debtVal": 96491.08800214573,
      "debtValUSD": 49811294.95618581
    },
    {
      "name": "WBNB-USDT PancakeswapWorker",
      "address": "0x81b6534f4F7ba45Ecf98295Cef1450B4a4FC81Cd",
      "vault": "ibUSDT",
      "borrowToken": "USDT",
      "posVal": 49536644.355830126,
      "posValUSD": 49586181.00018595,
      "debtVal": 31392583.337731294,
      "debtValUSD": 31423975.921069022
    }
  ]
}