{
  "blockNo": 16143312,
  "lpName": "USDT-WBNB LP",
  "lpTokens": 0,
  "token0_symbol": "USDT",
  "token0_decimals": 18,
  "token0": 0,
  "token0_liquidity": 123785454.45776127,
  "token0_price": 1.0004117,
  "token0_posVal": 47793201.441693135,
  "token0_posValUSD": 47812877.90272667,
  "token0_debtVal": 25379702.206470206,
  "token0_debtValUSD": 25390151.029868606,
  "token1_symbol": "WBNB",
  "token1_decimals": 18,
  "token1": 0,
  "token1_liquidity": 318908.3551886235,
  "token1_price": 388.09991005,
  "token1_posVal": 179310.08832025,
  "token1_posValUSD": 69590229.14814658,
  "token1_debtVal": 110949.11792677653,
  "token1_debtValUSD": 43059342.687508814,
  "liquidity": 247604720.89225975,
  "tvl": 0,
  "health": 117403107.05087325,
  "debt": 68449493.71737742,
  "leverage": 2.3982521218825297,
  "workerPositions": [
    {
      "name": "USDT-WBNB PancakeswapWorker",
      "address": "0x41867cc58aece8B570FF1A2a8aa6149014D2a94C",
      "vault": "ibWBNB",
      "borrowToken": "WBNB",
      "posVal": 179310.08832025,
      "posValUSD": 69590229.14814658,
      "debtVal": 110949.11792677653,
      "debtValUSD": 43059342.687508814
    },
    {
      "name": "WBNB-USDT PancakeswapWorker",
      "address": "0x81b6534f4F7ba45Ecf98295Cef1450B4a4FC81Cd",
      "vault": "ibUSDT",
      "borrowToken": "USDT",
      "posVal": 47793201.441693135,
      "posValUSD": 47812877.90272667,
      "debtVal": 25379702.206470206,
      "debtValUSD": 25390151.029868606
    }
  ]
}