{
  "blockNo": 14174419,
  "lpName": "USDT-WBNB LP",
  "lpTokens": 0,
  "token0_symbol": "USDT",
  "token0_decimals": 18,
  "token0": 0,
  "token0_liquidity": 113942257.19455582,
  "token0_price": 0.99987027,
  "token0_posVal": 34749229.49511198,
  "token0_posValUSD": 34744721.47756958,
  "token0_debtVal": 21797276.618393578,
  "token0_debtValUSD": 21794448.85769787,
  "token1_symbol": "WBNB",
  "token1_decimals": 18,
  "token1": 0,
  "token1_liquidity": 252728.08227793413,
  "token1_price": 452.05,
  "token1_posVal": 108351.23525865593,
  "token1_posValUSD": 48980175.89867541,
  "token1_debtVal": 65001.30291587393,
  "token1_debtValUSD": 29383838.98312081,
  "liquidity": 228173205.05927008,
  "tvl": 0,
  "health": 83724897.37624499,
  "debt": 51178287.84081868,
  "leverage": 2.572461419832753,
  "workerPositions": [
    {
      "name": "USDT-WBNB PancakeswapWorker",
      "address": "0x41867cc58aece8B570FF1A2a8aa6149014D2a94C",
      "vault": "ibWBNB",
      "borrowToken": "WBNB",
      "posVal": 108351.23525865593,
      "posValUSD": 48980175.89867541,
      "debtVal": 65001.30291587393,
      "debtValUSD": 29383838.98312081
    },
    {
      "name": "WBNB-USDT PancakeswapWorker",
      "address": "0x81b6534f4F7ba45Ecf98295Cef1450B4a4FC81Cd",
      "vault": "ibUSDT",
      "borrowToken": "USDT",
      "posVal": 34749229.49511198,
      "posValUSD": 34744721.47756958,
      "debtVal": 21797276.618393578,
      "debtValUSD": 21794448.85769787
    }
  ]
}