{
  "blockNo": 14547380,
  "lpName": "USDT-WBNB LP",
  "lpTokens": 0,
  "token0_symbol": "USDT",
  "token0_decimals": 18,
  "token0": 0,
  "token0_liquidity": 92080358.62737791,
  "token0_price": 1.00021727,
  "token0_posVal": 36379158.0696312,
  "token0_posValUSD": 36387062.16930499,
  "token0_debtVal": 23139638.072337456,
  "token0_debtValUSD": 23144665.621501435,
  "token1_symbol": "WBNB",
  "token1_decimals": 18,
  "token1": 0,
  "token1_liquidity": 213629.409852054,
  "token1_price": 431.52117327,
  "token1_posVal": 119902.96076069486,
  "token1_posValUSD": 51740666.30600182,
  "token1_debtVal": 74270.21828250452,
  "token1_debtValUSD": 32049171.732285354,
  "liquidity": 184285978.5112329,
  "tvl": 0,
  "health": 88127728.47530681,
  "debt": 55193837.35378679,
  "leverage": 2.675897850944234,
  "workerPositions": [
    {
      "name": "USDT-WBNB PancakeswapWorker",
      "address": "0x41867cc58aece8B570FF1A2a8aa6149014D2a94C",
      "vault": "ibWBNB",
      "borrowToken": "WBNB",
      "posVal": 119902.96076069486,
      "posValUSD": 51740666.30600182,
      "debtVal": 74270.21828250452,
      "debtValUSD": 32049171.732285354
    },
    {
      "name": "WBNB-USDT PancakeswapWorker",
      "address": "0x81b6534f4F7ba45Ecf98295Cef1450B4a4FC81Cd",
      "vault": "ibUSDT",
      "borrowToken": "USDT",
      "posVal": 36379158.0696312,
      "posValUSD": 36387062.16930499,
      "debtVal": 23139638.072337456,
      "debtValUSD": 23144665.621501435
    }
  ]
}