{
  "blockNo": 10852387,
  "lpName": "USDT-WBNB LP",
  "lpTokens": 0,
  "token0_symbol": "USDT",
  "token0_decimals": 18,
  "token0": 0,
  "token0_liquidity": 119690276.73308374,
  "token0_price": 1.00011781,
  "token0_posVal": 45537939.41131102,
  "token0_posValUSD": 45543304.23595308,
  "token0_debtVal": 26906122.52427509,
  "token0_debtValUSD": 26909292.334569678,
  "token1_symbol": "WBNB",
  "token1_decimals": 18,
  "token1": 0,
  "token1_liquidity": 286092.55121784523,
  "token1_price": 417.99619703,
  "token1_posVal": 135533.3979080769,
  "token1_posValUSD": 56652444.896129906,
  "token1_debtVal": 81930.061945373,
  "token1_debtValUSD": 34246454.31559824,
  "liquidity": 239289975.8522555,
  "tvl": 0,
  "health": 102195749.13208298,
  "debt": 61155746.65016792,
  "leverage": 2.490149682060014,
  "workerPositions": [
    {
      "name": "USDT-WBNB PancakeswapWorker",
      "address": "0x41867cc58aece8B570FF1A2a8aa6149014D2a94C",
      "vault": "ibWBNB",
      "borrowToken": "WBNB",
      "posVal": 135533.3979080769,
      "posValUSD": 56652444.896129906,
      "debtVal": 81930.061945373,
      "debtValUSD": 34246454.31559824
    },
    {
      "name": "WBNB-USDT PancakeswapWorker",
      "address": "0x81b6534f4F7ba45Ecf98295Cef1450B4a4FC81Cd",
      "vault": "ibUSDT",
      "borrowToken": "USDT",
      "posVal": 45537939.41131102,
      "posValUSD": 45543304.23595308,
      "debtVal": 26906122.52427509,
      "debtValUSD": 26909292.334569678
    }
  ]
}