{
  "blockNo": 10405941,
  "lpName": "USDT-WBNB LP",
  "lpTokens": 0,
  "token0_symbol": "USDT",
  "token0_decimals": 18,
  "token0": 0,
  "token0_liquidity": 142041178.24509284,
  "token0_price": 1.00045855,
  "token0_posVal": 52096702.36465882,
  "token0_posValUSD": 52120591.30752814,
  "token0_debtVal": 27865986.8582303,
  "token0_debtValUSD": 27878764.80650414,
  "token1_symbol": "WBNB",
  "token1_decimals": 18,
  "token1": 0,
  "token1_liquidity": 289098.1987962931,
  "token1_price": 491.79241599,
  "token1_posVal": 112496.89988951503,
  "token1_posValUSD": 55325122.188049756,
  "token1_debtVal": 75634.17857412639,
  "token1_debtValUSD": 37196315.41238871,
  "liquidity": 284282612.87176347,
  "tvl": 0,
  "health": 107445713.4955779,
  "debt": 65075080.21889286,
  "leverage": 2.5358533773603336,
  "workerPositions": [
    {
      "name": "USDT-WBNB PancakeswapWorker",
      "address": "0x41867cc58aece8B570FF1A2a8aa6149014D2a94C",
      "vault": "ibWBNB",
      "borrowToken": "WBNB",
      "posVal": 112496.89988951503,
      "posValUSD": 55325122.188049756,
      "debtVal": 75634.17857412639,
      "debtValUSD": 37196315.41238871
    },
    {
      "name": "WBNB-USDT PancakeswapWorker",
      "address": "0x81b6534f4F7ba45Ecf98295Cef1450B4a4FC81Cd",
      "vault": "ibUSDT",
      "borrowToken": "USDT",
      "posVal": 52096702.36465882,
      "posValUSD": 52120591.30752814,
      "debtVal": 27865986.8582303,
      "debtValUSD": 27878764.80650414
    }
  ]
}