{
  "blockNo": 9946890,
  "lpName": "USDT-WBNB LP",
  "lpTokens": 0,
  "token0_symbol": "USDT",
  "token0_decimals": 18,
  "token0": 0,
  "token0_liquidity": 110139824.9113972,
  "token0_price": 1.00034653,
  "token0_posVal": 32770357.28872675,
  "token0_posValUSD": 32781713.200638015,
  "token0_debtVal": 16882655.672622975,
  "token0_debtValUSD": 16888506.01929321,
  "token1_symbol": "WBNB",
  "token1_decimals": 18,
  "token1": 0,
  "token1_liquidity": 274122.5778089998,
  "token1_price": 402.40911427,
  "token1_posVal": 80114.13771242238,
  "token1_posValUSD": 32238659.19736069,
  "token1_debtVal": 52379.024046573286,
  "token1_debtValUSD": 21077796.672908586,
  "liquidity": 220487415.40245253,
  "tvl": 0,
  "health": 65020372.397998706,
  "debt": 37966302.69220179,
  "leverage": 2.403349037873836,
  "workerPositions": [
    {
      "name": "USDT-WBNB PancakeswapWorker",
      "address": "0x41867cc58aece8B570FF1A2a8aa6149014D2a94C",
      "vault": "ibWBNB",
      "borrowToken": "WBNB",
      "posVal": 80114.13771242238,
      "posValUSD": 32238659.19736069,
      "debtVal": 52379.024046573286,
      "debtValUSD": 21077796.672908586
    },
    {
      "name": "WBNB-USDT PancakeswapWorker",
      "address": "0x81b6534f4F7ba45Ecf98295Cef1450B4a4FC81Cd",
      "vault": "ibUSDT",
      "borrowToken": "USDT",
      "posVal": 32770357.28872675,
      "posValUSD": 32781713.200638015,
      "debtVal": 16882655.672622975,
      "debtValUSD": 16888506.01929321
    }
  ]
}