{
  "blockNo": 16621484,
  "lpName": "USDT-WBNB LP",
  "lpTokens": 0,
  "token0_symbol": "USDT",
  "token0_decimals": 18,
  "token0": 0,
  "token0_liquidity": 159640502.1883929,
  "token0_price": 1.00038518,
  "token0_posVal": 50349934.12828772,
  "token0_posValUSD": 50369327.91591526,
  "token0_debtVal": 24625154.482659683,
  "token0_debtValUSD": 24634639.599663317,
  "token1_symbol": "WBNB",
  "token1_decimals": 18,
  "token1": 0,
  "token1_liquidity": 359919.06580756366,
  "token1_price": 443.51132773,
  "token1_posVal": 154293.5365040942,
  "token1_posValUSD": 68430931.23508804,
  "token1_debtVal": 102305.45033604537,
  "token1_debtValUSD": 45373626.11255506,
  "liquidity": 319330175.2686797,
  "tvl": 0,
  "health": 118800259.1510033,
  "debt": 70008265.71221837,
  "leverage": 2.434831019971579,
  "workerPositions": [
    {
      "name": "USDT-WBNB PancakeswapWorker",
      "address": "0x41867cc58aece8B570FF1A2a8aa6149014D2a94C",
      "vault": "ibWBNB",
      "borrowToken": "WBNB",
      "posVal": 154293.5365040942,
      "posValUSD": 68430931.23508804,
      "debtVal": 102305.45033604537,
      "debtValUSD": 45373626.11255506
    },
    {
      "name": "WBNB-USDT PancakeswapWorker",
      "address": "0x81b6534f4F7ba45Ecf98295Cef1450B4a4FC81Cd",
      "vault": "ibUSDT",
      "borrowToken": "USDT",
      "posVal": 50349934.12828772,
      "posValUSD": 50369327.91591526,
      "debtVal": 24625154.482659683,
      "debtValUSD": 24634639.599663317
    }
  ]
}