{
  "blockNo": 8609925,
  "lpName": "USDT-WBNB LP",
  "lpTokens": 0,
  "token0_symbol": "USDT",
  "token0_decimals": 18,
  "token0": 0,
  "token0_liquidity": 58962822.03271698,
  "token0_price": 1.00033046,
  "token0_posVal": 21756352.753127735,
  "token0_posValUSD": 21763542.357458536,
  "token0_debtVal": 12225906.5104854,
  "token0_debtValUSD": 12229946.683550855,
  "token1_symbol": "WBNB",
  "token1_decimals": 18,
  "token1": 0,
  "token1_liquidity": 210675.58219237736,
  "token1_price": 280.37,
  "token1_posVal": 32636.76700004638,
  "token1_posValUSD": 9150370.363803003,
  "token1_debtVal": 16539.903484476803,
  "token1_debtValUSD": 4637292.739942761,
  "liquidity": 118049419.86616276,
  "tvl": 0,
  "health": 30913912.72126154,
  "debt": 16867239.423493616,
  "leverage": 2.2007995819318937,
  "workerPositions": [
    {
      "name": "USDT-WBNB PancakeswapWorker",
      "address": "0x41867cc58aece8B570FF1A2a8aa6149014D2a94C",
      "vault": "ibWBNB",
      "borrowToken": "WBNB",
      "posVal": 32636.76700004638,
      "posValUSD": 9150370.363803003,
      "debtVal": 16539.903484476803,
      "debtValUSD": 4637292.739942761
    },
    {
      "name": "WBNB-USDT PancakeswapWorker",
      "address": "0x81b6534f4F7ba45Ecf98295Cef1450B4a4FC81Cd",
      "vault": "ibUSDT",
      "borrowToken": "USDT",
      "posVal": 21756352.753127735,
      "posValUSD": 21763542.357458536,
      "debtVal": 12225906.5104854,
      "debtValUSD": 12229946.683550855
    }
  ]
}