{
  "blockNo": 15189551,
  "lpName": "USDT-WBNB LP",
  "lpTokens": 0,
  "token0_symbol": "USDT",
  "token0_decimals": 18,
  "token0": 0,
  "token0_liquidity": 118077614.67505859,
  "token0_price": 1.00053644,
  "token0_posVal": 43218477.36106431,
  "token0_posValUSD": 43241661.48105988,
  "token0_debtVal": 25900829.365806025,
  "token0_debtValUSD": 25914723.60671102,
  "token1_symbol": "WBNB",
  "token1_decimals": 18,
  "token1": 0,
  "token1_liquidity": 295834.3906457193,
  "token1_price": 400.05,
  "token1_posVal": 157555.86422090145,
  "token1_posValUSD": 63030223.48157163,
  "token1_debtVal": 93269.01866250574,
  "token1_debtValUSD": 37312270.91593542,
  "liquidity": 236489504.2084949,
  "tvl": 0,
  "health": 106271884.96263151,
  "debt": 63226994.52264644,
  "leverage": 2.4688617830448445,
  "workerPositions": [
    {
      "name": "USDT-WBNB PancakeswapWorker",
      "address": "0x41867cc58aece8B570FF1A2a8aa6149014D2a94C",
      "vault": "ibWBNB",
      "borrowToken": "WBNB",
      "posVal": 157555.86422090145,
      "posValUSD": 63030223.48157163,
      "debtVal": 93269.01866250574,
      "debtValUSD": 37312270.91593542
    },
    {
      "name": "WBNB-USDT PancakeswapWorker",
      "address": "0x81b6534f4F7ba45Ecf98295Cef1450B4a4FC81Cd",
      "vault": "ibUSDT",
      "borrowToken": "USDT",
      "posVal": 43218477.36106431,
      "posValUSD": 43241661.48105988,
      "debtVal": 25900829.365806025,
      "debtValUSD": 25914723.60671102
    }
  ]
}