{
  "blockNo": 12554128,
  "lpName": "USDT-WBNB LP",
  "lpTokens": 0,
  "token0_symbol": "USDT",
  "token0_decimals": 18,
  "token0": 0,
  "token0_liquidity": 147915001.02422267,
  "token0_price": 1.00042528,
  "token0_posVal": 51704208.92638848,
  "token0_posValUSD": 51726197.69236069,
  "token0_debtVal": 30214311.514550827,
  "token0_debtValUSD": 30227161.056951735,
  "token1_symbol": "WBNB",
  "token1_decimals": 18,
  "token1": 0,
  "token1_liquidity": 234594.02628477817,
  "token1_price": 630.23,
  "token1_posVal": 128414.14263164341,
  "token1_posValUSD": 80930445.11074063,
  "token1_debtVal": 89886.8711344757,
  "token1_debtValUSD": 56649402.795080625,
  "liquidity": 295826099.501314,
  "tvl": 0,
  "health": 132656642.80310133,
  "debt": 86876563.85203236,
  "leverage": 2.8976936222606446,
  "workerPositions": [
    {
      "name": "USDT-WBNB PancakeswapWorker",
      "address": "0x41867cc58aece8B570FF1A2a8aa6149014D2a94C",
      "vault": "ibWBNB",
      "borrowToken": "WBNB",
      "posVal": 128414.14263164341,
      "posValUSD": 80930445.11074063,
      "debtVal": 89886.8711344757,
      "debtValUSD": 56649402.795080625
    },
    {
      "name": "WBNB-USDT PancakeswapWorker",
      "address": "0x81b6534f4F7ba45Ecf98295Cef1450B4a4FC81Cd",
      "vault": "ibUSDT",
      "borrowToken": "USDT",
      "posVal": 51704208.92638848,
      "posValUSD": 51726197.69236069,
      "debtVal": 30214311.514550827,
      "debtValUSD": 30227161.056951735
    }
  ]
}