{
  "blockNo": 13900112,
  "lpName": "USDT-WBNB LP",
  "lpTokens": 0,
  "token0_symbol": "USDT",
  "token0_decimals": 18,
  "token0": 0,
  "token0_liquidity": 147494863.26165769,
  "token0_price": 1.00018962,
  "token0_posVal": 50239767.563027605,
  "token0_posValUSD": 50249294.027752906,
  "token0_debtVal": 31508575.05853296,
  "token0_debtValUSD": 31514549.71453556,
  "token1_symbol": "WBNB",
  "token1_decimals": 18,
  "token1": 0,
  "token1_liquidity": 279626.46751745633,
  "token1_price": 527.16,
  "token1_posVal": 160286.36105430772,
  "token1_posValUSD": 84496558.09338886,
  "token1_debtVal": 101590.973605344,
  "token1_debtValUSD": 53554697.64579314,
  "liquidity": 294930719.85413164,
  "tvl": 0,
  "health": 134745852.12114176,
  "debt": 85069247.3603287,
  "leverage": 2.712460981782612,
  "workerPositions": [
    {
      "name": "USDT-WBNB PancakeswapWorker",
      "address": "0x41867cc58aece8B570FF1A2a8aa6149014D2a94C",
      "vault": "ibWBNB",
      "borrowToken": "WBNB",
      "posVal": 160286.36105430772,
      "posValUSD": 84496558.09338886,
      "debtVal": 101590.973605344,
      "debtValUSD": 53554697.64579314
    },
    {
      "name": "WBNB-USDT PancakeswapWorker",
      "address": "0x81b6534f4F7ba45Ecf98295Cef1450B4a4FC81Cd",
      "vault": "ibUSDT",
      "borrowToken": "USDT",
      "posVal": 50239767.563027605,
      "posValUSD": 50249294.027752906,
      "debtVal": 31508575.05853296,
      "debtValUSD": 31514549.71453556
    }
  ]
}