{
  "blockNo": 11435415,
  "lpName": "USDT-WBNB LP",
  "lpTokens": 0,
  "token0_symbol": "USDT",
  "token0_decimals": 18,
  "token0": 0,
  "token0_liquidity": 86720398.88023673,
  "token0_price": 1.00046578,
  "token0_posVal": 36196514.87511516,
  "token0_posValUSD": 36213374.487813696,
  "token0_debtVal": 21857366.165440034,
  "token0_debtValUSD": 21867546.889452573,
  "token1_symbol": "WBNB",
  "token1_decimals": 18,
  "token1": 0,
  "token1_liquidity": 202798.8661630394,
  "token1_price": 428.42500352,
  "token1_posVal": 127463.73262603997,
  "token1_posValUSD": 54608650.09898352,
  "token1_debtVal": 81280.61170610822,
  "token1_debtValUSD": 34822646.356297165,
  "liquidity": 173644896.45737934,
  "tvl": 0,
  "health": 90822024.58679721,
  "debt": 56690193.24574974,
  "leverage": 2.6609185917772082,
  "workerPositions": [
    {
      "name": "USDT-WBNB PancakeswapWorker",
      "address": "0x41867cc58aece8B570FF1A2a8aa6149014D2a94C",
      "vault": "ibWBNB",
      "borrowToken": "WBNB",
      "posVal": 127463.73262603997,
      "posValUSD": 54608650.09898352,
      "debtVal": 81280.61170610822,
      "debtValUSD": 34822646.356297165
    },
    {
      "name": "WBNB-USDT PancakeswapWorker",
      "address": "0x81b6534f4F7ba45Ecf98295Cef1450B4a4FC81Cd",
      "vault": "ibUSDT",
      "borrowToken": "USDT",
      "posVal": 36196514.87511516,
      "posValUSD": 36213374.487813696,
      "debtVal": 21857366.165440034,
      "debtValUSD": 21867546.889452573
    }
  ]
}