{
  "blockNo": 11164284,
  "lpName": "USDT-WBNB LP",
  "lpTokens": 0,
  "token0_symbol": "USDT",
  "token0_decimals": 18,
  "token0": 0,
  "token0_liquidity": 134404537.6617587,
  "token0_price": 1.001,
  "token0_posVal": 48978917.89368312,
  "token0_posValUSD": 49027896.8115768,
  "token0_debtVal": 29606077.490571372,
  "token0_debtValUSD": 29635683.56806194,
  "token1_symbol": "WBNB",
  "token1_decimals": 18,
  "token1": 0,
  "token1_liquidity": 362865.6194093544,
  "token1_price": 371.09933717,
  "token1_posVal": 163575.19015924467,
  "token1_posValUSD": 60702644.645552404,
  "token1_debtVal": 99413.1870807631,
  "token1_debtValUSD": 36892167.8316284,
  "liquidity": 269198133.0440133,
  "tvl": 0,
  "health": 109730541.45712921,
  "debt": 66527851.39969034,
  "leverage": 2.5399006707971234,
  "workerPositions": [
    {
      "name": "USDT-WBNB PancakeswapWorker",
      "address": "0x41867cc58aece8B570FF1A2a8aa6149014D2a94C",
      "vault": "ibWBNB",
      "borrowToken": "WBNB",
      "posVal": 163575.19015924467,
      "posValUSD": 60702644.645552404,
      "debtVal": 99413.1870807631,
      "debtValUSD": 36892167.8316284
    },
    {
      "name": "WBNB-USDT PancakeswapWorker",
      "address": "0x81b6534f4F7ba45Ecf98295Cef1450B4a4FC81Cd",
      "vault": "ibUSDT",
      "borrowToken": "USDT",
      "posVal": 48978917.89368312,
      "posValUSD": 49027896.8115768,
      "debtVal": 29606077.490571372,
      "debtValUSD": 29635683.56806194
    }
  ]
}