{
  "blockNo": 9917926,
  "lpName": "USDT-WBNB LP",
  "lpTokens": 0,
  "token0_symbol": "USDT",
  "token0_decimals": 18,
  "token0": 0,
  "token0_liquidity": 137721901.91744554,
  "token0_price": 1.00010882,
  "token0_posVal": 30977255.032801263,
  "token0_posValUSD": 30980625.97769393,
  "token0_debtVal": 16450695.044511097,
  "token0_debtValUSD": 16452485.209145838,
  "token1_symbol": "WBNB",
  "token1_decimals": 18,
  "token1": 0,
  "token1_liquidity": 371911.1153588838,
  "token1_price": 371.46,
  "token1_posVal": 86757.655732442,
  "token1_posValUSD": 32226998.798372902,
  "token1_debtVal": 55651.71967346836,
  "token1_debtValUSD": 20672387.789906558,
  "liquidity": 275886991.7260232,
  "tvl": 0,
  "health": 63207624.77606683,
  "debt": 37124872.9990524,
  "leverage": 2.4233495497882585,
  "workerPositions": [
    {
      "name": "USDT-WBNB PancakeswapWorker",
      "address": "0x41867cc58aece8B570FF1A2a8aa6149014D2a94C",
      "vault": "ibWBNB",
      "borrowToken": "WBNB",
      "posVal": 86757.655732442,
      "posValUSD": 32226998.798372902,
      "debtVal": 55651.71967346836,
      "debtValUSD": 20672387.789906558
    },
    {
      "name": "WBNB-USDT PancakeswapWorker",
      "address": "0x81b6534f4F7ba45Ecf98295Cef1450B4a4FC81Cd",
      "vault": "ibUSDT",
      "borrowToken": "USDT",
      "posVal": 30977255.032801263,
      "posValUSD": 30980625.97769393,
      "debtVal": 16450695.044511097,
      "debtValUSD": 16452485.209145838
    }
  ]
}