{
  "blockNo": 16079973,
  "lpName": "USDT-WBNB LP",
  "lpTokens": 0,
  "token0_symbol": "USDT",
  "token0_decimals": 18,
  "token0": 0,
  "token0_liquidity": 120098305.55744945,
  "token0_price": 1.00003972,
  "token0_posVal": 46133150.32309454,
  "token0_posValUSD": 46134982.731825374,
  "token0_debtVal": 25251447.458801333,
  "token0_debtValUSD": 25252450.446294397,
  "token1_symbol": "WBNB",
  "token1_decimals": 18,
  "token1": 0,
  "token1_liquidity": 328523.32724137005,
  "token1_price": 365.11861027,
  "token1_posVal": 185623.73466397633,
  "token1_posValUSD": 67774680.03363825,
  "token1_debtVal": 111442.92214080795,
  "token1_debtValUSD": 40689884.85647961,
  "liquidity": 240053056.54579163,
  "tvl": 0,
  "health": 113909662.76546362,
  "debt": 65942335.302774005,
  "leverage": 2.3747344034137794,
  "workerPositions": [
    {
      "name": "USDT-WBNB PancakeswapWorker",
      "address": "0x41867cc58aece8B570FF1A2a8aa6149014D2a94C",
      "vault": "ibWBNB",
      "borrowToken": "WBNB",
      "posVal": 185623.73466397633,
      "posValUSD": 67774680.03363825,
      "debtVal": 111442.92214080795,
      "debtValUSD": 40689884.85647961
    },
    {
      "name": "WBNB-USDT PancakeswapWorker",
      "address": "0x81b6534f4F7ba45Ecf98295Cef1450B4a4FC81Cd",
      "vault": "ibUSDT",
      "borrowToken": "USDT",
      "posVal": 46133150.32309454,
      "posValUSD": 46134982.731825374,
      "debtVal": 25251447.458801333,
      "debtValUSD": 25252450.446294397
    }
  ]
}