{
  "blockNo": 14000826,
  "lpName": "USDT-WBNB LP",
  "lpTokens": 0,
  "token0_symbol": "USDT",
  "token0_decimals": 18,
  "token0": 0,
  "token0_liquidity": 142876419.49869034,
  "token0_price": 1.00000754,
  "token0_posVal": 49460850.16568281,
  "token0_posValUSD": 49461223.10049305,
  "token0_debtVal": 31127050.41767144,
  "token0_debtValUSD": 31127285.115631584,
  "token1_symbol": "WBNB",
  "token1_decimals": 18,
  "token1": 0,
  "token1_liquidity": 273155.7810651502,
  "token1_price": 523.31971635,
  "token1_posVal": 159276.73122626627,
  "token1_posValUSD": 83352653.80648486,
  "token1_debtVal": 100686.7262204136,
  "token1_debtValUSD": 52691349.00587696,
  "liquidity": 285825302.6532705,
  "tvl": 0,
  "health": 132813876.90697792,
  "debt": 83818634.12150854,
  "leverage": 2.710750459764367,
  "workerPositions": [
    {
      "name": "USDT-WBNB PancakeswapWorker",
      "address": "0x41867cc58aece8B570FF1A2a8aa6149014D2a94C",
      "vault": "ibWBNB",
      "borrowToken": "WBNB",
      "posVal": 159276.73122626627,
      "posValUSD": 83352653.80648486,
      "debtVal": 100686.7262204136,
      "debtValUSD": 52691349.00587696
    },
    {
      "name": "WBNB-USDT PancakeswapWorker",
      "address": "0x81b6534f4F7ba45Ecf98295Cef1450B4a4FC81Cd",
      "vault": "ibUSDT",
      "borrowToken": "USDT",
      "posVal": 49460850.16568281,
      "posValUSD": 49461223.10049305,
      "debtVal": 31127050.41767144,
      "debtValUSD": 31127285.115631584
    }
  ]
}