{
  "blockNo": 9032326,
  "lpName": "USDT-WBNB LP",
  "lpTokens": 0,
  "token0_symbol": "USDT",
  "token0_decimals": 18,
  "token0": 0,
  "token0_liquidity": 120145254.46797298,
  "token0_price": 0.99997658,
  "token0_posVal": 27177847.601922926,
  "token0_posValUSD": 27177211.096732087,
  "token0_debtVal": 15351444.240973044,
  "token0_debtValUSD": 15351084.710148921,
  "token1_symbol": "WBNB",
  "token1_decimals": 18,
  "token1": 0,
  "token1_liquidity": 384831.3508644586,
  "token1_price": 312.22559924,
  "token1_posVal": 83040.35737613018,
  "token1_posValUSD": 25927325.342866,
  "token1_debtVal": 50699.558247280926,
  "token1_debtValUSD": 15829699.954960572,
  "liquidity": 240296639.79610762,
  "tvl": 0,
  "health": 53104536.43959808,
  "debt": 31180784.665109493,
  "leverage": 2.4222376254685014,
  "workerPositions": [
    {
      "name": "USDT-WBNB PancakeswapWorker",
      "address": "0x41867cc58aece8B570FF1A2a8aa6149014D2a94C",
      "vault": "ibWBNB",
      "borrowToken": "WBNB",
      "posVal": 83040.35737613018,
      "posValUSD": 25927325.342866,
      "debtVal": 50699.558247280926,
      "debtValUSD": 15829699.954960572
    },
    {
      "name": "WBNB-USDT PancakeswapWorker",
      "address": "0x81b6534f4F7ba45Ecf98295Cef1450B4a4FC81Cd",
      "vault": "ibUSDT",
      "borrowToken": "USDT",
      "posVal": 27177847.601922926,
      "posValUSD": 27177211.096732087,
      "debtVal": 15351444.240973044,
      "debtValUSD": 15351084.710148921
    }
  ]
}