{
  "blockNo": 10778635,
  "lpName": "USDT-WBNB LP",
  "lpTokens": 0,
  "token0_symbol": "USDT",
  "token0_decimals": 18,
  "token0": 0,
  "token0_liquidity": 129111887.73644906,
  "token0_price": 1.00004991,
  "token0_posVal": 46878597.655034736,
  "token0_posValUSD": 46880937.3658437,
  "token0_debtVal": 27499002.245526496,
  "token0_debtValUSD": 27500374.72072857,
  "token1_symbol": "WBNB",
  "token1_decimals": 18,
  "token1": 0,
  "token1_liquidity": 301386.5127438738,
  "token1_price": 428.11976033,
  "token1_posVal": 133908.7692249627,
  "token1_posValUSD": 57328990.18667632,
  "token1_debtVal": 81804.25190028273,
  "token1_debtValUSD": 35022016.71752399,
  "liquidity": 258147853.31336772,
  "tvl": 0,
  "health": 104209927.55252002,
  "debt": 62522391.43825256,
  "leverage": 2.4997862014889964,
  "workerPositions": [
    {
      "name": "USDT-WBNB PancakeswapWorker",
      "address": "0x41867cc58aece8B570FF1A2a8aa6149014D2a94C",
      "vault": "ibWBNB",
      "borrowToken": "WBNB",
      "posVal": 133908.7692249627,
      "posValUSD": 57328990.18667632,
      "debtVal": 81804.25190028273,
      "debtValUSD": 35022016.71752399
    },
    {
      "name": "WBNB-USDT PancakeswapWorker",
      "address": "0x81b6534f4F7ba45Ecf98295Cef1450B4a4FC81Cd",
      "vault": "ibUSDT",
      "borrowToken": "USDT",
      "posVal": 46878597.655034736,
      "posValUSD": 46880937.3658437,
      "debtVal": 27499002.245526496,
      "debtValUSD": 27500374.72072857
    }
  ]
}