{
  "blockNo": 16720315,
  "lpName": "USDT-WBNB LP",
  "lpTokens": 0,
  "token0_symbol": "USDT",
  "token0_decimals": 18,
  "token0": 0,
  "token0_liquidity": 154726764.22405058,
  "token0_price": 1.00017467,
  "token0_posVal": 49091503.37576482,
  "token0_posValUSD": 49100078.18865947,
  "token0_debtVal": 24469991.32164867,
  "token0_debtValUSD": 24474265.49503282,
  "token1_symbol": "WBNB",
  "token1_decimals": 18,
  "token1": 0,
  "token1_liquidity": 362481.88652515016,
  "token1_price": 427.37,
  "token1_posVal": 157646.37093325722,
  "token1_posValUSD": 67373329.54574613,
  "token1_debtVal": 102487.25911326862,
  "token1_debtValUSD": 43799979.92723761,
  "liquidity": 309667674.19221103,
  "tvl": 0,
  "health": 116473407.7344056,
  "debt": 68274245.42227043,
  "leverage": 2.416502738784755,
  "workerPositions": [
    {
      "name": "USDT-WBNB PancakeswapWorker",
      "address": "0x41867cc58aece8B570FF1A2a8aa6149014D2a94C",
      "vault": "ibWBNB",
      "borrowToken": "WBNB",
      "posVal": 157646.37093325722,
      "posValUSD": 67373329.54574613,
      "debtVal": 102487.25911326862,
      "debtValUSD": 43799979.92723761
    },
    {
      "name": "WBNB-USDT PancakeswapWorker",
      "address": "0x81b6534f4F7ba45Ecf98295Cef1450B4a4FC81Cd",
      "vault": "ibUSDT",
      "borrowToken": "USDT",
      "posVal": 49091503.37576482,
      "posValUSD": 49100078.18865947,
      "debtVal": 24469991.32164867,
      "debtValUSD": 24474265.49503282
    }
  ]
}