{
  "blockNo": 9502417,
  "lpName": "USDT-WBNB LP",
  "lpTokens": 0,
  "token0_symbol": "USDT",
  "token0_decimals": 18,
  "token0": 0,
  "token0_liquidity": 117633347.98249117,
  "token0_price": 1.00001582,
  "token0_posVal": 31495063.543204594,
  "token0_posValUSD": 31495561.79510985,
  "token0_debtVal": 17796022.609829422,
  "token0_debtValUSD": 17796304.14290711,
  "token1_symbol": "WBNB",
  "token1_decimals": 18,
  "token1": 0,
  "token1_liquidity": 368834.8956836465,
  "token1_price": 319.52875323,
  "token1_posVal": 114171.3305394642,
  "token1_posValUSD": 36481022.90188522,
  "token1_debtVal": 67430.69901989357,
  "token1_debtValUSD": 21546047.187253974,
  "liquidity": 235488563.3075689,
  "tvl": 0,
  "health": 67976584.69699506,
  "debt": 39342351.33016108,
  "leverage": 2.373962097261173,
  "workerPositions": [
    {
      "name": "USDT-WBNB PancakeswapWorker",
      "address": "0x41867cc58aece8B570FF1A2a8aa6149014D2a94C",
      "vault": "ibWBNB",
      "borrowToken": "WBNB",
      "posVal": 114171.3305394642,
      "posValUSD": 36481022.90188522,
      "debtVal": 67430.69901989357,
      "debtValUSD": 21546047.187253974
    },
    {
      "name": "WBNB-USDT PancakeswapWorker",
      "address": "0x81b6534f4F7ba45Ecf98295Cef1450B4a4FC81Cd",
      "vault": "ibUSDT",
      "borrowToken": "USDT",
      "posVal": 31495063.543204594,
      "posValUSD": 31495561.79510985,
      "debtVal": 17796022.609829422,
      "debtValUSD": 17796304.14290711
    }
  ]
}