{
  "blockNo": 16752610,
  "lpName": "USDT-WBNB LP",
  "lpTokens": 0,
  "token0_symbol": "USDT",
  "token0_decimals": 18,
  "token0": 0,
  "token0_liquidity": 155649160.29813105,
  "token0_price": 1.00013293,
  "token0_posVal": 49187902.10877383,
  "token0_posValUSD": 49194440.656601146,
  "token0_debtVal": 24259898.467523985,
  "token0_debtValUSD": 24263123.335827272,
  "token1_symbol": "WBNB",
  "token1_decimals": 18,
  "token1": 0,
  "token1_liquidity": 357301.28001917776,
  "token1_price": 436.33240868,
  "token1_posVal": 156148.4855731791,
  "token1_posValUSD": 68132644.82187946,
  "token1_debtVal": 102518.44773089248,
  "token1_debtValUSD": 44732121.232555,
  "liquidity": 311571978.87622446,
  "tvl": 0,
  "health": 117327085.4784806,
  "debt": 68995244.56838228,
  "leverage": 2.4275318975894127,
  "workerPositions": [
    {
      "name": "USDT-WBNB PancakeswapWorker",
      "address": "0x41867cc58aece8B570FF1A2a8aa6149014D2a94C",
      "vault": "ibWBNB",
      "borrowToken": "WBNB",
      "posVal": 156148.4855731791,
      "posValUSD": 68132644.82187946,
      "debtVal": 102518.44773089248,
      "debtValUSD": 44732121.232555
    },
    {
      "name": "WBNB-USDT PancakeswapWorker",
      "address": "0x81b6534f4F7ba45Ecf98295Cef1450B4a4FC81Cd",
      "vault": "ibUSDT",
      "borrowToken": "USDT",
      "posVal": 49187902.10877383,
      "posValUSD": 49194440.656601146,
      "debtVal": 24259898.467523985,
      "debtValUSD": 24263123.335827272
    }
  ]
}