{
  "blockNo": 12146490,
  "lpName": "USDT-WBNB LP",
  "lpTokens": 0,
  "token0_symbol": "USDT",
  "token0_decimals": 18,
  "token0": 0,
  "token0_liquidity": 138492116.35230115,
  "token0_price": 1.00106831,
  "token0_posVal": 47280829.58294988,
  "token0_posValUSD": 47331340.16600163,
  "token0_debtVal": 29005541.576627158,
  "token0_debtValUSD": 29036528.48674888,
  "token1_symbol": "WBNB",
  "token1_decimals": 18,
  "token1": 0,
  "token1_liquidity": 304441.46982871304,
  "token1_price": 454.89790418,
  "token1_posVal": 150032.64964801597,
  "token1_posValUSD": 68249537.88345468,
  "token1_debtVal": 95385.81705290041,
  "token1_debtValUSD": 43390808.2658613,
  "liquidity": 277129855.43568176,
  "tvl": 0,
  "health": 115580878.04945631,
  "debt": 72427336.75261018,
  "leverage": 2.6783636887270594,
  "workerPositions": [
    {
      "name": "USDT-WBNB PancakeswapWorker",
      "address": "0x41867cc58aece8B570FF1A2a8aa6149014D2a94C",
      "vault": "ibWBNB",
      "borrowToken": "WBNB",
      "posVal": 150032.64964801597,
      "posValUSD": 68249537.88345468,
      "debtVal": 95385.81705290041,
      "debtValUSD": 43390808.2658613
    },
    {
      "name": "WBNB-USDT PancakeswapWorker",
      "address": "0x81b6534f4F7ba45Ecf98295Cef1450B4a4FC81Cd",
      "vault": "ibUSDT",
      "borrowToken": "USDT",
      "posVal": 47280829.58294988,
      "posValUSD": 47331340.16600163,
      "debtVal": 29005541.576627158,
      "debtValUSD": 29036528.48674888
    }
  ]
}