{
  "blockNo": 10523303,
  "lpName": "USDT-WBNB LP",
  "lpTokens": 0,
  "token0_symbol": "USDT",
  "token0_decimals": 18,
  "token0": 0,
  "token0_liquidity": 127853337.03518775,
  "token0_price": 1.00036221,
  "token0_posVal": 54582780.254458345,
  "token0_posValUSD": 54602550.68329431,
  "token0_debtVal": 30535800.144976128,
  "token0_debtValUSD": 30546860.51714664,
  "token1_symbol": "WBNB",
  "token1_decimals": 18,
  "token1": 0,
  "token1_liquidity": 278160.9673824491,
  "token1_price": 460.5,
  "token1_posVal": 130751.48890121625,
  "token1_posValUSD": 60211060.63901008,
  "token1_debtVal": 84493.08474210418,
  "token1_debtValUSD": 38909065.52373897,
  "liquidity": 255992772.27201307,
  "tvl": 0,
  "health": 114813611.3223044,
  "debt": 69455926.04088561,
  "leverage": 2.5312934425544618,
  "workerPositions": [
    {
      "name": "USDT-WBNB PancakeswapWorker",
      "address": "0x41867cc58aece8B570FF1A2a8aa6149014D2a94C",
      "vault": "ibWBNB",
      "borrowToken": "WBNB",
      "posVal": 130751.48890121625,
      "posValUSD": 60211060.63901008,
      "debtVal": 84493.08474210418,
      "debtValUSD": 38909065.52373897
    },
    {
      "name": "WBNB-USDT PancakeswapWorker",
      "address": "0x81b6534f4F7ba45Ecf98295Cef1450B4a4FC81Cd",
      "vault": "ibUSDT",
      "borrowToken": "USDT",
      "posVal": 54582780.254458345,
      "posValUSD": 54602550.68329431,
      "debtVal": 30535800.144976128,
      "debtValUSD": 30546860.51714664
    }
  ]
}