{
  "blockNo": 16714316,
  "lpName": "USDT-WBNB LP",
  "lpTokens": 0,
  "token0_symbol": "USDT",
  "token0_decimals": 18,
  "token0": 0,
  "token0_liquidity": 153930465.0971811,
  "token0_price": 1.00017467,
  "token0_posVal": 48959498.390139945,
  "token0_posValUSD": 48968050.14572375,
  "token0_debtVal": 24554495.941651125,
  "token0_debtValUSD": 24558784.875457253,
  "token1_symbol": "WBNB",
  "token1_decimals": 18,
  "token1": 0,
  "token1_liquidity": 364500.03189385985,
  "token1_price": 423.06448323,
  "token1_posVal": 158355.32993566603,
  "token1_posValUSD": 66994515.8259487,
  "token1_debtVal": 102396.5778302319,
  "token1_debtValUSD": 43320355.28426753,
  "liquidity": 308164369.762014,
  "tvl": 0,
  "health": 115962565.97167245,
  "debt": 67879140.15972479,
  "leverage": 2.4116951738255374,
  "workerPositions": [
    {
      "name": "USDT-WBNB PancakeswapWorker",
      "address": "0x41867cc58aece8B570FF1A2a8aa6149014D2a94C",
      "vault": "ibWBNB",
      "borrowToken": "WBNB",
      "posVal": 158355.32993566603,
      "posValUSD": 66994515.8259487,
      "debtVal": 102396.5778302319,
      "debtValUSD": 43320355.28426753
    },
    {
      "name": "WBNB-USDT PancakeswapWorker",
      "address": "0x81b6534f4F7ba45Ecf98295Cef1450B4a4FC81Cd",
      "vault": "ibUSDT",
      "borrowToken": "USDT",
      "posVal": 48959498.390139945,
      "posValUSD": 48968050.14572375,
      "debtVal": 24554495.941651125,
      "debtValUSD": 24558784.875457253
    }
  ]
}