{
  "blockNo": 11368991,
  "lpName": "USDT-WBNB LP",
  "lpTokens": 0,
  "token0_symbol": "USDT",
  "token0_decimals": 18,
  "token0": 0,
  "token0_liquidity": 86378290.35363129,
  "token0_price": 1,
  "token0_posVal": 40369650.30644569,
  "token0_posValUSD": 40369650.30644569,
  "token0_debtVal": 24678968.195183184,
  "token0_debtValUSD": 24678968.195183184,
  "token1_symbol": "WBNB",
  "token1_decimals": 18,
  "token1": 0,
  "token1_liquidity": 227975.59498420317,
  "token1_price": 378.58208124,
  "token1_posVal": 112956.49600872486,
  "token1_posValUSD": 42763305.34856081,
  "token1_debtVal": 72989.28090993596,
  "token1_debtValUSD": 27632433.875094555,
  "liquidity": 172685765.57467824,
  "tvl": 0,
  "health": 83132955.6550065,
  "debt": 52311402.070277736,
  "leverage": 2.697234434548316,
  "workerPositions": [
    {
      "name": "USDT-WBNB PancakeswapWorker",
      "address": "0x41867cc58aece8B570FF1A2a8aa6149014D2a94C",
      "vault": "ibWBNB",
      "borrowToken": "WBNB",
      "posVal": 112956.49600872486,
      "posValUSD": 42763305.34856081,
      "debtVal": 72989.28090993596,
      "debtValUSD": 27632433.875094555
    },
    {
      "name": "WBNB-USDT PancakeswapWorker",
      "address": "0x81b6534f4F7ba45Ecf98295Cef1450B4a4FC81Cd",
      "vault": "ibUSDT",
      "borrowToken": "USDT",
      "posVal": 40369650.30644569,
      "posValUSD": 40369650.30644569,
      "debtVal": 24678968.195183184,
      "debtValUSD": 24678968.195183184
    }
  ]
}