{
  "blockNo": 16590547,
  "lpName": "USDT-WBNB LP",
  "lpTokens": 0,
  "token0_symbol": "USDT",
  "token0_decimals": 18,
  "token0": 0,
  "token0_liquidity": 163686532.8706777,
  "token0_price": 1.00035642,
  "token0_posVal": 50415543.31579448,
  "token0_posValUSD": 50433512.42374309,
  "token0_debtVal": 24639891.097125676,
  "token0_debtValUSD": 24648673.247110512,
  "token1_symbol": "WBNB",
  "token1_decimals": 18,
  "token1": 0,
  "token1_liquidity": 364765.6470470168,
  "token1_price": 449.16560183,
  "token1_posVal": 153411.91022927768,
  "token1_posValUSD": 68907352.98602344,
  "token1_debtVal": 102365.77706029502,
  "token1_debtValUSD": 45979185.86008302,
  "liquidity": 327585055.4075061,
  "tvl": 0,
  "health": 119340865.40976653,
  "debt": 70627859.10719353,
  "leverage": 2.4498768289622683,
  "workerPositions": [
    {
      "name": "USDT-WBNB PancakeswapWorker",
      "address": "0x41867cc58aece8B570FF1A2a8aa6149014D2a94C",
      "vault": "ibWBNB",
      "borrowToken": "WBNB",
      "posVal": 153411.91022927768,
      "posValUSD": 68907352.98602344,
      "debtVal": 102365.77706029502,
      "debtValUSD": 45979185.86008302
    },
    {
      "name": "WBNB-USDT PancakeswapWorker",
      "address": "0x81b6534f4F7ba45Ecf98295Cef1450B4a4FC81Cd",
      "vault": "ibUSDT",
      "borrowToken": "USDT",
      "posVal": 50415543.31579448,
      "posValUSD": 50433512.42374309,
      "debtVal": 24639891.097125676,
      "debtValUSD": 24648673.247110512
    }
  ]
}