{
  "blockNo": 11216844,
  "lpName": "USDT-WBNB LP",
  "lpTokens": 0,
  "token0_symbol": "USDT",
  "token0_decimals": 18,
  "token0": 0,
  "token0_liquidity": 127842185.76718451,
  "token0_price": 1.00151335,
  "token0_posVal": 44980707.22469446,
  "token0_posValUSD": 45048778.77797295,
  "token0_debtVal": 27695047.076137677,
  "token0_debtValUSD": 27736959.37563035,
  "token1_symbol": "WBNB",
  "token1_decimals": 18,
  "token1": 0,
  "token1_liquidity": 363045.3222995951,
  "token1_price": 352.68785818,
  "token1_posVal": 161834.33031769108,
  "token1_posValUSD": 57077003.3397411,
  "token1_debtVal": 96023.01183170328,
  "token1_debtValUSD": 33866150.37891623,
  "liquidity": 256077332.88312727,
  "tvl": 0,
  "health": 102125782.11771405,
  "debt": 61603109.754546575,
  "leverage": 2.5202134055339322,
  "workerPositions": [
    {
      "name": "USDT-WBNB PancakeswapWorker",
      "address": "0x41867cc58aece8B570FF1A2a8aa6149014D2a94C",
      "vault": "ibWBNB",
      "borrowToken": "WBNB",
      "posVal": 161834.33031769108,
      "posValUSD": 57077003.3397411,
      "debtVal": 96023.01183170328,
      "debtValUSD": 33866150.37891623
    },
    {
      "name": "WBNB-USDT PancakeswapWorker",
      "address": "0x81b6534f4F7ba45Ecf98295Cef1450B4a4FC81Cd",
      "vault": "ibUSDT",
      "borrowToken": "USDT",
      "posVal": 44980707.22469446,
      "posValUSD": 45048778.77797295,
      "debtVal": 27695047.076137677,
      "debtValUSD": 27736959.37563035
    }
  ]
}