{
  "blockNo": 11365428,
  "lpName": "USDT-WBNB LP",
  "lpTokens": 0,
  "token0_symbol": "USDT",
  "token0_decimals": 18,
  "token0": 0,
  "token0_liquidity": 91761773.97322856,
  "token0_price": 1,
  "token0_posVal": 42284104.557573825,
  "token0_posValUSD": 42284104.557573825,
  "token0_debtVal": 25657512.518539563,
  "token0_debtValUSD": 25657512.518539563,
  "token1_symbol": "WBNB",
  "token1_decimals": 18,
  "token1": 0,
  "token1_liquidity": 243231.60913319114,
  "token1_price": 376.88828286,
  "token1_posVal": 132115.2107440197,
  "token1_posValUSD": 49792674.917000614,
  "token1_debtVal": 85369.89811918845,
  "token1_debtValUSD": 32174914.31007408,
  "liquidity": 183432917.47671166,
  "tvl": 0,
  "health": 92076779.47457445,
  "debt": 57832426.82861364,
  "leverage": 2.68881647220845,
  "workerPositions": [
    {
      "name": "USDT-WBNB PancakeswapWorker",
      "address": "0x41867cc58aece8B570FF1A2a8aa6149014D2a94C",
      "vault": "ibWBNB",
      "borrowToken": "WBNB",
      "posVal": 132115.2107440197,
      "posValUSD": 49792674.917000614,
      "debtVal": 85369.89811918845,
      "debtValUSD": 32174914.31007408
    },
    {
      "name": "WBNB-USDT PancakeswapWorker",
      "address": "0x81b6534f4F7ba45Ecf98295Cef1450B4a4FC81Cd",
      "vault": "ibUSDT",
      "borrowToken": "USDT",
      "posVal": 42284104.557573825,
      "posValUSD": 42284104.557573825,
      "debtVal": 25657512.518539563,
      "debtValUSD": 25657512.518539563
    }
  ]
}