{
  "blockNo": 12362709,
  "lpName": "USDT-WBNB LP",
  "lpTokens": 0,
  "token0_symbol": "USDT",
  "token0_decimals": 18,
  "token0": 0,
  "token0_liquidity": 142000509.86134303,
  "token0_price": 1.00073589,
  "token0_posVal": 53121947.27617156,
  "token0_posValUSD": 53161039.185952626,
  "token0_debtVal": 30420238.085962173,
  "token0_debtValUSD": 30442624.034967255,
  "token1_symbol": "WBNB",
  "token1_decimals": 18,
  "token1": 0,
  "token1_liquidity": 255872.42684733972,
  "token1_price": 555.26733526,
  "token1_posVal": 156052.10889396467,
  "token1_posValUSD": 86650638.6672551,
  "token1_debtVal": 104472.77442905962,
  "token1_debtValUSD": 58010319.064443,
  "liquidity": 284182607.23857653,
  "tvl": 0,
  "health": 139811677.85320774,
  "debt": 88452943.09941025,
  "leverage": 2.722257051764111,
  "workerPositions": [
    {
      "name": "USDT-WBNB PancakeswapWorker",
      "address": "0x41867cc58aece8B570FF1A2a8aa6149014D2a94C",
      "vault": "ibWBNB",
      "borrowToken": "WBNB",
      "posVal": 156052.10889396467,
      "posValUSD": 86650638.6672551,
      "debtVal": 104472.77442905962,
      "debtValUSD": 58010319.064443
    },
    {
      "name": "WBNB-USDT PancakeswapWorker",
      "address": "0x81b6534f4F7ba45Ecf98295Cef1450B4a4FC81Cd",
      "vault": "ibUSDT",
      "borrowToken": "USDT",
      "posVal": 53121947.27617156,
      "posValUSD": 53161039.185952626,
      "debtVal": 30420238.085962173,
      "debtValUSD": 30442624.034967255
    }
  ]
}