{
  "blockNo": 13876130,
  "lpName": "USDT-WBNB LP",
  "lpTokens": 0,
  "token0_symbol": "USDT",
  "token0_decimals": 18,
  "token0": 0,
  "token0_liquidity": 134631155.03950027,
  "token0_price": 1.00039438,
  "token0_posVal": 51115995.02382028,
  "token0_posValUSD": 51136154.14993777,
  "token0_debtVal": 31902542.878243588,
  "token0_debtValUSD": 31915124.603103906,
  "token1_symbol": "WBNB",
  "token1_decimals": 18,
  "token1": 0,
  "token1_liquidity": 251556.27886150798,
  "token1_price": 535.98915664,
  "token1_posVal": 159150.5329510212,
  "token1_posValUSD": 85302959.93522438,
  "token1_debtVal": 101631.43900192817,
  "token1_debtValUSD": 54473349.27875309,
  "liquidity": 269515688.62890106,
  "tvl": 0,
  "health": 136439114.08516216,
  "debt": 86388473.881857,
  "leverage": 2.7260213561894098,
  "workerPositions": [
    {
      "name": "USDT-WBNB PancakeswapWorker",
      "address": "0x41867cc58aece8B570FF1A2a8aa6149014D2a94C",
      "vault": "ibWBNB",
      "borrowToken": "WBNB",
      "posVal": 159150.5329510212,
      "posValUSD": 85302959.93522438,
      "debtVal": 101631.43900192817,
      "debtValUSD": 54473349.27875309
    },
    {
      "name": "WBNB-USDT PancakeswapWorker",
      "address": "0x81b6534f4F7ba45Ecf98295Cef1450B4a4FC81Cd",
      "vault": "ibUSDT",
      "borrowToken": "USDT",
      "posVal": 51115995.02382028,
      "posValUSD": 51136154.14993777,
      "debtVal": 31902542.878243588,
      "debtValUSD": 31915124.603103906
    }
  ]
}