{
  "blockNo": 12866021,
  "lpName": "USDT-WBNB LP",
  "lpTokens": 0,
  "token0_symbol": "USDT",
  "token0_decimals": 18,
  "token0": 0,
  "token0_liquidity": 153342858.30857497,
  "token0_price": 1.00106544,
  "token0_posVal": 65504134.47214074,
  "token0_posValUSD": 65573925.19717274,
  "token0_debtVal": 37508902.70607925,
  "token0_debtValUSD": 37548866.19137842,
  "token1_symbol": "WBNB",
  "token1_decimals": 18,
  "token1": 0,
  "token1_liquidity": 265669.06110561726,
  "token1_price": 577.30530071,
  "token1_posVal": 147297.92480716397,
  "token1_posValUSD": 85035872.77475877,
  "token1_debtVal": 97885.21922053925,
  "token1_debtValUSD": 56509655.917177685,
  "liquidity": 306878393.134453,
  "tvl": 0,
  "health": 150609797.97193152,
  "debt": 94058522.1085561,
  "leverage": 2.663243148320756,
  "workerPositions": [
    {
      "name": "USDT-WBNB PancakeswapWorker",
      "address": "0x41867cc58aece8B570FF1A2a8aa6149014D2a94C",
      "vault": "ibWBNB",
      "borrowToken": "WBNB",
      "posVal": 147297.92480716397,
      "posValUSD": 85035872.77475877,
      "debtVal": 97885.21922053925,
      "debtValUSD": 56509655.917177685
    },
    {
      "name": "WBNB-USDT PancakeswapWorker",
      "address": "0x81b6534f4F7ba45Ecf98295Cef1450B4a4FC81Cd",
      "vault": "ibUSDT",
      "borrowToken": "USDT",
      "posVal": 65504134.47214074,
      "posValUSD": 65573925.19717274,
      "debtVal": 37508902.70607925,
      "debtValUSD": 37548866.19137842
    }
  ]
}