{
  "blockNo": 15128413,
  "lpName": "USDT-WBNB LP",
  "lpTokens": 0,
  "token0_symbol": "USDT",
  "token0_decimals": 18,
  "token0": 0,
  "token0_liquidity": 107756927.80307749,
  "token0_price": 1.00099874,
  "token0_posVal": 43885103.87029563,
  "token0_posValUSD": 43928933.67893505,
  "token0_debtVal": 25591758.599414565,
  "token0_debtValUSD": 25617318.112398144,
  "token1_symbol": "WBNB",
  "token1_decimals": 18,
  "token1": 0,
  "token1_liquidity": 256305.69938418226,
  "token1_price": 421.31,
  "token1_posVal": 124608.60450056045,
  "token1_posValUSD": 52498851.16213112,
  "token1_debtVal": 78678.41746383252,
  "token1_debtValUSD": 33148004.06168728,
  "liquidity": 215848703.16470134,
  "tvl": 0,
  "health": 96427784.84106618,
  "debt": 58765322.17408542,
  "leverage": 2.5603154444174425,
  "workerPositions": [
    {
      "name": "USDT-WBNB PancakeswapWorker",
      "address": "0x41867cc58aece8B570FF1A2a8aa6149014D2a94C",
      "vault": "ibWBNB",
      "borrowToken": "WBNB",
      "posVal": 124608.60450056045,
      "posValUSD": 52498851.16213112,
      "debtVal": 78678.41746383252,
      "debtValUSD": 33148004.06168728
    },
    {
      "name": "WBNB-USDT PancakeswapWorker",
      "address": "0x81b6534f4F7ba45Ecf98295Cef1450B4a4FC81Cd",
      "vault": "ibUSDT",
      "borrowToken": "USDT",
      "posVal": 43885103.87029563,
      "posValUSD": 43928933.67893505,
      "debtVal": 25591758.599414565,
      "debtValUSD": 25617318.112398144
    }
  ]
}