{
  "blockNo": 9079119,
  "lpName": "USDT-WBNB LP",
  "lpTokens": 0,
  "token0_symbol": "USDT",
  "token0_decimals": 18,
  "token0": 0,
  "token0_liquidity": 118380836.27663094,
  "token0_price": 1.00032124,
  "token0_posVal": 26746120.231325693,
  "token0_posValUSD": 26754712.154988803,
  "token0_debtVal": 14826276.440943904,
  "token0_debtValUSD": 14831039.233987791,
  "token1_symbol": "WBNB",
  "token1_decimals": 18,
  "token1": 0,
  "token1_liquidity": 365600.2621274319,
  "token1_price": 324.55402311,
  "token1_posVal": 77165.61947034385,
  "token1_posValUSD": 25044412.244875446,
  "token1_debtVal": 48436.53869221671,
  "token1_debtValUSD": 15720273.49808211,
  "liquidity": 237075900.86000502,
  "tvl": 0,
  "health": 51799124.39986425,
  "debt": 30551312.732069902,
  "leverage": 2.437856905442033,
  "workerPositions": [
    {
      "name": "USDT-WBNB PancakeswapWorker",
      "address": "0x41867cc58aece8B570FF1A2a8aa6149014D2a94C",
      "vault": "ibWBNB",
      "borrowToken": "WBNB",
      "posVal": 77165.61947034385,
      "posValUSD": 25044412.244875446,
      "debtVal": 48436.53869221671,
      "debtValUSD": 15720273.49808211
    },
    {
      "name": "WBNB-USDT PancakeswapWorker",
      "address": "0x81b6534f4F7ba45Ecf98295Cef1450B4a4FC81Cd",
      "vault": "ibUSDT",
      "borrowToken": "USDT",
      "posVal": 26746120.231325693,
      "posValUSD": 26754712.154988803,
      "debtVal": 14826276.440943904,
      "debtValUSD": 14831039.233987791
    }
  ]
}