{
  "blockNo": 12737440,
  "lpName": "USDT-WBNB LP",
  "lpTokens": 0,
  "token0_symbol": "USDT",
  "token0_decimals": 18,
  "token0": 0,
  "token0_liquidity": 142848597.29555458,
  "token0_price": 1.00044122,
  "token0_posVal": 50822595.34633001,
  "token0_posValUSD": 50845019.29184871,
  "token0_debtVal": 30170523.685648672,
  "token0_debtValUSD": 30183835.52410925,
  "token1_symbol": "WBNB",
  "token1_decimals": 18,
  "token1": 0,
  "token1_liquidity": 244341.18588125284,
  "token1_price": 586.21890416,
  "token1_posVal": 141634.93036615383,
  "token1_posValUSD": 83029073.6700246,
  "token1_debtVal": 94848.86367635909,
  "token1_debtValUSD": 55602196.92517645,
  "liquidity": 286149047.1821162,
  "tvl": 0,
  "health": 133874092.96187332,
  "debt": 85786032.4492857,
  "leverage": 2.7839362106698022,
  "workerPositions": [
    {
      "name": "USDT-WBNB PancakeswapWorker",
      "address": "0x41867cc58aece8B570FF1A2a8aa6149014D2a94C",
      "vault": "ibWBNB",
      "borrowToken": "WBNB",
      "posVal": 141634.93036615383,
      "posValUSD": 83029073.6700246,
      "debtVal": 94848.86367635909,
      "debtValUSD": 55602196.92517645
    },
    {
      "name": "WBNB-USDT PancakeswapWorker",
      "address": "0x81b6534f4F7ba45Ecf98295Cef1450B4a4FC81Cd",
      "vault": "ibUSDT",
      "borrowToken": "USDT",
      "posVal": 50822595.34633001,
      "posValUSD": 50845019.29184871,
      "debtVal": 30170523.685648672,
      "debtValUSD": 30183835.52410925
    }
  ]
}