{
  "blockNo": 16966885,
  "lpName": "USDT-WBNB LP",
  "lpTokens": 0,
  "token0_symbol": "USDT",
  "token0_decimals": 18,
  "token0": 0,
  "token0_liquidity": 168226880.58464155,
  "token0_price": 1.00010068,
  "token0_posVal": 53274824.93604586,
  "token0_posValUSD": 53280188.645420425,
  "token0_debtVal": 26883102.054563556,
  "token0_debtValUSD": 26885808.645278413,
  "token1_symbol": "WBNB",
  "token1_decimals": 18,
  "token1": 0,
  "token1_liquidity": 402500.6745703437,
  "token1_price": 417.61074437,
  "token1_posVal": 173604.83049568947,
  "token1_posValUSD": 72499242.48953256,
  "token1_debtVal": 109907.3751477061,
  "token1_debtValUSD": 45898500.747186385,
  "liquidity": 336332423.9837272,
  "tvl": 0,
  "health": 125779431.13495299,
  "debt": 72784309.3924648,
  "leverage": 2.3734152691663857,
  "workerPositions": [
    {
      "name": "USDT-WBNB PancakeswapWorker",
      "address": "0x41867cc58aece8B570FF1A2a8aa6149014D2a94C",
      "vault": "ibWBNB",
      "borrowToken": "WBNB",
      "posVal": 173604.83049568947,
      "posValUSD": 72499242.48953256,
      "debtVal": 109907.3751477061,
      "debtValUSD": 45898500.747186385
    },
    {
      "name": "WBNB-USDT PancakeswapWorker",
      "address": "0x81b6534f4F7ba45Ecf98295Cef1450B4a4FC81Cd",
      "vault": "ibUSDT",
      "borrowToken": "USDT",
      "posVal": 53274824.93604586,
      "posValUSD": 53280188.645420425,
      "debtVal": 26883102.054563556,
      "debtValUSD": 26885808.645278413
    }
  ]
}