{
  "blockNo": 14641952,
  "lpName": "USDT-WBNB LP",
  "lpTokens": 0,
  "token0_symbol": "USDT",
  "token0_decimals": 18,
  "token0": 0,
  "token0_liquidity": 85458507.47230305,
  "token0_price": 1.00064458,
  "token0_posVal": 34268950.49356527,
  "token0_posValUSD": 34291039.57367441,
  "token0_debtVal": 22095363.775807317,
  "token0_debtValUSD": 22109606.005389925,
  "token1_symbol": "WBNB",
  "token1_decimals": 18,
  "token1": 0,
  "token1_liquidity": 242296.6759762781,
  "token1_price": 354.62963362,
  "token1_posVal": 125908.12723429911,
  "token1_posValUSD": 44650753.03087984,
  "token1_debtVal": 72490.47588429473,
  "token1_debtValUSD": 25707270.903786886,
  "liquidity": 171439173.74586087,
  "tvl": 0,
  "health": 78941792.60455425,
  "debt": 47816876.90917681,
  "leverage": 2.536289363067364,
  "workerPositions": [
    {
      "name": "USDT-WBNB PancakeswapWorker",
      "address": "0x41867cc58aece8B570FF1A2a8aa6149014D2a94C",
      "vault": "ibWBNB",
      "borrowToken": "WBNB",
      "posVal": 125908.12723429911,
      "posValUSD": 44650753.03087984,
      "debtVal": 72490.47588429473,
      "debtValUSD": 25707270.903786886
    },
    {
      "name": "WBNB-USDT PancakeswapWorker",
      "address": "0x81b6534f4F7ba45Ecf98295Cef1450B4a4FC81Cd",
      "vault": "ibUSDT",
      "borrowToken": "USDT",
      "posVal": 34268950.49356527,
      "posValUSD": 34291039.57367441,
      "debtVal": 22095363.775807317,
      "debtValUSD": 22109606.005389925
    }
  ]
}