{
  "blockNo": 14635958,
  "lpName": "USDT-WBNB LP",
  "lpTokens": 0,
  "token0_symbol": "USDT",
  "token0_decimals": 18,
  "token0": 0,
  "token0_liquidity": 87248068.43640496,
  "token0_price": 1.00064458,
  "token0_posVal": 35017472.6651063,
  "token0_posValUSD": 35040044.22763677,
  "token0_debtVal": 22096418.96313754,
  "token0_debtValUSD": 22110661.8728728,
  "token1_symbol": "WBNB",
  "token1_decimals": 18,
  "token1": 0,
  "token1_liquidity": 236849.66768834996,
  "token1_price": 368.54815943,
  "token1_posVal": 122744.91460067533,
  "token1_posValUSD": 45237412.355471425,
  "token1_debtVal": 72191.68581574649,
  "token1_debtValUSD": 26606112.933542207,
  "liquidity": 174594815.88450623,
  "tvl": 0,
  "health": 80277456.58310819,
  "debt": 48716774.80641501,
  "leverage": 2.543590697790033,
  "workerPositions": [
    {
      "name": "USDT-WBNB PancakeswapWorker",
      "address": "0x41867cc58aece8B570FF1A2a8aa6149014D2a94C",
      "vault": "ibWBNB",
      "borrowToken": "WBNB",
      "posVal": 122744.91460067533,
      "posValUSD": 45237412.355471425,
      "debtVal": 72191.68581574649,
      "debtValUSD": 26606112.933542207
    },
    {
      "name": "WBNB-USDT PancakeswapWorker",
      "address": "0x81b6534f4F7ba45Ecf98295Cef1450B4a4FC81Cd",
      "vault": "ibUSDT",
      "borrowToken": "USDT",
      "posVal": 35017472.6651063,
      "posValUSD": 35040044.22763677,
      "debtVal": 22096418.96313754,
      "debtValUSD": 22110661.8728728
    }
  ]
}