{
  "blockNo": 13804271,
  "lpName": "USDT-WBNB LP",
  "lpTokens": 0,
  "token0_symbol": "USDT",
  "token0_decimals": 18,
  "token0": 0,
  "token0_liquidity": 130681448.1481789,
  "token0_price": 1.00050268,
  "token0_posVal": 49805297.31692692,
  "token0_posValUSD": 49830333.443782195,
  "token0_debtVal": 30871443.510700807,
  "token0_debtValUSD": 30886961.96792477,
  "token1_symbol": "WBNB",
  "token1_decimals": 18,
  "token1": 0,
  "token1_liquidity": 241874.45938355272,
  "token1_price": 540.31689795,
  "token1_posVal": 149323.79527748015,
  "token1_posValUSD": 80682169.85444893,
  "token1_debtVal": 95677.25620819042,
  "token1_debtValUSD": 51696038.278776824,
  "liquidity": 261435996.68598852,
  "tvl": 0,
  "health": 130512503.29823112,
  "debt": 82583000.2467016,
  "leverage": 2.723009732813539,
  "workerPositions": [
    {
      "name": "USDT-WBNB PancakeswapWorker",
      "address": "0x41867cc58aece8B570FF1A2a8aa6149014D2a94C",
      "vault": "ibWBNB",
      "borrowToken": "WBNB",
      "posVal": 149323.79527748015,
      "posValUSD": 80682169.85444893,
      "debtVal": 95677.25620819042,
      "debtValUSD": 51696038.278776824
    },
    {
      "name": "WBNB-USDT PancakeswapWorker",
      "address": "0x81b6534f4F7ba45Ecf98295Cef1450B4a4FC81Cd",
      "vault": "ibUSDT",
      "borrowToken": "USDT",
      "posVal": 49805297.31692692,
      "posValUSD": 49830333.443782195,
      "debtVal": 30871443.510700807,
      "debtValUSD": 30886961.96792477
    }
  ]
}