{
  "blockNo": 14279843,
  "lpName": "USDT-WBNB LP",
  "lpTokens": 0,
  "token0_symbol": "USDT",
  "token0_decimals": 18,
  "token0": 0,
  "token0_liquidity": 110251203.51818413,
  "token0_price": 1.00004646,
  "token0_posVal": 32402585.794724397,
  "token0_posValUSD": 32404091.21886042,
  "token0_debtVal": 19690034.723217253,
  "token0_debtValUSD": 19690949.522230495,
  "token1_symbol": "WBNB",
  "token1_decimals": 18,
  "token1": 0,
  "token1_liquidity": 238769.65448420274,
  "token1_price": 462.06170178,
  "token1_posVal": 107737.36700196314,
  "token1_posValUSD": 49781311.14222351,
  "token1_debtVal": 65465.568910753595,
  "token1_debtValUSD": 30249132.17889867,
  "liquidity": 220582638.6734929,
  "tvl": 0,
  "health": 82185402.36108392,
  "debt": 49940081.70112917,
  "leverage": 2.5487543829312704,
  "workerPositions": [
    {
      "name": "USDT-WBNB PancakeswapWorker",
      "address": "0x41867cc58aece8B570FF1A2a8aa6149014D2a94C",
      "vault": "ibWBNB",
      "borrowToken": "WBNB",
      "posVal": 107737.36700196314,
      "posValUSD": 49781311.14222351,
      "debtVal": 65465.568910753595,
      "debtValUSD": 30249132.17889867
    },
    {
      "name": "WBNB-USDT PancakeswapWorker",
      "address": "0x81b6534f4F7ba45Ecf98295Cef1450B4a4FC81Cd",
      "vault": "ibUSDT",
      "borrowToken": "USDT",
      "posVal": 32402585.794724397,
      "posValUSD": 32404091.21886042,
      "debtVal": 19690034.723217253,
      "debtValUSD": 19690949.522230495
    }
  ]
}