{
  "blockNo": 14406753,
  "lpName": "USDT-WBNB LP",
  "lpTokens": 0,
  "token0_symbol": "USDT",
  "token0_decimals": 18,
  "token0": 0,
  "token0_liquidity": 90942301.92092629,
  "token0_price": 1.00048278,
  "token0_posVal": 29364805.562953994,
  "token0_posValUSD": 29378982.303783678,
  "token0_debtVal": 17586362.60721339,
  "token0_debtValUSD": 17594852.951352898,
  "token1_symbol": "WBNB",
  "token1_decimals": 18,
  "token1": 0,
  "token1_liquidity": 184981.16917079085,
  "token1_price": 492.27173024,
  "token1_posVal": 97672.18445992579,
  "token1_posValUSD": 48081255.24040811,
  "token1_debtVal": 64805.68893120539,
  "token1_debtValUSD": 31902008.619559694,
  "liquidity": 182047207.25497103,
  "tvl": 0,
  "health": 77460237.54419178,
  "debt": 49496861.57091259,
  "leverage": 2.770060296661249,
  "workerPositions": [
    {
      "name": "USDT-WBNB PancakeswapWorker",
      "address": "0x41867cc58aece8B570FF1A2a8aa6149014D2a94C",
      "vault": "ibWBNB",
      "borrowToken": "WBNB",
      "posVal": 97672.18445992579,
      "posValUSD": 48081255.24040811,
      "debtVal": 64805.68893120539,
      "debtValUSD": 31902008.619559694
    },
    {
      "name": "WBNB-USDT PancakeswapWorker",
      "address": "0x81b6534f4F7ba45Ecf98295Cef1450B4a4FC81Cd",
      "vault": "ibUSDT",
      "borrowToken": "USDT",
      "posVal": 29364805.562953994,
      "posValUSD": 29378982.303783678,
      "debtVal": 17586362.60721339,
      "debtValUSD": 17594852.951352898
    }
  ]
}