{
  "blockNo": 16276223,
  "lpName": "USDT-WBNB LP",
  "lpTokens": 0,
  "token0_symbol": "USDT",
  "token0_decimals": 18,
  "token0": 0,
  "token0_liquidity": 133032455.44959508,
  "token0_price": 1.00014022,
  "token0_posVal": 48626325.78592715,
  "token0_posValUSD": 48633144.16932885,
  "token0_debtVal": 25260218.970228232,
  "token0_debtValUSD": 25263760.958132237,
  "token1_symbol": "WBNB",
  "token1_decimals": 18,
  "token1": 0,
  "token1_liquidity": 328091.51685360057,
  "token1_price": 405.91014047,
  "token1_posVal": 173082.70468898106,
  "token1_posValUSD": 70256024.97323182,
  "token1_debtVal": 109805.03637602115,
  "token1_debtValUSD": 44570977.7397042,
  "liquidity": 266226782.9535586,
  "tvl": 0,
  "health": 118889169.14256068,
  "debt": 69834738.69783643,
  "leverage": 2.4236173586100027,
  "workerPositions": [
    {
      "name": "USDT-WBNB PancakeswapWorker",
      "address": "0x41867cc58aece8B570FF1A2a8aa6149014D2a94C",
      "vault": "ibWBNB",
      "borrowToken": "WBNB",
      "posVal": 173082.70468898106,
      "posValUSD": 70256024.97323182,
      "debtVal": 109805.03637602115,
      "debtValUSD": 44570977.7397042
    },
    {
      "name": "WBNB-USDT PancakeswapWorker",
      "address": "0x81b6534f4F7ba45Ecf98295Cef1450B4a4FC81Cd",
      "vault": "ibUSDT",
      "borrowToken": "USDT",
      "posVal": 48626325.78592715,
      "posValUSD": 48633144.16932885,
      "debtVal": 25260218.970228232,
      "debtValUSD": 25263760.958132237
    }
  ]
}