{
  "blockNo": 12971714,
  "lpName": "USDT-WBNB LP",
  "lpTokens": 0,
  "token0_symbol": "USDT",
  "token0_decimals": 18,
  "token0": 0,
  "token0_liquidity": 145699954.33060735,
  "token0_price": 1.00079617,
  "token0_posVal": 58052549.86171273,
  "token0_posValUSD": 58098769.560336135,
  "token0_debtVal": 33259917.226546183,
  "token0_debtValUSD": 33286397.774844445,
  "token1_symbol": "WBNB",
  "token1_decimals": 18,
  "token1": 0,
  "token1_liquidity": 245971.30243214287,
  "token1_price": 592.43,
  "token1_posVal": 137243.28233941313,
  "token1_posValUSD": 81307037.7563385,
  "token1_debtVal": 92191.79865545749,
  "token1_debtValUSD": 54617187.27745268,
  "liquidity": 291536734.9631212,
  "tvl": 0,
  "health": 139405807.31667465,
  "debt": 87903585.05229712,
  "leverage": 2.7067920797875407,
  "workerPositions": [
    {
      "name": "USDT-WBNB PancakeswapWorker",
      "address": "0x41867cc58aece8B570FF1A2a8aa6149014D2a94C",
      "vault": "ibWBNB",
      "borrowToken": "WBNB",
      "posVal": 137243.28233941313,
      "posValUSD": 81307037.7563385,
      "debtVal": 92191.79865545749,
      "debtValUSD": 54617187.27745268
    },
    {
      "name": "WBNB-USDT PancakeswapWorker",
      "address": "0x81b6534f4F7ba45Ecf98295Cef1450B4a4FC81Cd",
      "vault": "ibUSDT",
      "borrowToken": "USDT",
      "posVal": 58052549.86171273,
      "posValUSD": 58098769.560336135,
      "debtVal": 33259917.226546183,
      "debtValUSD": 33286397.774844445
    }
  ]
}