{
  "blockNo": 15322367,
  "lpName": "USDT-WBNB LP",
  "lpTokens": 0,
  "token0_symbol": "USDT",
  "token0_decimals": 18,
  "token0": 0,
  "token0_liquidity": 101648932.2060149,
  "token0_price": 1.00060314,
  "token0_posVal": 29356227.556656465,
  "token0_posValUSD": 29373933.471744984,
  "token0_debtVal": 16273786.673165109,
  "token0_debtValUSD": 16283602.044859162,
  "token1_symbol": "WBNB",
  "token1_decimals": 18,
  "token1": 0,
  "token1_liquidity": 236987.59058105462,
  "token1_price": 429.14976348,
  "token1_posVal": 184105.1460714302,
  "token1_posValUSD": 79008679.89200513,
  "token1_debtVal": 118083.92230843485,
  "token1_debtValUSD": 50675687.32945551,
  "liquidity": 203413409.18854028,
  "tvl": 0,
  "health": 108382613.36375012,
  "debt": 66959289.37431467,
  "leverage": 2.616463454052888,
  "workerPositions": [
    {
      "name": "USDT-WBNB PancakeswapWorker",
      "address": "0x41867cc58aece8B570FF1A2a8aa6149014D2a94C",
      "vault": "ibWBNB",
      "borrowToken": "WBNB",
      "posVal": 184105.1460714302,
      "posValUSD": 79008679.89200513,
      "debtVal": 118083.92230843485,
      "debtValUSD": 50675687.32945551
    },
    {
      "name": "WBNB-USDT PancakeswapWorker",
      "address": "0x81b6534f4F7ba45Ecf98295Cef1450B4a4FC81Cd",
      "vault": "ibUSDT",
      "borrowToken": "USDT",
      "posVal": 29356227.556656465,
      "posValUSD": 29373933.471744984,
      "debtVal": 16273786.673165109,
      "debtValUSD": 16283602.044859162
    }
  ]
}