{
  "blockNo": 17068809,
  "lpName": "USDT-WBNB LP",
  "lpTokens": 0,
  "token0_symbol": "USDT",
  "token0_decimals": 18,
  "token0": 0,
  "token0_liquidity": 170767772.4275102,
  "token0_price": 1.00014569,
  "token0_posVal": 55348466.04650212,
  "token0_posValUSD": 55356529.764520444,
  "token0_debtVal": 28231857.18369686,
  "token0_debtValUSD": 28235970.282969955,
  "token1_symbol": "WBNB",
  "token1_decimals": 18,
  "token1": 0,
  "token1_liquidity": 409796.54759195773,
  "token1_price": 416.74,
  "token1_posVal": 181712.02433673656,
  "token1_posValUSD": 75726669.0220916,
  "token1_debtVal": 115138.1999624916,
  "token1_debtValUSD": 47982693.45236875,
  "liquidity": 341571264.82774764,
  "tvl": 0,
  "health": 131083198.78661203,
  "debt": 76218663.7353387,
  "leverage": 2.3892155226342298,
  "workerPositions": [
    {
      "name": "USDT-WBNB PancakeswapWorker",
      "address": "0x41867cc58aece8B570FF1A2a8aa6149014D2a94C",
      "vault": "ibWBNB",
      "borrowToken": "WBNB",
      "posVal": 181712.02433673656,
      "posValUSD": 75726669.0220916,
      "debtVal": 115138.1999624916,
      "debtValUSD": 47982693.45236875
    },
    {
      "name": "WBNB-USDT PancakeswapWorker",
      "address": "0x81b6534f4F7ba45Ecf98295Cef1450B4a4FC81Cd",
      "vault": "ibUSDT",
      "borrowToken": "USDT",
      "posVal": 55348466.04650212,
      "posValUSD": 55356529.764520444,
      "debtVal": 28231857.18369686,
      "debtValUSD": 28235970.282969955
    }
  ]
}