{
  "blockNo": 15531655,
  "lpName": "USDT-WBNB LP",
  "lpTokens": 0,
  "token0_symbol": "USDT",
  "token0_decimals": 18,
  "token0": 0,
  "token0_liquidity": 113767249.65031484,
  "token0_price": 1.00060825,
  "token0_posVal": 42027884.64048018,
  "token0_posValUSD": 42053448.10131276,
  "token0_debtVal": 27206963.665437,
  "token0_debtValUSD": 27223512.301086504,
  "token1_symbol": "WBNB",
  "token1_decimals": 18,
  "token1": 0,
  "token1_liquidity": 337113.20541917754,
  "token1_price": 337.96178675,
  "token1_posVal": 215707.1991949244,
  "token1_posValUSD": 72900790.45475481,
  "token1_debtVal": 122915.58464488879,
  "token1_debtValUSD": 41540770.60600748,
  "liquidity": 227767829.82039964,
  "tvl": 0,
  "health": 114954238.55606757,
  "debt": 68764282.90709399,
  "leverage": 2.488728056586087,
  "workerPositions": [
    {
      "name": "USDT-WBNB PancakeswapWorker",
      "address": "0x41867cc58aece8B570FF1A2a8aa6149014D2a94C",
      "vault": "ibWBNB",
      "borrowToken": "WBNB",
      "posVal": 215707.1991949244,
      "posValUSD": 72900790.45475481,
      "debtVal": 122915.58464488879,
      "debtValUSD": 41540770.60600748
    },
    {
      "name": "WBNB-USDT PancakeswapWorker",
      "address": "0x81b6534f4F7ba45Ecf98295Cef1450B4a4FC81Cd",
      "vault": "ibUSDT",
      "borrowToken": "USDT",
      "posVal": 42027884.64048018,
      "posValUSD": 42053448.10131276,
      "debtVal": 27206963.665437,
      "debtValUSD": 27223512.301086504
    }
  ]
}