{
  "blockNo": 12707107,
  "lpName": "USDT-WBNB LP",
  "lpTokens": 0,
  "token0_symbol": "USDT",
  "token0_decimals": 18,
  "token0": 0,
  "token0_liquidity": 141033772.63581455,
  "token0_price": 1.00029671,
  "token0_posVal": 49457510.46748948,
  "token0_posValUSD": 49472185.00542029,
  "token0_debtVal": 29206113.923973463,
  "token0_debtValUSD": 29214779.670035847,
  "token1_symbol": "WBNB",
  "token1_decimals": 18,
  "token1": 0,
  "token1_liquidity": 239626.7536933826,
  "token1_price": 588.36536464,
  "token1_posVal": 138359.6812560591,
  "token1_posValUSD": 81406044.31369539,
  "token1_debtVal": 93011.11823014931,
  "token1_debtValUSD": 54724520.493055955,
  "liquidity": 282063701.0807998,
  "tvl": 0,
  "health": 130878229.31911567,
  "debt": 83939300.16309181,
  "leverage": 2.7882661933782003,
  "workerPositions": [
    {
      "name": "USDT-WBNB PancakeswapWorker",
      "address": "0x41867cc58aece8B570FF1A2a8aa6149014D2a94C",
      "vault": "ibWBNB",
      "borrowToken": "WBNB",
      "posVal": 138359.6812560591,
      "posValUSD": 81406044.31369539,
      "debtVal": 93011.11823014931,
      "debtValUSD": 54724520.493055955
    },
    {
      "name": "WBNB-USDT PancakeswapWorker",
      "address": "0x81b6534f4F7ba45Ecf98295Cef1450B4a4FC81Cd",
      "vault": "ibUSDT",
      "borrowToken": "USDT",
      "posVal": 49457510.46748948,
      "posValUSD": 49472185.00542029,
      "debtVal": 29206113.923973463,
      "debtValUSD": 29214779.670035847
    }
  ]
}