{
  "blockNo": 14882687,
  "lpName": "USDT-WBNB LP",
  "lpTokens": 0,
  "token0_symbol": "USDT",
  "token0_decimals": 18,
  "token0": 0,
  "token0_liquidity": 103564483.02198902,
  "token0_price": 1.00050557,
  "token0_posVal": 38532781.427279755,
  "token0_posValUSD": 38552262.44558595,
  "token0_debtVal": 23445040.037430447,
  "token0_debtValUSD": 23456893.146322172,
  "token1_symbol": "WBNB",
  "token1_decimals": 18,
  "token1": 0,
  "token1_liquidity": 269036.70387213945,
  "token1_price": 384.85951745,
  "token1_posVal": 127991.79179393993,
  "token1_posValUSD": 49258859.227376595,
  "token1_debtVal": 77615.99954159539,
  "token1_debtValUSD": 29871256.129977822,
  "liquidity": 207158178.1462406,
  "tvl": 0,
  "health": 87811121.67296255,
  "debt": 53328149.2763,
  "leverage": 2.546506741439186,
  "workerPositions": [
    {
      "name": "USDT-WBNB PancakeswapWorker",
      "address": "0x41867cc58aece8B570FF1A2a8aa6149014D2a94C",
      "vault": "ibWBNB",
      "borrowToken": "WBNB",
      "posVal": 127991.79179393993,
      "posValUSD": 49258859.227376595,
      "debtVal": 77615.99954159539,
      "debtValUSD": 29871256.129977822
    },
    {
      "name": "WBNB-USDT PancakeswapWorker",
      "address": "0x81b6534f4F7ba45Ecf98295Cef1450B4a4FC81Cd",
      "vault": "ibUSDT",
      "borrowToken": "USDT",
      "posVal": 38532781.427279755,
      "posValUSD": 38552262.44558595,
      "debtVal": 23445040.037430447,
      "debtValUSD": 23456893.146322172
    }
  ]
}