{
  "blockNo": 9369381,
  "lpName": "USDT-WBNB LP",
  "lpTokens": 0,
  "token0_symbol": "USDT",
  "token0_decimals": 18,
  "token0": 0,
  "token0_liquidity": 60519507.061855964,
  "token0_price": 1.00016224,
  "token0_posVal": 24701176.15526755,
  "token0_posValUSD": 24705183.674086984,
  "token0_debtVal": 14489930.752824988,
  "token0_debtValUSD": 14492281.599190328,
  "token1_symbol": "WBNB",
  "token1_decimals": 18,
  "token1": 0,
  "token1_liquidity": 208111.51489677883,
  "token1_price": 291.06128405,
  "token1_posVal": 83563.56729800206,
  "token1_posValUSD": 24322119.19755507,
  "token1_debtVal": 50966.34042938776,
  "token1_debtValUSD": 14834328.488707028,
  "liquidity": 121102530.49812883,
  "tvl": 0,
  "health": 49027302.87164205,
  "debt": 29326610.087897357,
  "leverage": 2.488608061138598,
  "workerPositions": [
    {
      "name": "USDT-WBNB PancakeswapWorker",
      "address": "0x41867cc58aece8B570FF1A2a8aa6149014D2a94C",
      "vault": "ibWBNB",
      "borrowToken": "WBNB",
      "posVal": 83563.56729800206,
      "posValUSD": 24322119.19755507,
      "debtVal": 50966.34042938776,
      "debtValUSD": 14834328.488707028
    },
    {
      "name": "WBNB-USDT PancakeswapWorker",
      "address": "0x81b6534f4F7ba45Ecf98295Cef1450B4a4FC81Cd",
      "vault": "ibUSDT",
      "borrowToken": "USDT",
      "posVal": 24701176.15526755,
      "posValUSD": 24705183.674086984,
      "debtVal": 14489930.752824988,
      "debtValUSD": 14492281.599190328
    }
  ]
}