{
  "blockNo": 10137225,
  "lpName": "USDT-WBNB LP",
  "lpTokens": 0,
  "token0_symbol": "USDT",
  "token0_decimals": 18,
  "token0": 0,
  "token0_liquidity": 111109658.53070822,
  "token0_price": 1.00013121,
  "token0_posVal": 36131343.186643146,
  "token0_posValUSD": 36136083.98018266,
  "token0_debtVal": 20674914.12413448,
  "token0_debtValUSD": 20677626.879616708,
  "token1_symbol": "WBNB",
  "token1_decimals": 18,
  "token1": 0,
  "token1_liquidity": 279707.49544334126,
  "token1_price": 397.3,
  "token1_posVal": 86650.55118319811,
  "token1_posValUSD": 34426263.98508461,
  "token1_debtVal": 56625.480803004706,
  "token1_debtValUSD": 22497303.52303377,
  "liquidity": 222252025.16864353,
  "tvl": 0,
  "health": 70562347.96526727,
  "debt": 43174930.402650476,
  "leverage": 2.576451313963361,
  "workerPositions": [
    {
      "name": "USDT-WBNB PancakeswapWorker",
      "address": "0x41867cc58aece8B570FF1A2a8aa6149014D2a94C",
      "vault": "ibWBNB",
      "borrowToken": "WBNB",
      "posVal": 86650.55118319811,
      "posValUSD": 34426263.98508461,
      "debtVal": 56625.480803004706,
      "debtValUSD": 22497303.52303377
    },
    {
      "name": "WBNB-USDT PancakeswapWorker",
      "address": "0x81b6534f4F7ba45Ecf98295Cef1450B4a4FC81Cd",
      "vault": "ibUSDT",
      "borrowToken": "USDT",
      "posVal": 36131343.186643146,
      "posValUSD": 36136083.98018266,
      "debtVal": 20674914.12413448,
      "debtValUSD": 20677626.879616708
    }
  ]
}