{
  "blockNo": 14332563,
  "lpName": "USDT-WBNB LP",
  "lpTokens": 0,
  "token0_symbol": "USDT",
  "token0_decimals": 18,
  "token0": 0,
  "token0_liquidity": 101343254.53536169,
  "token0_price": 1.00041002,
  "token0_posVal": 29024982.52207797,
  "token0_posValUSD": 29036883.34541167,
  "token0_debtVal": 17524753.982021667,
  "token0_debtValUSD": 17531939.481649373,
  "token1_symbol": "WBNB",
  "token1_decimals": 18,
  "token1": 0,
  "token1_liquidity": 209062.99922011315,
  "token1_price": 485.71204422,
  "token1_posVal": 102441.17108066728,
  "token1_posValUSD": 49756910.61788165,
  "token1_debtVal": 66878.5469541215,
  "token1_debtValUSD": 32483715.755549606,
  "liquidity": 202929224.0185517,
  "tvl": 0,
  "health": 78793793.96329331,
  "debt": 50015655.23719898,
  "leverage": 2.737973943111467,
  "workerPositions": [
    {
      "name": "USDT-WBNB PancakeswapWorker",
      "address": "0x41867cc58aece8B570FF1A2a8aa6149014D2a94C",
      "vault": "ibWBNB",
      "borrowToken": "WBNB",
      "posVal": 102441.17108066728,
      "posValUSD": 49756910.61788165,
      "debtVal": 66878.5469541215,
      "debtValUSD": 32483715.755549606
    },
    {
      "name": "WBNB-USDT PancakeswapWorker",
      "address": "0x81b6534f4F7ba45Ecf98295Cef1450B4a4FC81Cd",
      "vault": "ibUSDT",
      "borrowToken": "USDT",
      "posVal": 29024982.52207797,
      "posValUSD": 29036883.34541167,
      "debtVal": 17524753.982021667,
      "debtValUSD": 17531939.481649373
    }
  ]
}