{
  "blockNo": 16769269,
  "lpName": "USDT-WBNB LP",
  "lpTokens": 0,
  "token0_symbol": "USDT",
  "token0_decimals": 18,
  "token0": 0,
  "token0_liquidity": 155079906.46436515,
  "token0_price": 1.00013293,
  "token0_posVal": 48805513.82007749,
  "token0_posValUSD": 48812001.53702959,
  "token0_debtVal": 24145992.963237178,
  "token0_debtValUSD": 24149202.69008178,
  "token1_symbol": "WBNB",
  "token1_decimals": 18,
  "token1": 0,
  "token1_liquidity": 358008.68857468665,
  "token1_price": 433.39,
  "token1_posVal": 156658.54871942196,
  "token1_posValUSD": 67894248.42951028,
  "token1_debtVal": 102536.60567954925,
  "token1_debtValUSD": 44438339.535459846,
  "liquidity": 310257906.7777149,
  "tvl": 0,
  "health": 116706249.96653986,
  "debt": 68587542.22554162,
  "leverage": 2.4253820488014366,
  "workerPositions": [
    {
      "name": "USDT-WBNB PancakeswapWorker",
      "address": "0x41867cc58aece8B570FF1A2a8aa6149014D2a94C",
      "vault": "ibWBNB",
      "borrowToken": "WBNB",
      "posVal": 156658.54871942196,
      "posValUSD": 67894248.42951028,
      "debtVal": 102536.60567954925,
      "debtValUSD": 44438339.535459846
    },
    {
      "name": "WBNB-USDT PancakeswapWorker",
      "address": "0x81b6534f4F7ba45Ecf98295Cef1450B4a4FC81Cd",
      "vault": "ibUSDT",
      "borrowToken": "USDT",
      "posVal": 48805513.82007749,
      "posValUSD": 48812001.53702959,
      "debtVal": 24145992.963237178,
      "debtValUSD": 24149202.69008178
    }
  ]
}