{
  "blockNo": 14974961,
  "lpName": "USDT-WBNB LP",
  "lpTokens": 0,
  "token0_symbol": "USDT",
  "token0_decimals": 18,
  "token0": 0,
  "token0_liquidity": 99752069.12881492,
  "token0_price": 1.00066047,
  "token0_posVal": 39484110.66398583,
  "token0_posValUSD": 39510188.73455607,
  "token0_debtVal": 23547998.30032655,
  "token0_debtValUSD": 23563551.046763964,
  "token1_symbol": "WBNB",
  "token1_decimals": 18,
  "token1": 0,
  "token1_liquidity": 250298.34907451557,
  "token1_price": 399.19572864,
  "token1_posVal": 123450.76397975524,
  "token1_posValUSD": 49281017.678063065,
  "token1_debtVal": 76136.75848105577,
  "token1_debtValUSD": 30393468.778132763,
  "liquidity": 199735984.21410275,
  "tvl": 0,
  "health": 88791206.41261914,
  "debt": 53957019.82489672,
  "leverage": 2.548967411339362,
  "workerPositions": [
    {
      "name": "USDT-WBNB PancakeswapWorker",
      "address": "0x41867cc58aece8B570FF1A2a8aa6149014D2a94C",
      "vault": "ibWBNB",
      "borrowToken": "WBNB",
      "posVal": 123450.76397975524,
      "posValUSD": 49281017.678063065,
      "debtVal": 76136.75848105577,
      "debtValUSD": 30393468.778132763
    },
    {
      "name": "WBNB-USDT PancakeswapWorker",
      "address": "0x81b6534f4F7ba45Ecf98295Cef1450B4a4FC81Cd",
      "vault": "ibUSDT",
      "borrowToken": "USDT",
      "posVal": 39484110.66398583,
      "posValUSD": 39510188.73455607,
      "debtVal": 23547998.30032655,
      "debtValUSD": 23563551.046763964
    }
  ]
}