{
  "blockNo": 13659876,
  "lpName": "USDT-WBNB LP",
  "lpTokens": 0,
  "token0_symbol": "USDT",
  "token0_decimals": 18,
  "token0": 0,
  "token0_liquidity": 144297302.9941994,
  "token0_price": 1,
  "token0_posVal": 49774480.70052777,
  "token0_posValUSD": 49774480.70052777,
  "token0_debtVal": 31231838.529472947,
  "token0_debtValUSD": 31231838.529472947,
  "token1_symbol": "WBNB",
  "token1_decimals": 18,
  "token1": 0,
  "token1_liquidity": 272861.0272228933,
  "token1_price": 529.70934049,
  "token1_posVal": 151566.76661731722,
  "token1_posValUSD": 80286331.98506086,
  "token1_debtVal": 96094.88181962693,
  "token1_debtValUSD": 50902356.47313908,
  "liquidity": 288834337.7698622,
  "tvl": 0,
  "health": 130060812.68558863,
  "debt": 82134195.00261202,
  "leverage": 2.7137490391229058,
  "workerPositions": [
    {
      "name": "USDT-WBNB PancakeswapWorker",
      "address": "0x41867cc58aece8B570FF1A2a8aa6149014D2a94C",
      "vault": "ibWBNB",
      "borrowToken": "WBNB",
      "posVal": 151566.76661731722,
      "posValUSD": 80286331.98506086,
      "debtVal": 96094.88181962693,
      "debtValUSD": 50902356.47313908
    },
    {
      "name": "WBNB-USDT PancakeswapWorker",
      "address": "0x81b6534f4F7ba45Ecf98295Cef1450B4a4FC81Cd",
      "vault": "ibUSDT",
      "borrowToken": "USDT",
      "posVal": 49774480.70052777,
      "posValUSD": 49774480.70052777,
      "debtVal": 31231838.529472947,
      "debtValUSD": 31231838.529472947
    }
  ]
}