{
  "blockNo": 17156085,
  "lpName": "USDT-WBNB LP",
  "lpTokens": 0,
  "token0_symbol": "USDT",
  "token0_decimals": 18,
  "token0": 0,
  "token0_liquidity": 162591734.21290016,
  "token0_price": 1.00020266,
  "token0_posVal": 54881129.284884445,
  "token0_posValUSD": 54892251.49454532,
  "token0_debtVal": 28237194.00816613,
  "token0_debtValUSD": 28242916.557903826,
  "token1_symbol": "WBNB",
  "token1_decimals": 18,
  "token1": 0,
  "token1_liquidity": 397074.42654015817,
  "token1_price": 409.08,
  "token1_posVal": 181002.0095284343,
  "token1_posValUSD": 74044302.0578919,
  "token1_debtVal": 113863.09255384936,
  "token1_debtValUSD": 46579113.90192869,
  "liquidity": 325059891.46280366,
  "tvl": 0,
  "health": 128936553.55243722,
  "debt": 74822030.45983252,
  "leverage": 2.3826608123625452,
  "workerPositions": [
    {
      "name": "USDT-WBNB PancakeswapWorker",
      "address": "0x41867cc58aece8B570FF1A2a8aa6149014D2a94C",
      "vault": "ibWBNB",
      "borrowToken": "WBNB",
      "posVal": 181002.0095284343,
      "posValUSD": 74044302.0578919,
      "debtVal": 113863.09255384936,
      "debtValUSD": 46579113.90192869
    },
    {
      "name": "WBNB-USDT PancakeswapWorker",
      "address": "0x81b6534f4F7ba45Ecf98295Cef1450B4a4FC81Cd",
      "vault": "ibUSDT",
      "borrowToken": "USDT",
      "posVal": 54881129.284884445,
      "posValUSD": 54892251.49454532,
      "debtVal": 28237194.00816613,
      "debtValUSD": 28242916.557903826
    }
  ]
}