{
  "blockNo": 13232758,
  "lpName": "USDT-WBNB LP",
  "lpTokens": 0,
  "token0_symbol": "USDT",
  "token0_decimals": 18,
  "token0": 0,
  "token0_liquidity": 140065329.4927746,
  "token0_price": 1.00127789,
  "token0_posVal": 50875310.13783471,
  "token0_posValUSD": 50940323.18790674,
  "token0_debtVal": 31483835.98911238,
  "token0_debtValUSD": 31524068.868284505,
  "token1_symbol": "WBNB",
  "token1_decimals": 18,
  "token1": 0,
  "token1_liquidity": 256151.33851686888,
  "token1_price": 547.48073319,
  "token1_posVal": 142121.53338138884,
  "token1_posValUSD": 77808801.29772982,
  "token1_debtVal": 91174.42141930973,
  "token1_debtValUSD": 49916239.086817734,
  "liquidity": 280482240.19549537,
  "tvl": 0,
  "health": 128749124.48563656,
  "debt": 81440307.95510224,
  "leverage": 2.721461535664046,
  "workerPositions": [
    {
      "name": "USDT-WBNB PancakeswapWorker",
      "address": "0x41867cc58aece8B570FF1A2a8aa6149014D2a94C",
      "vault": "ibWBNB",
      "borrowToken": "WBNB",
      "posVal": 142121.53338138884,
      "posValUSD": 77808801.29772982,
      "debtVal": 91174.42141930973,
      "debtValUSD": 49916239.086817734
    },
    {
      "name": "WBNB-USDT PancakeswapWorker",
      "address": "0x81b6534f4F7ba45Ecf98295Cef1450B4a4FC81Cd",
      "vault": "ibUSDT",
      "borrowToken": "USDT",
      "posVal": 50875310.13783471,
      "posValUSD": 50940323.18790674,
      "debtVal": 31483835.98911238,
      "debtValUSD": 31524068.868284505
    }
  ]
}