{
  "blockNo": 13390850,
  "lpName": "USDT-WBNB LP",
  "lpTokens": 0,
  "token0_symbol": "USDT",
  "token0_decimals": 18,
  "token0": 0,
  "token0_liquidity": 128196892.67217854,
  "token0_price": 1.00045465,
  "token0_posVal": 46174307.51496895,
  "token0_posValUSD": 46195300.663880624,
  "token0_debtVal": 28701926.45598668,
  "token0_debtValUSD": 28714975.786849894,
  "token1_symbol": "WBNB",
  "token1_decimals": 18,
  "token1": 0,
  "token1_liquidity": 229522.14465707232,
  "token1_price": 558.220009,
  "token1_posVal": 144633.8664527803,
  "token1_posValUSD": 80737518.23297581,
  "token1_debtVal": 93935.45928423545,
  "token1_debtValUSD": 52436652.927065045,
  "liquidity": 256379031.04560214,
  "tvl": 0,
  "health": 126932818.89685643,
  "debt": 81151628.71391493,
  "leverage": 2.772597619014125,
  "workerPositions": [
    {
      "name": "USDT-WBNB PancakeswapWorker",
      "address": "0x41867cc58aece8B570FF1A2a8aa6149014D2a94C",
      "vault": "ibWBNB",
      "borrowToken": "WBNB",
      "posVal": 144633.8664527803,
      "posValUSD": 80737518.23297581,
      "debtVal": 93935.45928423545,
      "debtValUSD": 52436652.927065045
    },
    {
      "name": "WBNB-USDT PancakeswapWorker",
      "address": "0x81b6534f4F7ba45Ecf98295Cef1450B4a4FC81Cd",
      "vault": "ibUSDT",
      "borrowToken": "USDT",
      "posVal": 46174307.51496895,
      "posValUSD": 46195300.663880624,
      "debtVal": 28701926.45598668,
      "debtValUSD": 28714975.786849894
    }
  ]
}