{
  "blockNo": 17419537,
  "lpName": "USDT-WBNB LP",
  "lpTokens": 0,
  "token0_symbol": "USDT",
  "token0_decimals": 18,
  "token0": 0,
  "token0_liquidity": 135217240.42267042,
  "token0_price": 1.00028139,
  "token0_posVal": 17182591.893027615,
  "token0_posValUSD": 17187426.902560394,
  "token0_debtVal": 9837173.825087205,
  "token0_debtValUSD": 9839941.907429846,
  "token1_symbol": "WBNB",
  "token1_decimals": 18,
  "token1": 0,
  "token1_liquidity": 353498.34065677045,
  "token1_price": 382.42870327,
  "token1_posVal": 173797.94689765072,
  "token1_posValUSD": 66465323.46305689,
  "token1_debtVal": 107185.62151839041,
  "token1_debtValUSD": 40990858.246467054,
  "liquidity": 270443201.2274184,
  "tvl": 0,
  "health": 83652750.36561729,
  "debt": 50830800.1538969,
  "leverage": 2.5486831168169197,
  "workerPositions": [
    {
      "name": "USDT-WBNB PancakeswapWorker",
      "address": "0x41867cc58aece8B570FF1A2a8aa6149014D2a94C",
      "vault": "ibWBNB",
      "borrowToken": "WBNB",
      "posVal": 173797.94689765072,
      "posValUSD": 66465323.46305689,
      "debtVal": 107185.62151839041,
      "debtValUSD": 40990858.246467054
    },
    {
      "name": "WBNB-USDT PancakeswapWorker",
      "address": "0x81b6534f4F7ba45Ecf98295Cef1450B4a4FC81Cd",
      "vault": "ibUSDT",
      "borrowToken": "USDT",
      "posVal": 17182591.893027615,
      "posValUSD": 17187426.902560394,
      "debtVal": 9837173.825087205,
      "debtValUSD": 9839941.907429846
    }
  ]
}