{
  "blockNo": 13117464,
  "lpName": "USDT-WBNB LP",
  "lpTokens": 0,
  "token0_symbol": "USDT",
  "token0_decimals": 18,
  "token0": 0,
  "token0_liquidity": 148964019.96011037,
  "token0_price": 1.00083759,
  "token0_posVal": 61228090.7202891,
  "token0_posValUSD": 61279374.75679551,
  "token0_debtVal": 35446684.19128584,
  "token0_debtValUSD": 35476373.97949762,
  "token1_symbol": "WBNB",
  "token1_decimals": 18,
  "token1": 0,
  "token1_liquidity": 239716.45748706968,
  "token1_price": 622.71,
  "token1_posVal": 127479.68178242746,
  "token1_posValUSD": 79382872.6427354,
  "token1_debtVal": 87100.92375428486,
  "token1_debtValUSD": 54238616.231030725,
  "liquidity": 298362625.97536194,
  "tvl": 0,
  "health": 140662247.39953092,
  "debt": 89714990.21052834,
  "leverage": 2.7609385698175353,
  "workerPositions": [
    {
      "name": "USDT-WBNB PancakeswapWorker",
      "address": "0x41867cc58aece8B570FF1A2a8aa6149014D2a94C",
      "vault": "ibWBNB",
      "borrowToken": "WBNB",
      "posVal": 127479.68178242746,
      "posValUSD": 79382872.6427354,
      "debtVal": 87100.92375428486,
      "debtValUSD": 54238616.231030725
    },
    {
      "name": "WBNB-USDT PancakeswapWorker",
      "address": "0x81b6534f4F7ba45Ecf98295Cef1450B4a4FC81Cd",
      "vault": "ibUSDT",
      "borrowToken": "USDT",
      "posVal": 61228090.7202891,
      "posValUSD": 61279374.75679551,
      "debtVal": 35446684.19128584,
      "debtValUSD": 35476373.97949762
    }
  ]
}