{
  "blockNo": 13381260,
  "lpName": "USDT-WBNB LP",
  "lpTokens": 0,
  "token0_symbol": "USDT",
  "token0_decimals": 18,
  "token0": 0,
  "token0_liquidity": 127134695.82123886,
  "token0_price": 1.00045465,
  "token0_posVal": 45558528.874764994,
  "token0_posValUSD": 45579242.059917904,
  "token0_debtVal": 28488028.96272307,
  "token0_debtValUSD": 28500981.04509097,
  "token1_symbol": "WBNB",
  "token1_decimals": 18,
  "token1": 0,
  "token1_liquidity": 230512.91267593077,
  "token1_price": 552.0017881,
  "token1_posVal": 145700.74148826188,
  "token1_posValUSD": 80427069.82901642,
  "token1_debtVal": 94054.61365720218,
  "token1_debtValUSD": 51918314.91783028,
  "liquidity": 254436037.58794695,
  "tvl": 0,
  "health": 126006311.88893431,
  "debt": 80419295.96292125,
  "leverage": 2.7640833542041965,
  "workerPositions": [
    {
      "name": "USDT-WBNB PancakeswapWorker",
      "address": "0x41867cc58aece8B570FF1A2a8aa6149014D2a94C",
      "vault": "ibWBNB",
      "borrowToken": "WBNB",
      "posVal": 145700.74148826188,
      "posValUSD": 80427069.82901642,
      "debtVal": 94054.61365720218,
      "debtValUSD": 51918314.91783028
    },
    {
      "name": "WBNB-USDT PancakeswapWorker",
      "address": "0x81b6534f4F7ba45Ecf98295Cef1450B4a4FC81Cd",
      "vault": "ibUSDT",
      "borrowToken": "USDT",
      "posVal": 45558528.874764994,
      "posValUSD": 45579242.059917904,
      "debtVal": 28488028.96272307,
      "debtValUSD": 28500981.04509097
    }
  ]
}