{
  "blockNo": 11370171,
  "lpName": "USDT-WBNB LP",
  "lpTokens": 0,
  "token0_symbol": "USDT",
  "token0_decimals": 18,
  "token0": 0,
  "token0_liquidity": 85739466.5785475,
  "token0_price": 1,
  "token0_posVal": 40386397.798654206,
  "token0_posValUSD": 40386397.798654206,
  "token0_debtVal": 24658482.642715435,
  "token0_debtValUSD": 24658482.642715435,
  "token1_symbol": "WBNB",
  "token1_decimals": 18,
  "token1": 0,
  "token1_liquidity": 225695.7218798469,
  "token1_price": 380.29389108,
  "token1_posVal": 113071.72897802736,
  "token1_posValUSD": 43000487.78419721,
  "token1_debtVal": 73121.81089368841,
  "token1_debtValUSD": 27807777.987576697,
  "liquidity": 171570170.85234398,
  "tvl": 0,
  "health": 83386885.58285141,
  "debt": 52466260.63029213,
  "leverage": 2.6968046639028085,
  "workerPositions": [
    {
      "name": "USDT-WBNB PancakeswapWorker",
      "address": "0x41867cc58aece8B570FF1A2a8aa6149014D2a94C",
      "vault": "ibWBNB",
      "borrowToken": "WBNB",
      "posVal": 113071.72897802736,
      "posValUSD": 43000487.78419721,
      "debtVal": 73121.81089368841,
      "debtValUSD": 27807777.987576697
    },
    {
      "name": "WBNB-USDT PancakeswapWorker",
      "address": "0x81b6534f4F7ba45Ecf98295Cef1450B4a4FC81Cd",
      "vault": "ibUSDT",
      "borrowToken": "USDT",
      "posVal": 40386397.798654206,
      "posValUSD": 40386397.798654206,
      "debtVal": 24658482.642715435,
      "debtValUSD": 24658482.642715435
    }
  ]
}