{
  "blockNo": 11765614,
  "lpName": "USDT-WBNB LP",
  "lpTokens": 0,
  "token0_symbol": "USDT",
  "token0_decimals": 18,
  "token0": 0,
  "token0_liquidity": 106316589.63900329,
  "token0_price": 1.00004706,
  "token0_posVal": 43388021.129670255,
  "token0_posValUSD": 43390062.96994462,
  "token0_debtVal": 25114931.100820705,
  "token0_debtValUSD": 25116113.00947831,
  "token1_symbol": "WBNB",
  "token1_decimals": 18,
  "token1": 0,
  "token1_liquidity": 221649.2996933017,
  "token1_price": 478.75328323,
  "token1_posVal": 118335.16292040657,
  "token1_posValUSD": 56653347.7697016,
  "token1_debtVal": 79072.58677346264,
  "token1_debtValUSD": 37856260.53128431,
  "liquidity": 212436922.85151014,
  "tvl": 0,
  "health": 100043410.73964623,
  "debt": 62972373.54076262,
  "leverage": 2.6986946764645428,
  "workerPositions": [
    {
      "name": "USDT-WBNB PancakeswapWorker",
      "address": "0x41867cc58aece8B570FF1A2a8aa6149014D2a94C",
      "vault": "ibWBNB",
      "borrowToken": "WBNB",
      "posVal": 118335.16292040657,
      "posValUSD": 56653347.7697016,
      "debtVal": 79072.58677346264,
      "debtValUSD": 37856260.53128431
    },
    {
      "name": "WBNB-USDT PancakeswapWorker",
      "address": "0x81b6534f4F7ba45Ecf98295Cef1450B4a4FC81Cd",
      "vault": "ibUSDT",
      "borrowToken": "USDT",
      "posVal": 43388021.129670255,
      "posValUSD": 43390062.96994462,
      "debtVal": 25114931.100820705,
      "debtValUSD": 25116113.00947831
    }
  ]
}