{
  "blockNo": 13046220,
  "lpName": "USDT-WBNB LP",
  "lpTokens": 0,
  "token0_symbol": "USDT",
  "token0_decimals": 18,
  "token0": 0,
  "token0_liquidity": 146976285.74379078,
  "token0_price": 1.00074362,
  "token0_posVal": 59696341.31850411,
  "token0_posValUSD": 59740732.71183537,
  "token0_debtVal": 33534688.485075366,
  "token0_debtValUSD": 33559625.550126635,
  "token1_symbol": "WBNB",
  "token1_decimals": 18,
  "token1": 0,
  "token1_liquidity": 239606.7302442755,
  "token1_price": 613.45072392,
  "token1_posVal": 127829.57810796314,
  "token1_posValUSD": 78417147.22871818,
  "token1_debtVal": 86968.66786818454,
  "token1_debtValUSD": 53350992.262095846,
  "liquidity": 294072502.3738505,
  "tvl": 0,
  "health": 138157879.94055355,
  "debt": 86910617.81222248,
  "leverage": 2.695907531500607,
  "workerPositions": [
    {
      "name": "USDT-WBNB PancakeswapWorker",
      "address": "0x41867cc58aece8B570FF1A2a8aa6149014D2a94C",
      "vault": "ibWBNB",
      "borrowToken": "WBNB",
      "posVal": 127829.57810796314,
      "posValUSD": 78417147.22871818,
      "debtVal": 86968.66786818454,
      "debtValUSD": 53350992.262095846
    },
    {
      "name": "WBNB-USDT PancakeswapWorker",
      "address": "0x81b6534f4F7ba45Ecf98295Cef1450B4a4FC81Cd",
      "vault": "ibUSDT",
      "borrowToken": "USDT",
      "posVal": 59696341.31850411,
      "posValUSD": 59740732.71183537,
      "debtVal": 33534688.485075366,
      "debtValUSD": 33559625.550126635
    }
  ]
}