{
  "blockNo": 14184011,
  "lpName": "USDT-WBNB LP",
  "lpTokens": 0,
  "token0_symbol": "USDT",
  "token0_decimals": 18,
  "token0": 0,
  "token0_liquidity": 114487850.301833,
  "token0_price": 1.00004302,
  "token0_posVal": 34911572.68635912,
  "token0_posValUSD": 34913074.582216084,
  "token0_debtVal": 21801877.980813257,
  "token0_debtValUSD": 21802815.89760399,
  "token1_symbol": "WBNB",
  "token1_decimals": 18,
  "token1": 0,
  "token1_liquidity": 251726.00909121512,
  "token1_price": 455.13,
  "token1_posVal": 107892.04024283969,
  "token1_posValUSD": 49104904.27572363,
  "token1_debtVal": 65010.22439358904,
  "token1_debtValUSD": 29588103.42825418,
  "liquidity": 229060834.0868377,
  "tvl": 0,
  "health": 84017978.85793972,
  "debt": 51390919.32585817,
  "leverage": 2.575101160290785,
  "workerPositions": [
    {
      "name": "USDT-WBNB PancakeswapWorker",
      "address": "0x41867cc58aece8B570FF1A2a8aa6149014D2a94C",
      "vault": "ibWBNB",
      "borrowToken": "WBNB",
      "posVal": 107892.04024283969,
      "posValUSD": 49104904.27572363,
      "debtVal": 65010.22439358904,
      "debtValUSD": 29588103.42825418
    },
    {
      "name": "WBNB-USDT PancakeswapWorker",
      "address": "0x81b6534f4F7ba45Ecf98295Cef1450B4a4FC81Cd",
      "vault": "ibUSDT",
      "borrowToken": "USDT",
      "posVal": 34911572.68635912,
      "posValUSD": 34913074.582216084,
      "debtVal": 21801877.980813257,
      "debtValUSD": 21802815.89760399
    }
  ]
}