{
  "blockNo": 15609333,
  "lpName": "USDT-WBNB LP",
  "lpTokens": 0,
  "token0_symbol": "USDT",
  "token0_decimals": 18,
  "token0": 0,
  "token0_liquidity": 121694795.67215447,
  "token0_price": 1.0007984,
  "token0_posVal": 44224738.87104605,
  "token0_posValUSD": 44260047.902560696,
  "token0_debtVal": 27431390.956636433,
  "token0_debtValUSD": 27453292.179176215,
  "token1_symbol": "WBNB",
  "token1_decimals": 18,
  "token1": 0,
  "token1_liquidity": 333612.7610086281,
  "token1_price": 366.06212173,
  "token1_posVal": 202690.5484636085,
  "token1_posValUSD": 74197332.22520591,
  "token1_debtVal": 120774.60038933792,
  "token1_debtValUSD": 44211006.469613925,
  "liquidity": 243914951.92804095,
  "tvl": 0,
  "health": 118457380.12776661,
  "debt": 71664298.64879014,
  "leverage": 2.531514839025679,
  "workerPositions": [
    {
      "name": "USDT-WBNB PancakeswapWorker",
      "address": "0x41867cc58aece8B570FF1A2a8aa6149014D2a94C",
      "vault": "ibWBNB",
      "borrowToken": "WBNB",
      "posVal": 202690.5484636085,
      "posValUSD": 74197332.22520591,
      "debtVal": 120774.60038933792,
      "debtValUSD": 44211006.469613925
    },
    {
      "name": "WBNB-USDT PancakeswapWorker",
      "address": "0x81b6534f4F7ba45Ecf98295Cef1450B4a4FC81Cd",
      "vault": "ibUSDT",
      "borrowToken": "USDT",
      "posVal": 44224738.87104605,
      "posValUSD": 44260047.902560696,
      "debtVal": 27431390.956636433,
      "debtValUSD": 27453292.179176215
    }
  ]
}