{
  "blockNo": 16825602,
  "lpName": "USDT-WBNB LP",
  "lpTokens": 0,
  "token0_symbol": "USDT",
  "token0_decimals": 18,
  "token0": 0,
  "token0_liquidity": 154084870.50168434,
  "token0_price": 1.00052317,
  "token0_posVal": 48574917.10970757,
  "token0_posValUSD": 48600330.04909185,
  "token0_debtVal": 24329929.878908828,
  "token0_debtValUSD": 24342658.568323575,
  "token1_symbol": "WBNB",
  "token1_decimals": 18,
  "token1": 0,
  "token1_liquidity": 365346.53327080555,
  "token1_price": 421.84682464,
  "token1_posVal": 159137.40264321805,
  "token1_posValUSD": 67131607.98649868,
  "token1_debtVal": 102644.25798036269,
  "token1_debtValUSD": 43300154.296544984,
  "liquidity": 308285758.0369061,
  "tvl": 0,
  "health": 115731938.03559053,
  "debt": 67642812.86486855,
  "leverage": 2.40661350408702,
  "workerPositions": [
    {
      "name": "USDT-WBNB PancakeswapWorker",
      "address": "0x41867cc58aece8B570FF1A2a8aa6149014D2a94C",
      "vault": "ibWBNB",
      "borrowToken": "WBNB",
      "posVal": 159137.40264321805,
      "posValUSD": 67131607.98649868,
      "debtVal": 102644.25798036269,
      "debtValUSD": 43300154.296544984
    },
    {
      "name": "WBNB-USDT PancakeswapWorker",
      "address": "0x81b6534f4F7ba45Ecf98295Cef1450B4a4FC81Cd",
      "vault": "ibUSDT",
      "borrowToken": "USDT",
      "posVal": 48574917.10970757,
      "posValUSD": 48600330.04909185,
      "debtVal": 24329929.878908828,
      "debtValUSD": 24342658.568323575
    }
  ]
}