{
  "blockNo": 17097552,
  "lpName": "USDT-WBNB LP",
  "lpTokens": 0,
  "token0_symbol": "USDT",
  "token0_decimals": 18,
  "token0": 0,
  "token0_liquidity": 171388572.5730979,
  "token0_price": 1.00016602,
  "token0_posVal": 55607195.76716782,
  "token0_posValUSD": 55616427.67380909,
  "token0_debtVal": 28241227.50717404,
  "token0_debtValUSD": 28245916.11576478,
  "token1_symbol": "WBNB",
  "token1_decimals": 18,
  "token1": 0,
  "token1_liquidity": 407856.38578831917,
  "token1_price": 421.13948511,
  "token1_posVal": 180314.81680770285,
  "token1_posValUSD": 75937689.10809995,
  "token1_debtVal": 114705.59417320034,
  "token1_debtValUSD": 48307054.86933821,
  "liquidity": 343181454.81363475,
  "tvl": 0,
  "health": 131554116.78190905,
  "debt": 76552970.98510298,
  "leverage": 2.391843203920098,
  "workerPositions": [
    {
      "name": "USDT-WBNB PancakeswapWorker",
      "address": "0x41867cc58aece8B570FF1A2a8aa6149014D2a94C",
      "vault": "ibWBNB",
      "borrowToken": "WBNB",
      "posVal": 180314.81680770285,
      "posValUSD": 75937689.10809995,
      "debtVal": 114705.59417320034,
      "debtValUSD": 48307054.86933821
    },
    {
      "name": "WBNB-USDT PancakeswapWorker",
      "address": "0x81b6534f4F7ba45Ecf98295Cef1450B4a4FC81Cd",
      "vault": "ibUSDT",
      "borrowToken": "USDT",
      "posVal": 55607195.76716782,
      "posValUSD": 55616427.67380909,
      "debtVal": 28241227.50717404,
      "debtValUSD": 28245916.11576478
    }
  ]
}