{
  "blockNo": 11570739,
  "lpName": "USDT-WBNB LP",
  "lpTokens": 0,
  "token0_symbol": "USDT",
  "token0_decimals": 18,
  "token0": 0,
  "token0_liquidity": 94366987.7168439,
  "token0_price": 1.00033223,
  "token0_posVal": 42017724.75793958,
  "token0_posValUSD": 42031684.3066359,
  "token0_debtVal": 25122578.983711507,
  "token0_debtValUSD": 25130925.458127264,
  "token1_symbol": "WBNB",
  "token1_decimals": 18,
  "token1": 0,
  "token1_liquidity": 214210.56162613782,
  "token1_price": 441.39160839,
  "token1_posVal": 115839.34319898488,
  "token1_posValUSD": 51130514.00944114,
  "token1_debtVal": 75249.5088948739,
  "token1_debtValUSD": 33214501.761666,
  "liquidity": 188949083.59145924,
  "tvl": 0,
  "health": 93162198.31607704,
  "debt": 58345427.21979326,
  "leverage": 2.6757851283349146,
  "workerPositions": [
    {
      "name": "USDT-WBNB PancakeswapWorker",
      "address": "0x41867cc58aece8B570FF1A2a8aa6149014D2a94C",
      "vault": "ibWBNB",
      "borrowToken": "WBNB",
      "posVal": 115839.34319898488,
      "posValUSD": 51130514.00944114,
      "debtVal": 75249.5088948739,
      "debtValUSD": 33214501.761666
    },
    {
      "name": "WBNB-USDT PancakeswapWorker",
      "address": "0x81b6534f4F7ba45Ecf98295Cef1450B4a4FC81Cd",
      "vault": "ibUSDT",
      "borrowToken": "USDT",
      "posVal": 42017724.75793958,
      "posValUSD": 42031684.3066359,
      "debtVal": 25122578.983711507,
      "debtValUSD": 25130925.458127264
    }
  ]
}