{
  "blockNo": 13527008,
  "lpName": "USDT-WBNB LP",
  "lpTokens": 0,
  "token0_symbol": "USDT",
  "token0_decimals": 18,
  "token0": 0,
  "token0_liquidity": 134922690.03901526,
  "token0_price": 1.00056442,
  "token0_posVal": 51259755.18722381,
  "token0_posValUSD": 51288687.21824657,
  "token0_debtVal": 31644892.48809971,
  "token0_debtValUSD": 31662753.498317838,
  "token1_symbol": "WBNB",
  "token1_decimals": 18,
  "token1": 0,
  "token1_liquidity": 248185.42566162907,
  "token1_price": 543.02440788,
  "token1_posVal": 152686.59839016217,
  "token1_posValUSD": 82912549.68202917,
  "token1_debtVal": 98137.54140969376,
  "token1_debtValUSD": 53291080.31479794,
  "liquidity": 269769586.91807896,
  "tvl": 0,
  "health": 134201236.90027574,
  "debt": 84953833.81311578,
  "leverage": 2.725041900438104,
  "workerPositions": [
    {
      "name": "USDT-WBNB PancakeswapWorker",
      "address": "0x41867cc58aece8B570FF1A2a8aa6149014D2a94C",
      "vault": "ibWBNB",
      "borrowToken": "WBNB",
      "posVal": 152686.59839016217,
      "posValUSD": 82912549.68202917,
      "debtVal": 98137.54140969376,
      "debtValUSD": 53291080.31479794
    },
    {
      "name": "WBNB-USDT PancakeswapWorker",
      "address": "0x81b6534f4F7ba45Ecf98295Cef1450B4a4FC81Cd",
      "vault": "ibUSDT",
      "borrowToken": "USDT",
      "posVal": 51259755.18722381,
      "posValUSD": 51288687.21824657,
      "debtVal": 31644892.48809971,
      "debtValUSD": 31662753.498317838
    }
  ]
}