{
  "blockNo": 12758094,
  "lpName": "USDT-WBNB LP",
  "lpTokens": 0,
  "token0_symbol": "USDT",
  "token0_decimals": 18,
  "token0": 0,
  "token0_liquidity": 138112166.9708145,
  "token0_price": 1.00055532,
  "token0_posVal": 47900501.53505906,
  "token0_posValUSD": 47927101.6415715,
  "token0_debtVal": 29244753.023136526,
  "token0_debtValUSD": 29260993.219385333,
  "token1_symbol": "WBNB",
  "token1_decimals": 18,
  "token1": 0,
  "token1_liquidity": 257109.23755506732,
  "token1_price": 537.54799038,
  "token1_posVal": 150883.19346205614,
  "token1_posValUSD": 81106957.42764503,
  "token1_debtVal": 97168.56398011341,
  "token1_debtValUSD": 52232766.29562042,
  "liquidity": 276397417.3752372,
  "tvl": 0,
  "health": 129034059.06921652,
  "debt": 81493759.51500575,
  "leverage": 2.7142037445952027,
  "workerPositions": [
    {
      "name": "USDT-WBNB PancakeswapWorker",
      "address": "0x41867cc58aece8B570FF1A2a8aa6149014D2a94C",
      "vault": "ibWBNB",
      "borrowToken": "WBNB",
      "posVal": 150883.19346205614,
      "posValUSD": 81106957.42764503,
      "debtVal": 97168.56398011341,
      "debtValUSD": 52232766.29562042
    },
    {
      "name": "WBNB-USDT PancakeswapWorker",
      "address": "0x81b6534f4F7ba45Ecf98295Cef1450B4a4FC81Cd",
      "vault": "ibUSDT",
      "borrowToken": "USDT",
      "posVal": 47900501.53505906,
      "posValUSD": 47927101.6415715,
      "debtVal": 29244753.023136526,
      "debtValUSD": 29260993.219385333
    }
  ]
}