{
  "blockNo": 11305970,
  "lpName": "USDT-WBNB LP",
  "lpTokens": 0,
  "token0_symbol": "USDT",
  "token0_decimals": 18,
  "token0": 0,
  "token0_liquidity": 125982488.58727673,
  "token0_price": 1.00056543,
  "token0_posVal": 45350194.21559935,
  "token0_posValUSD": 45375836.57591467,
  "token0_debtVal": 28346362.39454806,
  "token0_debtValUSD": 28362390.278236806,
  "token1_symbol": "WBNB",
  "token1_decimals": 18,
  "token1": 0,
  "token1_liquidity": 373338.61007699056,
  "token1_price": 338.00467123,
  "token1_posVal": 163378.36495790482,
  "token1_posValUSD": 55222650.53369157,
  "token1_debtVal": 96672.2075590742,
  "token1_debtValUSD": 32675657.733083196,
  "liquidity": 252243917.02233696,
  "tvl": 0,
  "health": 100598487.10960624,
  "debt": 61038048.01132,
  "leverage": 2.542906231644031,
  "workerPositions": [
    {
      "name": "USDT-WBNB PancakeswapWorker",
      "address": "0x41867cc58aece8B570FF1A2a8aa6149014D2a94C",
      "vault": "ibWBNB",
      "borrowToken": "WBNB",
      "posVal": 163378.36495790482,
      "posValUSD": 55222650.53369157,
      "debtVal": 96672.2075590742,
      "debtValUSD": 32675657.733083196
    },
    {
      "name": "WBNB-USDT PancakeswapWorker",
      "address": "0x81b6534f4F7ba45Ecf98295Cef1450B4a4FC81Cd",
      "vault": "ibUSDT",
      "borrowToken": "USDT",
      "posVal": 45350194.21559935,
      "posValUSD": 45375836.57591467,
      "debtVal": 28346362.39454806,
      "debtValUSD": 28362390.278236806
    }
  ]
}