{
  "blockNo": 16444766,
  "lpName": "USDT-WBNB LP",
  "lpTokens": 0,
  "token0_symbol": "USDT",
  "token0_decimals": 18,
  "token0": 0,
  "token0_liquidity": 166790771.41846573,
  "token0_price": 1.00023485,
  "token0_posVal": 53022472.99756094,
  "token0_posValUSD": 53034925.32534442,
  "token0_debtVal": 26735487.405774117,
  "token0_debtValUSD": 26741766.234991364,
  "token1_symbol": "WBNB",
  "token1_decimals": 18,
  "token1": 0,
  "token1_liquidity": 382489.77273162146,
  "token1_price": 436.34,
  "token1_posVal": 171224.2738413913,
  "token1_posValUSD": 74711999.64795268,
  "token1_debtVal": 112524.47123208505,
  "token1_debtValUSD": 49098927.77740799,
  "liquidity": 333725529.66484904,
  "tvl": 0,
  "health": 127746924.97329709,
  "debt": 75840694.01239935,
  "leverage": 2.4611096318962558,
  "workerPositions": [
    {
      "name": "USDT-WBNB PancakeswapWorker",
      "address": "0x41867cc58aece8B570FF1A2a8aa6149014D2a94C",
      "vault": "ibWBNB",
      "borrowToken": "WBNB",
      "posVal": 171224.2738413913,
      "posValUSD": 74711999.64795268,
      "debtVal": 112524.47123208505,
      "debtValUSD": 49098927.77740799
    },
    {
      "name": "WBNB-USDT PancakeswapWorker",
      "address": "0x81b6534f4F7ba45Ecf98295Cef1450B4a4FC81Cd",
      "vault": "ibUSDT",
      "borrowToken": "USDT",
      "posVal": 53022472.99756094,
      "posValUSD": 53034925.32534442,
      "debtVal": 26735487.405774117,
      "debtValUSD": 26741766.234991364
    }
  ]
}