{
  "blockNo": 10513827,
  "lpName": "USDT-WBNB LP",
  "lpTokens": 0,
  "token0_symbol": "USDT",
  "token0_decimals": 18,
  "token0": 0,
  "token0_liquidity": 127555048.00084805,
  "token0_price": 1.00061457,
  "token0_posVal": 53993078.99138641,
  "token0_posValUSD": 54026261.517942145,
  "token0_debtVal": 29900700.67269728,
  "token0_debtValUSD": 29919076.746309698,
  "token1_symbol": "WBNB",
  "token1_decimals": 18,
  "token1": 0,
  "token1_liquidity": 273766.51419967285,
  "token1_price": 467.08,
  "token1_posVal": 126543.18570450919,
  "token1_posValUSD": 59105791.17886215,
  "token1_debtVal": 81845.11391011205,
  "token1_debtValUSD": 38228215.80513514,
  "liquidity": 255504302.9590811,
  "tvl": 0,
  "health": 113132052.69680429,
  "debt": 68147292.55144483,
  "leverage": 2.5148973192530133,
  "workerPositions": [
    {
      "name": "USDT-WBNB PancakeswapWorker",
      "address": "0x41867cc58aece8B570FF1A2a8aa6149014D2a94C",
      "vault": "ibWBNB",
      "borrowToken": "WBNB",
      "posVal": 126543.18570450919,
      "posValUSD": 59105791.17886215,
      "debtVal": 81845.11391011205,
      "debtValUSD": 38228215.80513514
    },
    {
      "name": "WBNB-USDT PancakeswapWorker",
      "address": "0x81b6534f4F7ba45Ecf98295Cef1450B4a4FC81Cd",
      "vault": "ibUSDT",
      "borrowToken": "USDT",
      "posVal": 53993078.99138641,
      "posValUSD": 54026261.517942145,
      "debtVal": 29900700.67269728,
      "debtValUSD": 29919076.746309698
    }
  ]
}