{
  "blockNo": 12629607,
  "lpName": "USDT-WBNB LP",
  "lpTokens": 0,
  "token0_symbol": "USDT",
  "token0_decimals": 18,
  "token0": 0,
  "token0_liquidity": 153300619.01223534,
  "token0_price": 1.00014833,
  "token0_posVal": 54472796.57706246,
  "token0_posValUSD": 54480876.52697874,
  "token0_debtVal": 31572405.002081696,
  "token0_debtValUSD": 31577088.136915654,
  "token1_symbol": "WBNB",
  "token1_decimals": 18,
  "token1": 0,
  "token1_liquidity": 235524.9676760957,
  "token1_price": 650.96144751,
  "token1_posVal": 128349.0248643602,
  "token1_posValUSD": 83550267.01220089,
  "token1_debtVal": 91061.8763623929,
  "token1_debtValUSD": 59277770.84983993,
  "liquidity": 306641031.9762306,
  "tvl": 0,
  "health": 138031143.53917962,
  "debt": 90854858.98675558,
  "leverage": 2.9258587200904786,
  "workerPositions": [
    {
      "name": "USDT-WBNB PancakeswapWorker",
      "address": "0x41867cc58aece8B570FF1A2a8aa6149014D2a94C",
      "vault": "ibWBNB",
      "borrowToken": "WBNB",
      "posVal": 128349.0248643602,
      "posValUSD": 83550267.01220089,
      "debtVal": 91061.8763623929,
      "debtValUSD": 59277770.84983993
    },
    {
      "name": "WBNB-USDT PancakeswapWorker",
      "address": "0x81b6534f4F7ba45Ecf98295Cef1450B4a4FC81Cd",
      "vault": "ibUSDT",
      "borrowToken": "USDT",
      "posVal": 54472796.57706246,
      "posValUSD": 54480876.52697874,
      "debtVal": 31572405.002081696,
      "debtValUSD": 31577088.136915654
    }
  ]
}