{
  "blockNo": 11403399,
  "lpName": "USDT-WBNB LP",
  "lpTokens": 0,
  "token0_symbol": "USDT",
  "token0_decimals": 18,
  "token0": 0,
  "token0_liquidity": 91350673.37503421,
  "token0_price": 1.00045006,
  "token0_posVal": 38116231.99447502,
  "token0_posValUSD": 38133386.585846454,
  "token0_debtVal": 22436982.429832146,
  "token0_debtValUSD": 22447080.418144513,
  "token1_symbol": "WBNB",
  "token1_decimals": 18,
  "token1": 0,
  "token1_liquidity": 217498.63505538303,
  "token1_price": 420.49903569,
  "token1_posVal": 145043.74171384296,
  "token1_posValUSD": 60990753.5235404,
  "token1_debtVal": 94446.24955528467,
  "token1_debtValUSD": 39714556.8625343,
  "liquidity": 182849752.9637732,
  "tvl": 0,
  "health": 99124140.10938686,
  "debt": 62161637.28067881,
  "leverage": 2.681748597186419,
  "workerPositions": [
    {
      "name": "USDT-WBNB PancakeswapWorker",
      "address": "0x41867cc58aece8B570FF1A2a8aa6149014D2a94C",
      "vault": "ibWBNB",
      "borrowToken": "WBNB",
      "posVal": 145043.74171384296,
      "posValUSD": 60990753.5235404,
      "debtVal": 94446.24955528467,
      "debtValUSD": 39714556.8625343
    },
    {
      "name": "WBNB-USDT PancakeswapWorker",
      "address": "0x81b6534f4F7ba45Ecf98295Cef1450B4a4FC81Cd",
      "vault": "ibUSDT",
      "borrowToken": "USDT",
      "posVal": 38116231.99447502,
      "posValUSD": 38133386.585846454,
      "debtVal": 22436982.429832146,
      "debtValUSD": 22447080.418144513
    }
  ]
}