{
  "blockNo": 15523300,
  "lpName": "USDT-WBNB LP",
  "lpTokens": 0,
  "token0_symbol": "USDT",
  "token0_decimals": 18,
  "token0": 0,
  "token0_liquidity": 119175941.30832537,
  "token0_price": 1.00060825,
  "token0_posVal": 44108889.54016536,
  "token0_posValUSD": 44135718.77222816,
  "token0_debtVal": 27469895.609218016,
  "token0_debtValUSD": 27486604.173222322,
  "token1_symbol": "WBNB",
  "token1_decimals": 18,
  "token1": 0,
  "token1_liquidity": 326048.01048791426,
  "token1_price": 366.06060332,
  "token1_posVal": 208500.95805914057,
  "token1_posValUSD": 76323986.49992701,
  "token1_debtVal": 123841.35774833417,
  "token1_debtValUSD": 45333442.13332316,
  "liquidity": 238601761.5051177,
  "tvl": 0,
  "health": 120459705.27215517,
  "debt": 72820046.30654548,
  "leverage": 2.528559353439392,
  "workerPositions": [
    {
      "name": "USDT-WBNB PancakeswapWorker",
      "address": "0x41867cc58aece8B570FF1A2a8aa6149014D2a94C",
      "vault": "ibWBNB",
      "borrowToken": "WBNB",
      "posVal": 208500.95805914057,
      "posValUSD": 76323986.49992701,
      "debtVal": 123841.35774833417,
      "debtValUSD": 45333442.13332316
    },
    {
      "name": "WBNB-USDT PancakeswapWorker",
      "address": "0x81b6534f4F7ba45Ecf98295Cef1450B4a4FC81Cd",
      "vault": "ibUSDT",
      "borrowToken": "USDT",
      "posVal": 44108889.54016536,
      "posValUSD": 44135718.77222816,
      "debtVal": 27469895.609218016,
      "debtValUSD": 27486604.173222322
    }
  ]
}