{
  "blockNo": 17911569,
  "lpName": "USDT-WBNB LP",
  "lpTokens": 0,
  "token0_symbol": "USDT",
  "token0_decimals": 18,
  "token0": 0,
  "token0_liquidity": 113554579.64908355,
  "token0_price": 0.9989,
  "token0_posVal": 30357609.360568713,
  "token0_posValUSD": 30324215.99027209,
  "token0_debtVal": 18415246.30316434,
  "token0_debtValUSD": 18394989.53223086,
  "token1_symbol": "WBNB",
  "token1_decimals": 18,
  "token1": 0,
  "token1_liquidity": 385669.53458567976,
  "token1_price": 294.47207394,
  "token1_posVal": 149658.49064016595,
  "token1_posValUSD": 44070246.12153974,
  "token1_debtVal": 75097.22371942786,
  "token1_debtValUSD": 22114035.21579608,
  "liquidity": 226998577.31638923,
  "tvl": 0,
  "health": 74394462.11181183,
  "debt": 40509024.74802694,
  "leverage": 2.1954700278214796,
  "workerPositions": [
    {
      "name": "USDT-WBNB PancakeswapWorker",
      "address": "0x41867cc58aece8B570FF1A2a8aa6149014D2a94C",
      "vault": "ibWBNB",
      "borrowToken": "WBNB",
      "posVal": 149658.49064016595,
      "posValUSD": 44070246.12153974,
      "debtVal": 75097.22371942786,
      "debtValUSD": 22114035.21579608
    },
    {
      "name": "WBNB-USDT PancakeswapWorker",
      "address": "0x81b6534f4F7ba45Ecf98295Cef1450B4a4FC81Cd",
      "vault": "ibUSDT",
      "borrowToken": "USDT",
      "posVal": 30357609.360568713,
      "posValUSD": 30324215.99027209,
      "debtVal": 18415246.30316434,
      "debtValUSD": 18394989.53223086
    }
  ]
}