{
  "blockNo": 14285838,
  "lpName": "USDT-WBNB LP",
  "lpTokens": 0,
  "token0_symbol": "USDT",
  "token0_decimals": 18,
  "token0": 0,
  "token0_liquidity": 99581081.07448323,
  "token0_price": 1.00004646,
  "token0_posVal": 28444810.887734976,
  "token0_posValUSD": 28446132.43364882,
  "token0_debtVal": 17579427.205963753,
  "token0_debtValUSD": 17580243.946151745,
  "token1_symbol": "WBNB",
  "token1_decimals": 18,
  "token1": 0,
  "token1_liquidity": 215353.5132835356,
  "token1_price": 463.46426882,
  "token1_posVal": 107600.6024237636,
  "token1_posValUSD": 49869034.526921116,
  "token1_debtVal": 65472.283617764275,
  "token1_debtValUSD": 30344064.054882783,
  "liquidity": 199394366.18328196,
  "tvl": 0,
  "health": 78315166.96056993,
  "debt": 47924308.00103453,
  "leverage": 2.576931670962128,
  "workerPositions": [
    {
      "name": "USDT-WBNB PancakeswapWorker",
      "address": "0x41867cc58aece8B570FF1A2a8aa6149014D2a94C",
      "vault": "ibWBNB",
      "borrowToken": "WBNB",
      "posVal": 107600.6024237636,
      "posValUSD": 49869034.526921116,
      "debtVal": 65472.283617764275,
      "debtValUSD": 30344064.054882783
    },
    {
      "name": "WBNB-USDT PancakeswapWorker",
      "address": "0x81b6534f4F7ba45Ecf98295Cef1450B4a4FC81Cd",
      "vault": "ibUSDT",
      "borrowToken": "USDT",
      "posVal": 28444810.887734976,
      "posValUSD": 28446132.43364882,
      "debtVal": 17579427.205963753,
      "debtValUSD": 17580243.946151745
    }
  ]
}