{
  "blockNo": 13830610,
  "lpName": "USDT-WBNB LP",
  "lpTokens": 0,
  "token0_symbol": "USDT",
  "token0_decimals": 18,
  "token0": 0,
  "token0_liquidity": 131935574.15429424,
  "token0_price": 1.0005099,
  "token0_posVal": 50163284.16139696,
  "token0_posValUSD": 50188862.41999085,
  "token0_debtVal": 30869418.762908798,
  "token0_debtValUSD": 30885159.079536002,
  "token1_symbol": "WBNB",
  "token1_decimals": 18,
  "token1": 0,
  "token1_liquidity": 240709.3216845167,
  "token1_price": 548.86428474,
  "token1_posVal": 148310.9058188367,
  "token1_posValUSD": 81402559.24139732,
  "token1_debtVal": 95718.63786717449,
  "token1_debtValUSD": 52536541.70925381,
  "liquidity": 264119597.78017834,
  "tvl": 0,
  "health": 131591421.66138817,
  "debt": 83421700.78878981,
  "leverage": 2.7318286109530843,
  "workerPositions": [
    {
      "name": "USDT-WBNB PancakeswapWorker",
      "address": "0x41867cc58aece8B570FF1A2a8aa6149014D2a94C",
      "vault": "ibWBNB",
      "borrowToken": "WBNB",
      "posVal": 148310.9058188367,
      "posValUSD": 81402559.24139732,
      "debtVal": 95718.63786717449,
      "debtValUSD": 52536541.70925381
    },
    {
      "name": "WBNB-USDT PancakeswapWorker",
      "address": "0x81b6534f4F7ba45Ecf98295Cef1450B4a4FC81Cd",
      "vault": "ibUSDT",
      "borrowToken": "USDT",
      "posVal": 50163284.16139696,
      "posValUSD": 50188862.41999085,
      "debtVal": 30869418.762908798,
      "debtValUSD": 30885159.079536002
    }
  ]
}