{
  "blockNo": 11462880,
  "lpName": "USDT-WBNB LP",
  "lpTokens": 0,
  "token0_symbol": "USDT",
  "token0_decimals": 18,
  "token0": 0,
  "token0_liquidity": 87005388.79141806,
  "token0_price": 1.00042512,
  "token0_posVal": 36446260.44937048,
  "token0_posValUSD": 36461754.483612716,
  "token0_debtVal": 21961883.550030086,
  "token0_debtValUSD": 21971219.985964876,
  "token1_symbol": "WBNB",
  "token1_decimals": 18,
  "token1": 0,
  "token1_liquidity": 202738.38474860645,
  "token1_price": 429.41493191,
  "token1_posVal": 126700.9826757155,
  "token1_posValUSD": 54407293.848622456,
  "token1_debtVal": 80896.9313237275,
  "token1_debtValUSD": 34738350.25610639,
  "liquidity": 174101266.2046673,
  "tvl": 0,
  "health": 90869048.33223517,
  "debt": 56709570.24207127,
  "leverage": 2.660141589177283,
  "workerPositions": [
    {
      "name": "USDT-WBNB PancakeswapWorker",
      "address": "0x41867cc58aece8B570FF1A2a8aa6149014D2a94C",
      "vault": "ibWBNB",
      "borrowToken": "WBNB",
      "posVal": 126700.9826757155,
      "posValUSD": 54407293.848622456,
      "debtVal": 80896.9313237275,
      "debtValUSD": 34738350.25610639
    },
    {
      "name": "WBNB-USDT PancakeswapWorker",
      "address": "0x81b6534f4F7ba45Ecf98295Cef1450B4a4FC81Cd",
      "vault": "ibUSDT",
      "borrowToken": "USDT",
      "posVal": 36446260.44937048,
      "posValUSD": 36461754.483612716,
      "debtVal": 21961883.550030086,
      "debtValUSD": 21971219.985964876
    }
  ]
}