{
  "blockNo": 15941225,
  "lpName": "USDT-WBNB LP",
  "lpTokens": 0,
  "token0_symbol": "USDT",
  "token0_decimals": 18,
  "token0": 0,
  "token0_liquidity": 117454840.42708515,
  "token0_price": 1.00034933,
  "token0_posVal": 46677322.262330525,
  "token0_posValUSD": 46693628.05131642,
  "token0_debtVal": 25518930.48214708,
  "token0_debtValUSD": 25527845.010132406,
  "token1_symbol": "WBNB",
  "token1_decimals": 18,
  "token1": 0,
  "token1_liquidity": 320935.89228950266,
  "token1_price": 365.56593327,
  "token1_posVal": 184702.7476567284,
  "token1_posValUSD": 67521032.32466523,
  "token1_debtVal": 110056.70407253274,
  "token1_debtValUSD": 40232981.73689564,
  "liquidity": 234819099.91114378,
  "tvl": 0,
  "health": 114214660.37598166,
  "debt": 65760826.74702805,
  "leverage": 2.3571852178014794,
  "workerPositions": [
    {
      "name": "USDT-WBNB PancakeswapWorker",
      "address": "0x41867cc58aece8B570FF1A2a8aa6149014D2a94C",
      "vault": "ibWBNB",
      "borrowToken": "WBNB",
      "posVal": 184702.7476567284,
      "posValUSD": 67521032.32466523,
      "debtVal": 110056.70407253274,
      "debtValUSD": 40232981.73689564
    },
    {
      "name": "WBNB-USDT PancakeswapWorker",
      "address": "0x81b6534f4F7ba45Ecf98295Cef1450B4a4FC81Cd",
      "vault": "ibUSDT",
      "borrowToken": "USDT",
      "posVal": 46677322.262330525,
      "posValUSD": 46693628.05131642,
      "debtVal": 25518930.48214708,
      "debtValUSD": 25527845.010132406
    }
  ]
}