{
  "blockNo": 13827035,
  "lpName": "USDT-WBNB LP",
  "lpTokens": 0,
  "token0_symbol": "USDT",
  "token0_decimals": 18,
  "token0": 0,
  "token0_liquidity": 131653436.82560283,
  "token0_price": 1.0004725,
  "token0_posVal": 50054599.62222157,
  "token0_posValUSD": 50078250.420543075,
  "token0_debtVal": 30867982.309156924,
  "token0_debtValUSD": 30882567.430798005,
  "token1_symbol": "WBNB",
  "token1_decimals": 18,
  "token1": 0,
  "token1_liquidity": 241201.78981957608,
  "token1_price": 545.51224535,
  "token1_posVal": 148616.12519030948,
  "token1_posValUSD": 81071916.14778242,
  "token1_debtVal": 95712.51290284998,
  "token1_debtValUSD": 52212347.821724534,
  "liquidity": 263294173.02141863,
  "tvl": 0,
  "health": 131150166.56832549,
  "debt": 83094915.25252254,
  "leverage": 2.7291536924123174,
  "workerPositions": [
    {
      "name": "USDT-WBNB PancakeswapWorker",
      "address": "0x41867cc58aece8B570FF1A2a8aa6149014D2a94C",
      "vault": "ibWBNB",
      "borrowToken": "WBNB",
      "posVal": 148616.12519030948,
      "posValUSD": 81071916.14778242,
      "debtVal": 95712.51290284998,
      "debtValUSD": 52212347.821724534
    },
    {
      "name": "WBNB-USDT PancakeswapWorker",
      "address": "0x81b6534f4F7ba45Ecf98295Cef1450B4a4FC81Cd",
      "vault": "ibUSDT",
      "borrowToken": "USDT",
      "posVal": 50054599.62222157,
      "posValUSD": 50078250.420543075,
      "debtVal": 30867982.309156924,
      "debtValUSD": 30882567.430798005
    }
  ]
}