{
  "blockNo": 14453207,
  "lpName": "USDT-WBNB LP",
  "lpTokens": 0,
  "token0_symbol": "USDT",
  "token0_decimals": 18,
  "token0": 0,
  "token0_liquidity": 90868003.44228365,
  "token0_price": 1.00035804,
  "token0_posVal": 28967871.140526384,
  "token0_posValUSD": 28978242.79710954,
  "token0_debtVal": 17592202.29327622,
  "token0_debtValUSD": 17598501.005385306,
  "token1_symbol": "WBNB",
  "token1_decimals": 18,
  "token1": 0,
  "token1_liquidity": 190382.05468475746,
  "token1_price": 478.27,
  "token1_posVal": 103542.70275123336,
  "token1_posValUSD": 49521368.44483238,
  "token1_debtVal": 66918.98708398653,
  "token1_debtValUSD": 32005343.952658236,
  "liquidity": 181954563.11631507,
  "tvl": 0,
  "health": 78499611.24194191,
  "debt": 49603844.958043545,
  "leverage": 2.7166475002147417,
  "workerPositions": [
    {
      "name": "USDT-WBNB PancakeswapWorker",
      "address": "0x41867cc58aece8B570FF1A2a8aa6149014D2a94C",
      "vault": "ibWBNB",
      "borrowToken": "WBNB",
      "posVal": 103542.70275123336,
      "posValUSD": 49521368.44483238,
      "debtVal": 66918.98708398653,
      "debtValUSD": 32005343.952658236
    },
    {
      "name": "WBNB-USDT PancakeswapWorker",
      "address": "0x81b6534f4F7ba45Ecf98295Cef1450B4a4FC81Cd",
      "vault": "ibUSDT",
      "borrowToken": "USDT",
      "posVal": 28967871.140526384,
      "posValUSD": 28978242.79710954,
      "debtVal": 17592202.29327622,
      "debtValUSD": 17598501.005385306
    }
  ]
}