{
  "blockNo": 11717064,
  "lpName": "USDT-WBNB LP",
  "lpTokens": 0,
  "token0_symbol": "USDT",
  "token0_decimals": 18,
  "token0": 0,
  "token0_liquidity": 143319556.72059396,
  "token0_price": 1,
  "token0_posVal": 54310038.88243228,
  "token0_posValUSD": 54310038.88243228,
  "token0_debtVal": 31857860.37652203,
  "token0_debtValUSD": 31857860.37652203,
  "token1_symbol": "WBNB",
  "token1_decimals": 18,
  "token1": 0,
  "token1_liquidity": 330557.06113163044,
  "token1_price": 434.12093941,
  "token1_posVal": 146831.65368262408,
  "token1_posValUSD": 63742695.43182455,
  "token1_debtVal": 93643.50936473317,
  "token1_debtValUSD": 40652608.255067095,
  "liquidity": 286821298.6276662,
  "tvl": 0,
  "health": 118052734.31425683,
  "debt": 72510468.63158913,
  "leverage": 2.592157692303501,
  "workerPositions": [
    {
      "name": "USDT-WBNB PancakeswapWorker",
      "address": "0x41867cc58aece8B570FF1A2a8aa6149014D2a94C",
      "vault": "ibWBNB",
      "borrowToken": "WBNB",
      "posVal": 146831.65368262408,
      "posValUSD": 63742695.43182455,
      "debtVal": 93643.50936473317,
      "debtValUSD": 40652608.255067095
    },
    {
      "name": "WBNB-USDT PancakeswapWorker",
      "address": "0x81b6534f4F7ba45Ecf98295Cef1450B4a4FC81Cd",
      "vault": "ibUSDT",
      "borrowToken": "USDT",
      "posVal": 54310038.88243228,
      "posValUSD": 54310038.88243228,
      "debtVal": 31857860.37652203,
      "debtValUSD": 31857860.37652203
    }
  ]
}