{
  "blockNo": 8734149,
  "lpName": "USDT-WBNB LP",
  "lpTokens": 0,
  "token0_symbol": "USDT",
  "token0_decimals": 18,
  "token0": 0,
  "token0_liquidity": 75432300.0679261,
  "token0_price": 1.0005,
  "token0_posVal": 28703135.384037577,
  "token0_posValUSD": 28717486.951729596,
  "token0_debtVal": 15912301.981700866,
  "token0_debtValUSD": 15920258.132691715,
  "token1_symbol": "WBNB",
  "token1_decimals": 18,
  "token1": 0,
  "token1_liquidity": 250459.00897803475,
  "token1_price": 302.06,
  "token1_posVal": 71253.69040241028,
  "token1_posValUSD": 21522889.72295205,
  "token1_debtVal": 41944.205611043486,
  "token1_debtValUSD": 12669666.746871796,
  "liquidity": 151123664.46986523,
  "tvl": 0,
  "health": 50240376.67468165,
  "debt": 28589924.87956351,
  "leverage": 2.3205232458941167,
  "workerPositions": [
    {
      "name": "USDT-WBNB PancakeswapWorker",
      "address": "0x41867cc58aece8B570FF1A2a8aa6149014D2a94C",
      "vault": "ibWBNB",
      "borrowToken": "WBNB",
      "posVal": 71253.69040241028,
      "posValUSD": 21522889.72295205,
      "debtVal": 41944.205611043486,
      "debtValUSD": 12669666.746871796
    },
    {
      "name": "WBNB-USDT PancakeswapWorker",
      "address": "0x81b6534f4F7ba45Ecf98295Cef1450B4a4FC81Cd",
      "vault": "ibUSDT",
      "borrowToken": "USDT",
      "posVal": 28703135.384037577,
      "posValUSD": 28717486.951729596,
      "debtVal": 15912301.981700866,
      "debtValUSD": 15920258.132691715
    }
  ]
}