{
  "blockNo": 10849988,
  "lpName": "USDT-WBNB LP",
  "lpTokens": 0,
  "token0_symbol": "USDT",
  "token0_decimals": 18,
  "token0": 0,
  "token0_liquidity": 119889864.83136895,
  "token0_price": 1.00011781,
  "token0_posVal": 45551994.48580022,
  "token0_posValUSD": 45557360.966270596,
  "token0_debtVal": 26903375.440324407,
  "token0_debtValUSD": 26906544.926985033,
  "token1_symbol": "WBNB",
  "token1_decimals": 18,
  "token1": 0,
  "token1_liquidity": 286313.64290104987,
  "token1_price": 418.85889674,
  "token1_posVal": 136110.71670526452,
  "token1_posValUSD": 57011184.63365778,
  "token1_debtVal": 82255.16310057537,
  "token1_debtValUSD": 34453306.867475756,
  "liquidity": 239829005.64348882,
  "tvl": 0,
  "health": 102568545.59992838,
  "debt": 61359851.79446079,
  "leverage": 2.4890025896991554,
  "workerPositions": [
    {
      "name": "USDT-WBNB PancakeswapWorker",
      "address": "0x41867cc58aece8B570FF1A2a8aa6149014D2a94C",
      "vault": "ibWBNB",
      "borrowToken": "WBNB",
      "posVal": 136110.71670526452,
      "posValUSD": 57011184.63365778,
      "debtVal": 82255.16310057537,
      "debtValUSD": 34453306.867475756
    },
    {
      "name": "WBNB-USDT PancakeswapWorker",
      "address": "0x81b6534f4F7ba45Ecf98295Cef1450B4a4FC81Cd",
      "vault": "ibUSDT",
      "borrowToken": "USDT",
      "posVal": 45551994.48580022,
      "posValUSD": 45557360.966270596,
      "debtVal": 26903375.440324407,
      "debtValUSD": 26906544.926985033
    }
  ]
}