{
  "blockNo": 15992619,
  "lpName": "USDT-WBNB LP",
  "lpTokens": 0,
  "token0_symbol": "USDT",
  "token0_decimals": 18,
  "token0": 0,
  "token0_liquidity": 120605175.9824197,
  "token0_price": 1.00019129,
  "token0_posVal": 49053077.200964645,
  "token0_posValUSD": 49062460.56410242,
  "token0_debtVal": 26430891.203554314,
  "token0_debtValUSD": 26435947.168732643,
  "token1_symbol": "WBNB",
  "token1_decimals": 18,
  "token1": 0,
  "token1_liquidity": 319544.90114523796,
  "token1_price": 377.5442824,
  "token1_posVal": 183662.9550190398,
  "token1_posValUSD": 69340898.55612686,
  "token1_debtVal": 111869.83645710649,
  "token1_debtValUSD": 42235817.127403624,
  "liquidity": 241270596.94399118,
  "tvl": 0,
  "health": 118403359.12022927,
  "debt": 68671764.29613626,
  "leverage": 2.3808478199630847,
  "workerPositions": [
    {
      "name": "USDT-WBNB PancakeswapWorker",
      "address": "0x41867cc58aece8B570FF1A2a8aa6149014D2a94C",
      "vault": "ibWBNB",
      "borrowToken": "WBNB",
      "posVal": 183662.9550190398,
      "posValUSD": 69340898.55612686,
      "debtVal": 111869.83645710649,
      "debtValUSD": 42235817.127403624
    },
    {
      "name": "WBNB-USDT PancakeswapWorker",
      "address": "0x81b6534f4F7ba45Ecf98295Cef1450B4a4FC81Cd",
      "vault": "ibUSDT",
      "borrowToken": "USDT",
      "posVal": 49053077.200964645,
      "posValUSD": 49062460.56410242,
      "debtVal": 26430891.203554314,
      "debtValUSD": 26435947.168732643
    }
  ]
}