{
  "blockNo": 12107571,
  "lpName": "USDT-WBNB LP",
  "lpTokens": 0,
  "token0_symbol": "USDT",
  "token0_decimals": 18,
  "token0": 0,
  "token0_liquidity": 144105357.76246157,
  "token0_price": 0.9999,
  "token0_posVal": 49235321.2776465,
  "token0_posValUSD": 49230397.74551873,
  "token0_debtVal": 29342016.17442952,
  "token0_debtValUSD": 29339081.97281208,
  "token1_symbol": "WBNB",
  "token1_decimals": 18,
  "token1": 0,
  "token1_liquidity": 297412.52782049554,
  "token1_price": 485.28530436,
  "token1_posVal": 143253.3849481612,
  "token1_posValUSD": 69518762.51516865,
  "token1_debtVal": 93914.38908303472,
  "token1_debtValUSD": 45575272.889943965,
  "liquidity": 288420876.3105315,
  "tvl": 0,
  "health": 118749160.26068738,
  "debt": 74914354.86275604,
  "leverage": 2.709015340268658,
  "workerPositions": [
    {
      "name": "USDT-WBNB PancakeswapWorker",
      "address": "0x41867cc58aece8B570FF1A2a8aa6149014D2a94C",
      "vault": "ibWBNB",
      "borrowToken": "WBNB",
      "posVal": 143253.3849481612,
      "posValUSD": 69518762.51516865,
      "debtVal": 93914.38908303472,
      "debtValUSD": 45575272.889943965
    },
    {
      "name": "WBNB-USDT PancakeswapWorker",
      "address": "0x81b6534f4F7ba45Ecf98295Cef1450B4a4FC81Cd",
      "vault": "ibUSDT",
      "borrowToken": "USDT",
      "posVal": 49235321.2776465,
      "posValUSD": 49230397.74551873,
      "debtVal": 29342016.17442952,
      "debtValUSD": 29339081.97281208
    }
  ]
}