{
  "blockNo": 18263427,
  "lpName": "USDT-WBNB LP",
  "lpTokens": 0,
  "token0_symbol": "USDT",
  "token0_decimals": 18,
  "token0": 0,
  "token0_liquidity": 93449128.57660967,
  "token0_price": 0.9993977,
  "token0_posVal": 29731816.773095153,
  "token0_posValUSD": 29713909.29985272,
  "token0_debtVal": 17657642.690155163,
  "token0_debtValUSD": 17647007.491962884,
  "token1_symbol": "WBNB",
  "token1_decimals": 18,
  "token1": 0,
  "token1_liquidity": 290866.06284731143,
  "token1_price": 321.24,
  "token1_posVal": 11064.21554916848,
  "token1_posValUSD": 3554268.6030148827,
  "token1_debtVal": 6535.9148607466805,
  "token1_debtValUSD": 2099597.2898662635,
  "liquidity": 186830658.1955383,
  "tvl": 0,
  "health": 33268177.902867604,
  "debt": 19746604.78182915,
  "leverage": 2.460377768553058,
  "workerPositions": [
    {
      "name": "USDT-WBNB PancakeswapWorker",
      "address": "0x41867cc58aece8B570FF1A2a8aa6149014D2a94C",
      "vault": "ibWBNB",
      "borrowToken": "WBNB",
      "posVal": 11064.21554916848,
      "posValUSD": 3554268.6030148827,
      "debtVal": 6535.9148607466805,
      "debtValUSD": 2099597.2898662635
    },
    {
      "name": "WBNB-USDT PancakeswapWorker",
      "address": "0x81b6534f4F7ba45Ecf98295Cef1450B4a4FC81Cd",
      "vault": "ibUSDT",
      "borrowToken": "USDT",
      "posVal": 29731816.773095153,
      "posValUSD": 29713909.29985272,
      "debtVal": 17657642.690155163,
      "debtValUSD": 17647007.491962884
    }
  ]
}