{
  "blockNo": 8835104,
  "lpName": "USDT-WBNB LP",
  "lpTokens": 0,
  "token0_symbol": "USDT",
  "token0_decimals": 18,
  "token0": 0,
  "token0_liquidity": 79325853.03971325,
  "token0_price": 1.00025883,
  "token0_posVal": 28728658.943479422,
  "token0_posValUSD": 28736094.782273762,
  "token0_debtVal": 16089813.64657331,
  "token0_debtValUSD": 16093978.173039453,
  "token1_symbol": "WBNB",
  "token1_decimals": 18,
  "token1": 0,
  "token1_liquidity": 268964.7477666182,
  "token1_price": 295.53212024,
  "token1_posVal": 71606.56793001846,
  "token1_posValUSD": 21162040.84346794,
  "token1_debtVal": 42325.33357486675,
  "token1_debtValUSD": 12508495.57124563,
  "liquidity": 158834107.127541,
  "tvl": 0,
  "health": 49898135.625741705,
  "debt": 28602473.744285084,
  "leverage": 2.343112691378282,
  "workerPositions": [
    {
      "name": "USDT-WBNB PancakeswapWorker",
      "address": "0x41867cc58aece8B570FF1A2a8aa6149014D2a94C",
      "vault": "ibWBNB",
      "borrowToken": "WBNB",
      "posVal": 71606.56793001846,
      "posValUSD": 21162040.84346794,
      "debtVal": 42325.33357486675,
      "debtValUSD": 12508495.57124563
    },
    {
      "name": "WBNB-USDT PancakeswapWorker",
      "address": "0x81b6534f4F7ba45Ecf98295Cef1450B4a4FC81Cd",
      "vault": "ibUSDT",
      "borrowToken": "USDT",
      "posVal": 28728658.943479422,
      "posValUSD": 28736094.782273762,
      "debtVal": 16089813.64657331,
      "debtValUSD": 16093978.173039453
    }
  ]
}