{
  "blockNo": 12752491,
  "lpName": "USDT-WBNB LP",
  "lpTokens": 0,
  "token0_symbol": "USDT",
  "token0_decimals": 18,
  "token0": 0,
  "token0_liquidity": 141823958.88728878,
  "token0_price": 1.00055532,
  "token0_posVal": 50667912.29771769,
  "token0_posValUSD": 50696049.20277485,
  "token0_debtVal": 30645069.887629583,
  "token0_debtValUSD": 30662087.70783958,
  "token1_symbol": "WBNB",
  "token1_decimals": 18,
  "token1": 0,
  "token1_liquidity": 251455.31179086448,
  "token1_price": 563.7944304,
  "token1_posVal": 146320.61458776845,
  "token1_posValUSD": 82494747.55728884,
  "token1_debtVal": 96192.51620993188,
  "token1_debtValUSD": 54232804.88532131,
  "liquidity": 283671820.8503229,
  "tvl": 0,
  "health": 133190796.7600637,
  "debt": 84894892.5931609,
  "leverage": 2.7578072935497375,
  "workerPositions": [
    {
      "name": "USDT-WBNB PancakeswapWorker",
      "address": "0x41867cc58aece8B570FF1A2a8aa6149014D2a94C",
      "vault": "ibWBNB",
      "borrowToken": "WBNB",
      "posVal": 146320.61458776845,
      "posValUSD": 82494747.55728884,
      "debtVal": 96192.51620993188,
      "debtValUSD": 54232804.88532131
    },
    {
      "name": "WBNB-USDT PancakeswapWorker",
      "address": "0x81b6534f4F7ba45Ecf98295Cef1450B4a4FC81Cd",
      "vault": "ibUSDT",
      "borrowToken": "USDT",
      "posVal": 50667912.29771769,
      "posValUSD": 50696049.20277485,
      "debtVal": 30645069.887629583,
      "debtValUSD": 30662087.70783958
    }
  ]
}