{
  "blockNo": 10152794,
  "lpName": "USDT-WBNB LP",
  "lpTokens": 0,
  "token0_symbol": "USDT",
  "token0_decimals": 18,
  "token0": 0,
  "token0_liquidity": 113188849.09639855,
  "token0_price": 1.00035428,
  "token0_posVal": 36004769.211508974,
  "token0_posValUSD": 36017524.98114523,
  "token0_debtVal": 20474310.442271937,
  "token0_debtValUSD": 20481564.080975424,
  "token1_symbol": "WBNB",
  "token1_decimals": 18,
  "token1": 0,
  "token1_liquidity": 281417.3835866571,
  "token1_price": 402.34891259,
  "token1_posVal": 92066.16759250044,
  "token1_posValUSD": 37042722.41717125,
  "token1_debtVal": 60650.01261999603,
  "token1_debtValUSD": 24402466.626225177,
  "liquidity": 226456927.91187084,
  "tvl": 0,
  "health": 73060247.39831647,
  "debt": 44884030.7072006,
  "leverage": 2.5929757780913434,
  "workerPositions": [
    {
      "name": "USDT-WBNB PancakeswapWorker",
      "address": "0x41867cc58aece8B570FF1A2a8aa6149014D2a94C",
      "vault": "ibWBNB",
      "borrowToken": "WBNB",
      "posVal": 92066.16759250044,
      "posValUSD": 37042722.41717125,
      "debtVal": 60650.01261999603,
      "debtValUSD": 24402466.626225177
    },
    {
      "name": "WBNB-USDT PancakeswapWorker",
      "address": "0x81b6534f4F7ba45Ecf98295Cef1450B4a4FC81Cd",
      "vault": "ibUSDT",
      "borrowToken": "USDT",
      "posVal": 36004769.211508974,
      "posValUSD": 36017524.98114523,
      "debtVal": 20474310.442271937,
      "debtValUSD": 20481564.080975424
    }
  ]
}