{
  "blockNo": 9818341,
  "lpName": "USDT-WBNB LP",
  "lpTokens": 0,
  "token0_symbol": "USDT",
  "token0_decimals": 18,
  "token0": 0,
  "token0_liquidity": 136054304.4790934,
  "token0_price": 1.0004,
  "token0_posVal": 30274999.35516632,
  "token0_posValUSD": 30287109.354908384,
  "token0_debtVal": 16377679.468340887,
  "token0_debtValUSD": 16384230.540128222,
  "token1_symbol": "WBNB",
  "token1_decimals": 18,
  "token1": 0,
  "token1_liquidity": 391848.8368356572,
  "token1_price": 347.88059318,
  "token1_posVal": 97957.21035428182,
  "token1_posValUSD": 34077412.4443056,
  "token1_debtVal": 61413.949657858226,
  "token1_debtValUSD": 21364721.23650238,
  "liquidity": 272425331.99616647,
  "tvl": 0,
  "health": 64364521.79921398,
  "debt": 37748951.7766306,
  "leverage": 2.4183033369039446,
  "workerPositions": [
    {
      "name": "USDT-WBNB PancakeswapWorker",
      "address": "0x41867cc58aece8B570FF1A2a8aa6149014D2a94C",
      "vault": "ibWBNB",
      "borrowToken": "WBNB",
      "posVal": 97957.21035428182,
      "posValUSD": 34077412.4443056,
      "debtVal": 61413.949657858226,
      "debtValUSD": 21364721.23650238
    },
    {
      "name": "WBNB-USDT PancakeswapWorker",
      "address": "0x81b6534f4F7ba45Ecf98295Cef1450B4a4FC81Cd",
      "vault": "ibUSDT",
      "borrowToken": "USDT",
      "posVal": 30274999.35516632,
      "posValUSD": 30287109.354908384,
      "debtVal": 16377679.468340887,
      "debtValUSD": 16384230.540128222
    }
  ]
}