{
  "blockNo": 11703997,
  "lpName": "USDT-WBNB LP",
  "lpTokens": 0,
  "token0_symbol": "USDT",
  "token0_decimals": 18,
  "token0": 0,
  "token0_liquidity": 137158400.01673198,
  "token0_price": 1.00034212,
  "token0_posVal": 53413883.15080215,
  "token0_posValUSD": 53432157.1085057,
  "token0_debtVal": 32455455.246188093,
  "token0_debtValUSD": 32466558.906536918,
  "token1_symbol": "WBNB",
  "token1_decimals": 18,
  "token1": 0,
  "token1_liquidity": 338623.6098133008,
  "token1_price": 404.97144605,
  "token1_posVal": 150064.0303846122,
  "token1_posValUSD": 60771647.384947546,
  "token1_debtVal": 92314.55218697428,
  "token1_debtValUSD": 37384757.69061717,
  "liquidity": 274338217.5813091,
  "tvl": 0,
  "health": 114203804.49345325,
  "debt": 69851316.59715408,
  "leverage": 2.574913153924395,
  "workerPositions": [
    {
      "name": "USDT-WBNB PancakeswapWorker",
      "address": "0x41867cc58aece8B570FF1A2a8aa6149014D2a94C",
      "vault": "ibWBNB",
      "borrowToken": "WBNB",
      "posVal": 150064.0303846122,
      "posValUSD": 60771647.384947546,
      "debtVal": 92314.55218697428,
      "debtValUSD": 37384757.69061717
    },
    {
      "name": "WBNB-USDT PancakeswapWorker",
      "address": "0x81b6534f4F7ba45Ecf98295Cef1450B4a4FC81Cd",
      "vault": "ibUSDT",
      "borrowToken": "USDT",
      "posVal": 53413883.15080215,
      "posValUSD": 53432157.1085057,
      "debtVal": 32455455.246188093,
      "debtValUSD": 32466558.906536918
    }
  ]
}