{
  "blockNo": 10603826,
  "lpName": "USDT-WBNB LP",
  "lpTokens": 0,
  "token0_symbol": "USDT",
  "token0_decimals": 18,
  "token0": 0,
  "token0_liquidity": 135763099.65832573,
  "token0_price": 1.00035879,
  "token0_posVal": 62216668.0141659,
  "token0_posValUSD": 62238990.7324827,
  "token0_debtVal": 33486323.210219976,
  "token0_debtValUSD": 33498337.76812457,
  "token1_symbol": "WBNB",
  "token1_decimals": 18,
  "token1": 0,
  "token1_liquidity": 277531.86505599745,
  "token1_price": 489.95396141,
  "token1_posVal": 122194.02389241107,
  "token1_posValUSD": 59869446.06671499,
  "token1_debtVal": 80253.3342522227,
  "token1_debtValUSD": 39320439.03323735,
  "liquidity": 271789646.80254364,
  "tvl": 0,
  "health": 122108436.79919769,
  "debt": 72818776.80136192,
  "leverage": 2.477364153142044,
  "workerPositions": [
    {
      "name": "USDT-WBNB PancakeswapWorker",
      "address": "0x41867cc58aece8B570FF1A2a8aa6149014D2a94C",
      "vault": "ibWBNB",
      "borrowToken": "WBNB",
      "posVal": 122194.02389241107,
      "posValUSD": 59869446.06671499,
      "debtVal": 80253.3342522227,
      "debtValUSD": 39320439.03323735
    },
    {
      "name": "WBNB-USDT PancakeswapWorker",
      "address": "0x81b6534f4F7ba45Ecf98295Cef1450B4a4FC81Cd",
      "vault": "ibUSDT",
      "borrowToken": "USDT",
      "posVal": 62216668.0141659,
      "posValUSD": 62238990.7324827,
      "debtVal": 33486323.210219976,
      "debtValUSD": 33498337.76812457
    }
  ]
}