{
  "blockNo": 17098752,
  "lpName": "USDT-WBNB LP",
  "lpTokens": 0,
  "token0_symbol": "USDT",
  "token0_decimals": 18,
  "token0": 0,
  "token0_liquidity": 171411754.43684593,
  "token0_price": 1.00016602,
  "token0_posVal": 55615050.269057654,
  "token0_posValUSD": 55624283.47970332,
  "token0_debtVal": 28242079.282128964,
  "token0_debtValUSD": 28246768.03213138,
  "token1_symbol": "WBNB",
  "token1_decimals": 18,
  "token1": 0,
  "token1_liquidity": 407804.4664006152,
  "token1_price": 421.06676391,
  "token1_posVal": 180292.9441720715,
  "token1_posValUSD": 75915366.55834045,
  "token1_debtVal": 114707.097410995,
  "token1_debtValUSD": 48299346.304356806,
  "liquidity": 343153119.19166887,
  "tvl": 0,
  "health": 131539650.03804377,
  "debt": 76546114.33648819,
  "leverage": 2.3919111284623757,
  "workerPositions": [
    {
      "name": "USDT-WBNB PancakeswapWorker",
      "address": "0x41867cc58aece8B570FF1A2a8aa6149014D2a94C",
      "vault": "ibWBNB",
      "borrowToken": "WBNB",
      "posVal": 180292.9441720715,
      "posValUSD": 75915366.55834045,
      "debtVal": 114707.097410995,
      "debtValUSD": 48299346.304356806
    },
    {
      "name": "WBNB-USDT PancakeswapWorker",
      "address": "0x81b6534f4F7ba45Ecf98295Cef1450B4a4FC81Cd",
      "vault": "ibUSDT",
      "borrowToken": "USDT",
      "posVal": 55615050.269057654,
      "posValUSD": 55624283.47970332,
      "debtVal": 28242079.282128964,
      "debtValUSD": 28246768.03213138
    }
  ]
}