{
  "blockNo": 16252779,
  "lpName": "USDT-WBNB LP",
  "lpTokens": 0,
  "token0_symbol": "USDT",
  "token0_decimals": 18,
  "token0": 0,
  "token0_liquidity": 124924275.87113978,
  "token0_price": 1.00041016,
  "token0_posVal": 47837924.00156858,
  "token0_posValUSD": 47857545.20447706,
  "token0_debtVal": 25218259.57834313,
  "token0_debtValUSD": 25228603.099691782,
  "token1_symbol": "WBNB",
  "token1_decimals": 18,
  "token1": 0,
  "token1_liquidity": 317226.81467925635,
  "token1_price": 393.54802604,
  "token1_posVal": 175511.0354544775,
  "token1_posValUSD": 69072021.55134608,
  "token1_debtVal": 109775.22991257501,
  "token1_debtValUSD": 43201825.04018106,
  "liquidity": 249819501.53610933,
  "tvl": 0,
  "health": 116929566.75582314,
  "debt": 68430428.13987285,
  "leverage": 2.4109617220576287,
  "workerPositions": [
    {
      "name": "USDT-WBNB PancakeswapWorker",
      "address": "0x41867cc58aece8B570FF1A2a8aa6149014D2a94C",
      "vault": "ibWBNB",
      "borrowToken": "WBNB",
      "posVal": 175511.0354544775,
      "posValUSD": 69072021.55134608,
      "debtVal": 109775.22991257501,
      "debtValUSD": 43201825.04018106
    },
    {
      "name": "WBNB-USDT PancakeswapWorker",
      "address": "0x81b6534f4F7ba45Ecf98295Cef1450B4a4FC81Cd",
      "vault": "ibUSDT",
      "borrowToken": "USDT",
      "posVal": 47837924.00156858,
      "posValUSD": 47857545.20447706,
      "debtVal": 25218259.57834313,
      "debtValUSD": 25228603.099691782
    }
  ]
}