{
  "blockNo": 16030968,
  "lpName": "USDT-WBNB LP",
  "lpTokens": 0,
  "token0_symbol": "USDT",
  "token0_decimals": 18,
  "token0": 0,
  "token0_liquidity": 121895422.52631246,
  "token0_price": 1.00026937,
  "token0_posVal": 48352513.234638594,
  "token0_posValUSD": 48365537.95112861,
  "token0_debtVal": 26232074.415996876,
  "token0_debtValUSD": 26239140.549882315,
  "token1_symbol": "WBNB",
  "token1_decimals": 18,
  "token1": 0,
  "token1_liquidity": 327183.519412325,
  "token1_price": 373.38016761,
  "token1_posVal": 184982.4762761726,
  "token1_posValUSD": 69068787.99691017,
  "token1_debtVal": 111913.82948292415,
  "token1_debtValUSD": 41786404.410211176,
  "liquidity": 244092094.81368196,
  "tvl": 0,
  "health": 117434325.94803879,
  "debt": 68025544.9600935,
  "leverage": 2.3767905947060366,
  "workerPositions": [
    {
      "name": "USDT-WBNB PancakeswapWorker",
      "address": "0x41867cc58aece8B570FF1A2a8aa6149014D2a94C",
      "vault": "ibWBNB",
      "borrowToken": "WBNB",
      "posVal": 184982.4762761726,
      "posValUSD": 69068787.99691017,
      "debtVal": 111913.82948292415,
      "debtValUSD": 41786404.410211176
    },
    {
      "name": "WBNB-USDT PancakeswapWorker",
      "address": "0x81b6534f4F7ba45Ecf98295Cef1450B4a4FC81Cd",
      "vault": "ibUSDT",
      "borrowToken": "USDT",
      "posVal": 48352513.234638594,
      "posValUSD": 48365537.95112861,
      "debtVal": 26232074.415996876,
      "debtValUSD": 26239140.549882315
    }
  ]
}