{
  "blockNo": 14614393,
  "lpName": "USDT-WBNB LP",
  "lpTokens": 0,
  "token0_symbol": "USDT",
  "token0_decimals": 18,
  "token0": 0,
  "token0_liquidity": 90779121.98856148,
  "token0_price": 1.00033499,
  "token0_posVal": 35420787.80837658,
  "token0_posValUSD": 35432653.41808451,
  "token0_debtVal": 21868615.776995316,
  "token0_debtValUSD": 21875941.54459445,
  "token1_symbol": "WBNB",
  "token1_decimals": 18,
  "token1": 0,
  "token1_liquidity": 234592.59682162397,
  "token1_price": 387.36905157,
  "token1_posVal": 122133.76226390131,
  "token1_posValUSD": 47310839.65284331,
  "token1_debtVal": 73638.7108637868,
  "token1_debtValUSD": 28525357.586142547,
  "liquidity": 181683443.82277232,
  "tvl": 0,
  "health": 82743493.07092783,
  "debt": 50401299.130737,
  "leverage": 2.558376009492188,
  "workerPositions": [
    {
      "name": "USDT-WBNB PancakeswapWorker",
      "address": "0x41867cc58aece8B570FF1A2a8aa6149014D2a94C",
      "vault": "ibWBNB",
      "borrowToken": "WBNB",
      "posVal": 122133.76226390131,
      "posValUSD": 47310839.65284331,
      "debtVal": 73638.7108637868,
      "debtValUSD": 28525357.586142547
    },
    {
      "name": "WBNB-USDT PancakeswapWorker",
      "address": "0x81b6534f4F7ba45Ecf98295Cef1450B4a4FC81Cd",
      "vault": "ibUSDT",
      "borrowToken": "USDT",
      "posVal": 35420787.80837658,
      "posValUSD": 35432653.41808451,
      "debtVal": 21868615.776995316,
      "debtValUSD": 21875941.54459445
    }
  ]
}