{
  "blockNo": 13988828,
  "lpName": "USDT-WBNB LP",
  "lpTokens": 0,
  "token0_symbol": "USDT",
  "token0_decimals": 18,
  "token0": 0,
  "token0_liquidity": 142329558.98321113,
  "token0_price": 1.00000754,
  "token0_posVal": 49273584.28561077,
  "token0_posValUSD": 49273955.80843628,
  "token0_debtVal": 31121446.086684056,
  "token0_debtValUSD": 31121680.742387548,
  "token1_symbol": "WBNB",
  "token1_decimals": 18,
  "token1": 0,
  "token1_liquidity": 274103.7284605108,
  "token1_price": 518.93997777,
  "token1_posVal": 159834.21640125668,
  "token1_posValUSD": 82944364.70615351,
  "token1_debtVal": 100667.84523320022,
  "token1_debtValUSD": 52240569.36747073,
  "liquidity": 284574014.90205747,
  "tvl": 0,
  "health": 132218320.51458979,
  "debt": 83362250.10985827,
  "leverage": 2.7062823395183453,
  "workerPositions": [
    {
      "name": "USDT-WBNB PancakeswapWorker",
      "address": "0x41867cc58aece8B570FF1A2a8aa6149014D2a94C",
      "vault": "ibWBNB",
      "borrowToken": "WBNB",
      "posVal": 159834.21640125668,
      "posValUSD": 82944364.70615351,
      "debtVal": 100667.84523320022,
      "debtValUSD": 52240569.36747073
    },
    {
      "name": "WBNB-USDT PancakeswapWorker",
      "address": "0x81b6534f4F7ba45Ecf98295Cef1450B4a4FC81Cd",
      "vault": "ibUSDT",
      "borrowToken": "USDT",
      "posVal": 49273584.28561077,
      "posValUSD": 49273955.80843628,
      "debtVal": 31121446.086684056,
      "debtValUSD": 31121680.742387548
    }
  ]
}