{
  "blockNo": 15477898,
  "lpName": "USDT-WBNB LP",
  "lpTokens": 0,
  "token0_symbol": "USDT",
  "token0_decimals": 18,
  "token0": 0,
  "token0_liquidity": 117050166.0446489,
  "token0_price": 1.00067095,
  "token0_posVal": 44155818.16798739,
  "token0_posValUSD": 44185444.5141872,
  "token0_debtVal": 27570734.430195473,
  "token0_debtValUSD": 27589233.014461413,
  "token1_symbol": "WBNB",
  "token1_decimals": 18,
  "token1": 0,
  "token1_liquidity": 320868.74200528837,
  "token1_price": 365.07905719,
  "token1_posVal": 204941.28315340224,
  "token1_posValUSD": 74819770.43295293,
  "token1_debtVal": 121626.51334504207,
  "token1_debtValUSD": 44403292.821314916,
  "liquidity": 234271158.6665886,
  "tvl": 0,
  "health": 119005214.94714013,
  "debt": 71992525.83577633,
  "leverage": 2.5313424353420886,
  "workerPositions": [
    {
      "name": "USDT-WBNB PancakeswapWorker",
      "address": "0x41867cc58aece8B570FF1A2a8aa6149014D2a94C",
      "vault": "ibWBNB",
      "borrowToken": "WBNB",
      "posVal": 204941.28315340224,
      "posValUSD": 74819770.43295293,
      "debtVal": 121626.51334504207,
      "debtValUSD": 44403292.821314916
    },
    {
      "name": "WBNB-USDT PancakeswapWorker",
      "address": "0x81b6534f4F7ba45Ecf98295Cef1450B4a4FC81Cd",
      "vault": "ibUSDT",
      "borrowToken": "USDT",
      "posVal": 44155818.16798739,
      "posValUSD": 44185444.5141872,
      "debtVal": 27570734.430195473,
      "debtValUSD": 27589233.014461413
    }
  ]
}