{
  "blockNo": 13775506,
  "lpName": "USDT-WBNB LP",
  "lpTokens": 0,
  "token0_symbol": "USDT",
  "token0_decimals": 18,
  "token0": 0,
  "token0_liquidity": 130644139.44666599,
  "token0_price": 1.00046124,
  "token0_posVal": 50004718.95725832,
  "token0_posValUSD": 50027783.13383016,
  "token0_debtVal": 30863442.582549702,
  "token0_debtValUSD": 30877678.036806475,
  "token1_symbol": "WBNB",
  "token1_decimals": 18,
  "token1": 0,
  "token1_liquidity": 239760.16262793928,
  "token1_price": 545.51104683,
  "token1_posVal": 148707.73589854018,
  "token1_posValUSD": 81121712.68173184,
  "token1_debtVal": 95675.53666399946,
  "token1_debtValUSD": 52192062.161600396,
  "liquidity": 261496215.05284256,
  "tvl": 0,
  "health": 131149495.815562,
  "debt": 83069740.19840688,
  "leverage": 2.7277488026325813,
  "workerPositions": [
    {
      "name": "USDT-WBNB PancakeswapWorker",
      "address": "0x41867cc58aece8B570FF1A2a8aa6149014D2a94C",
      "vault": "ibWBNB",
      "borrowToken": "WBNB",
      "posVal": 148707.73589854018,
      "posValUSD": 81121712.68173184,
      "debtVal": 95675.53666399946,
      "debtValUSD": 52192062.161600396
    },
    {
      "name": "WBNB-USDT PancakeswapWorker",
      "address": "0x81b6534f4F7ba45Ecf98295Cef1450B4a4FC81Cd",
      "vault": "ibUSDT",
      "borrowToken": "USDT",
      "posVal": 50004718.95725832,
      "posValUSD": 50027783.13383016,
      "debtVal": 30863442.582549702,
      "debtValUSD": 30877678.036806475
    }
  ]
}