{
  "blockNo": 17295760,
  "lpName": "USDT-WBNB LP",
  "lpTokens": 0,
  "token0_symbol": "USDT",
  "token0_decimals": 18,
  "token0": 0,
  "token0_liquidity": 165273069.48701757,
  "token0_price": 1.00013314,
  "token0_posVal": 52552087.14149887,
  "token0_posValUSD": 52559083.92638089,
  "token0_debtVal": 27876137.19676225,
  "token0_debtValUSD": 27879848.625668626,
  "token1_symbol": "WBNB",
  "token1_decimals": 18,
  "token1": 0,
  "token1_liquidity": 429187.6017476089,
  "token1_price": 385.69255769,
  "token1_posVal": 182655.77707530535,
  "token1_posValUSD": 70448973.83702898,
  "token1_debtVal": 111844.76864846144,
  "token1_debtValUSD": 43137694.88427142,
  "liquidity": 330829537.79036146,
  "tvl": 0,
  "health": 123008057.76340987,
  "debt": 71017543.50994004,
  "leverage": 2.365971168581014,
  "workerPositions": [
    {
      "name": "USDT-WBNB PancakeswapWorker",
      "address": "0x41867cc58aece8B570FF1A2a8aa6149014D2a94C",
      "vault": "ibWBNB",
      "borrowToken": "WBNB",
      "posVal": 182655.77707530535,
      "posValUSD": 70448973.83702898,
      "debtVal": 111844.76864846144,
      "debtValUSD": 43137694.88427142
    },
    {
      "name": "WBNB-USDT PancakeswapWorker",
      "address": "0x81b6534f4F7ba45Ecf98295Cef1450B4a4FC81Cd",
      "vault": "ibUSDT",
      "borrowToken": "USDT",
      "posVal": 52552087.14149887,
      "posValUSD": 52559083.92638089,
      "debtVal": 27876137.19676225,
      "debtValUSD": 27879848.625668626
    }
  ]
}