{
  "blockNo": 8838699,
  "lpName": "USDT-WBNB LP",
  "lpTokens": 0,
  "token0_symbol": "USDT",
  "token0_decimals": 18,
  "token0": 0,
  "token0_liquidity": 80109375.42658705,
  "token0_price": 1.00025883,
  "token0_posVal": 29564577.16871239,
  "token0_posValUSD": 29572229.368220966,
  "token0_debtVal": 16539633.149005393,
  "token0_debtValUSD": 16543914.102253348,
  "token1_symbol": "WBNB",
  "token1_decimals": 18,
  "token1": 0,
  "token1_liquidity": 268629.16930295434,
  "token1_price": 298.36,
  "token1_posVal": 71132.6180808981,
  "token1_posValUSD": 21223127.93061676,
  "token1_debtVal": 42281.95061214607,
  "token1_debtValUSD": 12615242.784639902,
  "liquidity": 160278309.08945817,
  "tvl": 0,
  "health": 50795357.29883772,
  "debt": 29159156.88689325,
  "leverage": 2.3477022920713777,
  "workerPositions": [
    {
      "name": "USDT-WBNB PancakeswapWorker",
      "address": "0x41867cc58aece8B570FF1A2a8aa6149014D2a94C",
      "vault": "ibWBNB",
      "borrowToken": "WBNB",
      "posVal": 71132.6180808981,
      "posValUSD": 21223127.93061676,
      "debtVal": 42281.95061214607,
      "debtValUSD": 12615242.784639902
    },
    {
      "name": "WBNB-USDT PancakeswapWorker",
      "address": "0x81b6534f4F7ba45Ecf98295Cef1450B4a4FC81Cd",
      "vault": "ibUSDT",
      "borrowToken": "USDT",
      "posVal": 29564577.16871239,
      "posValUSD": 29572229.368220966,
      "debtVal": 16539633.149005393,
      "debtValUSD": 16543914.102253348
    }
  ]
}