{
  "blockNo": 11411668,
  "lpName": "USDT-WBNB LP",
  "lpTokens": 0,
  "token0_symbol": "USDT",
  "token0_decimals": 18,
  "token0": 0,
  "token0_liquidity": 91638294.8648291,
  "token0_price": 1.00045006,
  "token0_posVal": 37531918.916206114,
  "token0_posValUSD": 37548810.53163354,
  "token0_debtVal": 22517368.062626667,
  "token0_debtValUSD": 22527502.22929693,
  "token1_symbol": "WBNB",
  "token1_decimals": 18,
  "token1": 0,
  "token1_liquidity": 220466.84603328333,
  "token1_price": 415.62851798,
  "token1_posVal": 152728.86275729505,
  "token1_posValUSD": 63478470.880585365,
  "token1_debtVal": 95838.6298919538,
  "token1_debtValUSD": 39833267.707226485,
  "liquidity": 183311846.07635435,
  "tvl": 0,
  "health": 101027281.4122189,
  "debt": 62360769.936523415,
  "leverage": 2.612785005849865,
  "workerPositions": [
    {
      "name": "USDT-WBNB PancakeswapWorker",
      "address": "0x41867cc58aece8B570FF1A2a8aa6149014D2a94C",
      "vault": "ibWBNB",
      "borrowToken": "WBNB",
      "posVal": 152728.86275729505,
      "posValUSD": 63478470.880585365,
      "debtVal": 95838.6298919538,
      "debtValUSD": 39833267.707226485
    },
    {
      "name": "WBNB-USDT PancakeswapWorker",
      "address": "0x81b6534f4F7ba45Ecf98295Cef1450B4a4FC81Cd",
      "vault": "ibUSDT",
      "borrowToken": "USDT",
      "posVal": 37531918.916206114,
      "posValUSD": 37548810.53163354,
      "debtVal": 22517368.062626667,
      "debtValUSD": 22527502.22929693
    }
  ]
}