{
  "blockNo": 9310613,
  "lpName": "USDT-WBNB LP",
  "lpTokens": 0,
  "token0_symbol": "USDT",
  "token0_decimals": 18,
  "token0": 0,
  "token0_liquidity": 65766675.28694919,
  "token0_price": 1,
  "token0_posVal": 23165075.77164757,
  "token0_posValUSD": 23165075.77164757,
  "token0_debtVal": 14218259.755116496,
  "token0_debtValUSD": 14218259.755116496,
  "token1_symbol": "WBNB",
  "token1_decimals": 18,
  "token1": 0,
  "token1_liquidity": 247128.74851963806,
  "token1_price": 267.15503771,
  "token1_posVal": 80167.80848927937,
  "token1_posValUSD": 21417233.900081486,
  "token1_debtVal": 46589.63474814147,
  "token1_debtValUSD": 12446655.62803486,
  "liquidity": 131788365.41693819,
  "tvl": 0,
  "health": 44582309.67172906,
  "debt": 26664915.383151356,
  "leverage": 2.488213908433671,
  "workerPositions": [
    {
      "name": "USDT-WBNB PancakeswapWorker",
      "address": "0x41867cc58aece8B570FF1A2a8aa6149014D2a94C",
      "vault": "ibWBNB",
      "borrowToken": "WBNB",
      "posVal": 80167.80848927937,
      "posValUSD": 21417233.900081486,
      "debtVal": 46589.63474814147,
      "debtValUSD": 12446655.62803486
    },
    {
      "name": "WBNB-USDT PancakeswapWorker",
      "address": "0x81b6534f4F7ba45Ecf98295Cef1450B4a4FC81Cd",
      "vault": "ibUSDT",
      "borrowToken": "USDT",
      "posVal": 23165075.77164757,
      "posValUSD": 23165075.77164757,
      "debtVal": 14218259.755116496,
      "debtValUSD": 14218259.755116496
    }
  ]
}