{
  "blockNo": 12226348,
  "lpName": "USDT-WBNB LP",
  "lpTokens": 0,
  "token0_symbol": "USDT",
  "token0_decimals": 18,
  "token0": 0,
  "token0_liquidity": 120654783.12787902,
  "token0_price": 1.00034515,
  "token0_posVal": 47477290.64004515,
  "token0_posValUSD": 47493677.426909566,
  "token0_debtVal": 27625480.324803222,
  "token0_debtValUSD": 27635015.25933733,
  "token1_symbol": "WBNB",
  "token1_decimals": 18,
  "token1": 0,
  "token1_liquidity": 231017.6888471133,
  "token1_price": 521.89039355,
  "token1_posVal": 135673.79585272286,
  "token1_posValUSD": 70806850.7119999,
  "token1_debtVal": 91444.49223733573,
  "token1_debtValUSD": 47724002.041723065,
  "liquidity": 241262339.67570704,
  "tvl": 0,
  "health": 118300528.13890946,
  "debt": 75359017.3010604,
  "leverage": 2.754922354400214,
  "workerPositions": [
    {
      "name": "USDT-WBNB PancakeswapWorker",
      "address": "0x41867cc58aece8B570FF1A2a8aa6149014D2a94C",
      "vault": "ibWBNB",
      "borrowToken": "WBNB",
      "posVal": 135673.79585272286,
      "posValUSD": 70806850.7119999,
      "debtVal": 91444.49223733573,
      "debtValUSD": 47724002.041723065
    },
    {
      "name": "WBNB-USDT PancakeswapWorker",
      "address": "0x81b6534f4F7ba45Ecf98295Cef1450B4a4FC81Cd",
      "vault": "ibUSDT",
      "borrowToken": "USDT",
      "posVal": 47477290.64004515,
      "posValUSD": 47493677.426909566,
      "debtVal": 27625480.324803222,
      "debtValUSD": 27635015.25933733
    }
  ]
}