{
  "blockNo": 9543946,
  "lpName": "USDT-WBNB LP",
  "lpTokens": 0,
  "token0_symbol": "USDT",
  "token0_decimals": 18,
  "token0": 0,
  "token0_liquidity": 117242089.6444636,
  "token0_price": 1.00026361,
  "token0_posVal": 30298223.62103123,
  "token0_posValUSD": 30306210.535759967,
  "token0_debtVal": 17363930.011977628,
  "token0_debtValUSD": 17368507.317568086,
  "token1_symbol": "WBNB",
  "token1_decimals": 18,
  "token1": 0,
  "token1_liquidity": 374853.6819966178,
  "token1_price": 312.45050863,
  "token1_posVal": 124523.54339728458,
  "token1_posValUSD": 38907444.470891446,
  "token1_debtVal": 73865.16476669662,
  "token1_debtValUSD": 23079208.301393114,
  "liquidity": 234396219.4333863,
  "tvl": 0,
  "health": 69213655.00665142,
  "debt": 40447715.6189612,
  "leverage": 2.4060975055891953,
  "workerPositions": [
    {
      "name": "USDT-WBNB PancakeswapWorker",
      "address": "0x41867cc58aece8B570FF1A2a8aa6149014D2a94C",
      "vault": "ibWBNB",
      "borrowToken": "WBNB",
      "posVal": 124523.54339728458,
      "posValUSD": 38907444.470891446,
      "debtVal": 73865.16476669662,
      "debtValUSD": 23079208.301393114
    },
    {
      "name": "WBNB-USDT PancakeswapWorker",
      "address": "0x81b6534f4F7ba45Ecf98295Cef1450B4a4FC81Cd",
      "vault": "ibUSDT",
      "borrowToken": "USDT",
      "posVal": 30298223.62103123,
      "posValUSD": 30306210.535759967,
      "debtVal": 17363930.011977628,
      "debtValUSD": 17368507.317568086
    }
  ]
}