{
  "blockNo": 18208607,
  "lpName": "USDT-WBNB LP",
  "lpTokens": 0,
  "token0_symbol": "USDT",
  "token0_decimals": 18,
  "token0": 0,
  "token0_liquidity": 117452376.5167864,
  "token0_price": 0.99942263,
  "token0_posVal": 29156943.874969758,
  "token0_posValUSD": 29140109.530284666,
  "token0_debtVal": 17646516.927672256,
  "token0_debtValUSD": 17636328.358193725,
  "token1_symbol": "WBNB",
  "token1_decimals": 18,
  "token1": 0,
  "token1_liquidity": 380928.75902761705,
  "token1_price": 307.75009704,
  "token1_posVal": 177610.463617455,
  "token1_posValUSD": 54659637.41359117,
  "token1_debtVal": 91415.57847083129,
  "token1_debtValUSD": 28133153.145366065,
  "liquidity": 234615425.59423283,
  "tvl": 0,
  "health": 83799746.94387583,
  "debt": 45769481.50355979,
  "leverage": 2.2035015000194917,
  "workerPositions": [
    {
      "name": "USDT-WBNB PancakeswapWorker",
      "address": "0x41867cc58aece8B570FF1A2a8aa6149014D2a94C",
      "vault": "ibWBNB",
      "borrowToken": "WBNB",
      "posVal": 177610.463617455,
      "posValUSD": 54659637.41359117,
      "debtVal": 91415.57847083129,
      "debtValUSD": 28133153.145366065
    },
    {
      "name": "WBNB-USDT PancakeswapWorker",
      "address": "0x81b6534f4F7ba45Ecf98295Cef1450B4a4FC81Cd",
      "vault": "ibUSDT",
      "borrowToken": "USDT",
      "posVal": 29156943.874969758,
      "posValUSD": 29140109.530284666,
      "debtVal": 17646516.927672256,
      "debtValUSD": 17636328.358193725
    }
  ]
}