{
  "blockNo": 17845362,
  "lpName": "USDT-WBNB LP",
  "lpTokens": 0,
  "token0_symbol": "USDT",
  "token0_decimals": 18,
  "token0": 0,
  "token0_liquidity": 101316234.0053723,
  "token0_price": 0.99938424,
  "token0_posVal": 30223310.588161904,
  "token0_posValUSD": 30204700.28243414,
  "token0_debtVal": 18391943.62795947,
  "token0_debtValUSD": 18380618.60475112,
  "token1_symbol": "WBNB",
  "token1_decimals": 18,
  "token1": 0,
  "token1_liquidity": 345851.1820539371,
  "token1_price": 292.57946507,
  "token1_posVal": 102456.22707864082,
  "token1_posValUSD": 29976588.111759182,
  "token1_debtVal": 51469.082087801384,
  "token1_debtValUSD": 15058796.504892848,
  "liquidity": 202442801.36028928,
  "tvl": 0,
  "health": 60181288.39419332,
  "debt": 33439415.10964397,
  "leverage": 2.250451483104,
  "workerPositions": [
    {
      "name": "USDT-WBNB PancakeswapWorker",
      "address": "0x41867cc58aece8B570FF1A2a8aa6149014D2a94C",
      "vault": "ibWBNB",
      "borrowToken": "WBNB",
      "posVal": 102456.22707864082,
      "posValUSD": 29976588.111759182,
      "debtVal": 51469.082087801384,
      "debtValUSD": 15058796.504892848
    },
    {
      "name": "WBNB-USDT PancakeswapWorker",
      "address": "0x81b6534f4F7ba45Ecf98295Cef1450B4a4FC81Cd",
      "vault": "ibUSDT",
      "borrowToken": "USDT",
      "posVal": 30223310.588161904,
      "posValUSD": 30204700.28243414,
      "debtVal": 18391943.62795947,
      "debtValUSD": 18380618.60475112
    }
  ]
}