{
  "blockNo": 16783646,
  "lpName": "USDT-WBNB LP",
  "lpTokens": 0,
  "token0_symbol": "USDT",
  "token0_decimals": 18,
  "token0": 0,
  "token0_liquidity": 152818787.5873759,
  "token0_price": 1.00024835,
  "token0_posVal": 48041610.64242844,
  "token0_posValUSD": 48053541.776431486,
  "token0_debtVal": 24115074.944455903,
  "token0_debtValUSD": 24121063.923318356,
  "token1_symbol": "WBNB",
  "token1_decimals": 18,
  "token1": 0,
  "token1_liquidity": 363417.1945658327,
  "token1_price": 420.23469213,
  "token1_posVal": 159052.68337779414,
  "token1_posValUSD": 66839455.43171769,
  "token1_debtVal": 102544.82119945042,
  "token1_debtValUSD": 43092891.36627694,
  "liquidity": 305577253.0063942,
  "tvl": 0,
  "health": 114892997.20814916,
  "debt": 67213955.2895953,
  "leverage": 2.409716986436332,
  "workerPositions": [
    {
      "name": "USDT-WBNB PancakeswapWorker",
      "address": "0x41867cc58aece8B570FF1A2a8aa6149014D2a94C",
      "vault": "ibWBNB",
      "borrowToken": "WBNB",
      "posVal": 159052.68337779414,
      "posValUSD": 66839455.43171769,
      "debtVal": 102544.82119945042,
      "debtValUSD": 43092891.36627694
    },
    {
      "name": "WBNB-USDT PancakeswapWorker",
      "address": "0x81b6534f4F7ba45Ecf98295Cef1450B4a4FC81Cd",
      "vault": "ibUSDT",
      "borrowToken": "USDT",
      "posVal": 48041610.64242844,
      "posValUSD": 48053541.776431486,
      "debtVal": 24115074.944455903,
      "debtValUSD": 24121063.923318356
    }
  ]
}