{
  "blockNo": 17439710,
  "lpName": "USDT-WBNB LP",
  "lpTokens": 0,
  "token0_symbol": "USDT",
  "token0_decimals": 18,
  "token0": 0,
  "token0_liquidity": 136105408.90901247,
  "token0_price": 1.00012834,
  "token0_posVal": 17353029.641157527,
  "token0_posValUSD": 17355256.728981674,
  "token0_debtVal": 9839338.43042865,
  "token0_debtValUSD": 9840601.211122813,
  "token1_symbol": "WBNB",
  "token1_decimals": 18,
  "token1": 0,
  "token1_liquidity": 349049.9670425885,
  "token1_price": 390.90712689,
  "token1_posVal": 172081.82429077395,
  "token1_posValUSD": 67268011.52349626,
  "token1_debtVal": 107187.84116160993,
  "token1_debtValUSD": 41900491.026026614,
  "liquidity": 272568996.4348593,
  "tvl": 0,
  "health": 84623268.25247793,
  "debt": 51741092.237149425,
  "leverage": 2.573530055098226,
  "workerPositions": [
    {
      "name": "USDT-WBNB PancakeswapWorker",
      "address": "0x41867cc58aece8B570FF1A2a8aa6149014D2a94C",
      "vault": "ibWBNB",
      "borrowToken": "WBNB",
      "posVal": 172081.82429077395,
      "posValUSD": 67268011.52349626,
      "debtVal": 107187.84116160993,
      "debtValUSD": 41900491.026026614
    },
    {
      "name": "WBNB-USDT PancakeswapWorker",
      "address": "0x81b6534f4F7ba45Ecf98295Cef1450B4a4FC81Cd",
      "vault": "ibUSDT",
      "borrowToken": "USDT",
      "posVal": 17353029.641157527,
      "posValUSD": 17355256.728981674,
      "debtVal": 9839338.43042865,
      "debtValUSD": 9840601.211122813
    }
  ]
}