{
  "blockNo": 17916367,
  "lpName": "USDT-WBNB LP",
  "lpTokens": 0,
  "token0_symbol": "USDT",
  "token0_decimals": 18,
  "token0": 0,
  "token0_liquidity": 113754304.07629164,
  "token0_price": 0.99883655,
  "token0_posVal": 30392672.962192405,
  "token0_posValUSD": 30357312.606834542,
  "token0_debtVal": 18416083.429321367,
  "token0_debtValUSD": 18394657.237055525,
  "token1_symbol": "WBNB",
  "token1_decimals": 18,
  "token1": 0,
  "token1_liquidity": 385563.99258541263,
  "token1_price": 295.2077255,
  "token1_posVal": 149527.56364081195,
  "token1_posValUSD": 44141691.96196059,
  "token1_debtVal": 75101.1229356083,
  "token1_debtValUSD": 22170431.68431681,
  "liquidity": 227443425.9170526,
  "tvl": 0,
  "health": 74499004.56879513,
  "debt": 40565088.92137234,
  "leverage": 2.19541432656485,
  "workerPositions": [
    {
      "name": "USDT-WBNB PancakeswapWorker",
      "address": "0x41867cc58aece8B570FF1A2a8aa6149014D2a94C",
      "vault": "ibWBNB",
      "borrowToken": "WBNB",
      "posVal": 149527.56364081195,
      "posValUSD": 44141691.96196059,
      "debtVal": 75101.1229356083,
      "debtValUSD": 22170431.68431681
    },
    {
      "name": "WBNB-USDT PancakeswapWorker",
      "address": "0x81b6534f4F7ba45Ecf98295Cef1450B4a4FC81Cd",
      "vault": "ibUSDT",
      "borrowToken": "USDT",
      "posVal": 30392672.962192405,
      "posValUSD": 30357312.606834542,
      "debtVal": 18416083.429321367,
      "debtValUSD": 18394657.237055525
    }
  ]
}