{
  "blockNo": 13399241,
  "lpName": "USDT-WBNB LP",
  "lpTokens": 0,
  "token0_symbol": "USDT",
  "token0_decimals": 18,
  "token0": 0,
  "token0_liquidity": 127429172.79825841,
  "token0_price": 1.00050284,
  "token0_posVal": 46335667.830659956,
  "token0_posValUSD": 46358967.257871926,
  "token0_debtVal": 28706278.215637367,
  "token0_debtValUSD": 28720712.880575318,
  "token1_symbol": "WBNB",
  "token1_decimals": 18,
  "token1": 0,
  "token1_liquidity": 226608.57210619777,
  "token1_price": 561.91,
  "token1_posVal": 143959.1493710543,
  "token1_posValUSD": 80892085.62308912,
  "token1_debtVal": 93813.47781185915,
  "token1_debtValUSD": 52714731.31726177,
  "liquidity": 254826872.03570187,
  "tvl": 0,
  "health": 127251052.88096105,
  "debt": 81435444.19783708,
  "leverage": 2.7774607069191593,
  "workerPositions": [
    {
      "name": "USDT-WBNB PancakeswapWorker",
      "address": "0x41867cc58aece8B570FF1A2a8aa6149014D2a94C",
      "vault": "ibWBNB",
      "borrowToken": "WBNB",
      "posVal": 143959.1493710543,
      "posValUSD": 80892085.62308912,
      "debtVal": 93813.47781185915,
      "debtValUSD": 52714731.31726177
    },
    {
      "name": "WBNB-USDT PancakeswapWorker",
      "address": "0x81b6534f4F7ba45Ecf98295Cef1450B4a4FC81Cd",
      "vault": "ibUSDT",
      "borrowToken": "USDT",
      "posVal": 46335667.830659956,
      "posValUSD": 46358967.257871926,
      "debtVal": 28706278.215637367,
      "debtValUSD": 28720712.880575318
    }
  ]
}