{
  "blockNo": 15953123,
  "lpName": "USDT-WBNB LP",
  "lpTokens": 0,
  "token0_symbol": "USDT",
  "token0_decimals": 18,
  "token0": 0,
  "token0_liquidity": 118628442.78627484,
  "token0_price": 1.0004805,
  "token0_posVal": 47820942.559883095,
  "token0_posValUSD": 47843920.52278312,
  "token0_debtVal": 26128513.23612951,
  "token0_debtValUSD": 26141067.986739475,
  "token1_symbol": "WBNB",
  "token1_decimals": 18,
  "token1": 0,
  "token1_liquidity": 322492.858986916,
  "token1_price": 367.84582582,
  "token1_posVal": 188769.24937577292,
  "token1_posValUSD": 69437980.42605272,
  "token1_debtVal": 113073.72872216966,
  "token1_debtValUSD": 41593699.120353155,
  "liquidity": 237313095.78812858,
  "tvl": 0,
  "health": 117281900.94883585,
  "debt": 67734767.10709263,
  "leverage": 2.3670774039814675,
  "workerPositions": [
    {
      "name": "USDT-WBNB PancakeswapWorker",
      "address": "0x41867cc58aece8B570FF1A2a8aa6149014D2a94C",
      "vault": "ibWBNB",
      "borrowToken": "WBNB",
      "posVal": 188769.24937577292,
      "posValUSD": 69437980.42605272,
      "debtVal": 113073.72872216966,
      "debtValUSD": 41593699.120353155
    },
    {
      "name": "WBNB-USDT PancakeswapWorker",
      "address": "0x81b6534f4F7ba45Ecf98295Cef1450B4a4FC81Cd",
      "vault": "ibUSDT",
      "borrowToken": "USDT",
      "posVal": 47820942.559883095,
      "posValUSD": 47843920.52278312,
      "debtVal": 26128513.23612951,
      "debtValUSD": 26141067.986739475
    }
  ]
}