{
  "blockNo": 15347487,
  "lpName": "USDT-WBNB LP",
  "lpTokens": 0,
  "token0_symbol": "USDT",
  "token0_decimals": 18,
  "token0": 0,
  "token0_liquidity": 98739917.51769198,
  "token0_price": 1.00060314,
  "token0_posVal": 28520203.04878531,
  "token0_posValUSD": 28537404.724052154,
  "token0_debtVal": 16288026.023098664,
  "token0_debtValUSD": 16297849.983114235,
  "token1_symbol": "WBNB",
  "token1_decimals": 18,
  "token1": 0,
  "token1_liquidity": 244517.4042196685,
  "token1_price": 405.03050116,
  "token1_posVal": 190085.5403853169,
  "token1_posValUSD": 76990441.68553433,
  "token1_debtVal": 118249.8764975509,
  "token1_debtValUSD": 47894806.73991114,
  "liquidity": 197836478.2849782,
  "tvl": 0,
  "health": 105527846.40958649,
  "debt": 64192656.723025374,
  "leverage": 2.5529783995135666,
  "workerPositions": [
    {
      "name": "USDT-WBNB PancakeswapWorker",
      "address": "0x41867cc58aece8B570FF1A2a8aa6149014D2a94C",
      "vault": "ibWBNB",
      "borrowToken": "WBNB",
      "posVal": 190085.5403853169,
      "posValUSD": 76990441.68553433,
      "debtVal": 118249.8764975509,
      "debtValUSD": 47894806.73991114
    },
    {
      "name": "WBNB-USDT PancakeswapWorker",
      "address": "0x81b6534f4F7ba45Ecf98295Cef1450B4a4FC81Cd",
      "vault": "ibUSDT",
      "borrowToken": "USDT",
      "posVal": 28520203.04878531,
      "posValUSD": 28537404.724052154,
      "debtVal": 16288026.023098664,
      "debtValUSD": 16297849.983114235
    }
  ]
}