{
  "blockNo": 17824078,
  "lpName": "USDT-WBNB LP",
  "lpTokens": 0,
  "token0_symbol": "USDT",
  "token0_decimals": 18,
  "token0": 0,
  "token0_liquidity": 103625694.54917237,
  "token0_price": 0.9988122,
  "token0_posVal": 30394683.514639214,
  "token0_posValUSD": 30358580.709560525,
  "token0_debtVal": 18188123.471932635,
  "token0_debtValUSD": 18166519.618872672,
  "token1_symbol": "WBNB",
  "token1_decimals": 18,
  "token1": 0,
  "token1_liquidity": 342790.99411573657,
  "token1_price": 301.87186155,
  "token1_posVal": 100771.28099145634,
  "token1_posValUSD": 30420014.183669057,
  "token1_debtVal": 51430.05146001888,
  "token1_debtValUSD": 15525285.373848196,
  "liquidity": 206981563.46547937,
  "tvl": 0,
  "health": 60778594.89322958,
  "debt": 33691804.99272087,
  "leverage": 2.2438463589252455,
  "workerPositions": [
    {
      "name": "USDT-WBNB PancakeswapWorker",
      "address": "0x41867cc58aece8B570FF1A2a8aa6149014D2a94C",
      "vault": "ibWBNB",
      "borrowToken": "WBNB",
      "posVal": 100771.28099145634,
      "posValUSD": 30420014.183669057,
      "debtVal": 51430.05146001888,
      "debtValUSD": 15525285.373848196
    },
    {
      "name": "WBNB-USDT PancakeswapWorker",
      "address": "0x81b6534f4F7ba45Ecf98295Cef1450B4a4FC81Cd",
      "vault": "ibUSDT",
      "borrowToken": "USDT",
      "posVal": 30394683.514639214,
      "posValUSD": 30358580.709560525,
      "debtVal": 18188123.471932635,
      "debtValUSD": 18166519.618872672
    }
  ]
}