{
  "blockNo": 15274539,
  "lpName": "USDT-WBNB LP",
  "lpTokens": 0,
  "token0_symbol": "USDT",
  "token0_decimals": 18,
  "token0": 0,
  "token0_liquidity": 122006891.24326651,
  "token0_price": 1.00051701,
  "token0_posVal": 43870379.89161493,
  "token0_posValUSD": 43893061.31672269,
  "token0_debtVal": 25492339.82091577,
  "token0_debtValUSD": 25505519.615526583,
  "token1_symbol": "WBNB",
  "token1_decimals": 18,
  "token1": 0,
  "token1_liquidity": 286021.83691810357,
  "token1_price": 426.17736337,
  "token1_posVal": 167484.7558845334,
  "token1_posValUSD": 71378211.66753854,
  "token1_debtVal": 101071.44138007158,
  "token1_debtValUSD": 43074360.39936443,
  "liquidity": 243966002.3501097,
  "tvl": 0,
  "health": 115271272.98426123,
  "debt": 68579880.01489101,
  "leverage": 2.4687906197161382,
  "workerPositions": [
    {
      "name": "USDT-WBNB PancakeswapWorker",
      "address": "0x41867cc58aece8B570FF1A2a8aa6149014D2a94C",
      "vault": "ibWBNB",
      "borrowToken": "WBNB",
      "posVal": 167484.7558845334,
      "posValUSD": 71378211.66753854,
      "debtVal": 101071.44138007158,
      "debtValUSD": 43074360.39936443
    },
    {
      "name": "WBNB-USDT PancakeswapWorker",
      "address": "0x81b6534f4F7ba45Ecf98295Cef1450B4a4FC81Cd",
      "vault": "ibUSDT",
      "borrowToken": "USDT",
      "posVal": 43870379.89161493,
      "posValUSD": 43893061.31672269,
      "debtVal": 25492339.82091577,
      "debtValUSD": 25505519.615526583
    }
  ]
}