{
  "blockNo": 13525808,
  "lpName": "USDT-WBNB LP",
  "lpTokens": 0,
  "token0_symbol": "USDT",
  "token0_decimals": 18,
  "token0": 0,
  "token0_liquidity": 133977585.90280278,
  "token0_price": 1.00056442,
  "token0_posVal": 50809959.42058288,
  "token0_posValUSD": 50838637.57787904,
  "token0_debtVal": 31569284.121123824,
  "token0_debtValUSD": 31587102.456467465,
  "token1_symbol": "WBNB",
  "token1_decimals": 18,
  "token1": 0,
  "token1_liquidity": 249696.59923970178,
  "token1_price": 537.63974633,
  "token1_posVal": 153683.54749720715,
  "token1_posValUSD": 82626383.49149296,
  "token1_debtVal": 98135.7970831533,
  "token1_debtValUSD": 52761705.04967889,
  "liquidity": 268300021.80653498,
  "tvl": 0,
  "health": 133465021.069372,
  "debt": 84348807.50614636,
  "leverage": 2.7173312311130617,
  "workerPositions": [
    {
      "name": "USDT-WBNB PancakeswapWorker",
      "address": "0x41867cc58aece8B570FF1A2a8aa6149014D2a94C",
      "vault": "ibWBNB",
      "borrowToken": "WBNB",
      "posVal": 153683.54749720715,
      "posValUSD": 82626383.49149296,
      "debtVal": 98135.7970831533,
      "debtValUSD": 52761705.04967889
    },
    {
      "name": "WBNB-USDT PancakeswapWorker",
      "address": "0x81b6534f4F7ba45Ecf98295Cef1450B4a4FC81Cd",
      "vault": "ibUSDT",
      "borrowToken": "USDT",
      "posVal": 50809959.42058288,
      "posValUSD": 50838637.57787904,
      "debtVal": 31569284.121123824,
      "debtValUSD": 31587102.456467465
    }
  ]
}