{
  "blockNo": 14293036,
  "lpName": "USDT-WBNB LP",
  "lpTokens": 0,
  "token0_symbol": "USDT",
  "token0_decimals": 18,
  "token0": 0,
  "token0_liquidity": 100887591.99958466,
  "token0_price": 1.00004646,
  "token0_posVal": 28205250.76815946,
  "token0_posValUSD": 28206561.18411015,
  "token0_debtVal": 17497089.947190188,
  "token0_debtValUSD": 17497902.861989137,
  "token1_symbol": "WBNB",
  "token1_decimals": 18,
  "token1": 0,
  "token1_liquidity": 219698.16631798865,
  "token1_price": 460.17724646,
  "token1_posVal": 108168.82103291003,
  "token1_posValUSD": 49776830.21574907,
  "token1_debtVal": 68183.49911399366,
  "token1_debtValUSD": 31376494.876285452,
  "liquidity": 201992376.4656321,
  "tvl": 0,
  "health": 77983391.39985922,
  "debt": 48874397.73827459,
  "leverage": 2.679013651467262,
  "workerPositions": [
    {
      "name": "USDT-WBNB PancakeswapWorker",
      "address": "0x41867cc58aece8B570FF1A2a8aa6149014D2a94C",
      "vault": "ibWBNB",
      "borrowToken": "WBNB",
      "posVal": 108168.82103291003,
      "posValUSD": 49776830.21574907,
      "debtVal": 68183.49911399366,
      "debtValUSD": 31376494.876285452
    },
    {
      "name": "WBNB-USDT PancakeswapWorker",
      "address": "0x81b6534f4F7ba45Ecf98295Cef1450B4a4FC81Cd",
      "vault": "ibUSDT",
      "borrowToken": "USDT",
      "posVal": 28205250.76815946,
      "posValUSD": 28206561.18411015,
      "debtVal": 17497089.947190188,
      "debtValUSD": 17497902.861989137
    }
  ]
}