{
  "blockNo": 10679222,
  "lpName": "USDT-WBNB LP",
  "lpTokens": 0,
  "token0_symbol": "USDT",
  "token0_decimals": 18,
  "token0": 0,
  "token0_liquidity": 134705034.7646787,
  "token0_price": 1.00043943,
  "token0_posVal": 62446613.031037085,
  "token0_posValUSD": 62474053.94620131,
  "token0_debtVal": 33543447.22509165,
  "token0_debtValUSD": 33558187.22210577,
  "token1_symbol": "WBNB",
  "token1_decimals": 18,
  "token1": 0,
  "token1_liquidity": 273299.91456748394,
  "token1_price": 493.13,
  "token1_posVal": 125361.27014294232,
  "token1_posValUSD": 61819403.14558914,
  "token1_debtVal": 81703.15899979367,
  "token1_debtValUSD": 40290278.797568254,
  "liquidity": 269536615.0687686,
  "tvl": 0,
  "health": 124293457.09179045,
  "debt": 73848466.01967403,
  "leverage": 2.4639405112412427,
  "workerPositions": [
    {
      "name": "USDT-WBNB PancakeswapWorker",
      "address": "0x41867cc58aece8B570FF1A2a8aa6149014D2a94C",
      "vault": "ibWBNB",
      "borrowToken": "WBNB",
      "posVal": 125361.27014294232,
      "posValUSD": 61819403.14558914,
      "debtVal": 81703.15899979367,
      "debtValUSD": 40290278.797568254
    },
    {
      "name": "WBNB-USDT PancakeswapWorker",
      "address": "0x81b6534f4F7ba45Ecf98295Cef1450B4a4FC81Cd",
      "vault": "ibUSDT",
      "borrowToken": "USDT",
      "posVal": 62446613.031037085,
      "posValUSD": 62474053.94620131,
      "debtVal": 33543447.22509165,
      "debtValUSD": 33558187.22210577
    }
  ]
}