{
  "blockNo": 16877147,
  "lpName": "USDT-WBNB LP",
  "lpTokens": 0,
  "token0_symbol": "USDT",
  "token0_decimals": 18,
  "token0": 0,
  "token0_liquidity": 163441365.42657268,
  "token0_price": 1.00026185,
  "token0_posVal": 51979702.18036863,
  "token0_posValUSD": 51993313.06538456,
  "token0_debtVal": 26423341.92341068,
  "token0_debtValUSD": 26430260.875493325,
  "token1_symbol": "WBNB",
  "token1_decimals": 18,
  "token1": 0,
  "token1_liquidity": 400639.33371438895,
  "token1_price": 408.32928682,
  "token1_posVal": 164373.268034605,
  "token1_posValUSD": 67118419.30884296,
  "token1_debtVal": 103187.72511455674,
  "token1_debtValUSD": 42134570.204605155,
  "liquidity": 327076935.95574605,
  "tvl": 0,
  "health": 119111732.37422752,
  "debt": 68564831.08009848,
  "leverage": 2.356459631048881,
  "workerPositions": [
    {
      "name": "USDT-WBNB PancakeswapWorker",
      "address": "0x41867cc58aece8B570FF1A2a8aa6149014D2a94C",
      "vault": "ibWBNB",
      "borrowToken": "WBNB",
      "posVal": 164373.268034605,
      "posValUSD": 67118419.30884296,
      "debtVal": 103187.72511455674,
      "debtValUSD": 42134570.204605155
    },
    {
      "name": "WBNB-USDT PancakeswapWorker",
      "address": "0x81b6534f4F7ba45Ecf98295Cef1450B4a4FC81Cd",
      "vault": "ibUSDT",
      "borrowToken": "USDT",
      "posVal": 51979702.18036863,
      "posValUSD": 51993313.06538456,
      "debtVal": 26423341.92341068,
      "debtValUSD": 26430260.875493325
    }
  ]
}