{
  "blockNo": 9099519,
  "lpName": "USDT-WBNB LP",
  "lpTokens": 0,
  "token0_symbol": "USDT",
  "token0_decimals": 18,
  "token0": 0,
  "token0_liquidity": 115880056.65919143,
  "token0_price": 0.99999226,
  "token0_posVal": 26265407.04360738,
  "token0_posValUSD": 26265203.749356862,
  "token0_debtVal": 14834554.012786333,
  "token0_debtValUSD": 14834439.193338273,
  "token1_symbol": "WBNB",
  "token1_decimals": 18,
  "token1": 0,
  "token1_liquidity": 372011.4992979154,
  "token1_price": 311.94,
  "token1_posVal": 77436.00941342837,
  "token1_posValUSD": 24155388.776424848,
  "token1_debtVal": 47792.41726723531,
  "token1_debtValUSD": 14908366.642341383,
  "liquidity": 231924426.8385446,
  "tvl": 0,
  "health": 50420592.525781706,
  "debt": 29742805.835679658,
  "leverage": 2.4383940738646275,
  "workerPositions": [
    {
      "name": "USDT-WBNB PancakeswapWorker",
      "address": "0x41867cc58aece8B570FF1A2a8aa6149014D2a94C",
      "vault": "ibWBNB",
      "borrowToken": "WBNB",
      "posVal": 77436.00941342837,
      "posValUSD": 24155388.776424848,
      "debtVal": 47792.41726723531,
      "debtValUSD": 14908366.642341383
    },
    {
      "name": "WBNB-USDT PancakeswapWorker",
      "address": "0x81b6534f4F7ba45Ecf98295Cef1450B4a4FC81Cd",
      "vault": "ibUSDT",
      "borrowToken": "USDT",
      "posVal": 26265407.04360738,
      "posValUSD": 26265203.749356862,
      "debtVal": 14834554.012786333,
      "debtValUSD": 14834439.193338273
    }
  ]
}