{
  "blockNo": 11768013,
  "lpName": "USDT-WBNB LP",
  "lpTokens": 0,
  "token0_symbol": "USDT",
  "token0_decimals": 18,
  "token0": 0,
  "token0_liquidity": 110825299.14274095,
  "token0_price": 1.00004706,
  "token0_posVal": 43081051.956169516,
  "token0_posValUSD": 43083079.35047457,
  "token0_debtVal": 25115189.928392664,
  "token0_debtValUSD": 25116371.84923069,
  "token1_symbol": "WBNB",
  "token1_decimals": 18,
  "token1": 0,
  "token1_liquidity": 234515.87204466204,
  "token1_price": 472.91550854,
  "token1_posVal": 119254.50288766692,
  "token1_posValUSD": 56397303.878805906,
  "token1_debtVal": 79073.5065818054,
  "token1_debtValUSD": 37395087.577175535,
  "liquidity": 221736707.47002155,
  "tvl": 0,
  "health": 99480383.22928047,
  "debt": 62511459.42640623,
  "leverage": 2.6909191016684697,
  "workerPositions": [
    {
      "name": "USDT-WBNB PancakeswapWorker",
      "address": "0x41867cc58aece8B570FF1A2a8aa6149014D2a94C",
      "vault": "ibWBNB",
      "borrowToken": "WBNB",
      "posVal": 119254.50288766692,
      "posValUSD": 56397303.878805906,
      "debtVal": 79073.5065818054,
      "debtValUSD": 37395087.577175535
    },
    {
      "name": "WBNB-USDT PancakeswapWorker",
      "address": "0x81b6534f4F7ba45Ecf98295Cef1450B4a4FC81Cd",
      "vault": "ibUSDT",
      "borrowToken": "USDT",
      "posVal": 43081051.956169516,
      "posValUSD": 43083079.35047457,
      "debtVal": 25115189.928392664,
      "debtValUSD": 25116371.84923069
    }
  ]
}