{
  "blockNo": 12973888,
  "lpName": "USDT-WBNB LP",
  "lpTokens": 0,
  "token0_symbol": "USDT",
  "token0_decimals": 18,
  "token0": 0,
  "token0_liquidity": 144605715.3342833,
  "token0_price": 1.00079617,
  "token0_posVal": 57647329.592091024,
  "token0_posValUSD": 57693226.666492365,
  "token0_debtVal": 33176047.78121308,
  "token0_debtValUSD": 33202461.55517505,
  "token1_symbol": "WBNB",
  "token1_decimals": 18,
  "token1": 0,
  "token1_liquidity": 246542.32735225203,
  "token1_price": 588.05156797,
  "token1_posVal": 136884.72114873416,
  "token1_posValUSD": 80495274.90264933,
  "token1_debtVal": 91508.42915881179,
  "token1_debtValUSD": 53811675.24931094,
  "liquidity": 289700448.2371258,
  "tvl": 0,
  "health": 138188501.5691417,
  "debt": 87014136.80448599,
  "leverage": 2.7003462027257745,
  "workerPositions": [
    {
      "name": "USDT-WBNB PancakeswapWorker",
      "address": "0x41867cc58aece8B570FF1A2a8aa6149014D2a94C",
      "vault": "ibWBNB",
      "borrowToken": "WBNB",
      "posVal": 136884.72114873416,
      "posValUSD": 80495274.90264933,
      "debtVal": 91508.42915881179,
      "debtValUSD": 53811675.24931094
    },
    {
      "name": "WBNB-USDT PancakeswapWorker",
      "address": "0x81b6534f4F7ba45Ecf98295Cef1450B4a4FC81Cd",
      "vault": "ibUSDT",
      "borrowToken": "USDT",
      "posVal": 57647329.592091024,
      "posValUSD": 57693226.666492365,
      "debtVal": 33176047.78121308,
      "debtValUSD": 33202461.55517505
    }
  ]
}