{
  "blockNo": 10974444,
  "lpName": "USDT-WBNB LP",
  "lpTokens": 0,
  "token0_symbol": "USDT",
  "token0_decimals": 18,
  "token0": 0,
  "token0_liquidity": 134799745.6706945,
  "token0_price": 1.00033759,
  "token0_posVal": 49518866.369743735,
  "token0_posValUSD": 49535583.443841495,
  "token0_debtVal": 29343125.067128714,
  "token0_debtValUSD": 29353031.012720127,
  "token1_symbol": "WBNB",
  "token1_decimals": 18,
  "token1": 0,
  "token1_liquidity": 323450.5743388468,
  "token1_price": 416.86,
  "token1_posVal": 165362.97595302007,
  "token1_posValUSD": 68933210.15577595,
  "token1_debtVal": 101723.42614244508,
  "token1_debtValUSD": 42404427.42173966,
  "liquidity": 269678859.13572717,
  "tvl": 0,
  "health": 118468793.59961745,
  "debt": 71757458.43445979,
  "leverage": 2.5361894105733938,
  "workerPositions": [
    {
      "name": "USDT-WBNB PancakeswapWorker",
      "address": "0x41867cc58aece8B570FF1A2a8aa6149014D2a94C",
      "vault": "ibWBNB",
      "borrowToken": "WBNB",
      "posVal": 165362.97595302007,
      "posValUSD": 68933210.15577595,
      "debtVal": 101723.42614244508,
      "debtValUSD": 42404427.42173966
    },
    {
      "name": "WBNB-USDT PancakeswapWorker",
      "address": "0x81b6534f4F7ba45Ecf98295Cef1450B4a4FC81Cd",
      "vault": "ibUSDT",
      "borrowToken": "USDT",
      "posVal": 49518866.369743735,
      "posValUSD": 49535583.443841495,
      "debtVal": 29343125.067128714,
      "debtValUSD": 29353031.012720127
    }
  ]
}