{
  "blockNo": 10824910,
  "lpName": "USDT-WBNB LP",
  "lpTokens": 0,
  "token0_symbol": "USDT",
  "token0_decimals": 18,
  "token0": 0,
  "token0_liquidity": 120045574.5192716,
  "token0_price": 1.00001353,
  "token0_posVal": 46295511.73423465,
  "token0_posValUSD": 46296138.112508416,
  "token0_debtVal": 27714469.81410055,
  "token0_debtValUSD": 27714844.79087713,
  "token1_symbol": "WBNB",
  "token1_decimals": 18,
  "token1": 0,
  "token1_liquidity": 291881.37172030157,
  "token1_price": 411.0326912,
  "token1_posVal": 137499.40567913806,
  "token1_posValUSD": 56516750.754696675,
  "token1_debtVal": 82292.24049502549,
  "token1_debtValUSD": 33824801.07554794,
  "liquidity": 240019984.46523798,
  "tvl": 0,
  "health": 102812888.86720508,
  "debt": 61539645.86642507,
  "leverage": 2.491030057058081,
  "workerPositions": [
    {
      "name": "USDT-WBNB PancakeswapWorker",
      "address": "0x41867cc58aece8B570FF1A2a8aa6149014D2a94C",
      "vault": "ibWBNB",
      "borrowToken": "WBNB",
      "posVal": 137499.40567913806,
      "posValUSD": 56516750.754696675,
      "debtVal": 82292.24049502549,
      "debtValUSD": 33824801.07554794
    },
    {
      "name": "WBNB-USDT PancakeswapWorker",
      "address": "0x81b6534f4F7ba45Ecf98295Cef1450B4a4FC81Cd",
      "vault": "ibUSDT",
      "borrowToken": "USDT",
      "posVal": 46295511.73423465,
      "posValUSD": 46296138.112508416,
      "debtVal": 27714469.81410055,
      "debtValUSD": 27714844.79087713
    }
  ]
}