{
  "blockNo": 16990658,
  "lpName": "USDT-WBNB LP",
  "lpTokens": 0,
  "token0_symbol": "USDT",
  "token0_decimals": 18,
  "token0": 0,
  "token0_liquidity": 167484979.52102923,
  "token0_price": 1.00019307,
  "token0_posVal": 53157638.9225289,
  "token0_posValUSD": 53167902.06787567,
  "token0_debtVal": 26933766.895818323,
  "token0_debtValUSD": 26938966.998192895,
  "token1_symbol": "WBNB",
  "token1_decimals": 18,
  "token1": 0,
  "token1_liquidity": 403762.1060286338,
  "token1_price": 415.13,
  "token1_posVal": 174475.6400570919,
  "token1_posValUSD": 72430072.45690055,
  "token1_debtVal": 110010.97592165165,
  "token1_debtValUSD": 45668856.43435525,
  "liquidity": 335131078.9216921,
  "tvl": 0,
  "health": 125597974.52477622,
  "debt": 72607823.43254815,
  "leverage": 2.3702135573491008,
  "workerPositions": [
    {
      "name": "USDT-WBNB PancakeswapWorker",
      "address": "0x41867cc58aece8B570FF1A2a8aa6149014D2a94C",
      "vault": "ibWBNB",
      "borrowToken": "WBNB",
      "posVal": 174475.6400570919,
      "posValUSD": 72430072.45690055,
      "debtVal": 110010.97592165165,
      "debtValUSD": 45668856.43435525
    },
    {
      "name": "WBNB-USDT PancakeswapWorker",
      "address": "0x81b6534f4F7ba45Ecf98295Cef1450B4a4FC81Cd",
      "vault": "ibUSDT",
      "borrowToken": "USDT",
      "posVal": 53157638.9225289,
      "posValUSD": 53167902.06787567,
      "debtVal": 26933766.895818323,
      "debtValUSD": 26938966.998192895
    }
  ]
}