{
  "blockNo": 14716155,
  "lpName": "USDT-WBNB LP",
  "lpTokens": 0,
  "token0_symbol": "USDT",
  "token0_decimals": 18,
  "token0": 0,
  "token0_liquidity": 92836195.33164015,
  "token0_price": 1.00059707,
  "token0_posVal": 36009133.35651262,
  "token0_posValUSD": 36030633.3297658,
  "token0_debtVal": 22379340.395684373,
  "token0_debtValUSD": 22392702.428454425,
  "token1_symbol": "WBNB",
  "token1_decimals": 18,
  "token1": 0,
  "token1_liquidity": 247364.7740995758,
  "token1_price": 375.64308774,
  "token1_posVal": 121218.23070187055,
  "token1_posValUSD": 45534790.47123032,
  "token1_debtVal": 72508.9508747067,
  "token1_debtValUSD": 27237486.1953628,
  "liquidity": 185812492.57965904,
  "tvl": 0,
  "health": 81565423.80099612,
  "debt": 49630188.62381722,
  "leverage": 2.5540887157544163,
  "workerPositions": [
    {
      "name": "USDT-WBNB PancakeswapWorker",
      "address": "0x41867cc58aece8B570FF1A2a8aa6149014D2a94C",
      "vault": "ibWBNB",
      "borrowToken": "WBNB",
      "posVal": 121218.23070187055,
      "posValUSD": 45534790.47123032,
      "debtVal": 72508.9508747067,
      "debtValUSD": 27237486.1953628
    },
    {
      "name": "WBNB-USDT PancakeswapWorker",
      "address": "0x81b6534f4F7ba45Ecf98295Cef1450B4a4FC81Cd",
      "vault": "ibUSDT",
      "borrowToken": "USDT",
      "posVal": 36009133.35651262,
      "posValUSD": 36030633.3297658,
      "debtVal": 22379340.395684373,
      "debtValUSD": 22392702.428454425
    }
  ]
}