{
  "blockNo": 11881466,
  "lpName": "USDT-WBNB LP",
  "lpTokens": 0,
  "token0_symbol": "USDT",
  "token0_decimals": 18,
  "token0": 0,
  "token0_liquidity": 114350583.29438561,
  "token0_price": 1.0000181,
  "token0_posVal": 45874394.99744098,
  "token0_posValUSD": 45875225.32399043,
  "token0_debtVal": 26793882.467095993,
  "token0_debtValUSD": 26794367.436368644,
  "token1_symbol": "WBNB",
  "token1_decimals": 18,
  "token1": 0,
  "token1_liquidity": 240437.2102353065,
  "token1_price": 475.92560293,
  "token1_posVal": 116218.98308167764,
  "token1_posValUSD": 55311589.5950589,
  "token1_debtVal": 77460.17236477972,
  "token1_debtValUSD": 36865279.23576951,
  "liquidity": 228782877.28798866,
  "tvl": 0,
  "health": 101186814.91904932,
  "debt": 63659646.672138155,
  "leverage": 2.696361586711993,
  "workerPositions": [
    {
      "name": "USDT-WBNB PancakeswapWorker",
      "address": "0x41867cc58aece8B570FF1A2a8aa6149014D2a94C",
      "vault": "ibWBNB",
      "borrowToken": "WBNB",
      "posVal": 116218.98308167764,
      "posValUSD": 55311589.5950589,
      "debtVal": 77460.17236477972,
      "debtValUSD": 36865279.23576951
    },
    {
      "name": "WBNB-USDT PancakeswapWorker",
      "address": "0x81b6534f4F7ba45Ecf98295Cef1450B4a4FC81Cd",
      "vault": "ibUSDT",
      "borrowToken": "USDT",
      "posVal": 45874394.99744098,
      "posValUSD": 45875225.32399043,
      "debtVal": 26793882.467095993,
      "debtValUSD": 26794367.436368644
    }
  ]
}