{
  "blockNo": 13609576,
  "lpName": "USDT-WBNB LP",
  "lpTokens": 0,
  "token0_symbol": "USDT",
  "token0_decimals": 18,
  "token0": 0,
  "token0_liquidity": 146366032.97609076,
  "token0_price": 1.00036607,
  "token0_posVal": 50710360.190023676,
  "token0_posValUSD": 50728923.73157844,
  "token0_debtVal": 31552900.5163914,
  "token0_debtValUSD": 31564451.086683437,
  "token1_symbol": "WBNB",
  "token1_decimals": 18,
  "token1": 0,
  "token1_liquidity": 273117.10302744276,
  "token1_price": 535.89600956,
  "token1_posVal": 153913.61221255639,
  "token1_posValUSD": 82481690.60167426,
  "token1_debtVal": 98171.13686764869,
  "token1_debtValUSD": 52609520.50134154,
  "liquidity": 292781978.8447763,
  "tvl": 0,
  "health": 133210614.3332527,
  "debt": 84173971.58802497,
  "leverage": 2.7165524977995528,
  "workerPositions": [
    {
      "name": "USDT-WBNB PancakeswapWorker",
      "address": "0x41867cc58aece8B570FF1A2a8aa6149014D2a94C",
      "vault": "ibWBNB",
      "borrowToken": "WBNB",
      "posVal": 153913.61221255639,
      "posValUSD": 82481690.60167426,
      "debtVal": 98171.13686764869,
      "debtValUSD": 52609520.50134154
    },
    {
      "name": "WBNB-USDT PancakeswapWorker",
      "address": "0x81b6534f4F7ba45Ecf98295Cef1450B4a4FC81Cd",
      "vault": "ibUSDT",
      "borrowToken": "USDT",
      "posVal": 50710360.190023676,
      "posValUSD": 50728923.73157844,
      "debtVal": 31552900.5163914,
      "debtValUSD": 31564451.086683437
    }
  ]
}