{
  "blockNo": 12878875,
  "lpName": "USDT-WBNB LP",
  "lpTokens": 0,
  "token0_symbol": "USDT",
  "token0_decimals": 18,
  "token0": 0,
  "token0_liquidity": 152500855.03383476,
  "token0_price": 1.00075615,
  "token0_posVal": 65794003.73374929,
  "token0_posValUSD": 65843753.86967257,
  "token0_debtVal": 38134257.75443922,
  "token0_debtValUSD": 38163092.97344024,
  "token1_symbol": "WBNB",
  "token1_decimals": 18,
  "token1": 0,
  "token1_liquidity": 269834.03343378624,
  "token1_price": 565.44329658,
  "token1_posVal": 148805.36319898735,
  "token1_posValUSD": 84140995.11601964,
  "token1_debtVal": 97922.42446848226,
  "token1_debtValUSD": 55369578.50056467,
  "liquidity": 305192013.9496466,
  "tvl": 0,
  "health": 149984748.9856922,
  "debt": 93532671.47400491,
  "leverage": 2.656850829885593,
  "workerPositions": [
    {
      "name": "USDT-WBNB PancakeswapWorker",
      "address": "0x41867cc58aece8B570FF1A2a8aa6149014D2a94C",
      "vault": "ibWBNB",
      "borrowToken": "WBNB",
      "posVal": 148805.36319898735,
      "posValUSD": 84140995.11601964,
      "debtVal": 97922.42446848226,
      "debtValUSD": 55369578.50056467
    },
    {
      "name": "WBNB-USDT PancakeswapWorker",
      "address": "0x81b6534f4F7ba45Ecf98295Cef1450B4a4FC81Cd",
      "vault": "ibUSDT",
      "borrowToken": "USDT",
      "posVal": 65794003.73374929,
      "posValUSD": 65843753.86967257,
      "debtVal": 38134257.75443922,
      "debtValUSD": 38163092.97344024
    }
  ]
}