{
  "blockNo": 16411240,
  "lpName": "USDT-WBNB LP",
  "lpTokens": 0,
  "token0_symbol": "USDT",
  "token0_decimals": 18,
  "token0": 0,
  "token0_liquidity": 161403008.47780165,
  "token0_price": 1.00043241,
  "token0_posVal": 51816798.18569767,
  "token0_posValUSD": 51839204.28740114,
  "token0_debtVal": 26725960.111950323,
  "token0_debtValUSD": 26737516.68436233,
  "token1_symbol": "WBNB",
  "token1_decimals": 18,
  "token1": 0,
  "token1_liquidity": 387212.9619053159,
  "token1_price": 417.59015727,
  "token1_posVal": 175764.64758602483,
  "token1_posValUSD": 73397586.82795423,
  "token1_debtVal": 112881.47767808444,
  "token1_debtValUSD": 47138194.016461276,
  "liquidity": 323169122.41172093,
  "tvl": 0,
  "health": 125236791.11535537,
  "debt": 73875710.7008236,
  "leverage": 2.438359748365451,
  "workerPositions": [
    {
      "name": "USDT-WBNB PancakeswapWorker",
      "address": "0x41867cc58aece8B570FF1A2a8aa6149014D2a94C",
      "vault": "ibWBNB",
      "borrowToken": "WBNB",
      "posVal": 175764.64758602483,
      "posValUSD": 73397586.82795423,
      "debtVal": 112881.47767808444,
      "debtValUSD": 47138194.016461276
    },
    {
      "name": "WBNB-USDT PancakeswapWorker",
      "address": "0x81b6534f4F7ba45Ecf98295Cef1450B4a4FC81Cd",
      "vault": "ibUSDT",
      "borrowToken": "USDT",
      "posVal": 51816798.18569767,
      "posValUSD": 51839204.28740114,
      "debtVal": 26725960.111950323,
      "debtValUSD": 26737516.68436233
    }
  ]
}