{
  "blockNo": 17738086,
  "lpName": "USDT-WBNB LP",
  "lpTokens": 0,
  "token0_symbol": "USDT",
  "token0_decimals": 18,
  "token0": 0,
  "token0_liquidity": 85567833.4578704,
  "token0_price": 0.99131172,
  "token0_posVal": 28812916.52375396,
  "token0_posValUSD": 28562581.83737896,
  "token0_debtVal": 18210644.32638818,
  "token0_debtValUSD": 18052425.14950011,
  "token1_symbol": "WBNB",
  "token1_decimals": 18,
  "token1": 0,
  "token1_liquidity": 313970.29357838345,
  "token1_price": 270.90089101,
  "token1_posVal": 4501.526053287955,
  "token1_posValUSD": 1219467.4187404357,
  "token1_debtVal": 1742.9252032770107,
  "token1_debtValUSD": 472159.9905315276,
  "liquidity": 169879228.4428504,
  "tvl": 0,
  "health": 29782049.256119397,
  "debt": 18524585.140031636,
  "leverage": 2.6455380136241,
  "workerPositions": [
    {
      "name": "USDT-WBNB PancakeswapWorker",
      "address": "0x41867cc58aece8B570FF1A2a8aa6149014D2a94C",
      "vault": "ibWBNB",
      "borrowToken": "WBNB",
      "posVal": 4501.526053287955,
      "posValUSD": 1219467.4187404357,
      "debtVal": 1742.9252032770107,
      "debtValUSD": 472159.9905315276
    },
    {
      "name": "WBNB-USDT PancakeswapWorker",
      "address": "0x81b6534f4F7ba45Ecf98295Cef1450B4a4FC81Cd",
      "vault": "ibUSDT",
      "borrowToken": "USDT",
      "posVal": 28812916.52375396,
      "posValUSD": 28562581.83737896,
      "debtVal": 18210644.32638818,
      "debtValUSD": 18052425.14950011
    }
  ]
}