{
  "blockNo": 17089153,
  "lpName": "USDT-WBNB LP",
  "lpTokens": 0,
  "token0_symbol": "USDT",
  "token0_decimals": 18,
  "token0": 0,
  "token0_liquidity": 171368066.9054316,
  "token0_price": 1.00014569,
  "token0_posVal": 55602169.182329096,
  "token0_posValUSD": 55610269.86235727,
  "token0_debtVal": 28288861.972050805,
  "token0_debtValUSD": 28292983.376351517,
  "token1_symbol": "WBNB",
  "token1_decimals": 18,
  "token1": 0,
  "token1_liquidity": 408932.93023903755,
  "token1_price": 419.35615619,
  "token1_posVal": 181089.58725035985,
  "token1_posValUSD": 75941033.23534453,
  "token1_debtVal": 115057.35917268785,
  "token1_debtValUSD": 48250011.88403061,
  "liquidity": 342881575.2836553,
  "tvl": 0,
  "health": 131551303.0977018,
  "debt": 76542995.26038213,
  "leverage": 2.3914806375565787,
  "workerPositions": [
    {
      "name": "USDT-WBNB PancakeswapWorker",
      "address": "0x41867cc58aece8B570FF1A2a8aa6149014D2a94C",
      "vault": "ibWBNB",
      "borrowToken": "WBNB",
      "posVal": 181089.58725035985,
      "posValUSD": 75941033.23534453,
      "debtVal": 115057.35917268785,
      "debtValUSD": 48250011.88403061
    },
    {
      "name": "WBNB-USDT PancakeswapWorker",
      "address": "0x81b6534f4F7ba45Ecf98295Cef1450B4a4FC81Cd",
      "vault": "ibUSDT",
      "borrowToken": "USDT",
      "posVal": 55602169.182329096,
      "posValUSD": 55610269.86235727,
      "debtVal": 28288861.972050805,
      "debtValUSD": 28292983.376351517
    }
  ]
}