{
  "blockNo": 12915696,
  "lpName": "USDT-WBNB LP",
  "lpTokens": 0,
  "token0_symbol": "USDT",
  "token0_decimals": 18,
  "token0": 0,
  "token0_liquidity": 154731950.32074493,
  "token0_price": 1.00014654,
  "token0_posVal": 66157903.639131464,
  "token0_posValUSD": 66167598.418330744,
  "token0_debtVal": 37905705.10599397,
  "token0_debtValUSD": 37911259.808020204,
  "token1_symbol": "WBNB",
  "token1_decimals": 18,
  "token1": 0,
  "token1_liquidity": 262924.5252847326,
  "token1_price": 588.23,
  "token1_posVal": 145088.36730577983,
  "token1_posValUSD": 85345330.30027887,
  "token1_debtVal": 97317.83907362419,
  "token1_debtValUSD": 57245272.47827796,
  "liquidity": 309414718.2489832,
  "tvl": 0,
  "health": 151512928.71860963,
  "debt": 95156532.28629816,
  "leverage": 2.6884779423501417,
  "workerPositions": [
    {
      "name": "USDT-WBNB PancakeswapWorker",
      "address": "0x41867cc58aece8B570FF1A2a8aa6149014D2a94C",
      "vault": "ibWBNB",
      "borrowToken": "WBNB",
      "posVal": 145088.36730577983,
      "posValUSD": 85345330.30027887,
      "debtVal": 97317.83907362419,
      "debtValUSD": 57245272.47827796
    },
    {
      "name": "WBNB-USDT PancakeswapWorker",
      "address": "0x81b6534f4F7ba45Ecf98295Cef1450B4a4FC81Cd",
      "vault": "ibUSDT",
      "borrowToken": "USDT",
      "posVal": 66157903.639131464,
      "posValUSD": 66167598.418330744,
      "debtVal": 37905705.10599397,
      "debtValUSD": 37911259.808020204
    }
  ]
}