{
  "blockNo": 17853585,
  "lpName": "USDT-WBNB LP",
  "lpTokens": 0,
  "token0_symbol": "USDT",
  "token0_decimals": 18,
  "token0": 0,
  "token0_liquidity": 108740790.82314688,
  "token0_price": 0.99938424,
  "token0_posVal": 30385516.744768523,
  "token0_posValUSD": 30366806.558977764,
  "token0_debtVal": 18404380.035853036,
  "token0_debtValUSD": 18393047.354802158,
  "token1_symbol": "WBNB",
  "token1_decimals": 18,
  "token1": 0,
  "token1_liquidity": 368058.46572867985,
  "token1_price": 295.9443818,
  "token1_posVal": 149109.0460427988,
  "token1_posValUSD": 44127984.45192382,
  "token1_debtVal": 74962.24969990664,
  "token1_debtValUSD": 22184656.645776104,
  "liquidity": 217598667.70012027,
  "tvl": 0,
  "health": 74494791.01090159,
  "debt": 40577704.00057826,
  "leverage": 2.19637939390926,
  "workerPositions": [
    {
      "name": "USDT-WBNB PancakeswapWorker",
      "address": "0x41867cc58aece8B570FF1A2a8aa6149014D2a94C",
      "vault": "ibWBNB",
      "borrowToken": "WBNB",
      "posVal": 149109.0460427988,
      "posValUSD": 44127984.45192382,
      "debtVal": 74962.24969990664,
      "debtValUSD": 22184656.645776104
    },
    {
      "name": "WBNB-USDT PancakeswapWorker",
      "address": "0x81b6534f4F7ba45Ecf98295Cef1450B4a4FC81Cd",
      "vault": "ibUSDT",
      "borrowToken": "USDT",
      "posVal": 30385516.744768523,
      "posValUSD": 30366806.558977764,
      "debtVal": 18404380.035853036,
      "debtValUSD": 18393047.354802158
    }
  ]
}