{
  "blockNo": 11913667,
  "lpName": "USDT-WBNB LP",
  "lpTokens": 0,
  "token0_symbol": "USDT",
  "token0_decimals": 18,
  "token0": 0,
  "token0_liquidity": 108984596.85932082,
  "token0_price": 0.9999765,
  "token0_posVal": 47160150.492023595,
  "token0_posValUSD": 47159042.22848704,
  "token0_debtVal": 27971170.08549167,
  "token0_debtValUSD": 27970512.762994662,
  "token1_symbol": "WBNB",
  "token1_decimals": 18,
  "token1": 0,
  "token1_liquidity": 225672.00102097337,
  "token1_price": 484.04189572,
  "token1_posVal": 116756.21164138561,
  "token1_posValUSD": 56514898.019981824,
  "token1_debtVal": 77507.61147119435,
  "token1_debtValUSD": 37516931.18924613,
  "liquidity": 218216738.90641236,
  "tvl": 0,
  "health": 103673940.24846886,
  "debt": 65487443.952240795,
  "leverage": 2.714937223992174,
  "workerPositions": [
    {
      "name": "USDT-WBNB PancakeswapWorker",
      "address": "0x41867cc58aece8B570FF1A2a8aa6149014D2a94C",
      "vault": "ibWBNB",
      "borrowToken": "WBNB",
      "posVal": 116756.21164138561,
      "posValUSD": 56514898.019981824,
      "debtVal": 77507.61147119435,
      "debtValUSD": 37516931.18924613
    },
    {
      "name": "WBNB-USDT PancakeswapWorker",
      "address": "0x81b6534f4F7ba45Ecf98295Cef1450B4a4FC81Cd",
      "vault": "ibUSDT",
      "borrowToken": "USDT",
      "posVal": 47160150.492023595,
      "posValUSD": 47159042.22848704,
      "debtVal": 27971170.08549167,
      "debtValUSD": 27970512.762994662
    }
  ]
}