{
  "blockNo": 17051049,
  "lpName": "USDT-WBNB LP",
  "lpTokens": 0,
  "token0_symbol": "USDT",
  "token0_decimals": 18,
  "token0": 0,
  "token0_liquidity": 166006680.67556357,
  "token0_price": 1.00029464,
  "token0_posVal": 53502340.92220796,
  "token0_posValUSD": 53518104.85193727,
  "token0_debtVal": 27631548.927272838,
  "token0_debtValUSD": 27639690.286848765,
  "token1_symbol": "WBNB",
  "token1_decimals": 18,
  "token1": 0,
  "token1_liquidity": 412544.84896685684,
  "token1_price": 402.13582523,
  "token1_posVal": 177990.87151150414,
  "token1_posValUSD": 71576505.99868561,
  "token1_debtVal": 110503.24168288248,
  "token1_debtValUSD": 44437312.28473608,
  "liquidity": 331954656.1676305,
  "tvl": 0,
  "health": 125094610.85062289,
  "debt": 72077002.57158485,
  "leverage": 2.359491778509414,
  "workerPositions": [
    {
      "name": "USDT-WBNB PancakeswapWorker",
      "address": "0x41867cc58aece8B570FF1A2a8aa6149014D2a94C",
      "vault": "ibWBNB",
      "borrowToken": "WBNB",
      "posVal": 177990.87151150414,
      "posValUSD": 71576505.99868561,
      "debtVal": 110503.24168288248,
      "debtValUSD": 44437312.28473608
    },
    {
      "name": "WBNB-USDT PancakeswapWorker",
      "address": "0x81b6534f4F7ba45Ecf98295Cef1450B4a4FC81Cd",
      "vault": "ibUSDT",
      "borrowToken": "USDT",
      "posVal": 53502340.92220796,
      "posValUSD": 53518104.85193727,
      "debtVal": 27631548.927272838,
      "debtValUSD": 27639690.286848765
    }
  ]
}