{
  "blockNo": 14657508,
  "lpName": "USDT-WBNB LP",
  "lpTokens": 0,
  "token0_symbol": "USDT",
  "token0_decimals": 18,
  "token0": 0,
  "token0_liquidity": 87371886.11381938,
  "token0_price": 1.00064458,
  "token0_posVal": 35225411.925673105,
  "token0_posValUSD": 35248117.52169215,
  "token0_debtVal": 22142653.25114082,
  "token0_debtValUSD": 22156925.96257344,
  "token1_symbol": "WBNB",
  "token1_decimals": 18,
  "token1": 0,
  "token1_liquidity": 237098.91299079693,
  "token1_price": 368.34666698,
  "token1_posVal": 122510.75925512321,
  "token1_posValUSD": 45126429.84081382,
  "token1_debtVal": 72468.02501863253,
  "token1_debtValUSD": 26693355.478236545,
  "liquidity": 174762798.62891167,
  "tvl": 0,
  "health": 80374547.36250597,
  "debt": 48850281.44080998,
  "leverage": 2.54960884932739,
  "workerPositions": [
    {
      "name": "USDT-WBNB PancakeswapWorker",
      "address": "0x41867cc58aece8B570FF1A2a8aa6149014D2a94C",
      "vault": "ibWBNB",
      "borrowToken": "WBNB",
      "posVal": 122510.75925512321,
      "posValUSD": 45126429.84081382,
      "debtVal": 72468.02501863253,
      "debtValUSD": 26693355.478236545
    },
    {
      "name": "WBNB-USDT PancakeswapWorker",
      "address": "0x81b6534f4F7ba45Ecf98295Cef1450B4a4FC81Cd",
      "vault": "ibUSDT",
      "borrowToken": "USDT",
      "posVal": 35225411.925673105,
      "posValUSD": 35248117.52169215,
      "debtVal": 22142653.25114082,
      "debtValUSD": 22156925.96257344
    }
  ]
}