{
  "blockNo": 13872531,
  "lpName": "USDT-WBNB LP",
  "lpTokens": 0,
  "token0_symbol": "USDT",
  "token0_decimals": 18,
  "token0": 0,
  "token0_liquidity": 136387582.2246866,
  "token0_price": 1.00039438,
  "token0_posVal": 51843510.46219496,
  "token0_posValUSD": 51863956.50585103,
  "token0_debtVal": 31951868.584671002,
  "token0_debtValUSD": 31964469.76260342,
  "token1_symbol": "WBNB",
  "token1_decimals": 18,
  "token1": 0,
  "token1_liquidity": 248654.99743961016,
  "token1_price": 549.85064661,
  "token1_posVal": 157196.78245521898,
  "token1_posValUSD": 86434752.47801366,
  "token1_debtVal": 101625.20743056884,
  "token1_debtValUSD": 55878686.017573655,
  "liquidity": 273164481.88434196,
  "tvl": 0,
  "health": 138298708.9838647,
  "debt": 87843155.78017707,
  "leverage": 2.7410007462519888,
  "workerPositions": [
    {
      "name": "USDT-WBNB PancakeswapWorker",
      "address": "0x41867cc58aece8B570FF1A2a8aa6149014D2a94C",
      "vault": "ibWBNB",
      "borrowToken": "WBNB",
      "posVal": 157196.78245521898,
      "posValUSD": 86434752.47801366,
      "debtVal": 101625.20743056884,
      "debtValUSD": 55878686.017573655
    },
    {
      "name": "WBNB-USDT PancakeswapWorker",
      "address": "0x81b6534f4F7ba45Ecf98295Cef1450B4a4FC81Cd",
      "vault": "ibUSDT",
      "borrowToken": "USDT",
      "posVal": 51843510.46219496,
      "posValUSD": 51863956.50585103,
      "debtVal": 31951868.584671002,
      "debtValUSD": 31964469.76260342
    }
  ]
}