{
  "blockNo": 14411553,
  "lpName": "USDT-WBNB LP",
  "lpTokens": 0,
  "token0_symbol": "USDT",
  "token0_decimals": 18,
  "token0": 0,
  "token0_liquidity": 91269912.76935405,
  "token0_price": 1.0003904,
  "token0_posVal": 29459890.710927416,
  "token0_posValUSD": 29471391.85226096,
  "token0_debtVal": 17587631.553574786,
  "token0_debtValUSD": 17594497.7649333,
  "token1_symbol": "WBNB",
  "token1_decimals": 18,
  "token1": 0,
  "token1_liquidity": 184474.49170385746,
  "token1_price": 495.33,
  "token1_posVal": 97369.37241009978,
  "token1_posValUSD": 48229971.235894725,
  "token1_debtVal": 64824.19719147188,
  "token1_debtValUSD": 32109369.594851766,
  "liquidity": 182681294.5189709,
  "tvl": 0,
  "health": 77701363.08815569,
  "debt": 49703867.359785065,
  "leverage": 2.7752968994801486,
  "workerPositions": [
    {
      "name": "USDT-WBNB PancakeswapWorker",
      "address": "0x41867cc58aece8B570FF1A2a8aa6149014D2a94C",
      "vault": "ibWBNB",
      "borrowToken": "WBNB",
      "posVal": 97369.37241009978,
      "posValUSD": 48229971.235894725,
      "debtVal": 64824.19719147188,
      "debtValUSD": 32109369.594851766
    },
    {
      "name": "WBNB-USDT PancakeswapWorker",
      "address": "0x81b6534f4F7ba45Ecf98295Cef1450B4a4FC81Cd",
      "vault": "ibUSDT",
      "borrowToken": "USDT",
      "posVal": 29459890.710927416,
      "posValUSD": 29471391.85226096,
      "debtVal": 17587631.553574786,
      "debtValUSD": 17594497.7649333
    }
  ]
}