{
  "blockNo": 12019532,
  "lpName": "USDT-WBNB LP",
  "lpTokens": 0,
  "token0_symbol": "USDT",
  "token0_decimals": 18,
  "token0": 0,
  "token0_liquidity": 134084611.44213942,
  "token0_price": 0.99983912,
  "token0_posVal": 49068588.39992166,
  "token0_posValUSD": 49060694.24541988,
  "token0_debtVal": 29485513.716144357,
  "token0_debtValUSD": 29480770.0866977,
  "token1_symbol": "WBNB",
  "token1_decimals": 18,
  "token1": 0,
  "token1_liquidity": 281534.8936935559,
  "token1_price": 475.78791033,
  "token1_posVal": 132112.8324825776,
  "token1_posValUSD": 62857688.49466294,
  "token1_debtVal": 85860.36524392437,
  "token1_debtValUSD": 40851323.75957734,
  "liquidity": 268013938.66528624,
  "tvl": 0,
  "health": 111918382.74008283,
  "debt": 70332093.84627505,
  "leverage": 2.691232752840024,
  "workerPositions": [
    {
      "name": "USDT-WBNB PancakeswapWorker",
      "address": "0x41867cc58aece8B570FF1A2a8aa6149014D2a94C",
      "vault": "ibWBNB",
      "borrowToken": "WBNB",
      "posVal": 132112.8324825776,
      "posValUSD": 62857688.49466294,
      "debtVal": 85860.36524392437,
      "debtValUSD": 40851323.75957734
    },
    {
      "name": "WBNB-USDT PancakeswapWorker",
      "address": "0x81b6534f4F7ba45Ecf98295Cef1450B4a4FC81Cd",
      "vault": "ibUSDT",
      "borrowToken": "USDT",
      "posVal": 49068588.39992166,
      "posValUSD": 49060694.24541988,
      "debtVal": 29485513.716144357,
      "debtValUSD": 29480770.0866977
    }
  ]
}