{
  "blockNo": 12080071,
  "lpName": "USDT-WBNB LP",
  "lpTokens": 0,
  "token0_symbol": "USDT",
  "token0_decimals": 18,
  "token0": 0,
  "token0_liquidity": 142686661.51765913,
  "token0_price": 1.00015181,
  "token0_posVal": 49306546.892470874,
  "token0_posValUSD": 49314032.11935462,
  "token0_debtVal": 29409140.752219744,
  "token0_debtValUSD": 29413605.35387734,
  "token1_symbol": "WBNB",
  "token1_decimals": 18,
  "token1": 0,
  "token1_liquidity": 295162.9343001866,
  "token1_price": 484.4552549,
  "token1_posVal": 131145.10231731972,
  "token1_posValUSD": 63533933.9720237,
  "token1_debtVal": 85812.82691788746,
  "token1_debtValUSD": 41572474.93819475,
  "liquidity": 285701557.35317296,
  "tvl": 0,
  "health": 112847966.09137833,
  "debt": 70986080.29207209,
  "leverage": 2.695721034460624,
  "workerPositions": [
    {
      "name": "USDT-WBNB PancakeswapWorker",
      "address": "0x41867cc58aece8B570FF1A2a8aa6149014D2a94C",
      "vault": "ibWBNB",
      "borrowToken": "WBNB",
      "posVal": 131145.10231731972,
      "posValUSD": 63533933.9720237,
      "debtVal": 85812.82691788746,
      "debtValUSD": 41572474.93819475
    },
    {
      "name": "WBNB-USDT PancakeswapWorker",
      "address": "0x81b6534f4F7ba45Ecf98295Cef1450B4a4FC81Cd",
      "vault": "ibUSDT",
      "borrowToken": "USDT",
      "posVal": 49306546.892470874,
      "posValUSD": 49314032.11935462,
      "debtVal": 29409140.752219744,
      "debtValUSD": 29413605.35387734
    }
  ]
}