{
  "blockNo": 13521016,
  "lpName": "USDT-WBNB LP",
  "lpTokens": 0,
  "token0_symbol": "USDT",
  "token0_decimals": 18,
  "token0": 0,
  "token0_liquidity": 142363909.86036772,
  "token0_price": 1.00056442,
  "token0_posVal": 50697108.68946876,
  "token0_posValUSD": 50725723.15155526,
  "token0_debtVal": 31567222.268388353,
  "token0_debtValUSD": 31585039.439981073,
  "token1_symbol": "WBNB",
  "token1_decimals": 18,
  "token1": 0,
  "token1_liquidity": 266519.4324633519,
  "token1_price": 534.24938385,
  "token1_posVal": 151592.9691905548,
  "token1_posValUSD": 80988450.38604593,
  "token1_debtVal": 96584.72748386199,
  "token1_debtValUSD": 51600331.14757343,
  "liquidity": 284832105.47596854,
  "tvl": 0,
  "health": 131714173.5376012,
  "debt": 83185370.5875545,
  "leverage": 2.7141442922707504,
  "workerPositions": [
    {
      "name": "USDT-WBNB PancakeswapWorker",
      "address": "0x41867cc58aece8B570FF1A2a8aa6149014D2a94C",
      "vault": "ibWBNB",
      "borrowToken": "WBNB",
      "posVal": 151592.9691905548,
      "posValUSD": 80988450.38604593,
      "debtVal": 96584.72748386199,
      "debtValUSD": 51600331.14757343
    },
    {
      "name": "WBNB-USDT PancakeswapWorker",
      "address": "0x81b6534f4F7ba45Ecf98295Cef1450B4a4FC81Cd",
      "vault": "ibUSDT",
      "borrowToken": "USDT",
      "posVal": 50697108.68946876,
      "posValUSD": 50725723.15155526,
      "debtVal": 31567222.268388353,
      "debtValUSD": 31585039.439981073
    }
  ]
}