{
  "blockNo": 14304977,
  "lpName": "USDT-WBNB LP",
  "lpTokens": 0,
  "token0_symbol": "USDT",
  "token0_decimals": 18,
  "token0": 0,
  "token0_liquidity": 103211593.98339117,
  "token0_price": 1.00030253,
  "token0_posVal": 28935230.262361355,
  "token0_posValUSD": 28943984.037572626,
  "token0_debtVal": 17517107.678908672,
  "token0_debtValUSD": 17522407.12949477,
  "token1_symbol": "WBNB",
  "token1_decimals": 18,
  "token1": 0,
  "token1_liquidity": 214074.75206665226,
  "token1_price": 481.8704096,
  "token1_posVal": 106281.14170101317,
  "token1_posValUSD": 51213737.284222856,
  "token1_debtVal": 68556.6047358857,
  "token1_debtValUSD": 33035399.204866543,
  "liquidity": 206399107.0502951,
  "tvl": 0,
  "health": 80157721.32179548,
  "debt": 50557806.334361315,
  "leverage": 2.7080389033490215,
  "workerPositions": [
    {
      "name": "USDT-WBNB PancakeswapWorker",
      "address": "0x41867cc58aece8B570FF1A2a8aa6149014D2a94C",
      "vault": "ibWBNB",
      "borrowToken": "WBNB",
      "posVal": 106281.14170101317,
      "posValUSD": 51213737.284222856,
      "debtVal": 68556.6047358857,
      "debtValUSD": 33035399.204866543
    },
    {
      "name": "WBNB-USDT PancakeswapWorker",
      "address": "0x81b6534f4F7ba45Ecf98295Cef1450B4a4FC81Cd",
      "vault": "ibUSDT",
      "borrowToken": "USDT",
      "posVal": 28935230.262361355,
      "posValUSD": 28943984.037572626,
      "debtVal": 17517107.678908672,
      "debtValUSD": 17522407.12949477
    }
  ]
}