{
  "blockNo": 17335055,
  "lpName": "USDT-WBNB LP",
  "lpTokens": 0,
  "token0_symbol": "USDT",
  "token0_decimals": 18,
  "token0": 0,
  "token0_liquidity": 171821357.92205182,
  "token0_price": 1.00006795,
  "token0_posVal": 53918851.38162908,
  "token0_posValUSD": 53922515.16758046,
  "token0_debtVal": 27927028.0166675,
  "token0_debtValUSD": 27928925.658221234,
  "token1_symbol": "WBNB",
  "token1_decimals": 18,
  "token1": 0,
  "token1_liquidity": 425599.53210789873,
  "token1_price": 404.22654672,
  "token1_posVal": 178488.26608028545,
  "token1_posValUSD": 72149695.4276743,
  "token1_debtVal": 111893.07967039406,
  "token1_debtValUSD": 45230153.197029226,
  "liquidity": 343871662.3329463,
  "tvl": 0,
  "health": 126072210.59525475,
  "debt": 73159078.85525046,
  "leverage": 2.382626135506916,
  "workerPositions": [
    {
      "name": "USDT-WBNB PancakeswapWorker",
      "address": "0x41867cc58aece8B570FF1A2a8aa6149014D2a94C",
      "vault": "ibWBNB",
      "borrowToken": "WBNB",
      "posVal": 178488.26608028545,
      "posValUSD": 72149695.4276743,
      "debtVal": 111893.07967039406,
      "debtValUSD": 45230153.197029226
    },
    {
      "name": "WBNB-USDT PancakeswapWorker",
      "address": "0x81b6534f4F7ba45Ecf98295Cef1450B4a4FC81Cd",
      "vault": "ibUSDT",
      "borrowToken": "USDT",
      "posVal": 53918851.38162908,
      "posValUSD": 53922515.16758046,
      "debtVal": 27927028.0166675,
      "debtValUSD": 27928925.658221234
    }
  ]
}