{
  "blockNo": 13235087,
  "lpName": "USDT-WBNB LP",
  "lpTokens": 0,
  "token0_symbol": "USDT",
  "token0_decimals": 18,
  "token0": 0,
  "token0_liquidity": 141005614.83366382,
  "token0_price": 1.00127789,
  "token0_posVal": 51223830.510389365,
  "token0_posValUSD": 51289288.93116028,
  "token0_debtVal": 31485120.609652948,
  "token0_debtValUSD": 31525355.130428813,
  "token1_symbol": "WBNB",
  "token1_decimals": 18,
  "token1": 0,
  "token1_liquidity": 254397.8294914253,
  "token1_price": 555.56043156,
  "token1_posVal": 141176.67211621333,
  "token1_posValUSD": 78432172.88708809,
  "token1_debtVal": 91181.52608015788,
  "token1_debtValUSD": 50656847.97939191,
  "liquidity": 282519172.43898714,
  "tvl": 0,
  "health": 129721461.81824836,
  "debt": 82182203.10982072,
  "leverage": 2.7287228564893815,
  "workerPositions": [
    {
      "name": "USDT-WBNB PancakeswapWorker",
      "address": "0x41867cc58aece8B570FF1A2a8aa6149014D2a94C",
      "vault": "ibWBNB",
      "borrowToken": "WBNB",
      "posVal": 141176.67211621333,
      "posValUSD": 78432172.88708809,
      "debtVal": 91181.52608015788,
      "debtValUSD": 50656847.97939191
    },
    {
      "name": "WBNB-USDT PancakeswapWorker",
      "address": "0x81b6534f4F7ba45Ecf98295Cef1450B4a4FC81Cd",
      "vault": "ibUSDT",
      "borrowToken": "USDT",
      "posVal": 51223830.510389365,
      "posValUSD": 51289288.93116028,
      "debtVal": 31485120.609652948,
      "debtValUSD": 31525355.130428813
    }
  ]
}