{
  "blockNo": 15467103,
  "lpName": "USDT-WBNB LP",
  "lpTokens": 0,
  "token0_symbol": "USDT",
  "token0_decimals": 18,
  "token0": 0,
  "token0_liquidity": 115346580.3161616,
  "token0_price": 1.00067095,
  "token0_posVal": 43620171.52316142,
  "token0_posValUSD": 43649438.477244884,
  "token0_debtVal": 27554819.857179403,
  "token0_debtValUSD": 27573307.763562575,
  "token1_symbol": "WBNB",
  "token1_decimals": 18,
  "token1": 0,
  "token1_liquidity": 323532.5737907589,
  "token1_price": 357.00439681,
  "token1_posVal": 207326.240302945,
  "token1_posValUSD": 74016379.36223799,
  "token1_debtVal": 121648.10738847217,
  "token1_debtValUSD": 43428909.201299615,
  "liquidity": 230926523.45878142,
  "tvl": 0,
  "health": 117665817.83948287,
  "debt": 71002216.9648622,
  "leverage": 2.521576038583828,
  "workerPositions": [
    {
      "name": "USDT-WBNB PancakeswapWorker",
      "address": "0x41867cc58aece8B570FF1A2a8aa6149014D2a94C",
      "vault": "ibWBNB",
      "borrowToken": "WBNB",
      "posVal": 207326.240302945,
      "posValUSD": 74016379.36223799,
      "debtVal": 121648.10738847217,
      "debtValUSD": 43428909.201299615
    },
    {
      "name": "WBNB-USDT PancakeswapWorker",
      "address": "0x81b6534f4F7ba45Ecf98295Cef1450B4a4FC81Cd",
      "vault": "ibUSDT",
      "borrowToken": "USDT",
      "posVal": 43620171.52316142,
      "posValUSD": 43649438.477244884,
      "debtVal": 27554819.857179403,
      "debtValUSD": 27573307.763562575
    }
  ]
}