{
  "blockNo": 15002531,
  "lpName": "USDT-WBNB LP",
  "lpTokens": 0,
  "token0_symbol": "USDT",
  "token0_decimals": 18,
  "token0": 0,
  "token0_liquidity": 102298780.957672,
  "token0_price": 1.00066047,
  "token0_posVal": 40743158.82384154,
  "token0_posValUSD": 40770068.45794992,
  "token0_debtVal": 23812716.074463427,
  "token0_debtValUSD": 23828443.659049127,
  "token1_symbol": "WBNB",
  "token1_decimals": 18,
  "token1": 0,
  "token1_liquidity": 247302.5887384327,
  "token1_price": 413.95,
  "token1_posVal": 121105.03185544116,
  "token1_posValUSD": 50131427.93655987,
  "token1_debtVal": 76042.17087978258,
  "token1_debtValUSD": 31477656.635686,
  "liquidity": 204737252.84180534,
  "tvl": 0,
  "health": 90901496.39450979,
  "debt": 55306100.294735126,
  "leverage": 2.553743077888807,
  "workerPositions": [
    {
      "name": "USDT-WBNB PancakeswapWorker",
      "address": "0x41867cc58aece8B570FF1A2a8aa6149014D2a94C",
      "vault": "ibWBNB",
      "borrowToken": "WBNB",
      "posVal": 121105.03185544116,
      "posValUSD": 50131427.93655987,
      "debtVal": 76042.17087978258,
      "debtValUSD": 31477656.635686
    },
    {
      "name": "WBNB-USDT PancakeswapWorker",
      "address": "0x81b6534f4F7ba45Ecf98295Cef1450B4a4FC81Cd",
      "vault": "ibUSDT",
      "borrowToken": "USDT",
      "posVal": 40743158.82384154,
      "posValUSD": 40770068.45794992,
      "debtVal": 23812716.074463427,
      "debtValUSD": 23828443.659049127
    }
  ]
}