{
  "blockNo": 13127691,
  "lpName": "USDT-WBNB LP",
  "lpTokens": 0,
  "token0_symbol": "USDT",
  "token0_decimals": 18,
  "token0": 0,
  "token0_liquidity": 151039214.86151358,
  "token0_price": 1.00083759,
  "token0_posVal": 55448481.59520626,
  "token0_posValUSD": 55494924.68890559,
  "token0_debtVal": 32569822.773747068,
  "token0_debtValUSD": 32597102.93160413,
  "token1_symbol": "WBNB",
  "token1_decimals": 18,
  "token1": 0,
  "token1_liquidity": 242915.27714725494,
  "token1_price": 622.79418255,
  "token1_posVal": 127526.06710971793,
  "token1_posValUSD": 79422492.71941322,
  "token1_debtVal": 87124.89208840203,
  "token1_debtValUSD": 54260875.947953306,
  "liquidity": 302451945.25732076,
  "tvl": 0,
  "health": 134917417.40831882,
  "debt": 86857978.87955743,
  "leverage": 2.8073032382094287,
  "workerPositions": [
    {
      "name": "USDT-WBNB PancakeswapWorker",
      "address": "0x41867cc58aece8B570FF1A2a8aa6149014D2a94C",
      "vault": "ibWBNB",
      "borrowToken": "WBNB",
      "posVal": 127526.06710971793,
      "posValUSD": 79422492.71941322,
      "debtVal": 87124.89208840203,
      "debtValUSD": 54260875.947953306
    },
    {
      "name": "WBNB-USDT PancakeswapWorker",
      "address": "0x81b6534f4F7ba45Ecf98295Cef1450B4a4FC81Cd",
      "vault": "ibUSDT",
      "borrowToken": "USDT",
      "posVal": 55448481.59520626,
      "posValUSD": 55494924.68890559,
      "debtVal": 32569822.773747068,
      "debtValUSD": 32597102.93160413
    }
  ]
}