{
  "blockNo": 13699982,
  "lpName": "USDT-WBNB LP",
  "lpTokens": 0,
  "token0_symbol": "USDT",
  "token0_decimals": 18,
  "token0": 0,
  "token0_liquidity": 143368876.2947486,
  "token0_price": 1.00034966,
  "token0_posVal": 49303685.68876047,
  "token0_posValUSD": 49320925.215498395,
  "token0_debtVal": 30740890.308739576,
  "token0_debtValUSD": 30751639.168444928,
  "token1_symbol": "WBNB",
  "token1_decimals": 18,
  "token1": 0,
  "token1_liquidity": 268514.37815450755,
  "token1_price": 535.07674724,
  "token1_posVal": 150671.44633691676,
  "token1_posValUSD": 80620787.40790364,
  "token1_debtVal": 95968.62279910692,
  "token1_debtValUSD": 51350578.52444863,
  "liquidity": 287094806.70611906,
  "tvl": 0,
  "health": 129941712.62340203,
  "debt": 82102217.69289356,
  "leverage": 2.716201598954066,
  "workerPositions": [
    {
      "name": "USDT-WBNB PancakeswapWorker",
      "address": "0x41867cc58aece8B570FF1A2a8aa6149014D2a94C",
      "vault": "ibWBNB",
      "borrowToken": "WBNB",
      "posVal": 150671.44633691676,
      "posValUSD": 80620787.40790364,
      "debtVal": 95968.62279910692,
      "debtValUSD": 51350578.52444863
    },
    {
      "name": "WBNB-USDT PancakeswapWorker",
      "address": "0x81b6534f4F7ba45Ecf98295Cef1450B4a4FC81Cd",
      "vault": "ibUSDT",
      "borrowToken": "USDT",
      "posVal": 49303685.68876047,
      "posValUSD": 49320925.215498395,
      "debtVal": 30740890.308739576,
      "debtValUSD": 30751639.168444928
    }
  ]
}