{
  "blockNo": 14492353,
  "lpName": "USDT-WBNB LP",
  "lpTokens": 0,
  "token0_symbol": "USDT",
  "token0_decimals": 18,
  "token0": 0,
  "token0_liquidity": 82796468.11032258,
  "token0_price": 1.00033487,
  "token0_posVal": 28516557.958310578,
  "token0_posValUSD": 28526107.29807408,
  "token0_debtVal": 17585267.838325046,
  "token0_debtValUSD": 17591156.61696607,
  "token1_symbol": "WBNB",
  "token1_decimals": 18,
  "token1": 0,
  "token1_liquidity": 178864.8992403884,
  "token1_price": 464.4,
  "token1_posVal": 103072.6574058204,
  "token1_posValUSD": 47866942.09926299,
  "token1_debtVal": 66079.19532948303,
  "token1_debtValUSD": 30687178.311011918,
  "liquidity": 165889053.37083507,
  "tvl": 0,
  "health": 76393049.39733708,
  "debt": 48278334.92797799,
  "leverage": 2.7171910097324403,
  "workerPositions": [
    {
      "name": "USDT-WBNB PancakeswapWorker",
      "address": "0x41867cc58aece8B570FF1A2a8aa6149014D2a94C",
      "vault": "ibWBNB",
      "borrowToken": "WBNB",
      "posVal": 103072.6574058204,
      "posValUSD": 47866942.09926299,
      "debtVal": 66079.19532948303,
      "debtValUSD": 30687178.311011918
    },
    {
      "name": "WBNB-USDT PancakeswapWorker",
      "address": "0x81b6534f4F7ba45Ecf98295Cef1450B4a4FC81Cd",
      "vault": "ibUSDT",
      "borrowToken": "USDT",
      "posVal": 28516557.958310578,
      "posValUSD": 28526107.29807408,
      "debtVal": 17585267.838325046,
      "debtValUSD": 17591156.61696607
    }
  ]
}