{
  "blockNo": 10718087,
  "lpName": "USDT-WBNB LP",
  "lpTokens": 0,
  "token0_symbol": "USDT",
  "token0_decimals": 18,
  "token0": 0,
  "token0_liquidity": 110766107.00675943,
  "token0_price": 1.00136095,
  "token0_posVal": 45960129.18137882,
  "token0_posValUSD": 46022678.61918822,
  "token0_debtVal": 27728523.274539135,
  "token0_debtValUSD": 27766260.40828962,
  "token1_symbol": "WBNB",
  "token1_decimals": 18,
  "token1": 0,
  "token1_liquidity": 269969.19397370634,
  "token1_price": 409.91441511,
  "token1_posVal": 130591.1000910004,
  "token1_posValUSD": 53531174.41237389,
  "token1_debtVal": 78146.21626140665,
  "token1_debtValUSD": 32033260.531854074,
  "liquidity": 221581118.38554025,
  "tvl": 0,
  "health": 99553853.03156212,
  "debt": 59799520.94014369,
  "leverage": 2.5042265281335796,
  "workerPositions": [
    {
      "name": "USDT-WBNB PancakeswapWorker",
      "address": "0x41867cc58aece8B570FF1A2a8aa6149014D2a94C",
      "vault": "ibWBNB",
      "borrowToken": "WBNB",
      "posVal": 130591.1000910004,
      "posValUSD": 53531174.41237389,
      "debtVal": 78146.21626140665,
      "debtValUSD": 32033260.531854074
    },
    {
      "name": "WBNB-USDT PancakeswapWorker",
      "address": "0x81b6534f4F7ba45Ecf98295Cef1450B4a4FC81Cd",
      "vault": "ibUSDT",
      "borrowToken": "USDT",
      "posVal": 45960129.18137882,
      "posValUSD": 46022678.61918822,
      "debtVal": 27728523.274539135,
      "debtValUSD": 27766260.40828962
    }
  ]
}