{
  "blockNo": 16451956,
  "lpName": "USDT-WBNB LP",
  "lpTokens": 0,
  "token0_symbol": "USDT",
  "token0_decimals": 18,
  "token0": 0,
  "token0_liquidity": 166073176.41825,
  "token0_price": 1.00023485,
  "token0_posVal": 52943704.755528614,
  "token0_posValUSD": 52956138.58459045,
  "token0_debtVal": 26696859.183090005,
  "token0_debtValUSD": 26703128.940469153,
  "token1_symbol": "WBNB",
  "token1_decimals": 18,
  "token1": 0,
  "token1_liquidity": 380999.0612578381,
  "token1_price": 435.26328396,
  "token1_posVal": 167931.90016424176,
  "token1_posValUSD": 73094590.34713073,
  "token1_debtVal": 110897.69260042674,
  "token1_debtValUSD": 48269693.86484834,
  "liquidity": 331947081.29249567,
  "tvl": 0,
  "health": 126050728.93172118,
  "debt": 74972822.80531749,
  "leverage": 2.467813160151485,
  "workerPositions": [
    {
      "name": "USDT-WBNB PancakeswapWorker",
      "address": "0x41867cc58aece8B570FF1A2a8aa6149014D2a94C",
      "vault": "ibWBNB",
      "borrowToken": "WBNB",
      "posVal": 167931.90016424176,
      "posValUSD": 73094590.34713073,
      "debtVal": 110897.69260042674,
      "debtValUSD": 48269693.86484834
    },
    {
      "name": "WBNB-USDT PancakeswapWorker",
      "address": "0x81b6534f4F7ba45Ecf98295Cef1450B4a4FC81Cd",
      "vault": "ibUSDT",
      "borrowToken": "USDT",
      "posVal": 52943704.755528614,
      "posValUSD": 52956138.58459045,
      "debtVal": 26696859.183090005,
      "debtValUSD": 26703128.940469153
    }
  ]
}