{
  "blockNo": 11762051,
  "lpName": "USDT-WBNB LP",
  "lpTokens": 0,
  "token0_symbol": "USDT",
  "token0_decimals": 18,
  "token0": 0,
  "token0_liquidity": 95090861.64294052,
  "token0_price": 1.00004706,
  "token0_posVal": 44027347.28804953,
  "token0_posValUSD": 44029419.2150129,
  "token0_debtVal": 25463625.17988668,
  "token0_debtValUSD": 25464823.498087645,
  "token1_symbol": "WBNB",
  "token1_decimals": 18,
  "token1": 0,
  "token1_liquidity": 198973.34574137715,
  "token1_price": 478.57611307,
  "token1_posVal": 118457.4810652249,
  "token1_posValUSD": 56690920.85225846,
  "token1_debtVal": 79067.27161582529,
  "token1_debtValUSD": 37839707.52095161,
  "liquidity": 190319227.02833095,
  "tvl": 0,
  "health": 100720340.06727135,
  "debt": 63304531.01903925,
  "leverage": 2.6919193418331386,
  "workerPositions": [
    {
      "name": "USDT-WBNB PancakeswapWorker",
      "address": "0x41867cc58aece8B570FF1A2a8aa6149014D2a94C",
      "vault": "ibWBNB",
      "borrowToken": "WBNB",
      "posVal": 118457.4810652249,
      "posValUSD": 56690920.85225846,
      "debtVal": 79067.27161582529,
      "debtValUSD": 37839707.52095161
    },
    {
      "name": "WBNB-USDT PancakeswapWorker",
      "address": "0x81b6534f4F7ba45Ecf98295Cef1450B4a4FC81Cd",
      "vault": "ibUSDT",
      "borrowToken": "USDT",
      "posVal": 44027347.28804953,
      "posValUSD": 44029419.2150129,
      "debtVal": 25463625.17988668,
      "debtValUSD": 25464823.498087645
    }
  ]
}