{
  "blockNo": 10602626,
  "lpName": "USDT-WBNB LP",
  "lpTokens": 0,
  "token0_symbol": "USDT",
  "token0_decimals": 18,
  "token0": 0,
  "token0_liquidity": 135681293.8062788,
  "token0_price": 1.00035879,
  "token0_posVal": 62180453.06940785,
  "token0_posValUSD": 62202762.79416462,
  "token0_debtVal": 33485656.140054416,
  "token0_debtValUSD": 33497670.458620906,
  "token1_symbol": "WBNB",
  "token1_decimals": 18,
  "token1": 0,
  "token1_liquidity": 277683.6726439102,
  "token1_price": 489.17350872,
  "token1_posVal": 122250.92681249438,
  "token1_posValUSD": 59801914.813139796,
  "token1_debtVal": 80251.61941808698,
  "token1_debtValUSD": 39256966.25120769,
  "liquidity": 271565471.35916096,
  "tvl": 0,
  "health": 122004677.60730442,
  "debt": 72754636.70982859,
  "leverage": 2.477250280081644,
  "workerPositions": [
    {
      "name": "USDT-WBNB PancakeswapWorker",
      "address": "0x41867cc58aece8B570FF1A2a8aa6149014D2a94C",
      "vault": "ibWBNB",
      "borrowToken": "WBNB",
      "posVal": 122250.92681249438,
      "posValUSD": 59801914.813139796,
      "debtVal": 80251.61941808698,
      "debtValUSD": 39256966.25120769
    },
    {
      "name": "WBNB-USDT PancakeswapWorker",
      "address": "0x81b6534f4F7ba45Ecf98295Cef1450B4a4FC81Cd",
      "vault": "ibUSDT",
      "borrowToken": "USDT",
      "posVal": 62180453.06940785,
      "posValUSD": 62202762.79416462,
      "debtVal": 33485656.140054416,
      "debtValUSD": 33497670.458620906
    }
  ]
}