{
  "blockNo": 14986945,
  "lpName": "USDT-WBNB LP",
  "lpTokens": 0,
  "token0_symbol": "USDT",
  "token0_decimals": 18,
  "token0": 0,
  "token0_liquidity": 102835068.65438746,
  "token0_price": 1.00066047,
  "token0_posVal": 40346307.48084139,
  "token0_posValUSD": 40372955.00654326,
  "token0_debtVal": 23410760.523884796,
  "token0_debtValUSD": 23426222.628888004,
  "token1_symbol": "WBNB",
  "token1_decimals": 18,
  "token1": 0,
  "token1_liquidity": 243502.7510777063,
  "token1_price": 422.11181698,
  "token1_posVal": 120002.10498785386,
  "token1_posValUSD": 50654306.57784772,
  "token1_debtVal": 76172.92663835594,
  "token1_debtValUSD": 32153492.468000673,
  "liquidity": 205688376.8292209,
  "tvl": 0,
  "health": 91027261.58439097,
  "debt": 55579715.09688868,
  "leverage": 2.5679425123677984,
  "workerPositions": [
    {
      "name": "USDT-WBNB PancakeswapWorker",
      "address": "0x41867cc58aece8B570FF1A2a8aa6149014D2a94C",
      "vault": "ibWBNB",
      "borrowToken": "WBNB",
      "posVal": 120002.10498785386,
      "posValUSD": 50654306.57784772,
      "debtVal": 76172.92663835594,
      "debtValUSD": 32153492.468000673
    },
    {
      "name": "WBNB-USDT PancakeswapWorker",
      "address": "0x81b6534f4F7ba45Ecf98295Cef1450B4a4FC81Cd",
      "vault": "ibUSDT",
      "borrowToken": "USDT",
      "posVal": 40346307.48084139,
      "posValUSD": 40372955.00654326,
      "debtVal": 23410760.523884796,
      "debtValUSD": 23426222.628888004
    }
  ]
}