{
  "blockNo": 13862953,
  "lpName": "USDT-WBNB LP",
  "lpTokens": 0,
  "token0_symbol": "USDT",
  "token0_decimals": 18,
  "token0": 0,
  "token0_liquidity": 132957472.42527299,
  "token0_price": 1.00039438,
  "token0_posVal": 50215006.054582424,
  "token0_posValUSD": 50234809.84867023,
  "token0_debtVal": 30885344.40860962,
  "token0_debtValUSD": 30897524.970737487,
  "token1_symbol": "WBNB",
  "token1_decimals": 18,
  "token1": 0,
  "token1_liquidity": 242432.16049791276,
  "token1_price": 549.53,
  "token1_posVal": 148372.8253792552,
  "token1_posValUSD": 81535318.73066211,
  "token1_debtVal": 95764.01442545463,
  "token1_debtValUSD": 52625198.84722008,
  "liquidity": 266233653.35166603,
  "tvl": 0,
  "health": 131770128.57933234,
  "debt": 83522723.81795757,
  "leverage": 2.731134021219376,
  "workerPositions": [
    {
      "name": "USDT-WBNB PancakeswapWorker",
      "address": "0x41867cc58aece8B570FF1A2a8aa6149014D2a94C",
      "vault": "ibWBNB",
      "borrowToken": "WBNB",
      "posVal": 148372.8253792552,
      "posValUSD": 81535318.73066211,
      "debtVal": 95764.01442545463,
      "debtValUSD": 52625198.84722008
    },
    {
      "name": "WBNB-USDT PancakeswapWorker",
      "address": "0x81b6534f4F7ba45Ecf98295Cef1450B4a4FC81Cd",
      "vault": "ibUSDT",
      "borrowToken": "USDT",
      "posVal": 50215006.054582424,
      "posValUSD": 50234809.84867023,
      "debtVal": 30885344.40860962,
      "debtValUSD": 30897524.970737487
    }
  ]
}