{
  "blockNo": 14193588,
  "lpName": "USDT-WBNB LP",
  "lpTokens": 0,
  "token0_symbol": "USDT",
  "token0_decimals": 18,
  "token0": 0,
  "token0_liquidity": 109848514.15643518,
  "token0_price": 1.00004302,
  "token0_posVal": 33480017.69573694,
  "token0_posValUSD": 33481458.006098207,
  "token0_debtVal": 21771272.13141132,
  "token0_debtValUSD": 21772208.73153841,
  "token1_symbol": "WBNB",
  "token1_decimals": 18,
  "token1": 0,
  "token1_liquidity": 261861.46459020878,
  "token1_price": 424.55694141,
  "token1_posVal": 112159.54830790813,
  "token1_posValUSD": 47618114.77953261,
  "token1_debtVal": 64869.99985786149,
  "token1_debtValUSD": 27541008.728920806,
  "liquidity": 221028342.31907624,
  "tvl": 0,
  "health": 81099572.78563082,
  "debt": 49313217.46045922,
  "leverage": 2.551395778345437,
  "workerPositions": [
    {
      "name": "USDT-WBNB PancakeswapWorker",
      "address": "0x41867cc58aece8B570FF1A2a8aa6149014D2a94C",
      "vault": "ibWBNB",
      "borrowToken": "WBNB",
      "posVal": 112159.54830790813,
      "posValUSD": 47618114.77953261,
      "debtVal": 64869.99985786149,
      "debtValUSD": 27541008.728920806
    },
    {
      "name": "WBNB-USDT PancakeswapWorker",
      "address": "0x81b6534f4F7ba45Ecf98295Cef1450B4a4FC81Cd",
      "vault": "ibUSDT",
      "borrowToken": "USDT",
      "posVal": 33480017.69573694,
      "posValUSD": 33481458.006098207,
      "debtVal": 21771272.13141132,
      "debtValUSD": 21772208.73153841
    }
  ]
}