{
  "blockNo": 9178693,
  "lpName": "USDT-WBNB LP",
  "lpTokens": 0,
  "token0_symbol": "USDT",
  "token0_decimals": 18,
  "token0": 0,
  "token0_liquidity": 81518852.43026024,
  "token0_price": 1.00009858,
  "token0_posVal": 25990665.755891696,
  "token0_posValUSD": 25993227.915721912,
  "token0_debtVal": 14770995.046657726,
  "token0_debtValUSD": 14772451.171349425,
  "token1_symbol": "WBNB",
  "token1_decimals": 18,
  "token1": 0,
  "token1_liquidity": 263248.54229155544,
  "token1_price": 309.81499407,
  "token1_posVal": 70215.79204686978,
  "token1_posValUSD": 21753905.196621317,
  "token1_debtVal": 44529.89798014194,
  "token1_debtValUSD": 13796030.07865538,
  "liquidity": 163085234.1277272,
  "tvl": 0,
  "health": 47747133.11234323,
  "debt": 28568481.250004806,
  "leverage": 2.4895979892155724,
  "workerPositions": [
    {
      "name": "USDT-WBNB PancakeswapWorker",
      "address": "0x41867cc58aece8B570FF1A2a8aa6149014D2a94C",
      "vault": "ibWBNB",
      "borrowToken": "WBNB",
      "posVal": 70215.79204686978,
      "posValUSD": 21753905.196621317,
      "debtVal": 44529.89798014194,
      "debtValUSD": 13796030.07865538
    },
    {
      "name": "WBNB-USDT PancakeswapWorker",
      "address": "0x81b6534f4F7ba45Ecf98295Cef1450B4a4FC81Cd",
      "vault": "ibUSDT",
      "borrowToken": "USDT",
      "posVal": 25990665.755891696,
      "posValUSD": 25993227.915721912,
      "debtVal": 14770995.046657726,
      "debtValUSD": 14772451.171349425
    }
  ]
}