{
  "blockNo": 14077477,
  "lpName": "USDT-WBNB LP",
  "lpTokens": 0,
  "token0_symbol": "USDT",
  "token0_decimals": 18,
  "token0": 0,
  "token0_liquidity": 142493418.70980555,
  "token0_price": 1.00003684,
  "token0_posVal": 49163049.67772784,
  "token0_posValUSD": 49164860.84447797,
  "token0_debtVal": 31170242.20492495,
  "token0_debtValUSD": 31171390.516647775,
  "token1_symbol": "WBNB",
  "token1_decimals": 18,
  "token1": 0,
  "token1_liquidity": 276589.27112379234,
  "token1_price": 514.83580806,
  "token1_posVal": 159703.23743628483,
  "token1_posValUSD": 82220945.29530774,
  "token1_debtVal": 100245.27720233664,
  "token1_debtValUSD": 51609858.29266368,
  "liquidity": 284896729.0670948,
  "tvl": 0,
  "health": 131385806.1397857,
  "debt": 82781248.80931145,
  "leverage": 2.703158167791994,
  "workerPositions": [
    {
      "name": "USDT-WBNB PancakeswapWorker",
      "address": "0x41867cc58aece8B570FF1A2a8aa6149014D2a94C",
      "vault": "ibWBNB",
      "borrowToken": "WBNB",
      "posVal": 159703.23743628483,
      "posValUSD": 82220945.29530774,
      "debtVal": 100245.27720233664,
      "debtValUSD": 51609858.29266368
    },
    {
      "name": "WBNB-USDT PancakeswapWorker",
      "address": "0x81b6534f4F7ba45Ecf98295Cef1450B4a4FC81Cd",
      "vault": "ibUSDT",
      "borrowToken": "USDT",
      "posVal": 49163049.67772784,
      "posValUSD": 49164860.84447797,
      "debtVal": 31170242.20492495,
      "debtValUSD": 31171390.516647775
    }
  ]
}