{
  "blockNo": 11174987,
  "lpName": "USDT-WBNB LP",
  "lpTokens": 0,
  "token0_symbol": "USDT",
  "token0_decimals": 18,
  "token0": 0,
  "token0_liquidity": 136401005.010602,
  "token0_price": 1.001,
  "token0_posVal": 49715164.00076596,
  "token0_posValUSD": 49764879.164766714,
  "token0_debtVal": 29623454.810372237,
  "token0_debtValUSD": 29653078.265182607,
  "token1_symbol": "WBNB",
  "token1_decimals": 18,
  "token1": 0,
  "token1_liquidity": 357972.13492858375,
  "token1_price": 381.89539948,
  "token1_posVal": 159537.756611401,
  "token1_posValUSD": 60926735.293253995,
  "token1_debtVal": 98471.88894155278,
  "token1_debtValUSD": 37605961.36488449,
  "liquidity": 273245317.48687255,
  "tvl": 0,
  "health": 110691614.45802072,
  "debt": 67259039.6300671,
  "leverage": 2.548585132161645,
  "workerPositions": [
    {
      "name": "USDT-WBNB PancakeswapWorker",
      "address": "0x41867cc58aece8B570FF1A2a8aa6149014D2a94C",
      "vault": "ibWBNB",
      "borrowToken": "WBNB",
      "posVal": 159537.756611401,
      "posValUSD": 60926735.293253995,
      "debtVal": 98471.88894155278,
      "debtValUSD": 37605961.36488449
    },
    {
      "name": "WBNB-USDT PancakeswapWorker",
      "address": "0x81b6534f4F7ba45Ecf98295Cef1450B4a4FC81Cd",
      "vault": "ibUSDT",
      "borrowToken": "USDT",
      "posVal": 49715164.00076596,
      "posValUSD": 49764879.164766714,
      "debtVal": 29623454.810372237,
      "debtValUSD": 29653078.265182607
    }
  ]
}