{
  "blockNo": 17829979,
  "lpName": "USDT-WBNB LP",
  "lpTokens": 0,
  "token0_symbol": "USDT",
  "token0_decimals": 18,
  "token0": 0,
  "token0_liquidity": 103279782.00489496,
  "token0_price": 0.99938424,
  "token0_posVal": 30289569.442593414,
  "token0_posValUSD": 30270918.337313443,
  "token0_debtVal": 18189308.968393177,
  "token0_debtValUSD": 18178108.7195028,
  "token1_symbol": "WBNB",
  "token1_decimals": 18,
  "token1": 0,
  "token1_liquidity": 344097.60538219207,
  "token1_price": 299.80995512,
  "token1_posVal": 101210.69764410348,
  "token1_posValUSD": 30343974.718342554,
  "token1_debtVal": 51466.67570635117,
  "token1_debtValUSD": 15430221.733696738,
  "liquidity": 206380074.0728621,
  "tvl": 0,
  "health": 60614893.055656,
  "debt": 33608330.453199536,
  "leverage": 2.2444505044171223,
  "workerPositions": [
    {
      "name": "USDT-WBNB PancakeswapWorker",
      "address": "0x41867cc58aece8B570FF1A2a8aa6149014D2a94C",
      "vault": "ibWBNB",
      "borrowToken": "WBNB",
      "posVal": 101210.69764410348,
      "posValUSD": 30343974.718342554,
      "debtVal": 51466.67570635117,
      "debtValUSD": 15430221.733696738
    },
    {
      "name": "WBNB-USDT PancakeswapWorker",
      "address": "0x81b6534f4F7ba45Ecf98295Cef1450B4a4FC81Cd",
      "vault": "ibUSDT",
      "borrowToken": "USDT",
      "posVal": 30289569.442593414,
      "posValUSD": 30270918.337313443,
      "debtVal": 18189308.968393177,
      "debtValUSD": 18178108.7195028
    }
  ]
}