{
  "blockNo": 12394626,
  "lpName": "USDT-WBNB LP",
  "lpTokens": 0,
  "token0_symbol": "USDT",
  "token0_decimals": 18,
  "token0": 0,
  "token0_liquidity": 153879696.1727991,
  "token0_price": 1.00076422,
  "token0_posVal": 53033399.30620523,
  "token0_posValUSD": 53073928.49062301,
  "token0_debtVal": 30445306.912134502,
  "token0_debtValUSD": 30468573.824582893,
  "token1_symbol": "WBNB",
  "token1_decimals": 18,
  "token1": 0,
  "token1_liquidity": 252516.3873599649,
  "token1_price": 610.39,
  "token1_posVal": 152068.05747080402,
  "token1_posValUSD": 92820821.59960407,
  "token1_debtVal": 104436.40217779146,
  "token1_debtValUSD": 63746935.52530213,
  "liquidity": 308130771.79485726,
  "tvl": 0,
  "health": 145894750.09022707,
  "debt": 94215509.34988502,
  "leverage": 2.823082305393433,
  "workerPositions": [
    {
      "name": "USDT-WBNB PancakeswapWorker",
      "address": "0x41867cc58aece8B570FF1A2a8aa6149014D2a94C",
      "vault": "ibWBNB",
      "borrowToken": "WBNB",
      "posVal": 152068.05747080402,
      "posValUSD": 92820821.59960407,
      "debtVal": 104436.40217779146,
      "debtValUSD": 63746935.52530213
    },
    {
      "name": "WBNB-USDT PancakeswapWorker",
      "address": "0x81b6534f4F7ba45Ecf98295Cef1450B4a4FC81Cd",
      "vault": "ibUSDT",
      "borrowToken": "USDT",
      "posVal": 53033399.30620523,
      "posValUSD": 53073928.49062301,
      "debtVal": 30445306.912134502,
      "debtValUSD": 30468573.824582893
    }
  ]
}