{
  "blockNo": 15400172,
  "lpName": "USDT-WBNB LP",
  "lpTokens": 0,
  "token0_symbol": "USDT",
  "token0_decimals": 18,
  "token0": 0,
  "token0_liquidity": 98669882.30719928,
  "token0_price": 1.00066598,
  "token0_posVal": 27448170.324487668,
  "token0_posValUSD": 27466450.25696037,
  "token0_debtVal": 15725747.777387807,
  "token0_debtValUSD": 15736220.810892591,
  "token1_symbol": "WBNB",
  "token1_decimals": 18,
  "token1": 0,
  "token1_liquidity": 246133.493057865,
  "token1_price": 400.93,
  "token1_posVal": 188857.72111809798,
  "token1_posValUSD": 75718726.12787902,
  "token1_debtVal": 117190.61021198687,
  "token1_debtValUSD": 46985231.3522919,
  "liquidity": 197417895.84710807,
  "tvl": 0,
  "health": 103185176.38483939,
  "debt": 62721452.16318449,
  "leverage": 2.550066222763004,
  "workerPositions": [
    {
      "name": "USDT-WBNB PancakeswapWorker",
      "address": "0x41867cc58aece8B570FF1A2a8aa6149014D2a94C",
      "vault": "ibWBNB",
      "borrowToken": "WBNB",
      "posVal": 188857.72111809798,
      "posValUSD": 75718726.12787902,
      "debtVal": 117190.61021198687,
      "debtValUSD": 46985231.3522919
    },
    {
      "name": "WBNB-USDT PancakeswapWorker",
      "address": "0x81b6534f4F7ba45Ecf98295Cef1450B4a4FC81Cd",
      "vault": "ibUSDT",
      "borrowToken": "USDT",
      "posVal": 27448170.324487668,
      "posValUSD": 27466450.25696037,
      "debtVal": 15725747.777387807,
      "debtValUSD": 15736220.810892591
    }
  ]
}