{
  "blockNo": 9338194,
  "lpName": "USDT-WBNB LP",
  "lpTokens": 0,
  "token0_symbol": "USDT",
  "token0_decimals": 18,
  "token0": 0,
  "token0_liquidity": 65935143.43571373,
  "token0_price": 1.00007995,
  "token0_posVal": 23109231.916674785,
  "token0_posValUSD": 23111079.49976652,
  "token0_debtVal": 14175403.798784822,
  "token0_debtValUSD": 14176537.122318534,
  "token1_symbol": "WBNB",
  "token1_decimals": 18,
  "token1": 0,
  "token1_liquidity": 249274.5682767337,
  "token1_price": 264.99,
  "token1_posVal": 77896.04283138146,
  "token1_posValUSD": 20641672.389887776,
  "token1_debtVal": 45632.957901839174,
  "token1_debtValUSD": 12092277.514408363,
  "liquidity": 131995682.79808308,
  "tvl": 0,
  "health": 43752751.88965429,
  "debt": 26268814.636726897,
  "leverage": 2.5024541816133903,
  "workerPositions": [
    {
      "name": "USDT-WBNB PancakeswapWorker",
      "address": "0x41867cc58aece8B570FF1A2a8aa6149014D2a94C",
      "vault": "ibWBNB",
      "borrowToken": "WBNB",
      "posVal": 77896.04283138146,
      "posValUSD": 20641672.389887776,
      "debtVal": 45632.957901839174,
      "debtValUSD": 12092277.514408363
    },
    {
      "name": "WBNB-USDT PancakeswapWorker",
      "address": "0x81b6534f4F7ba45Ecf98295Cef1450B4a4FC81Cd",
      "vault": "ibUSDT",
      "borrowToken": "USDT",
      "posVal": 23109231.916674785,
      "posValUSD": 23111079.49976652,
      "debtVal": 14175403.798784822,
      "debtValUSD": 14176537.122318534
    }
  ]
}