{
  "blockNo": 10876363,
  "lpName": "USDT-WBNB LP",
  "lpTokens": 0,
  "token0_symbol": "USDT",
  "token0_decimals": 18,
  "token0": 0,
  "token0_liquidity": 117964116.3176375,
  "token0_price": 0.9999171,
  "token0_posVal": 44280256.99699641,
  "token0_posValUSD": 44276586.16369136,
  "token0_debtVal": 26911898.18806319,
  "token0_debtValUSD": 26909667.191703398,
  "token1_symbol": "WBNB",
  "token1_decimals": 18,
  "token1": 0,
  "token1_liquidity": 298718.0413836153,
  "token1_price": 395.60911957,
  "token1_posVal": 139090.41073541204,
  "token1_posValUSD": 55025434.93166603,
  "token1_debtVal": 81783.13572383225,
  "token1_debtValUSD": 32354154.319379095,
  "liquidity": 236129918.44384164,
  "tvl": 0,
  "health": 99302021.09535739,
  "debt": 59263821.51108249,
  "leverage": 2.480181979370484,
  "workerPositions": [
    {
      "name": "USDT-WBNB PancakeswapWorker",
      "address": "0x41867cc58aece8B570FF1A2a8aa6149014D2a94C",
      "vault": "ibWBNB",
      "borrowToken": "WBNB",
      "posVal": 139090.41073541204,
      "posValUSD": 55025434.93166603,
      "debtVal": 81783.13572383225,
      "debtValUSD": 32354154.319379095
    },
    {
      "name": "WBNB-USDT PancakeswapWorker",
      "address": "0x81b6534f4F7ba45Ecf98295Cef1450B4a4FC81Cd",
      "vault": "ibUSDT",
      "borrowToken": "USDT",
      "posVal": 44280256.99699641,
      "posValUSD": 44276586.16369136,
      "debtVal": 26911898.18806319,
      "debtValUSD": 26909667.191703398
    }
  ]
}