{
  "blockNo": 11585132,
  "lpName": "USDT-WBNB LP",
  "lpTokens": 0,
  "token0_symbol": "USDT",
  "token0_decimals": 18,
  "token0": 0,
  "token0_liquidity": 99286160.48574886,
  "token0_price": 1.00033223,
  "token0_posVal": 49279177.03608041,
  "token0_posValUSD": 49295549.0570671,
  "token0_debtVal": 28968701.9151956,
  "token0_debtValUSD": 28978326.187032882,
  "token1_symbol": "WBNB",
  "token1_decimals": 18,
  "token1": 0,
  "token1_liquidity": 228435.35452319213,
  "token1_price": 434,
  "token1_posVal": 117423.25782317262,
  "token1_posValUSD": 50961693.89525692,
  "token1_debtVal": 75353.72608183669,
  "token1_debtValUSD": 32703517.119517125,
  "liquidity": 198460090.18991244,
  "tvl": 0,
  "health": 100257242.95232403,
  "debt": 61681843.30655001,
  "leverage": 2.59899427803614,
  "workerPositions": [
    {
      "name": "USDT-WBNB PancakeswapWorker",
      "address": "0x41867cc58aece8B570FF1A2a8aa6149014D2a94C",
      "vault": "ibWBNB",
      "borrowToken": "WBNB",
      "posVal": 117423.25782317262,
      "posValUSD": 50961693.89525692,
      "debtVal": 75353.72608183669,
      "debtValUSD": 32703517.119517125
    },
    {
      "name": "WBNB-USDT PancakeswapWorker",
      "address": "0x81b6534f4F7ba45Ecf98295Cef1450B4a4FC81Cd",
      "vault": "ibUSDT",
      "borrowToken": "USDT",
      "posVal": 49279177.03608041,
      "posValUSD": 49295549.0570671,
      "debtVal": 28968701.9151956,
      "debtValUSD": 28978326.187032882
    }
  ]
}