{
  "blockNo": 16932153,
  "lpName": "USDT-WBNB LP",
  "lpTokens": 0,
  "token0_symbol": "USDT",
  "token0_decimals": 18,
  "token0": 0,
  "token0_liquidity": 167906926.85732928,
  "token0_price": 1.00032218,
  "token0_posVal": 53360206.61997215,
  "token0_posValUSD": 53377398.211340964,
  "token0_debtVal": 26831722.516271904,
  "token0_debtValUSD": 26840367.160632197,
  "token1_symbol": "WBNB",
  "token1_decimals": 18,
  "token1": 0,
  "token1_liquidity": 399144.09984678536,
  "token1_price": 421.0655596,
  "token1_posVal": 171251.62147153096,
  "token1_posValUSD": 72108159.82731755,
  "token1_debtVal": 108992.82650749457,
  "token1_debtValUSD": 45893125.48576391,
  "liquidity": 336026856.8740491,
  "tvl": 0,
  "health": 125485558.03865851,
  "debt": 72733492.6463961,
  "leverage": 2.378779998575459,
  "workerPositions": [
    {
      "name": "USDT-WBNB PancakeswapWorker",
      "address": "0x41867cc58aece8B570FF1A2a8aa6149014D2a94C",
      "vault": "ibWBNB",
      "borrowToken": "WBNB",
      "posVal": 171251.62147153096,
      "posValUSD": 72108159.82731755,
      "debtVal": 108992.82650749457,
      "debtValUSD": 45893125.48576391
    },
    {
      "name": "WBNB-USDT PancakeswapWorker",
      "address": "0x81b6534f4F7ba45Ecf98295Cef1450B4a4FC81Cd",
      "vault": "ibUSDT",
      "borrowToken": "USDT",
      "posVal": 53360206.61997215,
      "posValUSD": 53377398.211340964,
      "debtVal": 26831722.516271904,
      "debtValUSD": 26840367.160632197
    }
  ]
}