{
  "blockNo": 16705957,
  "lpName": "USDT-WBNB LP",
  "lpTokens": 0,
  "token0_symbol": "USDT",
  "token0_decimals": 18,
  "token0": 0,
  "token0_liquidity": 156935036.89940903,
  "token0_price": 1.00017467,
  "token0_posVal": 49949794.541045025,
  "token0_posValUSD": 49958519.27165751,
  "token0_debtVal": 24549439.282016985,
  "token0_debtValUSD": 24553727.332576375,
  "token1_symbol": "WBNB",
  "token1_decimals": 18,
  "token1": 0,
  "token1_liquidity": 356831.2572599875,
  "token1_price": 440.80159355,
  "token1_posVal": 155152.7565080755,
  "token1_posValUSD": 68391582.3124348,
  "token1_debtVal": 102400.15611484661,
  "token1_debtValUSD": 45138151.99519316,
  "liquidity": 314254235.57095677,
  "tvl": 0,
  "health": 118350101.58409232,
  "debt": 69691879.32776953,
  "leverage": 2.4322734390221905,
  "workerPositions": [
    {
      "name": "USDT-WBNB PancakeswapWorker",
      "address": "0x41867cc58aece8B570FF1A2a8aa6149014D2a94C",
      "vault": "ibWBNB",
      "borrowToken": "WBNB",
      "posVal": 155152.7565080755,
      "posValUSD": 68391582.3124348,
      "debtVal": 102400.15611484661,
      "debtValUSD": 45138151.99519316
    },
    {
      "name": "WBNB-USDT PancakeswapWorker",
      "address": "0x81b6534f4F7ba45Ecf98295Cef1450B4a4FC81Cd",
      "vault": "ibUSDT",
      "borrowToken": "USDT",
      "posVal": 49949794.541045025,
      "posValUSD": 49958519.27165751,
      "debtVal": 24549439.282016985,
      "debtValUSD": 24553727.332576375
    }
  ]
}