{
  "blockNo": 16083571,
  "lpName": "USDT-WBNB LP",
  "lpTokens": 0,
  "token0_symbol": "USDT",
  "token0_decimals": 18,
  "token0": 0,
  "token0_liquidity": 120542924.39769308,
  "token0_price": 1.00003972,
  "token0_posVal": 46322844.48600161,
  "token0_posValUSD": 46324684.4293846,
  "token0_debtVal": 25260301.12540265,
  "token0_debtValUSD": 25261304.46456335,
  "token1_symbol": "WBNB",
  "token1_decimals": 18,
  "token1": 0,
  "token1_liquidity": 327337.2884287799,
  "token1_price": 368.42417829,
  "token1_posVal": 184955.7152603932,
  "token1_posValUSD": 68142157.41484956,
  "token1_debtVal": 111446.11759703787,
  "token1_debtValUSD": 41059444.29929938,
  "liquidity": 241146683.87570012,
  "tvl": 0,
  "health": 114466841.84423417,
  "debt": 66320748.76386273,
  "leverage": 2.377489730125182,
  "workerPositions": [
    {
      "name": "USDT-WBNB PancakeswapWorker",
      "address": "0x41867cc58aece8B570FF1A2a8aa6149014D2a94C",
      "vault": "ibWBNB",
      "borrowToken": "WBNB",
      "posVal": 184955.7152603932,
      "posValUSD": 68142157.41484956,
      "debtVal": 111446.11759703787,
      "debtValUSD": 41059444.29929938
    },
    {
      "name": "WBNB-USDT PancakeswapWorker",
      "address": "0x81b6534f4F7ba45Ecf98295Cef1450B4a4FC81Cd",
      "vault": "ibUSDT",
      "borrowToken": "USDT",
      "posVal": 46322844.48600161,
      "posValUSD": 46324684.4293846,
      "debtVal": 25260301.12540265,
      "debtValUSD": 25261304.46456335
    }
  ]
}