{
  "blockNo": 15219474,
  "lpName": "USDT-WBNB LP",
  "lpTokens": 0,
  "token0_symbol": "USDT",
  "token0_decimals": 18,
  "token0": 0,
  "token0_liquidity": 121318075.3578437,
  "token0_price": 1.0006496,
  "token0_posVal": 43549719.96018847,
  "token0_posValUSD": 43578009.85827461,
  "token0_debtVal": 25921069.65706795,
  "token0_debtValUSD": 25937907.983917184,
  "token1_symbol": "WBNB",
  "token1_decimals": 18,
  "token1": 0,
  "token1_liquidity": 300036.81012049556,
  "token1_price": 403.76677724,
  "token1_posVal": 171982.20601356405,
  "token1_posValUSD": 69440701.06472251,
  "token1_debtVal": 101004.09816567061,
  "token1_debtValUSD": 40782099.20438542,
  "liquidity": 242541779.45531848,
  "tvl": 0,
  "health": 113018710.92299712,
  "debt": 66720007.18830261,
  "leverage": 2.4410772182873264,
  "workerPositions": [
    {
      "name": "USDT-WBNB PancakeswapWorker",
      "address": "0x41867cc58aece8B570FF1A2a8aa6149014D2a94C",
      "vault": "ibWBNB",
      "borrowToken": "WBNB",
      "posVal": 171982.20601356405,
      "posValUSD": 69440701.06472251,
      "debtVal": 101004.09816567061,
      "debtValUSD": 40782099.20438542
    },
    {
      "name": "WBNB-USDT PancakeswapWorker",
      "address": "0x81b6534f4F7ba45Ecf98295Cef1450B4a4FC81Cd",
      "vault": "ibUSDT",
      "borrowToken": "USDT",
      "posVal": 43549719.96018847,
      "posValUSD": 43578009.85827461,
      "debtVal": 25921069.65706795,
      "debtValUSD": 25937907.983917184
    }
  ]
}