{
  "blockNo": 8965152,
  "lpName": "USDT-WBNB LP",
  "lpTokens": 0,
  "token0_symbol": "USDT",
  "token0_decimals": 18,
  "token0": 0,
  "token0_liquidity": 91308413.445301,
  "token0_price": 1.00031999,
  "token0_posVal": 28813311.832199387,
  "token0_posValUSD": 28822531.80385257,
  "token0_debtVal": 16086374.64606178,
  "token0_debtValUSD": 16091522.125084773,
  "token1_symbol": "WBNB",
  "token1_decimals": 18,
  "token1": 0,
  "token1_liquidity": 282033.1289923836,
  "token1_price": 324.25374042,
  "token1_posVal": 92942.42406271906,
  "token1_posValUSD": 30136928.646038465,
  "token1_debtVal": 56976.55417398277,
  "token1_debtValUSD": 18474860.807156675,
  "liquidity": 182787928.22265607,
  "tvl": 0,
  "health": 58959460.44989103,
  "debt": 34566382.93224145,
  "leverage": 2.417057069048831,
  "workerPositions": [
    {
      "name": "USDT-WBNB PancakeswapWorker",
      "address": "0x41867cc58aece8B570FF1A2a8aa6149014D2a94C",
      "vault": "ibWBNB",
      "borrowToken": "WBNB",
      "posVal": 92942.42406271906,
      "posValUSD": 30136928.646038465,
      "debtVal": 56976.55417398277,
      "debtValUSD": 18474860.807156675
    },
    {
      "name": "WBNB-USDT PancakeswapWorker",
      "address": "0x81b6534f4F7ba45Ecf98295Cef1450B4a4FC81Cd",
      "vault": "ibUSDT",
      "borrowToken": "USDT",
      "posVal": 28813311.832199387,
      "posValUSD": 28822531.80385257,
      "debtVal": 16086374.64606178,
      "debtValUSD": 16091522.125084773
    }
  ]
}