{
  "blockNo": 16114604,
  "lpName": "USDT-WBNB LP",
  "lpTokens": 0,
  "token0_symbol": "USDT",
  "token0_decimals": 18,
  "token0": 0,
  "token0_liquidity": 121960807.84173873,
  "token0_price": 1.00039962,
  "token0_posVal": 46782762.72975145,
  "token0_posValUSD": 46801458.05739352,
  "token0_debtVal": 25257045.81710497,
  "token0_debtValUSD": 25267139.0377544,
  "token1_symbol": "WBNB",
  "token1_decimals": 18,
  "token1": 0,
  "token1_liquidity": 324526.528000532,
  "token1_price": 376.56028656,
  "token1_posVal": 182155.05528390346,
  "token1_posValUSD": 68592359.81605934,
  "token1_debtVal": 110896.35558980412,
  "token1_debtValUSD": 41759163.4393563,
  "liquidity": 244213348.19997066,
  "tvl": 0,
  "health": 115393817.87345286,
  "debt": 67026302.4771107,
  "leverage": 2.385771047527896,
  "workerPositions": [
    {
      "name": "USDT-WBNB PancakeswapWorker",
      "address": "0x41867cc58aece8B570FF1A2a8aa6149014D2a94C",
      "vault": "ibWBNB",
      "borrowToken": "WBNB",
      "posVal": 182155.05528390346,
      "posValUSD": 68592359.81605934,
      "debtVal": 110896.35558980412,
      "debtValUSD": 41759163.4393563
    },
    {
      "name": "WBNB-USDT PancakeswapWorker",
      "address": "0x81b6534f4F7ba45Ecf98295Cef1450B4a4FC81Cd",
      "vault": "ibUSDT",
      "borrowToken": "USDT",
      "posVal": 46782762.72975145,
      "posValUSD": 46801458.05739352,
      "debtVal": 25257045.81710497,
      "debtValUSD": 25267139.0377544
    }
  ]
}