{
  "blockNo": 11459304,
  "lpName": "USDT-WBNB LP",
  "lpTokens": 0,
  "token0_symbol": "USDT",
  "token0_decimals": 18,
  "token0": 0,
  "token0_liquidity": 87502570.57135111,
  "token0_price": 1.00042512,
  "token0_posVal": 36663917.85971564,
  "token0_posValUSD": 36679504.42447616,
  "token0_debtVal": 21963764.633701786,
  "token0_debtValUSD": 21973101.869322866,
  "token1_symbol": "WBNB",
  "token1_decimals": 18,
  "token1": 0,
  "token1_liquidity": 201471.48917714137,
  "token1_price": 434.05483042,
  "token1_posVal": 125837.79371937561,
  "token1_posValUSD": 54620502.21329052,
  "token1_debtVal": 80842.17377385189,
  "token1_debtValUSD": 35089936.02819345,
  "liquidity": 174989442.73340136,
  "tvl": 0,
  "health": 91300006.63776669,
  "debt": 57063037.89751632,
  "leverage": 2.6667082395770247,
  "workerPositions": [
    {
      "name": "USDT-WBNB PancakeswapWorker",
      "address": "0x41867cc58aece8B570FF1A2a8aa6149014D2a94C",
      "vault": "ibWBNB",
      "borrowToken": "WBNB",
      "posVal": 125837.79371937561,
      "posValUSD": 54620502.21329052,
      "debtVal": 80842.17377385189,
      "debtValUSD": 35089936.02819345
    },
    {
      "name": "WBNB-USDT PancakeswapWorker",
      "address": "0x81b6534f4F7ba45Ecf98295Cef1450B4a4FC81Cd",
      "vault": "ibUSDT",
      "borrowToken": "USDT",
      "posVal": 36663917.85971564,
      "posValUSD": 36679504.42447616,
      "debtVal": 21963764.633701786,
      "debtValUSD": 21973101.869322866
    }
  ]
}