{
  "blockNo": 16345402,
  "lpName": "USDT-WBNB LP",
  "lpTokens": 0,
  "token0_symbol": "USDT",
  "token0_decimals": 18,
  "token0": 0,
  "token0_liquidity": 156087172.0202317,
  "token0_price": 1.00024919,
  "token0_posVal": 48691964.97026344,
  "token0_posValUSD": 48704098.52101437,
  "token0_debtVal": 25094465.146814823,
  "token0_debtValUSD": 25100718.436584756,
  "token1_symbol": "WBNB",
  "token1_decimals": 18,
  "token1": 0,
  "token1_liquidity": 376523.8893279837,
  "token1_price": 415.60825299,
  "token1_posVal": 177164.5492071775,
  "token1_posValUSD": 73631048.78775594,
  "token1_debtVal": 113488.22032729197,
  "token1_debtValUSD": 47166640.98517002,
  "liquidity": 312612503.2352308,
  "tvl": 0,
  "health": 122335147.3087703,
  "debt": 72267359.42175478,
  "leverage": 2.4433903008624123,
  "workerPositions": [
    {
      "name": "USDT-WBNB PancakeswapWorker",
      "address": "0x41867cc58aece8B570FF1A2a8aa6149014D2a94C",
      "vault": "ibWBNB",
      "borrowToken": "WBNB",
      "posVal": 177164.5492071775,
      "posValUSD": 73631048.78775594,
      "debtVal": 113488.22032729197,
      "debtValUSD": 47166640.98517002
    },
    {
      "name": "WBNB-USDT PancakeswapWorker",
      "address": "0x81b6534f4F7ba45Ecf98295Cef1450B4a4FC81Cd",
      "vault": "ibUSDT",
      "borrowToken": "USDT",
      "posVal": 48691964.97026344,
      "posValUSD": 48704098.52101437,
      "debtVal": 25094465.146814823,
      "debtValUSD": 25100718.436584756
    }
  ]
}