{
  "blockNo": 14957016,
  "lpName": "USDT-WBNB LP",
  "lpTokens": 0,
  "token0_symbol": "USDT",
  "token0_decimals": 18,
  "token0": 0,
  "token0_liquidity": 96340733.6481737,
  "token0_price": 1.00060177,
  "token0_posVal": 37826748.908429585,
  "token0_posValUSD": 37849511.91112021,
  "token0_debtVal": 23246732.213644378,
  "token0_debtValUSD": 23260721.399688583,
  "token1_symbol": "WBNB",
  "token1_decimals": 18,
  "token1": 0,
  "token1_liquidity": 254844.72190488546,
  "token1_price": 378.77034483,
  "token1_posVal": 129125.17972200514,
  "token1_posValUSD": 48908788.84953961,
  "token1_debtVal": 77596.29407714968,
  "token1_debtValUSD": 29391175.06513207,
  "liquidity": 192926331.8054801,
  "tvl": 0,
  "health": 86758300.76065981,
  "debt": 52651896.46482065,
  "leverage": 2.543753953307941,
  "workerPositions": [
    {
      "name": "USDT-WBNB PancakeswapWorker",
      "address": "0x41867cc58aece8B570FF1A2a8aa6149014D2a94C",
      "vault": "ibWBNB",
      "borrowToken": "WBNB",
      "posVal": 129125.17972200514,
      "posValUSD": 48908788.84953961,
      "debtVal": 77596.29407714968,
      "debtValUSD": 29391175.06513207
    },
    {
      "name": "WBNB-USDT PancakeswapWorker",
      "address": "0x81b6534f4F7ba45Ecf98295Cef1450B4a4FC81Cd",
      "vault": "ibUSDT",
      "borrowToken": "USDT",
      "posVal": 37826748.908429585,
      "posValUSD": 37849511.91112021,
      "debtVal": 23246732.213644378,
      "debtValUSD": 23260721.399688583
    }
  ]
}