{
  "blockNo": 17719283,
  "lpName": "USDT-WBNB LP",
  "lpTokens": 0,
  "token0_symbol": "USDT",
  "token0_decimals": 18,
  "token0": 0,
  "token0_liquidity": 121917028.63498932,
  "token0_price": 0.99858767,
  "token0_posVal": 28990282.70568768,
  "token0_posValUSD": 28949338.859713957,
  "token0_debtVal": 19081417.53562839,
  "token0_debtValUSD": 19054468.277200297,
  "token1_symbol": "WBNB",
  "token1_decimals": 18,
  "token1": 0,
  "token1_liquidity": 449121.2496062126,
  "token1_price": 271.6,
  "token1_posVal": 186871.0701497338,
  "token1_posValUSD": 50754182.6526677,
  "token1_debtVal": 96638.30446931747,
  "token1_debtValUSD": 26246963.49386663,
  "liquidity": 243726172.9509846,
  "tvl": 0,
  "health": 79703521.51238166,
  "debt": 45301431.77106693,
  "leverage": 2.3168220916726106,
  "workerPositions": [
    {
      "name": "USDT-WBNB PancakeswapWorker",
      "address": "0x41867cc58aece8B570FF1A2a8aa6149014D2a94C",
      "vault": "ibWBNB",
      "borrowToken": "WBNB",
      "posVal": 186871.0701497338,
      "posValUSD": 50754182.6526677,
      "debtVal": 96638.30446931747,
      "debtValUSD": 26246963.49386663
    },
    {
      "name": "WBNB-USDT PancakeswapWorker",
      "address": "0x81b6534f4F7ba45Ecf98295Cef1450B4a4FC81Cd",
      "vault": "ibUSDT",
      "borrowToken": "USDT",
      "posVal": 28990282.70568768,
      "posValUSD": 28949338.859713957,
      "debtVal": 19081417.53562839,
      "debtValUSD": 19054468.277200297
    }
  ]
}