{
  "blockNo": 14831156,
  "lpName": "USDT-WBNB LP",
  "lpTokens": 0,
  "token0_symbol": "USDT",
  "token0_decimals": 18,
  "token0": 0,
  "token0_liquidity": 101465898.12233245,
  "token0_price": 1.00042696,
  "token0_posVal": 37810899.05707974,
  "token0_posValUSD": 37827042.79854115,
  "token0_debtVal": 23265042.672550526,
  "token0_debtValUSD": 23274975.915169995,
  "token1_symbol": "WBNB",
  "token1_decimals": 18,
  "token1": 0,
  "token1_liquidity": 268504.4336930015,
  "token1_price": 377.82823531,
  "token1_posVal": 126974.20028356207,
  "token1_posValUSD": 47974438.02303676,
  "token1_debtVal": 76568.52233725083,
  "token1_debtValUSD": 28929749.6749778,
  "liquidity": 202957776.35733244,
  "tvl": 0,
  "health": 85801480.8215779,
  "debt": 52204725.59014779,
  "leverage": 2.553862128367377,
  "workerPositions": [
    {
      "name": "USDT-WBNB PancakeswapWorker",
      "address": "0x41867cc58aece8B570FF1A2a8aa6149014D2a94C",
      "vault": "ibWBNB",
      "borrowToken": "WBNB",
      "posVal": 126974.20028356207,
      "posValUSD": 47974438.02303676,
      "debtVal": 76568.52233725083,
      "debtValUSD": 28929749.6749778
    },
    {
      "name": "WBNB-USDT PancakeswapWorker",
      "address": "0x81b6534f4F7ba45Ecf98295Cef1450B4a4FC81Cd",
      "vault": "ibUSDT",
      "borrowToken": "USDT",
      "posVal": 37810899.05707974,
      "posValUSD": 37827042.79854115,
      "debtVal": 23265042.672550526,
      "debtValUSD": 23274975.915169995
    }
  ]
}