{
  "blockNo": 14375660,
  "lpName": "USDT-WBNB LP",
  "lpTokens": 0,
  "token0_symbol": "USDT",
  "token0_decimals": 18,
  "token0": 0,
  "token0_liquidity": 91140161.04771698,
  "token0_price": 1.00035228,
  "token0_posVal": 29355410.75272264,
  "token0_posValUSD": 29365752.07682261,
  "token0_debtVal": 17657418.09471361,
  "token0_debtValUSD": 17663638.449960016,
  "token1_symbol": "WBNB",
  "token1_decimals": 18,
  "token1": 0,
  "token1_liquidity": 187011.9054979915,
  "token1_price": 488.36985619,
  "token1_posVal": 101640.77965462135,
  "token1_posValUSD": 49638292.94296691,
  "token1_debtVal": 66646.20742610125,
  "token1_debtValUSD": 32547998.736293975,
  "liquidity": 182503245.29752284,
  "tvl": 0,
  "health": 79004045.01978952,
  "debt": 50211637.186253995,
  "leverage": 2.743919351120428,
  "workerPositions": [
    {
      "name": "USDT-WBNB PancakeswapWorker",
      "address": "0x41867cc58aece8B570FF1A2a8aa6149014D2a94C",
      "vault": "ibWBNB",
      "borrowToken": "WBNB",
      "posVal": 101640.77965462135,
      "posValUSD": 49638292.94296691,
      "debtVal": 66646.20742610125,
      "debtValUSD": 32547998.736293975
    },
    {
      "name": "WBNB-USDT PancakeswapWorker",
      "address": "0x81b6534f4F7ba45Ecf98295Cef1450B4a4FC81Cd",
      "vault": "ibUSDT",
      "borrowToken": "USDT",
      "posVal": 29355410.75272264,
      "posValUSD": 29365752.07682261,
      "debtVal": 17657418.09471361,
      "debtValUSD": 17663638.449960016
    }
  ]
}