{
  "blockNo": 11480851,
  "lpName": "USDT-WBNB LP",
  "lpTokens": 0,
  "token0_symbol": "USDT",
  "token0_decimals": 18,
  "token0": 0,
  "token0_liquidity": 87405505.64104813,
  "token0_price": 1.00042512,
  "token0_posVal": 36221101.65075041,
  "token0_posValUSD": 36236499.96548418,
  "token0_debtVal": 21921561.07399016,
  "token0_debtValUSD": 21930880.368033934,
  "token1_symbol": "WBNB",
  "token1_decimals": 18,
  "token1": 0,
  "token1_liquidity": 205651.69208134958,
  "token1_price": 424.79,
  "token1_posVal": 127548.97165154455,
  "token1_posValUSD": 54181527.667859614,
  "token1_debtVal": 80907.13461783878,
  "token1_debtValUSD": 34368541.714311734,
  "liquidity": 174801445.74884278,
  "tvl": 0,
  "health": 90418027.63334379,
  "debt": 56299422.082345665,
  "leverage": 2.6501091170972155,
  "workerPositions": [
    {
      "name": "USDT-WBNB PancakeswapWorker",
      "address": "0x41867cc58aece8B570FF1A2a8aa6149014D2a94C",
      "vault": "ibWBNB",
      "borrowToken": "WBNB",
      "posVal": 127548.97165154455,
      "posValUSD": 54181527.667859614,
      "debtVal": 80907.13461783878,
      "debtValUSD": 34368541.714311734
    },
    {
      "name": "WBNB-USDT PancakeswapWorker",
      "address": "0x81b6534f4F7ba45Ecf98295Cef1450B4a4FC81Cd",
      "vault": "ibUSDT",
      "borrowToken": "USDT",
      "posVal": 36221101.65075041,
      "posValUSD": 36236499.96548418,
      "debtVal": 21921561.07399016,
      "debtValUSD": 21930880.368033934
    }
  ]
}