{
  "blockNo": 14853955,
  "lpName": "USDT-WBNB LP",
  "lpTokens": 0,
  "token0_symbol": "USDT",
  "token0_decimals": 18,
  "token0": 0,
  "token0_liquidity": 103934108.87468292,
  "token0_price": 1.00042696,
  "token0_posVal": 38233731.77859639,
  "token0_posValUSD": 38250056.052716576,
  "token0_debtVal": 23328223.097380184,
  "token0_debtValUSD": 23338183.31551384,
  "token1_symbol": "WBNB",
  "token1_decimals": 18,
  "token1": 0,
  "token1_liquidity": 270762.16547643027,
  "token1_price": 384.09,
  "token1_posVal": 131776.75134798334,
  "token1_posValUSD": 50614132.42524692,
  "token1_debtVal": 79512.37657623432,
  "token1_debtValUSD": 30539908.71916584,
  "liquidity": 207975524.71965015,
  "tvl": 0,
  "health": 88864188.47796349,
  "debt": 53878092.03467968,
  "leverage": 2.539985808991918,
  "workerPositions": [
    {
      "name": "USDT-WBNB PancakeswapWorker",
      "address": "0x41867cc58aece8B570FF1A2a8aa6149014D2a94C",
      "vault": "ibWBNB",
      "borrowToken": "WBNB",
      "posVal": 131776.75134798334,
      "posValUSD": 50614132.42524692,
      "debtVal": 79512.37657623432,
      "debtValUSD": 30539908.71916584
    },
    {
      "name": "WBNB-USDT PancakeswapWorker",
      "address": "0x81b6534f4F7ba45Ecf98295Cef1450B4a4FC81Cd",
      "vault": "ibUSDT",
      "borrowToken": "USDT",
      "posVal": 38233731.77859639,
      "posValUSD": 38250056.052716576,
      "debtVal": 23328223.097380184,
      "debtValUSD": 23338183.31551384
    }
  ]
}