{
  "blockNo": 11197735,
  "lpName": "USDT-WBNB LP",
  "lpTokens": 0,
  "token0_symbol": "USDT",
  "token0_decimals": 18,
  "token0": 0,
  "token0_liquidity": 127706777.45754676,
  "token0_price": 1.00047816,
  "token0_posVal": 45125276.359833814,
  "token0_posValUSD": 45146853.461978026,
  "token0_debtVal": 28021618.50924395,
  "token0_debtValUSD": 28035017.326350328,
  "token1_symbol": "WBNB",
  "token1_decimals": 18,
  "token1": 0,
  "token1_liquidity": 367636.4035024148,
  "token1_price": 348.11094611,
  "token1_posVal": 165303.28466394663,
  "token1_posValUSD": 57543882.819457114,
  "token1_debtVal": 97525.4290083915,
  "token1_debtValUSD": 33949669.3618948,
  "liquidity": 255746097.97795916,
  "tvl": 0,
  "health": 102690736.28143513,
  "debt": 61984686.68824513,
  "leverage": 2.5227389370305042,
  "workerPositions": [
    {
      "name": "USDT-WBNB PancakeswapWorker",
      "address": "0x41867cc58aece8B570FF1A2a8aa6149014D2a94C",
      "vault": "ibWBNB",
      "borrowToken": "WBNB",
      "posVal": 165303.28466394663,
      "posValUSD": 57543882.819457114,
      "debtVal": 97525.4290083915,
      "debtValUSD": 33949669.3618948
    },
    {
      "name": "WBNB-USDT PancakeswapWorker",
      "address": "0x81b6534f4F7ba45Ecf98295Cef1450B4a4FC81Cd",
      "vault": "ibUSDT",
      "borrowToken": "USDT",
      "posVal": 45125276.359833814,
      "posValUSD": 45146853.461978026,
      "debtVal": 28021618.50924395,
      "debtValUSD": 28035017.326350328
    }
  ]
}