{
  "blockNo": 11495237,
  "lpName": "USDT-WBNB LP",
  "lpTokens": 0,
  "token0_symbol": "USDT",
  "token0_decimals": 18,
  "token0": 0,
  "token0_liquidity": 87631482.5547818,
  "token0_price": 1.00024067,
  "token0_posVal": 36361347.17067354,
  "token0_posValUSD": 36370098.25609711,
  "token0_debtVal": 21937705.828087017,
  "token0_debtValUSD": 21942985.57574866,
  "token1_symbol": "WBNB",
  "token1_decimals": 18,
  "token1": 0,
  "token1_liquidity": 204979.22246182678,
  "token1_price": 427.07607921,
  "token1_posVal": 127229.18930276201,
  "token1_posValUSD": 54336543.32849047,
  "token1_debtVal": 80939.50000587919,
  "token1_debtValUSD": 34567324.31572866,
  "liquidity": 175194295.4721996,
  "tvl": 0,
  "health": 90706641.58458757,
  "debt": 56510309.89147732,
  "leverage": 2.6525254930447053,
  "workerPositions": [
    {
      "name": "USDT-WBNB PancakeswapWorker",
      "address": "0x41867cc58aece8B570FF1A2a8aa6149014D2a94C",
      "vault": "ibWBNB",
      "borrowToken": "WBNB",
      "posVal": 127229.18930276201,
      "posValUSD": 54336543.32849047,
      "debtVal": 80939.50000587919,
      "debtValUSD": 34567324.31572866
    },
    {
      "name": "WBNB-USDT PancakeswapWorker",
      "address": "0x81b6534f4F7ba45Ecf98295Cef1450B4a4FC81Cd",
      "vault": "ibUSDT",
      "borrowToken": "USDT",
      "posVal": 36361347.17067354,
      "posValUSD": 36370098.25609711,
      "debtVal": 21937705.828087017,
      "debtValUSD": 21942985.57574866
    }
  ]
}