{
  "blockNo": 14070308,
  "lpName": "USDT-WBNB LP",
  "lpTokens": 0,
  "token0_symbol": "USDT",
  "token0_decimals": 18,
  "token0": 0,
  "token0_liquidity": 142551786.30203465,
  "token0_price": 1.00003684,
  "token0_posVal": 49097893.785576984,
  "token0_posValUSD": 49099702.55198404,
  "token0_debtVal": 31162906.836469308,
  "token0_debtValUSD": 31164054.87795716,
  "token1_symbol": "WBNB",
  "token1_decimals": 18,
  "token1": 0,
  "token1_liquidity": 277287.1363053645,
  "token1_price": 515.35696546,
  "token1_posVal": 160699.8051799966,
  "token1_posValUSD": 82817763.94757622,
  "token1_debtVal": 100717.10258251162,
  "token1_debtValUSD": 51905260.35684671,
  "liquidity": 285458895.03726804,
  "tvl": 0,
  "health": 131917466.49956027,
  "debt": 83069315.23480387,
  "leverage": 2.700562111031985,
  "workerPositions": [
    {
      "name": "USDT-WBNB PancakeswapWorker",
      "address": "0x41867cc58aece8B570FF1A2a8aa6149014D2a94C",
      "vault": "ibWBNB",
      "borrowToken": "WBNB",
      "posVal": 160699.8051799966,
      "posValUSD": 82817763.94757622,
      "debtVal": 100717.10258251162,
      "debtValUSD": 51905260.35684671
    },
    {
      "name": "WBNB-USDT PancakeswapWorker",
      "address": "0x81b6534f4F7ba45Ecf98295Cef1450B4a4FC81Cd",
      "vault": "ibUSDT",
      "borrowToken": "USDT",
      "posVal": 49097893.785576984,
      "posValUSD": 49099702.55198404,
      "debtVal": 31162906.836469308,
      "debtValUSD": 31164054.87795716
    }
  ]
}