{
  "blockNo": 16225599,
  "lpName": "USDT-WBNB LP",
  "lpTokens": 0,
  "token0_symbol": "USDT",
  "token0_decimals": 18,
  "token0": 0,
  "token0_liquidity": 125054811.17550749,
  "token0_price": 1.00041382,
  "token0_posVal": 47692294.49247278,
  "token0_posValUSD": 47712030.517779656,
  "token0_debtVal": 25214321.67968105,
  "token0_debtValUSD": 25224755.870278534,
  "token1_symbol": "WBNB",
  "token1_decimals": 18,
  "token1": 0,
  "token1_liquidity": 319436.1476428507,
  "token1_price": 391.62585087,
  "token1_posVal": 178749.702599298,
  "token1_posValUSD": 70003004.37320954,
  "token1_debtVal": 111028.68419133715,
  "token1_debtValUSD": 43481702.91740893,
  "liquidity": 250206014.4767345,
  "tvl": 0,
  "health": 117715034.89098918,
  "debt": 68706458.78768747,
  "leverage": 2.4019272594834415,
  "workerPositions": [
    {
      "name": "USDT-WBNB PancakeswapWorker",
      "address": "0x41867cc58aece8B570FF1A2a8aa6149014D2a94C",
      "vault": "ibWBNB",
      "borrowToken": "WBNB",
      "posVal": 178749.702599298,
      "posValUSD": 70003004.37320954,
      "debtVal": 111028.68419133715,
      "debtValUSD": 43481702.91740893
    },
    {
      "name": "WBNB-USDT PancakeswapWorker",
      "address": "0x81b6534f4F7ba45Ecf98295Cef1450B4a4FC81Cd",
      "vault": "ibUSDT",
      "borrowToken": "USDT",
      "posVal": 47692294.49247278,
      "posValUSD": 47712030.517779656,
      "debtVal": 25214321.67968105,
      "debtValUSD": 25224755.870278534
    }
  ]
}