{
  "blockNo": 13666915,
  "lpName": "USDT-WBNB LP",
  "lpTokens": 0,
  "token0_symbol": "USDT",
  "token0_decimals": 18,
  "token0": 0,
  "token0_liquidity": 144619166.538037,
  "token0_price": 1,
  "token0_posVal": 49892998.18715618,
  "token0_posValUSD": 49892998.18715618,
  "token0_debtVal": 31234979.739898,
  "token0_debtValUSD": 31234979.739898,
  "token1_symbol": "WBNB",
  "token1_decimals": 18,
  "token1": 0,
  "token1_liquidity": 272239.49021617975,
  "token1_price": 531.36,
  "token1_posVal": 151240.37883295031,
  "token1_posValUSD": 80363087.69667648,
  "token1_debtVal": 96105.54546273217,
  "token1_debtValUSD": 51066642.63707737,
  "liquidity": 289276342.05930626,
  "tvl": 0,
  "health": 130256085.88383266,
  "debt": 82301622.37697537,
  "leverage": 2.7162452951893954,
  "workerPositions": [
    {
      "name": "USDT-WBNB PancakeswapWorker",
      "address": "0x41867cc58aece8B570FF1A2a8aa6149014D2a94C",
      "vault": "ibWBNB",
      "borrowToken": "WBNB",
      "posVal": 151240.37883295031,
      "posValUSD": 80363087.69667648,
      "debtVal": 96105.54546273217,
      "debtValUSD": 51066642.63707737
    },
    {
      "name": "WBNB-USDT PancakeswapWorker",
      "address": "0x81b6534f4F7ba45Ecf98295Cef1450B4a4FC81Cd",
      "vault": "ibUSDT",
      "borrowToken": "USDT",
      "posVal": 49892998.18715618,
      "posValUSD": 49892998.18715618,
      "debtVal": 31234979.739898,
      "debtValUSD": 31234979.739898
    }
  ]
}