{
  "blockNo": 12537611,
  "lpName": "USDT-WBNB LP",
  "lpTokens": 0,
  "token0_symbol": "USDT",
  "token0_decimals": 18,
  "token0": 0,
  "token0_liquidity": 149790632.14501375,
  "token0_price": 1.0000673,
  "token0_posVal": 52994066.88264924,
  "token0_posValUSD": 52997633.38335045,
  "token0_debtVal": 30777494.090776917,
  "token0_debtValUSD": 30779565.416129224,
  "token1_symbol": "WBNB",
  "token1_decimals": 18,
  "token1": 0,
  "token1_liquidity": 233337.5005752273,
  "token1_price": 642.65883672,
  "token1_posVal": 127863.24253707807,
  "token1_posValUSD": 82172442.70812581,
  "token1_debtVal": 90164.97856940769,
  "token1_debtValUSD": 57945320.24029927,
  "liquidity": 299757119.73738503,
  "tvl": 0,
  "health": 135170076.09147626,
  "debt": 88724885.65642849,
  "leverage": 2.910313744552466,
  "workerPositions": [
    {
      "name": "USDT-WBNB PancakeswapWorker",
      "address": "0x41867cc58aece8B570FF1A2a8aa6149014D2a94C",
      "vault": "ibWBNB",
      "borrowToken": "WBNB",
      "posVal": 127863.24253707807,
      "posValUSD": 82172442.70812581,
      "debtVal": 90164.97856940769,
      "debtValUSD": 57945320.24029927
    },
    {
      "name": "WBNB-USDT PancakeswapWorker",
      "address": "0x81b6534f4F7ba45Ecf98295Cef1450B4a4FC81Cd",
      "vault": "ibUSDT",
      "borrowToken": "USDT",
      "posVal": 52994066.88264924,
      "posValUSD": 52997633.38335045,
      "debtVal": 30777494.090776917,
      "debtValUSD": 30779565.416129224
    }
  ]
}