{
  "blockNo": 14282243,
  "lpName": "USDT-WBNB LP",
  "lpTokens": 0,
  "token0_symbol": "USDT",
  "token0_decimals": 18,
  "token0": 0,
  "token0_liquidity": 110103879.9237151,
  "token0_price": 1.00004646,
  "token0_posVal": 32343646.483244818,
  "token0_posValUSD": 32345149.16906043,
  "token0_debtVal": 19680117.10909594,
  "token0_debtValUSD": 19681031.44733683,
  "token1_symbol": "WBNB",
  "token1_decimals": 18,
  "token1": 0,
  "token1_liquidity": 238988.58154471725,
  "token1_price": 460.55141103,
  "token1_posVal": 107861.1302635697,
  "token1_posValUSD": 49675595.738177665,
  "token1_debtVal": 65468.633886877724,
  "token1_debtValUSD": 30151671.71480801,
  "liquidity": 220175523.8004541,
  "tvl": 0,
  "health": 82020744.9072381,
  "debt": 49832703.16214484,
  "leverage": 2.5481744293978785,
  "workerPositions": [
    {
      "name": "USDT-WBNB PancakeswapWorker",
      "address": "0x41867cc58aece8B570FF1A2a8aa6149014D2a94C",
      "vault": "ibWBNB",
      "borrowToken": "WBNB",
      "posVal": 107861.1302635697,
      "posValUSD": 49675595.738177665,
      "debtVal": 65468.633886877724,
      "debtValUSD": 30151671.71480801
    },
    {
      "name": "WBNB-USDT PancakeswapWorker",
      "address": "0x81b6534f4F7ba45Ecf98295Cef1450B4a4FC81Cd",
      "vault": "ibUSDT",
      "borrowToken": "USDT",
      "posVal": 32343646.483244818,
      "posValUSD": 32345149.16906043,
      "debtVal": 19680117.10909594,
      "debtValUSD": 19681031.44733683
    }
  ]
}