{
  "blockNo": 15640418,
  "lpName": "USDT-WBNB LP",
  "lpTokens": 0,
  "token0_symbol": "USDT",
  "token0_decimals": 18,
  "token0": 0,
  "token0_liquidity": 121853828.73646182,
  "token0_price": 1.00044764,
  "token0_posVal": 44556725.54398037,
  "token0_posValUSD": 44576670.91660287,
  "token0_debtVal": 27621637.043068342,
  "token0_debtValUSD": 27634001.5926743,
  "token1_symbol": "WBNB",
  "token1_decimals": 18,
  "token1": 0,
  "token1_liquidity": 334753.83175116807,
  "token1_price": 363.99632223,
  "token1_posVal": 203147.50038007792,
  "token1_posValUSD": 73944943.00856589,
  "token1_debtVal": 120885.7089438076,
  "token1_debtValUSD": 44001953.46571218,
  "liquidity": 243757538.99418277,
  "tvl": 0,
  "health": 118521613.92516875,
  "debt": 71635955.05838647,
  "leverage": 2.527886283136769,
  "workerPositions": [
    {
      "name": "USDT-WBNB PancakeswapWorker",
      "address": "0x41867cc58aece8B570FF1A2a8aa6149014D2a94C",
      "vault": "ibWBNB",
      "borrowToken": "WBNB",
      "posVal": 203147.50038007792,
      "posValUSD": 73944943.00856589,
      "debtVal": 120885.7089438076,
      "debtValUSD": 44001953.46571218
    },
    {
      "name": "WBNB-USDT PancakeswapWorker",
      "address": "0x81b6534f4F7ba45Ecf98295Cef1450B4a4FC81Cd",
      "vault": "ibUSDT",
      "borrowToken": "USDT",
      "posVal": 44556725.54398037,
      "posValUSD": 44576670.91660287,
      "debtVal": 27621637.043068342,
      "debtValUSD": 27634001.5926743
    }
  ]
}