{
  "blockNo": 13245526,
  "lpName": "USDT-WBNB LP",
  "lpTokens": 0,
  "token0_symbol": "USDT",
  "token0_decimals": 18,
  "token0": 0,
  "token0_liquidity": 141446912.63510063,
  "token0_price": 1.00127789,
  "token0_posVal": 51483348.25278599,
  "token0_posValUSD": 51549138.30868474,
  "token0_debtVal": 31582350.606915362,
  "token0_debtValUSD": 31622709.37693243,
  "token1_symbol": "WBNB",
  "token1_decimals": 18,
  "token1": 0,
  "token1_liquidity": 254765.8235583135,
  "token1_price": 556.21914099,
  "token1_posVal": 143434.52583024028,
  "token1_posValUSD": 79781028.74560422,
  "token1_debtVal": 92348.41846919601,
  "token1_debtValUSD": 51365957.99272126,
  "liquidity": 283333293.76350296,
  "tvl": 0,
  "health": 131330167.05428895,
  "debt": 82988667.36965369,
  "leverage": 2.7167168563459065,
  "workerPositions": [
    {
      "name": "USDT-WBNB PancakeswapWorker",
      "address": "0x41867cc58aece8B570FF1A2a8aa6149014D2a94C",
      "vault": "ibWBNB",
      "borrowToken": "WBNB",
      "posVal": 143434.52583024028,
      "posValUSD": 79781028.74560422,
      "debtVal": 92348.41846919601,
      "debtValUSD": 51365957.99272126
    },
    {
      "name": "WBNB-USDT PancakeswapWorker",
      "address": "0x81b6534f4F7ba45Ecf98295Cef1450B4a4FC81Cd",
      "vault": "ibUSDT",
      "borrowToken": "USDT",
      "posVal": 51483348.25278599,
      "posValUSD": 51549138.30868474,
      "debtVal": 31582350.606915362,
      "debtValUSD": 31622709.37693243
    }
  ]
}