{
  "blockNo": 12616710,
  "lpName": "USDT-WBNB LP",
  "lpTokens": 0,
  "token0_symbol": "USDT",
  "token0_decimals": 18,
  "token0": 0,
  "token0_liquidity": 152377159.71671233,
  "token0_price": 1.00014833,
  "token0_posVal": 54048274.14786881,
  "token0_posValUSD": 54056291.12837317,
  "token0_debtVal": 31483766.480180126,
  "token0_debtValUSD": 31488436.46726213,
  "token1_symbol": "WBNB",
  "token1_decimals": 18,
  "token1": 0,
  "token1_liquidity": 236819.82708620757,
  "token1_price": 643.87192455,
  "token1_posVal": 128758.43873448668,
  "token1_posValUSD": 82903943.75002721,
  "token1_debtVal": 90868.23406916893,
  "token1_debtValUSD": 58507504.75057568,
  "liquidity": 304881399.6584078,
  "tvl": 0,
  "health": 136960234.8784004,
  "debt": 89995941.21783781,
  "leverage": 2.916263062919443,
  "workerPositions": [
    {
      "name": "USDT-WBNB PancakeswapWorker",
      "address": "0x41867cc58aece8B570FF1A2a8aa6149014D2a94C",
      "vault": "ibWBNB",
      "borrowToken": "WBNB",
      "posVal": 128758.43873448668,
      "posValUSD": 82903943.75002721,
      "debtVal": 90868.23406916893,
      "debtValUSD": 58507504.75057568
    },
    {
      "name": "WBNB-USDT PancakeswapWorker",
      "address": "0x81b6534f4F7ba45Ecf98295Cef1450B4a4FC81Cd",
      "vault": "ibUSDT",
      "borrowToken": "USDT",
      "posVal": 54048274.14786881,
      "posValUSD": 54056291.12837317,
      "debtVal": 31483766.480180126,
      "debtValUSD": 31488436.46726213
    }
  ]
}