{
  "blockNo": 10414307,
  "lpName": "USDT-WBNB LP",
  "lpTokens": 0,
  "token0_symbol": "USDT",
  "token0_decimals": 18,
  "token0": 0,
  "token0_liquidity": 142846651.1074144,
  "token0_price": 1.00045855,
  "token0_posVal": 53959749.830545835,
  "token0_posValUSD": 53984493.073830634,
  "token0_debtVal": 29048965.58719032,
  "token0_debtValUSD": 29062285.990360327,
  "token1_symbol": "WBNB",
  "token1_decimals": 18,
  "token1": 0,
  "token1_liquidity": 293046.5872542804,
  "token1_price": 487.84969507,
  "token1_posVal": 114343.36599444239,
  "token1_posValUSD": 55782376.23366612,
  "token1_debtVal": 76426.12328833126,
  "token1_debtValUSD": 37284460.94159463,
  "liquidity": 285874841.67258453,
  "tvl": 0,
  "health": 109766869.30749676,
  "debt": 66346746.93195496,
  "leverage": 2.528018423304296,
  "workerPositions": [
    {
      "name": "USDT-WBNB PancakeswapWorker",
      "address": "0x41867cc58aece8B570FF1A2a8aa6149014D2a94C",
      "vault": "ibWBNB",
      "borrowToken": "WBNB",
      "posVal": 114343.36599444239,
      "posValUSD": 55782376.23366612,
      "debtVal": 76426.12328833126,
      "debtValUSD": 37284460.94159463
    },
    {
      "name": "WBNB-USDT PancakeswapWorker",
      "address": "0x81b6534f4F7ba45Ecf98295Cef1450B4a4FC81Cd",
      "vault": "ibUSDT",
      "borrowToken": "USDT",
      "posVal": 53959749.830545835,
      "posValUSD": 53984493.073830634,
      "debtVal": 29048965.58719032,
      "debtValUSD": 29062285.990360327
    }
  ]
}