{
  "blockNo": 10504409,
  "lpName": "USDT-WBNB LP",
  "lpTokens": 0,
  "token0_symbol": "USDT",
  "token0_decimals": 18,
  "token0": 0,
  "token0_liquidity": 131090753.49530528,
  "token0_price": 1.00061457,
  "token0_posVal": 58820808.1482215,
  "token0_posValUSD": 58856957.65228515,
  "token0_debtVal": 32414600.088120658,
  "token0_debtValUSD": 32434521.128896814,
  "token1_symbol": "WBNB",
  "token1_decimals": 18,
  "token1": 0,
  "token1_liquidity": 283394.30586924375,
  "token1_price": 462.53165227,
  "token1_posVal": 126489.73743279187,
  "token1_posValUSD": 58505507.24998769,
  "token1_debtVal": 81573.07138790797,
  "token1_debtValUSD": 37730127.489787735,
  "liquidity": 262250154.47729194,
  "tvl": 0,
  "health": 117362464.90227285,
  "debt": 70164648.61868455,
  "leverage": 2.486607943831552,
  "workerPositions": [
    {
      "name": "USDT-WBNB PancakeswapWorker",
      "address": "0x41867cc58aece8B570FF1A2a8aa6149014D2a94C",
      "vault": "ibWBNB",
      "borrowToken": "WBNB",
      "posVal": 126489.73743279187,
      "posValUSD": 58505507.24998769,
      "debtVal": 81573.07138790797,
      "debtValUSD": 37730127.489787735
    },
    {
      "name": "WBNB-USDT PancakeswapWorker",
      "address": "0x81b6534f4F7ba45Ecf98295Cef1450B4a4FC81Cd",
      "vault": "ibUSDT",
      "borrowToken": "USDT",
      "posVal": 58820808.1482215,
      "posValUSD": 58856957.65228515,
      "debtVal": 32414600.088120658,
      "debtValUSD": 32434521.128896814
    }
  ]
}