{
  "blockNo": 11492837,
  "lpName": "USDT-WBNB LP",
  "lpTokens": 0,
  "token0_symbol": "USDT",
  "token0_decimals": 18,
  "token0": 0,
  "token0_liquidity": 87620568.78189926,
  "token0_price": 1.00024067,
  "token0_posVal": 36321175.883254245,
  "token0_posValUSD": 36329917.30065407,
  "token0_debtVal": 21936982.699483942,
  "token0_debtValUSD": 21942262.273110226,
  "token1_symbol": "WBNB",
  "token1_decimals": 18,
  "token1": 0,
  "token1_liquidity": 205397.7390077067,
  "token1_price": 426.43553296,
  "token1_posVal": 127363.82373316557,
  "token1_posValUSD": 54312460.05347595,
  "token1_debtVal": 80935.0771522804,
  "token1_debtValUSD": 34513592.76059141,
  "liquidity": 175230550.72671837,
  "tvl": 0,
  "health": 90642377.35413003,
  "debt": 56455855.033701636,
  "leverage": 2.651406788457276,
  "workerPositions": [
    {
      "name": "USDT-WBNB PancakeswapWorker",
      "address": "0x41867cc58aece8B570FF1A2a8aa6149014D2a94C",
      "vault": "ibWBNB",
      "borrowToken": "WBNB",
      "posVal": 127363.82373316557,
      "posValUSD": 54312460.05347595,
      "debtVal": 80935.0771522804,
      "debtValUSD": 34513592.76059141
    },
    {
      "name": "WBNB-USDT PancakeswapWorker",
      "address": "0x81b6534f4F7ba45Ecf98295Cef1450B4a4FC81Cd",
      "vault": "ibUSDT",
      "borrowToken": "USDT",
      "posVal": 36321175.883254245,
      "posValUSD": 36329917.30065407,
      "debtVal": 21936982.699483942,
      "debtValUSD": 21942262.273110226
    }
  ]
}