{
  "blockNo": 14494723,
  "lpName": "USDT-WBNB LP",
  "lpTokens": 0,
  "token0_symbol": "USDT",
  "token0_decimals": 18,
  "token0": 0,
  "token0_liquidity": 82330568.62740788,
  "token0_price": 1.00033487,
  "token0_posVal": 28482663.468897745,
  "token0_posValUSD": 28492201.45841358,
  "token0_debtVal": 17586306.778066937,
  "token0_debtValUSD": 17592195.90461771,
  "token1_symbol": "WBNB",
  "token1_decimals": 18,
  "token1": 0,
  "token1_liquidity": 178315.07368496037,
  "token1_price": 462.38366833,
  "token1_posVal": 103205.8925014721,
  "token1_posValUSD": 47720719.16810231,
  "token1_debtVal": 66084.30581365971,
  "token1_debtValUSD": 30556303.74116152,
  "liquidity": 164808116.55391037,
  "tvl": 0,
  "health": 76212920.6265159,
  "debt": 48148499.64577923,
  "leverage": 2.715642010887316,
  "workerPositions": [
    {
      "name": "USDT-WBNB PancakeswapWorker",
      "address": "0x41867cc58aece8B570FF1A2a8aa6149014D2a94C",
      "vault": "ibWBNB",
      "borrowToken": "WBNB",
      "posVal": 103205.8925014721,
      "posValUSD": 47720719.16810231,
      "debtVal": 66084.30581365971,
      "debtValUSD": 30556303.74116152
    },
    {
      "name": "WBNB-USDT PancakeswapWorker",
      "address": "0x81b6534f4F7ba45Ecf98295Cef1450B4a4FC81Cd",
      "vault": "ibUSDT",
      "borrowToken": "USDT",
      "posVal": 28482663.468897745,
      "posValUSD": 28492201.45841358,
      "debtVal": 17586306.778066937,
      "debtValUSD": 17592195.90461771
    }
  ]
}