{
  "blockNo": 12709443,
  "lpName": "USDT-WBNB LP",
  "lpTokens": 0,
  "token0_symbol": "USDT",
  "token0_decimals": 18,
  "token0": 0,
  "token0_liquidity": 142609396.83701888,
  "token0_price": 1.00029671,
  "token0_posVal": 52562589.77971821,
  "token0_posValUSD": 52578185.62573175,
  "token0_debtVal": 31235006.209976323,
  "token0_debtValUSD": 31244273.948668886,
  "token1_symbol": "WBNB",
  "token1_decimals": 18,
  "token1": 0,
  "token1_liquidity": 241798.9581262845,
  "token1_price": 590.66621765,
  "token1_posVal": 137856.29292367218,
  "token1_posValUSD": 81427055.12047592,
  "token1_debtVal": 92759.72978792101,
  "token1_debtValUSD": 54790038.74406734,
  "liquidity": 285474186.4993176,
  "tvl": 0,
  "health": 134005240.74620767,
  "debt": 86034312.69273622,
  "leverage": 2.7934677560716965,
  "workerPositions": [
    {
      "name": "USDT-WBNB PancakeswapWorker",
      "address": "0x41867cc58aece8B570FF1A2a8aa6149014D2a94C",
      "vault": "ibWBNB",
      "borrowToken": "WBNB",
      "posVal": 137856.29292367218,
      "posValUSD": 81427055.12047592,
      "debtVal": 92759.72978792101,
      "debtValUSD": 54790038.74406734
    },
    {
      "name": "WBNB-USDT PancakeswapWorker",
      "address": "0x81b6534f4F7ba45Ecf98295Cef1450B4a4FC81Cd",
      "vault": "ibUSDT",
      "borrowToken": "USDT",
      "posVal": 52562589.77971821,
      "posValUSD": 52578185.62573175,
      "debtVal": 31235006.209976323,
      "debtValUSD": 31244273.948668886
    }
  ]
}