{
  "blockNo": 14799962,
  "lpName": "USDT-WBNB LP",
  "lpTokens": 0,
  "token0_symbol": "USDT",
  "token0_decimals": 18,
  "token0": 0,
  "token0_liquidity": 102699469.23927836,
  "token0_price": 1.0004,
  "token0_posVal": 38239410.45952237,
  "token0_posValUSD": 38254706.22370617,
  "token0_debtVal": 23210097.015864838,
  "token0_debtValUSD": 23219381.054671183,
  "token1_symbol": "WBNB",
  "token1_decimals": 18,
  "token1": 0,
  "token1_liquidity": 264142.97905227257,
  "token1_price": 389.34054224,
  "token1_posVal": 124984.26538340136,
  "token1_posValUSD": 48661441.655841544,
  "token1_debtVal": 76453.77232025942,
  "token1_debtValUSD": 29766553.171463303,
  "liquidity": 205582119.72007483,
  "tvl": 0,
  "health": 86916147.87954772,
  "debt": 52985934.22613449,
  "leverage": 2.5616151070361544,
  "workerPositions": [
    {
      "name": "USDT-WBNB PancakeswapWorker",
      "address": "0x41867cc58aece8B570FF1A2a8aa6149014D2a94C",
      "vault": "ibWBNB",
      "borrowToken": "WBNB",
      "posVal": 124984.26538340136,
      "posValUSD": 48661441.655841544,
      "debtVal": 76453.77232025942,
      "debtValUSD": 29766553.171463303
    },
    {
      "name": "WBNB-USDT PancakeswapWorker",
      "address": "0x81b6534f4F7ba45Ecf98295Cef1450B4a4FC81Cd",
      "vault": "ibUSDT",
      "borrowToken": "USDT",
      "posVal": 38239410.45952237,
      "posValUSD": 38254706.22370617,
      "debtVal": 23210097.015864838,
      "debtValUSD": 23219381.054671183
    }
  ]
}