{
  "blockNo": 12802962,
  "lpName": "USDT-WBNB LP",
  "lpTokens": 0,
  "token0_symbol": "USDT",
  "token0_decimals": 18,
  "token0": 0,
  "token0_liquidity": 148091748.94478124,
  "token0_price": 1.00166629,
  "token0_posVal": 57247644.51947154,
  "token0_posValUSD": 57343035.69705789,
  "token0_debtVal": 33177926.29549347,
  "token0_debtValUSD": 33233210.342300385,
  "token1_symbol": "WBNB",
  "token1_decimals": 18,
  "token1": 0,
  "token1_liquidity": 254124.24278407628,
  "token1_price": 583.17263016,
  "token1_posVal": 147181.01278611535,
  "token1_posValUSD": 85831938.33609149,
  "token1_debtVal": 98423.84320742208,
  "token1_debtValUSD": 57398091.513727784,
  "liquidity": 296536815.79693866,
  "tvl": 0,
  "health": 143174974.03314936,
  "debt": 90631301.85602817,
  "leverage": 2.7248756720032077,
  "workerPositions": [
    {
      "name": "USDT-WBNB PancakeswapWorker",
      "address": "0x41867cc58aece8B570FF1A2a8aa6149014D2a94C",
      "vault": "ibWBNB",
      "borrowToken": "WBNB",
      "posVal": 147181.01278611535,
      "posValUSD": 85831938.33609149,
      "debtVal": 98423.84320742208,
      "debtValUSD": 57398091.513727784
    },
    {
      "name": "WBNB-USDT PancakeswapWorker",
      "address": "0x81b6534f4F7ba45Ecf98295Cef1450B4a4FC81Cd",
      "vault": "ibUSDT",
      "borrowToken": "USDT",
      "posVal": 57247644.51947154,
      "posValUSD": 57343035.69705789,
      "debtVal": 33177926.29549347,
      "debtValUSD": 33233210.342300385
    }
  ]
}