{
  "blockNo": 15010931,
  "lpName": "USDT-WBNB LP",
  "lpTokens": 0,
  "token0_symbol": "USDT",
  "token0_decimals": 18,
  "token0": 0,
  "token0_liquidity": 102682418.59916882,
  "token0_price": 1.00062296,
  "token0_posVal": 40843656.37250093,
  "token0_posValUSD": 40869100.33667475,
  "token0_debtVal": 23825654.949407313,
  "token0_debtValUSD": 23840497.379414596,
  "token1_symbol": "WBNB",
  "token1_decimals": 18,
  "token1": 0,
  "token1_liquidity": 247182.62252444003,
  "token1_price": 415.8174504,
  "token1_posVal": 120894.2484054091,
  "token1_posValUSD": 50269938.13996147,
  "token1_debtVal": 76011.55338798363,
  "token1_debtValUSD": 31606930.330734834,
  "liquidity": 205529233.51995763,
  "tvl": 0,
  "health": 91139038.47663623,
  "debt": 55447427.71014943,
  "leverage": 2.5535142998424902,
  "workerPositions": [
    {
      "name": "USDT-WBNB PancakeswapWorker",
      "address": "0x41867cc58aece8B570FF1A2a8aa6149014D2a94C",
      "vault": "ibWBNB",
      "borrowToken": "WBNB",
      "posVal": 120894.2484054091,
      "posValUSD": 50269938.13996147,
      "debtVal": 76011.55338798363,
      "debtValUSD": 31606930.330734834
    },
    {
      "name": "WBNB-USDT PancakeswapWorker",
      "address": "0x81b6534f4F7ba45Ecf98295Cef1450B4a4FC81Cd",
      "vault": "ibUSDT",
      "borrowToken": "USDT",
      "posVal": 40843656.37250093,
      "posValUSD": 40869100.33667475,
      "debtVal": 23825654.949407313,
      "debtValUSD": 23840497.379414596
    }
  ]
}