{
  "blockNo": 10463103,
  "lpName": "USDT-WBNB LP",
  "lpTokens": 0,
  "token0_symbol": "USDT",
  "token0_decimals": 18,
  "token0": 0,
  "token0_liquidity": 144815604.10468838,
  "token0_price": 1.00085489,
  "token0_posVal": 54437272.40586306,
  "token0_posValUSD": 54483810.28567011,
  "token0_debtVal": 29549415.80209646,
  "token0_debtValUSD": 29574677.302171517,
  "token1_symbol": "WBNB",
  "token1_decimals": 18,
  "token1": 0,
  "token1_liquidity": 299947.26061073184,
  "token1_price": 482.36192763,
  "token1_posVal": 121864.78749911634,
  "token1_posValUSD": 58782933.80829409,
  "token1_debtVal": 80432.51263597442,
  "token1_debtValUSD": 38797581.839212954,
  "liquidity": 289622544.33201206,
  "tvl": 0,
  "health": 113266744.09396419,
  "debt": 68372259.14138447,
  "leverage": 2.5229545280139285,
  "workerPositions": [
    {
      "name": "USDT-WBNB PancakeswapWorker",
      "address": "0x41867cc58aece8B570FF1A2a8aa6149014D2a94C",
      "vault": "ibWBNB",
      "borrowToken": "WBNB",
      "posVal": 121864.78749911634,
      "posValUSD": 58782933.80829409,
      "debtVal": 80432.51263597442,
      "debtValUSD": 38797581.839212954
    },
    {
      "name": "WBNB-USDT PancakeswapWorker",
      "address": "0x81b6534f4F7ba45Ecf98295Cef1450B4a4FC81Cd",
      "vault": "ibUSDT",
      "borrowToken": "USDT",
      "posVal": 54437272.40586306,
      "posValUSD": 54483810.28567011,
      "debtVal": 29549415.80209646,
      "debtValUSD": 29574677.302171517
    }
  ]
}