{
  "blockNo": 18163396,
  "lpName": "USDT-WBNB LP",
  "lpTokens": 0,
  "token0_symbol": "USDT",
  "token0_decimals": 18,
  "token0": 0,
  "token0_liquidity": 117688323.70193174,
  "token0_price": 0.99914379,
  "token0_posVal": 29648620.823116716,
  "token0_posValUSD": 29623235.377481755,
  "token0_debtVal": 18201921.03147296,
  "token0_debtValUSD": 18186336.3646666,
  "token1_symbol": "WBNB",
  "token1_decimals": 18,
  "token1": 0,
  "token1_liquidity": 391739.6050733495,
  "token1_price": 300.37176738,
  "token1_posVal": 179513.3216394179,
  "token1_posValUSD": 53920733.689086355,
  "token1_debtVal": 91207.72474295346,
  "token1_debtValUSD": 27396225.479749486,
  "liquidity": 235255075.31092012,
  "tvl": 0,
  "health": 83543969.0665681,
  "debt": 45582561.84441608,
  "leverage": 2.20076059292704,
  "workerPositions": [
    {
      "name": "USDT-WBNB PancakeswapWorker",
      "address": "0x41867cc58aece8B570FF1A2a8aa6149014D2a94C",
      "vault": "ibWBNB",
      "borrowToken": "WBNB",
      "posVal": 179513.3216394179,
      "posValUSD": 53920733.689086355,
      "debtVal": 91207.72474295346,
      "debtValUSD": 27396225.479749486
    },
    {
      "name": "WBNB-USDT PancakeswapWorker",
      "address": "0x81b6534f4F7ba45Ecf98295Cef1450B4a4FC81Cd",
      "vault": "ibUSDT",
      "borrowToken": "USDT",
      "posVal": 29648620.823116716,
      "posValUSD": 29623235.377481755,
      "debtVal": 18201921.03147296,
      "debtValUSD": 18186336.3646666
    }
  ]
}