{
  "blockNo": 15734869,
  "lpName": "USDT-WBNB LP",
  "lpTokens": 0,
  "token0_symbol": "USDT",
  "token0_decimals": 18,
  "token0": 0,
  "token0_liquidity": 96036409.54563206,
  "token0_price": 1.00047984,
  "token0_posVal": 24243219.84508837,
  "token0_posValUSD": 24254852.711698834,
  "token0_debtVal": 13272714.1713408,
  "token0_debtValUSD": 13279082.950508775,
  "token1_symbol": "WBNB",
  "token1_decimals": 18,
  "token1": 0,
  "token1_liquidity": 236031.87531416462,
  "token1_price": 407.73766089,
  "token1_posVal": 174226.2349370277,
  "token1_posValUSD": 71038597.49889527,
  "token1_debtVal": 109612.98685159319,
  "token1_debtValUSD": 44693342.86203493,
  "liquidity": 192321576.39246604,
  "tvl": 0,
  "health": 95293450.2105941,
  "debt": 57972425.812543705,
  "leverage": 2.5533449777325004,
  "workerPositions": [
    {
      "name": "USDT-WBNB PancakeswapWorker",
      "address": "0x41867cc58aece8B570FF1A2a8aa6149014D2a94C",
      "vault": "ibWBNB",
      "borrowToken": "WBNB",
      "posVal": 174226.2349370277,
      "posValUSD": 71038597.49889527,
      "debtVal": 109612.98685159319,
      "debtValUSD": 44693342.86203493
    },
    {
      "name": "WBNB-USDT PancakeswapWorker",
      "address": "0x81b6534f4F7ba45Ecf98295Cef1450B4a4FC81Cd",
      "vault": "ibUSDT",
      "borrowToken": "USDT",
      "posVal": 24243219.84508837,
      "posValUSD": 24254852.711698834,
      "debtVal": 13272714.1713408,
      "debtValUSD": 13279082.950508775
    }
  ]
}