{
  "blockNo": 13788691,
  "lpName": "USDT-WBNB LP",
  "lpTokens": 0,
  "token0_symbol": "USDT",
  "token0_decimals": 18,
  "token0": 0,
  "token0_liquidity": 131257539.36793846,
  "token0_price": 1.00046124,
  "token0_posVal": 50031965.75387599,
  "token0_posValUSD": 50055042.4977603,
  "token0_debtVal": 30869461.700122196,
  "token0_debtValUSD": 30883699.93063676,
  "token1_symbol": "WBNB",
  "token1_decimals": 18,
  "token1": 0,
  "token1_liquidity": 240734.29105825172,
  "token1_price": 545.67742608,
  "token1_posVal": 148554.83397665204,
  "token1_posValUSD": 81063019.43612123,
  "token1_debtVal": 95621.37711316845,
  "token1_debtValUSD": 52178426.941338785,
  "liquidity": 262681348.90925688,
  "tvl": 0,
  "health": 131118061.93388152,
  "debt": 83062126.87197554,
  "leverage": 2.728446793616113,
  "workerPositions": [
    {
      "name": "USDT-WBNB PancakeswapWorker",
      "address": "0x41867cc58aece8B570FF1A2a8aa6149014D2a94C",
      "vault": "ibWBNB",
      "borrowToken": "WBNB",
      "posVal": 148554.83397665204,
      "posValUSD": 81063019.43612123,
      "debtVal": 95621.37711316845,
      "debtValUSD": 52178426.941338785
    },
    {
      "name": "WBNB-USDT PancakeswapWorker",
      "address": "0x81b6534f4F7ba45Ecf98295Cef1450B4a4FC81Cd",
      "vault": "ibUSDT",
      "borrowToken": "USDT",
      "posVal": 50031965.75387599,
      "posValUSD": 50055042.4977603,
      "debtVal": 30869461.700122196,
      "debtValUSD": 30883699.93063676
    }
  ]
}