{
  "blockNo": 18118214,
  "lpName": "USDT-WBNB LP",
  "lpTokens": 0,
  "token0_symbol": "USDT",
  "token0_decimals": 18,
  "token0": 0,
  "token0_liquidity": 121987357.45072962,
  "token0_price": 0.99910361,
  "token0_posVal": 30905802.257034395,
  "token0_posValUSD": 30878098.604949214,
  "token0_debtVal": 18204621.873068955,
  "token0_debtValUSD": 18188303.432068154,
  "token1_symbol": "WBNB",
  "token1_decimals": 18,
  "token1": 0,
  "token1_liquidity": 373470.98858731665,
  "token1_price": 326.58,
  "token1_posVal": 171182.62070188572,
  "token1_posValUSD": 55904820.268821836,
  "token1_debtVal": 90580.12993698331,
  "token1_debtValUSD": 29581658.83482001,
  "liquidity": 243846164.65623024,
  "tvl": 0,
  "health": 86782918.87377104,
  "debt": 47769962.266888164,
  "leverage": 2.224464035070347,
  "workerPositions": [
    {
      "name": "USDT-WBNB PancakeswapWorker",
      "address": "0x41867cc58aece8B570FF1A2a8aa6149014D2a94C",
      "vault": "ibWBNB",
      "borrowToken": "WBNB",
      "posVal": 171182.62070188572,
      "posValUSD": 55904820.268821836,
      "debtVal": 90580.12993698331,
      "debtValUSD": 29581658.83482001
    },
    {
      "name": "WBNB-USDT PancakeswapWorker",
      "address": "0x81b6534f4F7ba45Ecf98295Cef1450B4a4FC81Cd",
      "vault": "ibUSDT",
      "borrowToken": "USDT",
      "posVal": 30905802.257034395,
      "posValUSD": 30878098.604949214,
      "debtVal": 18204621.873068955,
      "debtValUSD": 18188303.432068154
    }
  ]
}