{
  "blockNo": 11679632,
  "lpName": "USDT-WBNB LP",
  "lpTokens": 0,
  "token0_symbol": "USDT",
  "token0_decimals": 18,
  "token0": 0,
  "token0_liquidity": 139385466.5124117,
  "token0_price": 1.00041,
  "token0_posVal": 53102682.70873378,
  "token0_posValUSD": 53124454.80864436,
  "token0_debtVal": 31784398.88834133,
  "token0_debtValUSD": 31797430.49188555,
  "token1_symbol": "WBNB",
  "token1_decimals": 18,
  "token1": 0,
  "token1_liquidity": 334776.4276222154,
  "token1_price": 415.78353856,
  "token1_posVal": 148179.63277823804,
  "token1_posValUSD": 61610652.059057176,
  "token1_debtVal": 92015.18115150604,
  "token1_debtValUSD": 38258397.620412596,
  "liquidity": 278637142.25692225,
  "tvl": 0,
  "health": 114735106.86770153,
  "debt": 70055828.11229815,
  "leverage": 2.567971329524333,
  "workerPositions": [
    {
      "name": "USDT-WBNB PancakeswapWorker",
      "address": "0x41867cc58aece8B570FF1A2a8aa6149014D2a94C",
      "vault": "ibWBNB",
      "borrowToken": "WBNB",
      "posVal": 148179.63277823804,
      "posValUSD": 61610652.059057176,
      "debtVal": 92015.18115150604,
      "debtValUSD": 38258397.620412596
    },
    {
      "name": "WBNB-USDT PancakeswapWorker",
      "address": "0x81b6534f4F7ba45Ecf98295Cef1450B4a4FC81Cd",
      "vault": "ibUSDT",
      "borrowToken": "USDT",
      "posVal": 53102682.70873378,
      "posValUSD": 53124454.80864436,
      "debtVal": 31784398.88834133,
      "debtValUSD": 31797430.49188555
    }
  ]
}