{
  "blockNo": 13937289,
  "lpName": "USDT-WBNB LP",
  "lpTokens": 0,
  "token0_symbol": "USDT",
  "token0_decimals": 18,
  "token0": 0,
  "token0_liquidity": 144751325.96222425,
  "token0_price": 1.00004355,
  "token0_posVal": 49265756.21979322,
  "token0_posValUSD": 49267901.74347659,
  "token0_debtVal": 31193304.73416202,
  "token0_debtValUSD": 31194663.202583194,
  "token1_symbol": "WBNB",
  "token1_decimals": 18,
  "token1": 0,
  "token1_liquidity": 280091.6767186449,
  "token1_price": 517.06991117,
  "token1_posVal": 161371.62727470326,
  "token1_posValUSD": 83440412.98028916,
  "token1_debtVal": 101379.28437835824,
  "token1_debtValUSD": 52420177.56799585,
  "liquidity": 289584608.28283596,
  "tvl": 0,
  "health": 132708314.72376576,
  "debt": 83614840.77057904,
  "leverage": 2.703176288773337,
  "workerPositions": [
    {
      "name": "USDT-WBNB PancakeswapWorker",
      "address": "0x41867cc58aece8B570FF1A2a8aa6149014D2a94C",
      "vault": "ibWBNB",
      "borrowToken": "WBNB",
      "posVal": 161371.62727470326,
      "posValUSD": 83440412.98028916,
      "debtVal": 101379.28437835824,
      "debtValUSD": 52420177.56799585
    },
    {
      "name": "WBNB-USDT PancakeswapWorker",
      "address": "0x81b6534f4F7ba45Ecf98295Cef1450B4a4FC81Cd",
      "vault": "ibUSDT",
      "borrowToken": "USDT",
      "posVal": 49265756.21979322,
      "posValUSD": 49267901.74347659,
      "debtVal": 31193304.73416202,
      "debtValUSD": 31194663.202583194
    }
  ]
}