{
  "blockNo": 9450578,
  "lpName": "USDT-WBNB LP",
  "lpTokens": 0,
  "token0_symbol": "USDT",
  "token0_decimals": 18,
  "token0": 0,
  "token0_liquidity": 106239222.28070715,
  "token0_price": 1.00074815,
  "token0_posVal": 29626664.865323573,
  "token0_posValUSD": 29648830.05464256,
  "token0_debtVal": 16918728.408932373,
  "token0_debtValUSD": 16931386.155591514,
  "token1_symbol": "WBNB",
  "token1_decimals": 18,
  "token1": 0,
  "token1_liquidity": 352866.35949000064,
  "token1_price": 301.95,
  "token1_posVal": 110959.63083144018,
  "token1_posValUSD": 33504260.52955336,
  "token1_debtVal": 64126.65845330263,
  "token1_debtValUSD": 19363044.51997473,
  "liquidity": 212866702.40286213,
  "tvl": 0,
  "health": 63153090.58419593,
  "debt": 36294430.67556624,
  "leverage": 2.3513120460602295,
  "workerPositions": [
    {
      "name": "USDT-WBNB PancakeswapWorker",
      "address": "0x41867cc58aece8B570FF1A2a8aa6149014D2a94C",
      "vault": "ibWBNB",
      "borrowToken": "WBNB",
      "posVal": 110959.63083144018,
      "posValUSD": 33504260.52955336,
      "debtVal": 64126.65845330263,
      "debtValUSD": 19363044.51997473
    },
    {
      "name": "WBNB-USDT PancakeswapWorker",
      "address": "0x81b6534f4F7ba45Ecf98295Cef1450B4a4FC81Cd",
      "vault": "ibUSDT",
      "borrowToken": "USDT",
      "posVal": 29626664.865323573,
      "posValUSD": 29648830.05464256,
      "debtVal": 16918728.408932373,
      "debtValUSD": 16931386.155591514
    }
  ]
}