{
  "blockNo": 18258637,
  "lpName": "USDT-WBNB LP",
  "lpTokens": 0,
  "token0_symbol": "USDT",
  "token0_decimals": 18,
  "token0": 0,
  "token0_liquidity": 92475628.48443131,
  "token0_price": 0.9993977,
  "token0_posVal": 29435123.29560832,
  "token0_posValUSD": 29417394.520847376,
  "token0_debtVal": 17656701.684685692,
  "token0_debtValUSD": 17646067.053261008,
  "token1_symbol": "WBNB",
  "token1_decimals": 18,
  "token1": 0,
  "token1_liquidity": 293638.847908474,
  "token1_price": 314.5911498,
  "token1_posVal": 11174.66471063678,
  "token1_posValUSD": 3515450.619948709,
  "token1_debtVal": 6535.689587887057,
  "token1_debtValUSD": 2056070.1021892773,
  "liquidity": 184796113.2028693,
  "tvl": 0,
  "health": 32932845.140796084,
  "debt": 19702137.155450284,
  "leverage": 2.4891219107301117,
  "workerPositions": [
    {
      "name": "USDT-WBNB PancakeswapWorker",
      "address": "0x41867cc58aece8B570FF1A2a8aa6149014D2a94C",
      "vault": "ibWBNB",
      "borrowToken": "WBNB",
      "posVal": 11174.66471063678,
      "posValUSD": 3515450.619948709,
      "debtVal": 6535.689587887057,
      "debtValUSD": 2056070.1021892773
    },
    {
      "name": "WBNB-USDT PancakeswapWorker",
      "address": "0x81b6534f4F7ba45Ecf98295Cef1450B4a4FC81Cd",
      "vault": "ibUSDT",
      "borrowToken": "USDT",
      "posVal": 29435123.29560832,
      "posValUSD": 29417394.520847376,
      "debtVal": 17656701.684685692,
      "debtValUSD": 17646067.053261008
    }
  ]
}