{
  "blockNo": 8857713,
  "lpName": "USDT-WBNB LP",
  "lpTokens": 0,
  "token0_symbol": "USDT",
  "token0_decimals": 18,
  "token0": 0,
  "token0_liquidity": 81735685.21594352,
  "token0_price": 1.0002,
  "token0_posVal": 30048074.459723223,
  "token0_posValUSD": 30054084.074615166,
  "token0_debtVal": 16601721.001544965,
  "token0_debtValUSD": 16605041.345745275,
  "token1_symbol": "WBNB",
  "token1_decimals": 18,
  "token1": 0,
  "token1_liquidity": 266394.1829978344,
  "token1_price": 306.77696766,
  "token1_posVal": 70253.59717651218,
  "token1_posValUSD": 21552185.509017546,
  "token1_debtVal": 42337.27482927655,
  "token1_debtValUSD": 12988100.791113503,
  "liquidity": 163475632.0153255,
  "tvl": 0,
  "health": 51606269.58363271,
  "debt": 29593142.136858776,
  "leverage": 2.344340653476556,
  "workerPositions": [
    {
      "name": "USDT-WBNB PancakeswapWorker",
      "address": "0x41867cc58aece8B570FF1A2a8aa6149014D2a94C",
      "vault": "ibWBNB",
      "borrowToken": "WBNB",
      "posVal": 70253.59717651218,
      "posValUSD": 21552185.509017546,
      "debtVal": 42337.27482927655,
      "debtValUSD": 12988100.791113503
    },
    {
      "name": "WBNB-USDT PancakeswapWorker",
      "address": "0x81b6534f4F7ba45Ecf98295Cef1450B4a4FC81Cd",
      "vault": "ibUSDT",
      "borrowToken": "USDT",
      "posVal": 30048074.459723223,
      "posValUSD": 30054084.074615166,
      "debtVal": 16601721.001544965,
      "debtValUSD": 16605041.345745275
    }
  ]
}