{
  "blockNo": 14142120,
  "lpName": "USDT-WBNB LP",
  "lpTokens": 0,
  "token0_symbol": "USDT",
  "token0_decimals": 18,
  "token0": 0,
  "token0_liquidity": 121137891.67235883,
  "token0_price": 0.99995135,
  "token0_posVal": 34637269.26265843,
  "token0_posValUSD": 34635584.1595088,
  "token0_debtVal": 21664958.634994697,
  "token0_debtValUSD": 21663904.634757105,
  "token1_symbol": "WBNB",
  "token1_decimals": 18,
  "token1": 0,
  "token1_liquidity": 256232.58652958815,
  "token1_price": 473.14,
  "token1_posVal": 108775.72778990754,
  "token1_posValUSD": 51466147.846516855,
  "token1_debtVal": 65361.33677776606,
  "token1_debtValUSD": 30925062.883032233,
  "liquidity": 242365884.3045383,
  "tvl": 0,
  "health": 86101732.00602566,
  "debt": 52588967.517789334,
  "leverage": 2.569222006028454,
  "workerPositions": [
    {
      "name": "USDT-WBNB PancakeswapWorker",
      "address": "0x41867cc58aece8B570FF1A2a8aa6149014D2a94C",
      "vault": "ibWBNB",
      "borrowToken": "WBNB",
      "posVal": 108775.72778990754,
      "posValUSD": 51466147.846516855,
      "debtVal": 65361.33677776606,
      "debtValUSD": 30925062.883032233
    },
    {
      "name": "WBNB-USDT PancakeswapWorker",
      "address": "0x81b6534f4F7ba45Ecf98295Cef1450B4a4FC81Cd",
      "vault": "ibUSDT",
      "borrowToken": "USDT",
      "posVal": 34637269.26265843,
      "posValUSD": 34635584.1595088,
      "debtVal": 21664958.634994697,
      "debtValUSD": 21663904.634757105
    }
  ]
}