{
  "blockNo": 13783895,
  "lpName": "USDT-WBNB LP",
  "lpTokens": 0,
  "token0_symbol": "USDT",
  "token0_decimals": 18,
  "token0": 0,
  "token0_liquidity": 131146553.6955989,
  "token0_price": 1.00046124,
  "token0_posVal": 50054430.57549311,
  "token0_posValUSD": 50077517.681051746,
  "token0_debtVal": 30867486.859586056,
  "token0_debtValUSD": 30881724.17922517,
  "token1_symbol": "WBNB",
  "token1_decimals": 18,
  "token1": 0,
  "token1_liquidity": 240277.2257422238,
  "token1_price": 546.70507714,
  "token1_posVal": 148458.70432545093,
  "token1_posValUSD": 81163127.4003501,
  "token1_debtVal": 95613.45869359415,
  "token1_debtValUSD": 52272363.31070359,
  "liquidity": 262567822.96641308,
  "tvl": 0,
  "health": 131240645.08140184,
  "debt": 83154087.48992875,
  "leverage": 2.7292584800179998,
  "workerPositions": [
    {
      "name": "USDT-WBNB PancakeswapWorker",
      "address": "0x41867cc58aece8B570FF1A2a8aa6149014D2a94C",
      "vault": "ibWBNB",
      "borrowToken": "WBNB",
      "posVal": 148458.70432545093,
      "posValUSD": 81163127.4003501,
      "debtVal": 95613.45869359415,
      "debtValUSD": 52272363.31070359
    },
    {
      "name": "WBNB-USDT PancakeswapWorker",
      "address": "0x81b6534f4F7ba45Ecf98295Cef1450B4a4FC81Cd",
      "vault": "ibUSDT",
      "borrowToken": "USDT",
      "posVal": 50054430.57549311,
      "posValUSD": 50077517.681051746,
      "debtVal": 30867486.859586056,
      "debtValUSD": 30881724.17922517
    }
  ]
}