{
  "blockNo": 9835816,
  "lpName": "USDT-WBNB LP",
  "lpTokens": 0,
  "token0_symbol": "USDT",
  "token0_decimals": 18,
  "token0": 0,
  "token0_liquidity": 136020569.74088383,
  "token0_price": 1.00054703,
  "token0_posVal": 30267359.874271754,
  "token0_posValUSD": 30283917.028143775,
  "token0_debtVal": 16515601.896052593,
  "token0_debtValUSD": 16524636.42575779,
  "token1_symbol": "WBNB",
  "token1_decimals": 18,
  "token1": 0,
  "token1_liquidity": 388465.77617896715,
  "token1_price": 351.97924175,
  "token1_posVal": 96763.50262045303,
  "token1_posValUSD": 34058744.2814212,
  "token1_debtVal": 60668.48829708642,
  "token1_debtValUSD": 21354048.50892723,
  "liquidity": 272826866.41844726,
  "tvl": 0,
  "health": 64342661.30956498,
  "debt": 37878684.93468502,
  "leverage": 2.4313300615942244,
  "workerPositions": [
    {
      "name": "USDT-WBNB PancakeswapWorker",
      "address": "0x41867cc58aece8B570FF1A2a8aa6149014D2a94C",
      "vault": "ibWBNB",
      "borrowToken": "WBNB",
      "posVal": 96763.50262045303,
      "posValUSD": 34058744.2814212,
      "debtVal": 60668.48829708642,
      "debtValUSD": 21354048.50892723
    },
    {
      "name": "WBNB-USDT PancakeswapWorker",
      "address": "0x81b6534f4F7ba45Ecf98295Cef1450B4a4FC81Cd",
      "vault": "ibUSDT",
      "borrowToken": "USDT",
      "posVal": 30267359.874271754,
      "posValUSD": 30283917.028143775,
      "debtVal": 16515601.896052593,
      "debtValUSD": 16524636.42575779
    }
  ]
}