{
  "blockNo": 15779127,
  "lpName": "USDT-WBNB LP",
  "lpTokens": 0,
  "token0_symbol": "USDT",
  "token0_decimals": 18,
  "token0": 0,
  "token0_liquidity": 94531966.32627578,
  "token0_price": 1.00022297,
  "token0_posVal": 22329089.27061271,
  "token0_posValUSD": 22334067.987647377,
  "token0_debtVal": 12685864.492278786,
  "token0_debtValUSD": 12688693.05948463,
  "token1_symbol": "WBNB",
  "token1_decimals": 18,
  "token1": 0,
  "token1_liquidity": 252100.72804347533,
  "token1_price": 374.61289296,
  "token1_posVal": 181537.10466584735,
  "token1_posValUSD": 68006139.9584554,
  "token1_debtVal": 109670.63544342743,
  "token1_debtValUSD": 41084034.01622386,
  "liquidity": 188993227.16849607,
  "tvl": 0,
  "health": 90340207.94610277,
  "debt": 53772727.07570849,
  "leverage": 2.4705067397531315,
  "workerPositions": [
    {
      "name": "USDT-WBNB PancakeswapWorker",
      "address": "0x41867cc58aece8B570FF1A2a8aa6149014D2a94C",
      "vault": "ibWBNB",
      "borrowToken": "WBNB",
      "posVal": 181537.10466584735,
      "posValUSD": 68006139.9584554,
      "debtVal": 109670.63544342743,
      "debtValUSD": 41084034.01622386
    },
    {
      "name": "WBNB-USDT PancakeswapWorker",
      "address": "0x81b6534f4F7ba45Ecf98295Cef1450B4a4FC81Cd",
      "vault": "ibUSDT",
      "borrowToken": "USDT",
      "posVal": 22329089.27061271,
      "posValUSD": 22334067.987647377,
      "debtVal": 12685864.492278786,
      "debtValUSD": 12688693.05948463
    }
  ]
}