{
  "blockNo": 14022334,
  "lpName": "USDT-WBNB LP",
  "lpTokens": 0,
  "token0_symbol": "USDT",
  "token0_decimals": 18,
  "token0": 0,
  "token0_liquidity": 144405444.0087014,
  "token0_price": 1.00016523,
  "token0_posVal": 49733398.06118679,
  "token0_posValUSD": 49741615.510548435,
  "token0_debtVal": 31136497.435900047,
  "token0_debtValUSD": 31141642.119371377,
  "token1_symbol": "WBNB",
  "token1_decimals": 18,
  "token1": 0,
  "token1_liquidity": 273225.83181537635,
  "token1_price": 529.49991783,
  "token1_posVal": 158443.9791458861,
  "token1_posValUSD": 83896073.9384049,
  "token1_debtVal": 100690.5228866857,
  "token1_debtValUSD": 53315623.594759814,
  "liquidity": 289102359.61549014,
  "tvl": 0,
  "health": 133637689.44895333,
  "debt": 84457265.71413119,
  "leverage": 2.717294388708801,
  "workerPositions": [
    {
      "name": "USDT-WBNB PancakeswapWorker",
      "address": "0x41867cc58aece8B570FF1A2a8aa6149014D2a94C",
      "vault": "ibWBNB",
      "borrowToken": "WBNB",
      "posVal": 158443.9791458861,
      "posValUSD": 83896073.9384049,
      "debtVal": 100690.5228866857,
      "debtValUSD": 53315623.594759814
    },
    {
      "name": "WBNB-USDT PancakeswapWorker",
      "address": "0x81b6534f4F7ba45Ecf98295Cef1450B4a4FC81Cd",
      "vault": "ibUSDT",
      "borrowToken": "USDT",
      "posVal": 49733398.06118679,
      "posValUSD": 49741615.510548435,
      "debtVal": 31136497.435900047,
      "debtValUSD": 31141642.119371377
    }
  ]
}