{
  "blockNo": 13099733,
  "lpName": "USDT-WBNB LP",
  "lpTokens": 0,
  "token0_symbol": "USDT",
  "token0_decimals": 18,
  "token0": 0,
  "token0_liquidity": 150894674.65613043,
  "token0_price": 1.00084002,
  "token0_posVal": 65490387.45168333,
  "token0_posValUSD": 65545400.6869505,
  "token0_debtVal": 37001407.18743652,
  "token0_debtValUSD": 37032489.109502114,
  "token1_symbol": "WBNB",
  "token1_decimals": 18,
  "token1": 0,
  "token1_liquidity": 237256.48590929073,
  "token1_price": 635.55076927,
  "token1_posVal": 125936.59132765452,
  "token1_posValUSD": 80039097.49753244,
  "token1_debtVal": 87087.00287459145,
  "token1_debtValUSD": 55348211.6703653,
  "liquidity": 301809971.33468175,
  "tvl": 0,
  "health": 145584498.18448293,
  "debt": 92380700.77986741,
  "leverage": 2.7363553972907435,
  "workerPositions": [
    {
      "name": "USDT-WBNB PancakeswapWorker",
      "address": "0x41867cc58aece8B570FF1A2a8aa6149014D2a94C",
      "vault": "ibWBNB",
      "borrowToken": "WBNB",
      "posVal": 125936.59132765452,
      "posValUSD": 80039097.49753244,
      "debtVal": 87087.00287459145,
      "debtValUSD": 55348211.6703653
    },
    {
      "name": "WBNB-USDT PancakeswapWorker",
      "address": "0x81b6534f4F7ba45Ecf98295Cef1450B4a4FC81Cd",
      "vault": "ibUSDT",
      "borrowToken": "USDT",
      "posVal": 65490387.45168333,
      "posValUSD": 65545400.6869505,
      "debtVal": 37001407.18743652,
      "debtValUSD": 37032489.109502114
    }
  ]
}