{
  "blockNo": 16745453,
  "lpName": "USDT-WBNB LP",
  "lpTokens": 0,
  "token0_symbol": "USDT",
  "token0_decimals": 18,
  "token0": 0,
  "token0_liquidity": 155818623.75174424,
  "token0_price": 1.00014349,
  "token0_posVal": 49242613.39223721,
  "token0_posValUSD": 49249679.21483286,
  "token0_debtVal": 24256398.794293668,
  "token0_debtValUSD": 24259879.34495666,
  "token1_symbol": "WBNB",
  "token1_decimals": 18,
  "token1": 0,
  "token1_liquidity": 356799.6480265861,
  "token1_price": 437.81881859,
  "token1_posVal": 155938.47093010353,
  "token1_posValUSD": 68272797.11534898,
  "token1_debtVal": 102510.9691246383,
  "token1_debtValUSD": 44881231.39466511,
  "liquidity": 312054582.5383941,
  "tvl": 0,
  "health": 117522476.33018184,
  "debt": 69141110.73962176,
  "leverage": 2.4290855558883235,
  "workerPositions": [
    {
      "name": "USDT-WBNB PancakeswapWorker",
      "address": "0x41867cc58aece8B570FF1A2a8aa6149014D2a94C",
      "vault": "ibWBNB",
      "borrowToken": "WBNB",
      "posVal": 155938.47093010353,
      "posValUSD": 68272797.11534898,
      "debtVal": 102510.9691246383,
      "debtValUSD": 44881231.39466511
    },
    {
      "name": "WBNB-USDT PancakeswapWorker",
      "address": "0x81b6534f4F7ba45Ecf98295Cef1450B4a4FC81Cd",
      "vault": "ibUSDT",
      "borrowToken": "USDT",
      "posVal": 49242613.39223721,
      "posValUSD": 49249679.21483286,
      "debtVal": 24256398.794293668,
      "debtValUSD": 24259879.34495666
    }
  ]
}