{
  "blockNo": 11327388,
  "lpName": "USDT-WBNB LP",
  "lpTokens": 0,
  "token0_symbol": "USDT",
  "token0_decimals": 18,
  "token0": 0,
  "token0_liquidity": 127279378.90462652,
  "token0_price": 1.00026905,
  "token0_posVal": 45729099.47651173,
  "token0_posValUSD": 45741402.89072589,
  "token0_debtVal": 28384542.122186832,
  "token0_debtValUSD": 28392178.983244807,
  "token1_symbol": "WBNB",
  "token1_decimals": 18,
  "token1": 0,
  "token1_liquidity": 372408.27488135785,
  "token1_price": 342.10051348,
  "token1_posVal": 163891.8218335596,
  "token1_posValUSD": 56067476.40443342,
  "token1_debtVal": 97560.08426326977,
  "token1_debtValUSD": 33375354.92161666,
  "liquidity": 254714685.4826343,
  "tvl": 0,
  "health": 101808879.29515931,
  "debt": 61767533.904861465,
  "leverage": 2.5425938689819336,
  "workerPositions": [
    {
      "name": "USDT-WBNB PancakeswapWorker",
      "address": "0x41867cc58aece8B570FF1A2a8aa6149014D2a94C",
      "vault": "ibWBNB",
      "borrowToken": "WBNB",
      "posVal": 163891.8218335596,
      "posValUSD": 56067476.40443342,
      "debtVal": 97560.08426326977,
      "debtValUSD": 33375354.92161666
    },
    {
      "name": "WBNB-USDT PancakeswapWorker",
      "address": "0x81b6534f4F7ba45Ecf98295Cef1450B4a4FC81Cd",
      "vault": "ibUSDT",
      "borrowToken": "USDT",
      "posVal": 45729099.47651173,
      "posValUSD": 45741402.89072589,
      "debtVal": 28384542.122186832,
      "debtValUSD": 28392178.983244807
    }
  ]
}