{
  "blockNo": 14047509,
  "lpName": "USDT-WBNB LP",
  "lpTokens": 0,
  "token0_symbol": "USDT",
  "token0_decimals": 18,
  "token0": 0,
  "token0_liquidity": 143310679.59482908,
  "token0_price": 1.00016126,
  "token0_posVal": 49395759.36726247,
  "token0_posValUSD": 49403724.92741804,
  "token0_debtVal": 31152223.193428937,
  "token0_debtValUSD": 31157246.80094111,
  "token1_symbol": "WBNB",
  "token1_decimals": 18,
  "token1": 0,
  "token1_liquidity": 275185.2846539746,
  "token1_price": 520.81134238,
  "token1_posVal": 159621.62963140354,
  "token1_posValUSD": 83132755.20121448,
  "token1_debtVal": 100690.02796233445,
  "token1_debtValUSD": 52440508.62734315,
  "liquidity": 286653407.3788795,
  "tvl": 0,
  "health": 132536480.12863252,
  "debt": 83597755.42828426,
  "leverage": 2.7082127893637034,
  "workerPositions": [
    {
      "name": "USDT-WBNB PancakeswapWorker",
      "address": "0x41867cc58aece8B570FF1A2a8aa6149014D2a94C",
      "vault": "ibWBNB",
      "borrowToken": "WBNB",
      "posVal": 159621.62963140354,
      "posValUSD": 83132755.20121448,
      "debtVal": 100690.02796233445,
      "debtValUSD": 52440508.62734315
    },
    {
      "name": "WBNB-USDT PancakeswapWorker",
      "address": "0x81b6534f4F7ba45Ecf98295Cef1450B4a4FC81Cd",
      "vault": "ibUSDT",
      "borrowToken": "USDT",
      "posVal": 49395759.36726247,
      "posValUSD": 49403724.92741804,
      "debtVal": 31152223.193428937,
      "debtValUSD": 31157246.80094111
    }
  ]
}