{
  "blockNo": 11138085,
  "lpName": "USDT-WBNB LP",
  "lpTokens": 0,
  "token0_symbol": "USDT",
  "token0_decimals": 18,
  "token0": 0,
  "token0_liquidity": 135454449.1483892,
  "token0_price": 1,
  "token0_posVal": 47822739.251287274,
  "token0_posValUSD": 47822739.251287274,
  "token0_debtVal": 29300632.429164235,
  "token0_debtValUSD": 29300632.429164235,
  "token1_symbol": "WBNB",
  "token1_decimals": 18,
  "token1": 0,
  "token1_liquidity": 374714.0218234001,
  "token1_price": 362.26047992,
  "token1_posVal": 159665.6344567961,
  "token1_posValUSD": 57840549.36505025,
  "token1_debtVal": 96049.32673671159,
  "token1_debtValUSD": 34794875.19963403,
  "liquidity": 271198530.5268875,
  "tvl": 0,
  "health": 105663288.61633752,
  "debt": 64095507.62879826,
  "leverage": 2.5419516295087323,
  "workerPositions": [
    {
      "name": "USDT-WBNB PancakeswapWorker",
      "address": "0x41867cc58aece8B570FF1A2a8aa6149014D2a94C",
      "vault": "ibWBNB",
      "borrowToken": "WBNB",
      "posVal": 159665.6344567961,
      "posValUSD": 57840549.36505025,
      "debtVal": 96049.32673671159,
      "debtValUSD": 34794875.19963403
    },
    {
      "name": "WBNB-USDT PancakeswapWorker",
      "address": "0x81b6534f4F7ba45Ecf98295Cef1450B4a4FC81Cd",
      "vault": "ibUSDT",
      "borrowToken": "USDT",
      "posVal": 47822739.251287274,
      "posValUSD": 47822739.251287274,
      "debtVal": 29300632.429164235,
      "debtValUSD": 29300632.429164235
    }
  ]
}