{
  "blockNo": 11977155,
  "lpName": "USDT-WBNB LP",
  "lpTokens": 0,
  "token0_symbol": "USDT",
  "token0_decimals": 18,
  "token0": 0,
  "token0_liquidity": 130176170.52226973,
  "token0_price": 1,
  "token0_posVal": 48434535.17116752,
  "token0_posValUSD": 48434535.17116752,
  "token0_debtVal": 29147779.229244504,
  "token0_debtValUSD": 29147779.229244504,
  "token1_symbol": "WBNB",
  "token1_decimals": 18,
  "token1": 0,
  "token1_liquidity": 274365.1544394283,
  "token1_price": 473.46,
  "token1_posVal": 127965.40073680638,
  "token1_posValUSD": 60586498.632848345,
  "token1_debtVal": 83627.46207446675,
  "token1_debtValUSD": 39594258.193777025,
  "liquidity": 260077096.54316145,
  "tvl": 0,
  "health": 109021033.80401587,
  "debt": 68742037.42302153,
  "leverage": 2.706647225586223,
  "workerPositions": [
    {
      "name": "USDT-WBNB PancakeswapWorker",
      "address": "0x41867cc58aece8B570FF1A2a8aa6149014D2a94C",
      "vault": "ibWBNB",
      "borrowToken": "WBNB",
      "posVal": 127965.40073680638,
      "posValUSD": 60586498.632848345,
      "debtVal": 83627.46207446675,
      "debtValUSD": 39594258.193777025
    },
    {
      "name": "WBNB-USDT PancakeswapWorker",
      "address": "0x81b6534f4F7ba45Ecf98295Cef1450B4a4FC81Cd",
      "vault": "ibUSDT",
      "borrowToken": "USDT",
      "posVal": 48434535.17116752,
      "posValUSD": 48434535.17116752,
      "debtVal": 29147779.229244504,
      "debtValUSD": 29147779.229244504
    }
  ]
}