{
  "blockNo": 12799423,
  "lpName": "USDT-WBNB LP",
  "lpTokens": 0,
  "token0_symbol": "USDT",
  "token0_decimals": 18,
  "token0": 0,
  "token0_liquidity": 146685194.51077816,
  "token0_price": 1.00166629,
  "token0_posVal": 54509620.921040416,
  "token0_posValUSD": 54600449.75728493,
  "token0_debtVal": 31811823.02731457,
  "token0_debtValUSD": 31864830.749906752,
  "token1_symbol": "WBNB",
  "token1_decimals": 18,
  "token1": 0,
  "token1_liquidity": 251739.17837693708,
  "token1_price": 583.40458017,
  "token1_posVal": 147104.8994753755,
  "token1_posValUSD": 85821672.1193815,
  "token1_debtVal": 98386.99029412545,
  "token1_debtValUSD": 57399420.76673413,
  "liquidity": 293795404.25687724,
  "tvl": 0,
  "health": 140422121.87666643,
  "debt": 89264251.51664089,
  "leverage": 2.7448781758982572,
  "workerPositions": [
    {
      "name": "USDT-WBNB PancakeswapWorker",
      "address": "0x41867cc58aece8B570FF1A2a8aa6149014D2a94C",
      "vault": "ibWBNB",
      "borrowToken": "WBNB",
      "posVal": 147104.8994753755,
      "posValUSD": 85821672.1193815,
      "debtVal": 98386.99029412545,
      "debtValUSD": 57399420.76673413
    },
    {
      "name": "WBNB-USDT PancakeswapWorker",
      "address": "0x81b6534f4F7ba45Ecf98295Cef1450B4a4FC81Cd",
      "vault": "ibUSDT",
      "borrowToken": "USDT",
      "posVal": 54509620.921040416,
      "posValUSD": 54600449.75728493,
      "debtVal": 31811823.02731457,
      "debtValUSD": 31864830.749906752
    }
  ]
}