{
  "blockNo": 12513582,
  "lpName": "USDT-WBNB LP",
  "lpTokens": 0,
  "token0_symbol": "USDT",
  "token0_decimals": 18,
  "token0": 0,
  "token0_liquidity": 148959667.13955927,
  "token0_price": 1.00084733,
  "token0_posVal": 52271622.80015875,
  "token0_posValUSD": 52315914.11430601,
  "token0_debtVal": 30511903.56123715,
  "token0_debtValUSD": 30537757.212481692,
  "token1_symbol": "WBNB",
  "token1_decimals": 18,
  "token1": 0,
  "token1_liquidity": 234519.9375222429,
  "token1_price": 636.69,
  "token1_posVal": 128398.49266944733,
  "token1_posValUSD": 81750036.29771042,
  "token1_debtVal": 90117.2189611898,
  "token1_debtValUSD": 57376732.14039994,
  "liquidity": 298402384.1553534,
  "tvl": 0,
  "health": 134065950.41201642,
  "debt": 87914489.35288164,
  "leverage": 2.9049123762351763,
  "workerPositions": [
    {
      "name": "USDT-WBNB PancakeswapWorker",
      "address": "0x41867cc58aece8B570FF1A2a8aa6149014D2a94C",
      "vault": "ibWBNB",
      "borrowToken": "WBNB",
      "posVal": 128398.49266944733,
      "posValUSD": 81750036.29771042,
      "debtVal": 90117.2189611898,
      "debtValUSD": 57376732.14039994
    },
    {
      "name": "WBNB-USDT PancakeswapWorker",
      "address": "0x81b6534f4F7ba45Ecf98295Cef1450B4a4FC81Cd",
      "vault": "ibUSDT",
      "borrowToken": "USDT",
      "posVal": 52271622.80015875,
      "posValUSD": 52315914.11430601,
      "debtVal": 30511903.56123715,
      "debtValUSD": 30537757.212481692
    }
  ]
}