{
  "blockNo": 10791732,
  "lpName": "USDT-WBNB LP",
  "lpTokens": 0,
  "token0_symbol": "USDT",
  "token0_decimals": 18,
  "token0": 0,
  "token0_liquidity": 127479733.00899751,
  "token0_price": 1.00004991,
  "token0_posVal": 46336842.21561152,
  "token0_posValUSD": 46339154.8874065,
  "token0_debtVal": 27605604.080404963,
  "token0_debtValUSD": 27606981.876104616,
  "token1_symbol": "WBNB",
  "token1_decimals": 18,
  "token1": 0,
  "token1_liquidity": 306778.6303462512,
  "token1_price": 415.86827792,
  "token1_posVal": 136053.15240368553,
  "token1_posValUSD": 56580190.195708014,
  "token1_debtVal": 81850.35765403192,
  "token1_debtValUSD": 34038967.28471835,
  "liquidity": 255065596.22722375,
  "tvl": 0,
  "health": 102919345.0831145,
  "debt": 61645949.160822965,
  "leverage": 2.493600121416913,
  "workerPositions": [
    {
      "name": "USDT-WBNB PancakeswapWorker",
      "address": "0x41867cc58aece8B570FF1A2a8aa6149014D2a94C",
      "vault": "ibWBNB",
      "borrowToken": "WBNB",
      "posVal": 136053.15240368553,
      "posValUSD": 56580190.195708014,
      "debtVal": 81850.35765403192,
      "debtValUSD": 34038967.28471835
    },
    {
      "name": "WBNB-USDT PancakeswapWorker",
      "address": "0x81b6534f4F7ba45Ecf98295Cef1450B4a4FC81Cd",
      "vault": "ibUSDT",
      "borrowToken": "USDT",
      "posVal": 46336842.21561152,
      "posValUSD": 46339154.8874065,
      "debtVal": 27605604.080404963,
      "debtValUSD": 27606981.876104616
    }
  ]
}