{
  "blockNo": 18166991,
  "lpName": "USDT-WBNB LP",
  "lpTokens": 0,
  "token0_symbol": "USDT",
  "token0_decimals": 18,
  "token0": 0,
  "token0_liquidity": 119454182.1265051,
  "token0_price": 0.99914379,
  "token0_posVal": 30043206.60044937,
  "token0_posValUSD": 30017483.306525998,
  "token0_debtVal": 18220166.722672526,
  "token0_debtValUSD": 18204566.433722906,
  "token1_symbol": "WBNB",
  "token1_decimals": 18,
  "token1": 0,
  "token1_liquidity": 388009.0347503424,
  "token1_price": 307.84161202,
  "token1_posVal": 177346.1528529332,
  "token1_posValUSD": 54594525.57979228,
  "token1_debtVal": 91212.00701897473,
  "token1_debtValUSD": 28078851.27630074,
  "liquidity": 238797230.99709618,
  "tvl": 0,
  "health": 84612008.88631828,
  "debt": 46283417.71002364,
  "leverage": 2.207542888731295,
  "workerPositions": [
    {
      "name": "USDT-WBNB PancakeswapWorker",
      "address": "0x41867cc58aece8B570FF1A2a8aa6149014D2a94C",
      "vault": "ibWBNB",
      "borrowToken": "WBNB",
      "posVal": 177346.1528529332,
      "posValUSD": 54594525.57979228,
      "debtVal": 91212.00701897473,
      "debtValUSD": 28078851.27630074
    },
    {
      "name": "WBNB-USDT PancakeswapWorker",
      "address": "0x81b6534f4F7ba45Ecf98295Cef1450B4a4FC81Cd",
      "vault": "ibUSDT",
      "borrowToken": "USDT",
      "posVal": 30043206.60044937,
      "posValUSD": 30017483.306525998,
      "debtVal": 18220166.722672526,
      "debtValUSD": 18204566.433722906
    }
  ]
}