{
  "blockNo": 12552953,
  "lpName": "USDT-WBNB LP",
  "lpTokens": 0,
  "token0_symbol": "USDT",
  "token0_decimals": 18,
  "token0": 0,
  "token0_liquidity": 147825368.44126248,
  "token0_price": 1.0000673,
  "token0_posVal": 51678416.58049555,
  "token0_posValUSD": 51681894.53793142,
  "token0_debtVal": 30213705.625424016,
  "token0_debtValUSD": 30215739.007812608,
  "token1_symbol": "WBNB",
  "token1_decimals": 18,
  "token1": 0,
  "token1_liquidity": 234654.29878404038,
  "token1_price": 631.22797768,
  "token1_posVal": 128463.77705068914,
  "token1_posValUSD": 81089930.1928409,
  "token1_debtVal": 89883.13877578494,
  "token1_debtValUSD": 56736751.91696952,
  "liquidity": 295955675.5639269,
  "tvl": 0,
  "health": 132771824.73077232,
  "debt": 86952490.92478213,
  "leverage": 2.8977249056688468,
  "workerPositions": [
    {
      "name": "USDT-WBNB PancakeswapWorker",
      "address": "0x41867cc58aece8B570FF1A2a8aa6149014D2a94C",
      "vault": "ibWBNB",
      "borrowToken": "WBNB",
      "posVal": 128463.77705068914,
      "posValUSD": 81089930.1928409,
      "debtVal": 89883.13877578494,
      "debtValUSD": 56736751.91696952
    },
    {
      "name": "WBNB-USDT PancakeswapWorker",
      "address": "0x81b6534f4F7ba45Ecf98295Cef1450B4a4FC81Cd",
      "vault": "ibUSDT",
      "borrowToken": "USDT",
      "posVal": 51678416.58049555,
      "posValUSD": 51681894.53793142,
      "debtVal": 30213705.625424016,
      "debtValUSD": 30215739.007812608
    }
  ]
}