{
  "blockNo": 10979244,
  "lpName": "USDT-WBNB LP",
  "lpTokens": 0,
  "token0_symbol": "USDT",
  "token0_decimals": 18,
  "token0": 0,
  "token0_liquidity": 136120087.44512552,
  "token0_price": 1,
  "token0_posVal": 49798516.57778995,
  "token0_posValUSD": 49798516.57778995,
  "token0_debtVal": 29345394.992476046,
  "token0_debtValUSD": 29345394.992476046,
  "token1_symbol": "WBNB",
  "token1_decimals": 18,
  "token1": 0,
  "token1_liquidity": 323007.20654038794,
  "token1_price": 421.83043167,
  "token1_posVal": 164010.18854414969,
  "token1_posValUSD": 69184488.63185675,
  "token1_debtVal": 101446.21267807005,
  "token1_debtValUSD": 42793099.68527692,
  "liquidity": 272374356.8125782,
  "tvl": 0,
  "health": 118983005.2096467,
  "debt": 72138494.67775297,
  "leverage": 2.5399562052983353,
  "workerPositions": [
    {
      "name": "USDT-WBNB PancakeswapWorker",
      "address": "0x41867cc58aece8B570FF1A2a8aa6149014D2a94C",
      "vault": "ibWBNB",
      "borrowToken": "WBNB",
      "posVal": 164010.18854414969,
      "posValUSD": 69184488.63185675,
      "debtVal": 101446.21267807005,
      "debtValUSD": 42793099.68527692
    },
    {
      "name": "WBNB-USDT PancakeswapWorker",
      "address": "0x81b6534f4F7ba45Ecf98295Cef1450B4a4FC81Cd",
      "vault": "ibUSDT",
      "borrowToken": "USDT",
      "posVal": 49798516.57778995,
      "posValUSD": 49798516.57778995,
      "debtVal": 29345394.992476046,
      "debtValUSD": 29345394.992476046
    }
  ]
}