{
  "blockNo": 8674533,
  "lpName": "USDT-WBNB LP",
  "lpTokens": 0,
  "token0_symbol": "USDT",
  "token0_decimals": 18,
  "token0": 0,
  "token0_liquidity": 63419757.99693774,
  "token0_price": 1.00045,
  "token0_posVal": 21728469.98848595,
  "token0_posValUSD": 21738247.79998077,
  "token0_debtVal": 11968826.939253876,
  "token0_debtValUSD": 11974212.911376541,
  "token1_symbol": "WBNB",
  "token1_decimals": 18,
  "token1": 0,
  "token1_liquidity": 221187.58147246682,
  "token1_price": 287.39800619,
  "token1_posVal": 31877.28518395884,
  "token1_posValUSD": 9161468.204619797,
  "token1_debtVal": 17422.93650971938,
  "token1_debtValUSD": 5007317.214868307,
  "liquidity": 127017166.7972115,
  "tvl": 0,
  "health": 30899716.00460057,
  "debt": 16981530.12624485,
  "leverage": 2.2200965179415344,
  "workerPositions": [
    {
      "name": "USDT-WBNB PancakeswapWorker",
      "address": "0x41867cc58aece8B570FF1A2a8aa6149014D2a94C",
      "vault": "ibWBNB",
      "borrowToken": "WBNB",
      "posVal": 31877.28518395884,
      "posValUSD": 9161468.204619797,
      "debtVal": 17422.93650971938,
      "debtValUSD": 5007317.214868307
    },
    {
      "name": "WBNB-USDT PancakeswapWorker",
      "address": "0x81b6534f4F7ba45Ecf98295Cef1450B4a4FC81Cd",
      "vault": "ibUSDT",
      "borrowToken": "USDT",
      "posVal": 21728469.98848595,
      "posValUSD": 21738247.79998077,
      "debtVal": 11968826.939253876,
      "debtValUSD": 11974212.911376541
    }
  ]
}