{
  "blockNo": 15488579,
  "lpName": "USDT-WBNB LP",
  "lpTokens": 0,
  "token0_symbol": "USDT",
  "token0_decimals": 18,
  "token0": 0,
  "token0_liquidity": 117574842.2229519,
  "token0_price": 1.00067095,
  "token0_posVal": 44470609.321054704,
  "token0_posValUSD": 44500446.87637866,
  "token0_debtVal": 27633449.601053014,
  "token0_debtValUSD": 27651990.26406284,
  "token1_symbol": "WBNB",
  "token1_decimals": 18,
  "token1": 0,
  "token1_liquidity": 319647.01023379056,
  "token1_price": 368.64122542,
  "token1_posVal": 204154.9832070821,
  "token1_posValUSD": 75259943.18505828,
  "token1_debtVal": 121652.02669148866,
  "token1_debtValUSD": 44845952.19437693,
  "liquidity": 235488794.61776525,
  "tvl": 0,
  "health": 119760390.06143695,
  "debt": 72497942.45843977,
  "leverage": 2.5339438843163564,
  "workerPositions": [
    {
      "name": "USDT-WBNB PancakeswapWorker",
      "address": "0x41867cc58aece8B570FF1A2a8aa6149014D2a94C",
      "vault": "ibWBNB",
      "borrowToken": "WBNB",
      "posVal": 204154.9832070821,
      "posValUSD": 75259943.18505828,
      "debtVal": 121652.02669148866,
      "debtValUSD": 44845952.19437693
    },
    {
      "name": "WBNB-USDT PancakeswapWorker",
      "address": "0x81b6534f4F7ba45Ecf98295Cef1450B4a4FC81Cd",
      "vault": "ibUSDT",
      "borrowToken": "USDT",
      "posVal": 44470609.321054704,
      "posValUSD": 44500446.87637866,
      "debtVal": 27633449.601053014,
      "debtValUSD": 27651990.26406284
    }
  ]
}