{
  "blockNo": 12969552,
  "lpName": "USDT-WBNB LP",
  "lpTokens": 0,
  "token0_symbol": "USDT",
  "token0_decimals": 18,
  "token0": 0,
  "token0_liquidity": 143256980.39302525,
  "token0_price": 1.00079617,
  "token0_posVal": 57032603.42892985,
  "token0_posValUSD": 57078011.07680187,
  "token0_debtVal": 33294520.457590636,
  "token0_debtValUSD": 33321028.55594336,
  "token1_symbol": "WBNB",
  "token1_decimals": 18,
  "token1": 0,
  "token1_liquidity": 250962.1715679126,
  "token1_price": 572.32493778,
  "token1_posVal": 139925.0720359103,
  "token1_posValUSD": 80082608.14681439,
  "token1_debtVal": 92279.69187504037,
  "token1_debtValUSD": 52813968.910740055,
  "liquidity": 287002946.5308441,
  "tvl": 0,
  "health": 137160619.22361624,
  "debt": 86134997.46668342,
  "leverage": 2.6880734521374117,
  "workerPositions": [
    {
      "name": "USDT-WBNB PancakeswapWorker",
      "address": "0x41867cc58aece8B570FF1A2a8aa6149014D2a94C",
      "vault": "ibWBNB",
      "borrowToken": "WBNB",
      "posVal": 139925.0720359103,
      "posValUSD": 80082608.14681439,
      "debtVal": 92279.69187504037,
      "debtValUSD": 52813968.910740055
    },
    {
      "name": "WBNB-USDT PancakeswapWorker",
      "address": "0x81b6534f4F7ba45Ecf98295Cef1450B4a4FC81Cd",
      "vault": "ibUSDT",
      "borrowToken": "USDT",
      "posVal": 57032603.42892985,
      "posValUSD": 57078011.07680187,
      "debtVal": 33294520.457590636,
      "debtValUSD": 33321028.55594336
    }
  ]
}