{
  "blockNo": 13070215,
  "lpName": "USDT-WBNB LP",
  "lpTokens": 0,
  "token0_symbol": "USDT",
  "token0_decimals": 18,
  "token0": 0,
  "token0_liquidity": 147581340.8546988,
  "token0_price": 1.00104238,
  "token0_posVal": 63965795.65269518,
  "token0_posValUSD": 64032472.31876763,
  "token0_debtVal": 36548295.1665698,
  "token0_debtValUSD": 36586392.37848552,
  "token1_symbol": "WBNB",
  "token1_decimals": 18,
  "token1": 0,
  "token1_liquidity": 240312.8221358394,
  "token1_price": 614.99210623,
  "token1_posVal": 127976.40864720075,
  "token1_posValUSD": 78704481.10169317,
  "token1_debtVal": 87048.38100872278,
  "token1_debtValUSD": 53534067.18046595,
  "liquidity": 295525665.3321742,
  "tvl": 0,
  "health": 142736953.4204608,
  "debt": 90120459.55895147,
  "leverage": 2.7127796427514816,
  "workerPositions": [
    {
      "name": "USDT-WBNB PancakeswapWorker",
      "address": "0x41867cc58aece8B570FF1A2a8aa6149014D2a94C",
      "vault": "ibWBNB",
      "borrowToken": "WBNB",
      "posVal": 127976.40864720075,
      "posValUSD": 78704481.10169317,
      "debtVal": 87048.38100872278,
      "debtValUSD": 53534067.18046595
    },
    {
      "name": "WBNB-USDT PancakeswapWorker",
      "address": "0x81b6534f4F7ba45Ecf98295Cef1450B4a4FC81Cd",
      "vault": "ibUSDT",
      "borrowToken": "USDT",
      "posVal": 63965795.65269518,
      "posValUSD": 64032472.31876763,
      "debtVal": 36548295.1665698,
      "debtValUSD": 36586392.37848552
    }
  ]
}