{
  "blockNo": 14326566,
  "lpName": "USDT-WBNB LP",
  "lpTokens": 0,
  "token0_symbol": "USDT",
  "token0_decimals": 18,
  "token0": 0,
  "token0_liquidity": 101385035.64214973,
  "token0_price": 1.00041002,
  "token0_posVal": 29031675.777255837,
  "token0_posValUSD": 29043579.344958026,
  "token0_debtVal": 17523129.195002377,
  "token0_debtValUSD": 17530314.02843491,
  "token1_symbol": "WBNB",
  "token1_decimals": 18,
  "token1": 0,
  "token1_liquidity": 209000.43039111717,
  "token1_price": 484.99288551,
  "token1_posVal": 102517.15719391369,
  "token1_posValUSD": 49720091.88175846,
  "token1_debtVal": 66924.29372209031,
  "token1_debtValUSD": 32457806.322995357,
  "liquidity": 202790327.34268355,
  "tvl": 0,
  "health": 78763671.22671649,
  "debt": 49988120.35143027,
  "leverage": 2.7371733583165696,
  "workerPositions": [
    {
      "name": "USDT-WBNB PancakeswapWorker",
      "address": "0x41867cc58aece8B570FF1A2a8aa6149014D2a94C",
      "vault": "ibWBNB",
      "borrowToken": "WBNB",
      "posVal": 102517.15719391369,
      "posValUSD": 49720091.88175846,
      "debtVal": 66924.29372209031,
      "debtValUSD": 32457806.322995357
    },
    {
      "name": "WBNB-USDT PancakeswapWorker",
      "address": "0x81b6534f4F7ba45Ecf98295Cef1450B4a4FC81Cd",
      "vault": "ibUSDT",
      "borrowToken": "USDT",
      "posVal": 29031675.777255837,
      "posValUSD": 29043579.344958026,
      "debtVal": 17523129.195002377,
      "debtValUSD": 17530314.02843491
    }
  ]
}