{
  "blockNo": 14376860,
  "lpName": "USDT-WBNB LP",
  "lpTokens": 0,
  "token0_symbol": "USDT",
  "token0_decimals": 18,
  "token0": 0,
  "token0_liquidity": 91110193.0894313,
  "token0_price": 1.00035228,
  "token0_posVal": 29345196.247464854,
  "token0_posValUSD": 29355533.97319891,
  "token0_debtVal": 17657782.021798197,
  "token0_debtValUSD": 17664002.505248837,
  "token1_symbol": "WBNB",
  "token1_decimals": 18,
  "token1": 0,
  "token1_liquidity": 187086.45247672958,
  "token1_price": 487.78455168,
  "token1_posVal": 101679.35225485983,
  "token1_posValUSD": 49597617.254749596,
  "token1_debtVal": 66648.56440083603,
  "token1_debtValUSD": 32510140.106377408,
  "liquidity": 182400170.735016,
  "tvl": 0,
  "health": 78953151.2279485,
  "debt": 50174142.611626245,
  "leverage": 2.7434284578923807,
  "workerPositions": [
    {
      "name": "USDT-WBNB PancakeswapWorker",
      "address": "0x41867cc58aece8B570FF1A2a8aa6149014D2a94C",
      "vault": "ibWBNB",
      "borrowToken": "WBNB",
      "posVal": 101679.35225485983,
      "posValUSD": 49597617.254749596,
      "debtVal": 66648.56440083603,
      "debtValUSD": 32510140.106377408
    },
    {
      "name": "WBNB-USDT PancakeswapWorker",
      "address": "0x81b6534f4F7ba45Ecf98295Cef1450B4a4FC81Cd",
      "vault": "ibUSDT",
      "borrowToken": "USDT",
      "posVal": 29345196.247464854,
      "posValUSD": 29355533.97319891,
      "debtVal": 17657782.021798197,
      "debtValUSD": 17664002.505248837
    }
  ]
}