{
  "blockNo": 17152513,
  "lpName": "USDT-WBNB LP",
  "lpTokens": 0,
  "token0_symbol": "USDT",
  "token0_decimals": 18,
  "token0": 0,
  "token0_liquidity": 163790592.2655664,
  "token0_price": 1.00020266,
  "token0_posVal": 54597575.09080508,
  "token0_posValUSD": 54608639.835372984,
  "token0_debtVal": 28235755.418874327,
  "token0_debtValUSD": 28241477.67706752,
  "token1_symbol": "WBNB",
  "token1_decimals": 18,
  "token1": 0,
  "token1_liquidity": 404186.5299655152,
  "token1_price": 405.19,
  "token1_posVal": 181936.60994150135,
  "token1_posValUSD": 73718894.98219693,
  "token1_debtVal": 113858.74491915703,
  "token1_debtValUSD": 46134424.85379324,
  "liquidity": 327596126.14372206,
  "tvl": 0,
  "health": 128327534.81756991,
  "debt": 74375902.53086075,
  "leverage": 2.37856630797773,
  "workerPositions": [
    {
      "name": "USDT-WBNB PancakeswapWorker",
      "address": "0x41867cc58aece8B570FF1A2a8aa6149014D2a94C",
      "vault": "ibWBNB",
      "borrowToken": "WBNB",
      "posVal": 181936.60994150135,
      "posValUSD": 73718894.98219693,
      "debtVal": 113858.74491915703,
      "debtValUSD": 46134424.85379324
    },
    {
      "name": "WBNB-USDT PancakeswapWorker",
      "address": "0x81b6534f4F7ba45Ecf98295Cef1450B4a4FC81Cd",
      "vault": "ibUSDT",
      "borrowToken": "USDT",
      "posVal": 54597575.09080508,
      "posValUSD": 54608639.835372984,
      "debtVal": 28235755.418874327,
      "debtValUSD": 28241477.67706752
    }
  ]
}