{
  "blockNo": 9919126,
  "lpName": "USDT-WBNB LP",
  "lpTokens": 0,
  "token0_symbol": "USDT",
  "token0_decimals": 18,
  "token0": 0,
  "token0_liquidity": 137985505.4508996,
  "token0_price": 1.00010882,
  "token0_posVal": 31036709.727545634,
  "token0_posValUSD": 31040087.14229818,
  "token0_debtVal": 16451009.353270197,
  "token0_debtValUSD": 16452799.552108018,
  "token1_symbol": "WBNB",
  "token1_decimals": 18,
  "token1": 0,
  "token1_liquidity": 371199.8552881292,
  "token1_price": 371.78267613,
  "token1_posVal": 86592.19331383878,
  "token1_posValUSD": 32193477.362185277,
  "token1_debtVal": 55652.866330101504,
  "token1_debtValUSD": 20690771.57851031,
  "liquidity": 276006196.6116922,
  "tvl": 0,
  "health": 63233564.50448346,
  "debt": 37143571.13061833,
  "leverage": 2.4236711599867933,
  "workerPositions": [
    {
      "name": "USDT-WBNB PancakeswapWorker",
      "address": "0x41867cc58aece8B570FF1A2a8aa6149014D2a94C",
      "vault": "ibWBNB",
      "borrowToken": "WBNB",
      "posVal": 86592.19331383878,
      "posValUSD": 32193477.362185277,
      "debtVal": 55652.866330101504,
      "debtValUSD": 20690771.57851031
    },
    {
      "name": "WBNB-USDT PancakeswapWorker",
      "address": "0x81b6534f4F7ba45Ecf98295Cef1450B4a4FC81Cd",
      "vault": "ibUSDT",
      "borrowToken": "USDT",
      "posVal": 31036709.727545634,
      "posValUSD": 31040087.14229818,
      "debtVal": 16451009.353270197,
      "debtValUSD": 16452799.552108018
    }
  ]
}