{
  "blockNo": 13333547,
  "lpName": "USDT-WBNB LP",
  "lpTokens": 0,
  "token0_symbol": "USDT",
  "token0_decimals": 18,
  "token0": 0,
  "token0_liquidity": 131908048.50301704,
  "token0_price": 1.00085697,
  "token0_posVal": 47437242.41029502,
  "token0_posValUSD": 47477894.703923374,
  "token0_debtVal": 29161831.20990522,
  "token0_debtValUSD": 29186822.024397172,
  "token1_symbol": "WBNB",
  "token1_decimals": 18,
  "token1": 0,
  "token1_liquidity": 229329.79110320605,
  "token1_price": 575.24052792,
  "token1_posVal": 140119.44343703668,
  "token1_posValUSD": 80602382.61457756,
  "token1_debtVal": 92434.7165825195,
  "token1_debtValUSD": 53172195.16506409,
  "liquidity": 263940879.84533423,
  "tvl": 0,
  "health": 128080277.31850094,
  "debt": 82359017.18946126,
  "leverage": 2.8013286807279236,
  "workerPositions": [
    {
      "name": "USDT-WBNB PancakeswapWorker",
      "address": "0x41867cc58aece8B570FF1A2a8aa6149014D2a94C",
      "vault": "ibWBNB",
      "borrowToken": "WBNB",
      "posVal": 140119.44343703668,
      "posValUSD": 80602382.61457756,
      "debtVal": 92434.7165825195,
      "debtValUSD": 53172195.16506409
    },
    {
      "name": "WBNB-USDT PancakeswapWorker",
      "address": "0x81b6534f4F7ba45Ecf98295Cef1450B4a4FC81Cd",
      "vault": "ibUSDT",
      "borrowToken": "USDT",
      "posVal": 47437242.41029502,
      "posValUSD": 47477894.703923374,
      "debtVal": 29161831.20990522,
      "debtValUSD": 29186822.024397172
    }
  ]
}