{
  "blockNo": 9406558,
  "lpName": "USDT-WBNB LP",
  "lpTokens": 0,
  "token0_symbol": "USDT",
  "token0_decimals": 18,
  "token0": 0,
  "token0_liquidity": 63742518.88121957,
  "token0_price": 1.00010069,
  "token0_posVal": 24953533.961059853,
  "token0_posValUSD": 24956046.532394394,
  "token0_debtVal": 14578672.198339889,
  "token0_debtValUSD": 14580140.12484354,
  "token1_symbol": "WBNB",
  "token1_decimals": 18,
  "token1": 0,
  "token1_liquidity": 217790.23210141223,
  "token1_price": 292.77007548,
  "token1_posVal": 101254.07084791092,
  "token1_posValUSD": 29644161.964800145,
  "token1_debtVal": 60011.04254496153,
  "token1_debtValUSD": 17569437.455521878,
  "liquidity": 127511399.8065829,
  "tvl": 0,
  "health": 54600208.49719454,
  "debt": 32149577.58036542,
  "leverage": 2.432012209343565,
  "workerPositions": [
    {
      "name": "USDT-WBNB PancakeswapWorker",
      "address": "0x41867cc58aece8B570FF1A2a8aa6149014D2a94C",
      "vault": "ibWBNB",
      "borrowToken": "WBNB",
      "posVal": 101254.07084791092,
      "posValUSD": 29644161.964800145,
      "debtVal": 60011.04254496153,
      "debtValUSD": 17569437.455521878
    },
    {
      "name": "WBNB-USDT PancakeswapWorker",
      "address": "0x81b6534f4F7ba45Ecf98295Cef1450B4a4FC81Cd",
      "vault": "ibUSDT",
      "borrowToken": "USDT",
      "posVal": 24953533.961059853,
      "posValUSD": 24956046.532394394,
      "debtVal": 14578672.198339889,
      "debtValUSD": 14580140.12484354
    }
  ]
}