{
  "blockNo": 10341167,
  "lpName": "USDT-WBNB LP",
  "lpTokens": 0,
  "token0_symbol": "USDT",
  "token0_decimals": 18,
  "token0": 0,
  "token0_liquidity": 131557269.76230651,
  "token0_price": 1.00023515,
  "token0_posVal": 38923681.53957009,
  "token0_posValUSD": 38932834.443284124,
  "token0_debtVal": 20909101.554246347,
  "token0_debtValUSD": 20914018.329476826,
  "token1_symbol": "WBNB",
  "token1_decimals": 18,
  "token1": 0,
  "token1_liquidity": 262245.5833607375,
  "token1_price": 502.43,
  "token1_posVal": 97855.28546048886,
  "token1_posValUSD": 49165431.07391342,
  "token1_debtVal": 68713.81898616883,
  "token1_debtValUSD": 34523884.073220804,
  "liquidity": 263348253.90222645,
  "tvl": 0,
  "health": 88098265.51719755,
  "debt": 55437902.40269763,
  "leverage": 2.6974061864635357,
  "workerPositions": [
    {
      "name": "USDT-WBNB PancakeswapWorker",
      "address": "0x41867cc58aece8B570FF1A2a8aa6149014D2a94C",
      "vault": "ibWBNB",
      "borrowToken": "WBNB",
      "posVal": 97855.28546048886,
      "posValUSD": 49165431.07391342,
      "debtVal": 68713.81898616883,
      "debtValUSD": 34523884.073220804
    },
    {
      "name": "WBNB-USDT PancakeswapWorker",
      "address": "0x81b6534f4F7ba45Ecf98295Cef1450B4a4FC81Cd",
      "vault": "ibUSDT",
      "borrowToken": "USDT",
      "posVal": 38923681.53957009,
      "posValUSD": 38932834.443284124,
      "debtVal": 20909101.554246347,
      "debtValUSD": 20914018.329476826
    }
  ]
}