{
  "blockNo": 14669486,
  "lpName": "USDT-WBNB LP",
  "lpTokens": 0,
  "token0_symbol": "USDT",
  "token0_decimals": 18,
  "token0": 0,
  "token0_liquidity": 86781056.1989416,
  "token0_price": 1.00047822,
  "token0_posVal": 35069052.63146228,
  "token0_posValUSD": 35085823.3538117,
  "token0_debtVal": 22145525.07729067,
  "token0_debtValUSD": 22156115.51029313,
  "token1_symbol": "WBNB",
  "token1_decimals": 18,
  "token1": 0,
  "token1_liquidity": 237679.14388571683,
  "token1_price": 365.48683898,
  "token1_posVal": 122716.2293458967,
  "token1_posValUSD": 44851166.7551765,
  "token1_debtVal": 72453.44338879966,
  "token1_debtValUSD": 26480779.997388765,
  "liquidity": 173691155.6259003,
  "tvl": 0,
  "health": 79936990.1089882,
  "debt": 48636895.50768189,
  "leverage": 2.5538897286799904,
  "workerPositions": [
    {
      "name": "USDT-WBNB PancakeswapWorker",
      "address": "0x41867cc58aece8B570FF1A2a8aa6149014D2a94C",
      "vault": "ibWBNB",
      "borrowToken": "WBNB",
      "posVal": 122716.2293458967,
      "posValUSD": 44851166.7551765,
      "debtVal": 72453.44338879966,
      "debtValUSD": 26480779.997388765
    },
    {
      "name": "WBNB-USDT PancakeswapWorker",
      "address": "0x81b6534f4F7ba45Ecf98295Cef1450B4a4FC81Cd",
      "vault": "ibUSDT",
      "borrowToken": "USDT",
      "posVal": 35069052.63146228,
      "posValUSD": 35085823.3538117,
      "debtVal": 22145525.07729067,
      "debtValUSD": 22156115.51029313
    }
  ]
}