{
  "blockNo": 10310041,
  "lpName": "USDT-WBNB LP",
  "lpTokens": 0,
  "token0_symbol": "USDT",
  "token0_decimals": 18,
  "token0": 0,
  "token0_liquidity": 122500606.23113231,
  "token0_price": 1.00021959,
  "token0_posVal": 38638714.4476253,
  "token0_posValUSD": 38647199.122930855,
  "token0_debtVal": 21088386.779870596,
  "token0_debtValUSD": 21093017.578723587,
  "token1_symbol": "WBNB",
  "token1_decimals": 18,
  "token1": 0,
  "token1_liquidity": 254061.6875505827,
  "token1_price": 482.8,
  "token1_posVal": 83587.21206720002,
  "token1_posValUSD": 40355905.98604417,
  "token1_debtVal": 58341.32933589361,
  "token1_debtValUSD": 28167193.803369436,
  "liquidity": 245188488.88867593,
  "tvl": 0,
  "health": 79003105.10897502,
  "debt": 49260211.38209303,
  "leverage": 2.6562010352600978,
  "workerPositions": [
    {
      "name": "USDT-WBNB PancakeswapWorker",
      "address": "0x41867cc58aece8B570FF1A2a8aa6149014D2a94C",
      "vault": "ibWBNB",
      "borrowToken": "WBNB",
      "posVal": 83587.21206720002,
      "posValUSD": 40355905.98604417,
      "debtVal": 58341.32933589361,
      "debtValUSD": 28167193.803369436
    },
    {
      "name": "WBNB-USDT PancakeswapWorker",
      "address": "0x81b6534f4F7ba45Ecf98295Cef1450B4a4FC81Cd",
      "vault": "ibUSDT",
      "borrowToken": "USDT",
      "posVal": 38638714.4476253,
      "posValUSD": 38647199.122930855,
      "debtVal": 21088386.779870596,
      "debtValUSD": 21093017.578723587
    }
  ]
}