{
  "blockNo": 12608570,
  "lpName": "USDT-WBNB LP",
  "lpTokens": 0,
  "token0_symbol": "USDT",
  "token0_decimals": 18,
  "token0": 0,
  "token0_liquidity": 150285346.9463209,
  "token0_price": 1.00023319,
  "token0_posVal": 53262891.94694321,
  "token0_posValUSD": 53275312.32071632,
  "token0_debtVal": 31473022.468461648,
  "token0_debtValUSD": 31480361.662571073,
  "token1_symbol": "WBNB",
  "token1_decimals": 18,
  "token1": 0,
  "token1_liquidity": 240242.18173381893,
  "token1_price": 626.89548611,
  "token1_posVal": 130542.16487177488,
  "token1_posValUSD": 81836293.90514307,
  "token1_debtVal": 90851.00232487645,
  "token1_debtValUSD": 56954083.266034156,
  "liquidity": 300927131.28852475,
  "tvl": 0,
  "health": 135111606.2258594,
  "debt": 88434444.92860523,
  "leverage": 2.894597753394388,
  "workerPositions": [
    {
      "name": "USDT-WBNB PancakeswapWorker",
      "address": "0x41867cc58aece8B570FF1A2a8aa6149014D2a94C",
      "vault": "ibWBNB",
      "borrowToken": "WBNB",
      "posVal": 130542.16487177488,
      "posValUSD": 81836293.90514307,
      "debtVal": 90851.00232487645,
      "debtValUSD": 56954083.266034156
    },
    {
      "name": "WBNB-USDT PancakeswapWorker",
      "address": "0x81b6534f4F7ba45Ecf98295Cef1450B4a4FC81Cd",
      "vault": "ibUSDT",
      "borrowToken": "USDT",
      "posVal": 53262891.94694321,
      "posValUSD": 53275312.32071632,
      "debtVal": 31473022.468461648,
      "debtValUSD": 31480361.662571073
    }
  ]
}