{
  "blockNo": 15828026,
  "lpName": "USDT-WBNB LP",
  "lpTokens": 0,
  "token0_symbol": "USDT",
  "token0_decimals": 18,
  "token0": 0,
  "token0_liquidity": 95936783.7130248,
  "token0_price": 1.0001899,
  "token0_posVal": 22707061.568464335,
  "token0_posValUSD": 22711373.639456186,
  "token0_debtVal": 12747072.724198049,
  "token0_debtValUSD": 12749493.393308375,
  "token1_symbol": "WBNB",
  "token1_decimals": 18,
  "token1": 0,
  "token1_liquidity": 249880.98052663697,
  "token1_price": 383.61848552,
  "token1_posVal": 179496.0650050827,
  "token1_posValUSD": 68858008.61404929,
  "token1_debtVal": 109743.6372491652,
  "token1_debtValUSD": 42099687.91698101,
  "liquidity": 191813965.41813296,
  "tvl": 0,
  "health": 91569382.25350547,
  "debt": 54849181.31028938,
  "leverage": 2.493705913949323,
  "workerPositions": [
    {
      "name": "USDT-WBNB PancakeswapWorker",
      "address": "0x41867cc58aece8B570FF1A2a8aa6149014D2a94C",
      "vault": "ibWBNB",
      "borrowToken": "WBNB",
      "posVal": 179496.0650050827,
      "posValUSD": 68858008.61404929,
      "debtVal": 109743.6372491652,
      "debtValUSD": 42099687.91698101
    },
    {
      "name": "WBNB-USDT PancakeswapWorker",
      "address": "0x81b6534f4F7ba45Ecf98295Cef1450B4a4FC81Cd",
      "vault": "ibUSDT",
      "borrowToken": "USDT",
      "posVal": 22707061.568464335,
      "posValUSD": 22711373.639456186,
      "debtVal": 12747072.724198049,
      "debtValUSD": 12749493.393308375
    }
  ]
}