{
  "blockNo": 13228026,
  "lpName": "USDT-WBNB LP",
  "lpTokens": 0,
  "token0_symbol": "USDT",
  "token0_decimals": 18,
  "token0": 0,
  "token0_liquidity": 140632015.1527914,
  "token0_price": 1.00130747,
  "token0_posVal": 51135680.70268185,
  "token0_posValUSD": 51202539.07113018,
  "token0_debtVal": 31481590.557207398,
  "token0_debtValUSD": 31522751.79241323,
  "token1_symbol": "WBNB",
  "token1_decimals": 18,
  "token1": 0,
  "token1_liquidity": 254428.29179666511,
  "token1_price": 554.53630911,
  "token1_posVal": 141444.21986276025,
  "token1_posValUSD": 78435955.62763843,
  "token1_debtVal": 91288.42858294713,
  "token1_debtValUSD": 50622748.25083934,
  "liquidity": 281905613.15972805,
  "tvl": 0,
  "health": 129638494.69876862,
  "debt": 82145500.04325257,
  "leverage": 2.729634036326489,
  "workerPositions": [
    {
      "name": "USDT-WBNB PancakeswapWorker",
      "address": "0x41867cc58aece8B570FF1A2a8aa6149014D2a94C",
      "vault": "ibWBNB",
      "borrowToken": "WBNB",
      "posVal": 141444.21986276025,
      "posValUSD": 78435955.62763843,
      "debtVal": 91288.42858294713,
      "debtValUSD": 50622748.25083934
    },
    {
      "name": "WBNB-USDT PancakeswapWorker",
      "address": "0x81b6534f4F7ba45Ecf98295Cef1450B4a4FC81Cd",
      "vault": "ibUSDT",
      "borrowToken": "USDT",
      "posVal": 51135680.70268185,
      "posValUSD": 51202539.07113018,
      "debtVal": 31481590.557207398,
      "debtValUSD": 31522751.79241323
    }
  ]
}