{
  "blockNo": 11006816,
  "lpName": "USDT-WBNB LP",
  "lpTokens": 0,
  "token0_symbol": "USDT",
  "token0_decimals": 18,
  "token0": 0,
  "token0_liquidity": 132908504.78137942,
  "token0_price": 1,
  "token0_posVal": 49749560.83448254,
  "token0_posValUSD": 49749560.83448254,
  "token0_debtVal": 29897623.563708905,
  "token0_debtValUSD": 29897623.563708905,
  "token1_symbol": "WBNB",
  "token1_decimals": 18,
  "token1": 0,
  "token1_liquidity": 327714.9236431156,
  "token1_price": 406.33778186,
  "token1_posVal": 161204.38036890252,
  "token1_posValUSD": 65503430.34521558,
  "token1_debtVal": 98984.43692938554,
  "token1_debtValUSD": 40221116.540547594,
  "liquidity": 266071459.93694228,
  "tvl": 0,
  "health": 115252991.17969812,
  "debt": 70118740.1042565,
  "leverage": 2.55355940186209,
  "workerPositions": [
    {
      "name": "USDT-WBNB PancakeswapWorker",
      "address": "0x41867cc58aece8B570FF1A2a8aa6149014D2a94C",
      "vault": "ibWBNB",
      "borrowToken": "WBNB",
      "posVal": 161204.38036890252,
      "posValUSD": 65503430.34521558,
      "debtVal": 98984.43692938554,
      "debtValUSD": 40221116.540547594
    },
    {
      "name": "WBNB-USDT PancakeswapWorker",
      "address": "0x81b6534f4F7ba45Ecf98295Cef1450B4a4FC81Cd",
      "vault": "ibUSDT",
      "borrowToken": "USDT",
      "posVal": 49749560.83448254,
      "posValUSD": 49749560.83448254,
      "debtVal": 29897623.563708905,
      "debtValUSD": 29897623.563708905
    }
  ]
}