{
  "blockNo": 16950116,
  "lpName": "USDT-WBNB LP",
  "lpTokens": 0,
  "token0_symbol": "USDT",
  "token0_decimals": 18,
  "token0": 0,
  "token0_liquidity": 167637047.41299003,
  "token0_price": 1.00032218,
  "token0_posVal": 53043487.6042222,
  "token0_posValUSD": 53060577.155058526,
  "token0_debtVal": 26842631.10527277,
  "token0_debtValUSD": 26851279.264162265,
  "token1_symbol": "WBNB",
  "token1_decimals": 18,
  "token1": 0,
  "token1_liquidity": 403610.86079945636,
  "token1_price": 416.24702759,
  "token1_posVal": 174079.35263555738,
  "token1_posValUSD": 72460013.0993422,
  "token1_debtVal": 109862.91669078232,
  "token1_debtValUSD": 45730112.514905944,
  "liquidity": 335692877.8277405,
  "tvl": 0,
  "health": 125520590.25440073,
  "debt": 72581391.7790682,
  "leverage": 2.3710330694350827,
  "workerPositions": [
    {
      "name": "USDT-WBNB PancakeswapWorker",
      "address": "0x41867cc58aece8B570FF1A2a8aa6149014D2a94C",
      "vault": "ibWBNB",
      "borrowToken": "WBNB",
      "posVal": 174079.35263555738,
      "posValUSD": 72460013.0993422,
      "debtVal": 109862.91669078232,
      "debtValUSD": 45730112.514905944
    },
    {
      "name": "WBNB-USDT PancakeswapWorker",
      "address": "0x81b6534f4F7ba45Ecf98295Cef1450B4a4FC81Cd",
      "vault": "ibUSDT",
      "borrowToken": "USDT",
      "posVal": 53043487.6042222,
      "posValUSD": 53060577.155058526,
      "debtVal": 26842631.10527277,
      "debtValUSD": 26851279.264162265
    }
  ]
}