{
  "blockNo": 10133626,
  "lpName": "USDT-WBNB LP",
  "lpTokens": 0,
  "token0_symbol": "USDT",
  "token0_decimals": 18,
  "token0": 0,
  "token0_liquidity": 110570309.17842053,
  "token0_price": 1.00013121,
  "token0_posVal": 36257797.850845106,
  "token0_posValUSD": 36262555.23650111,
  "token0_debtVal": 20673814.786182385,
  "token0_debtValUSD": 20676527.397420477,
  "token1_symbol": "WBNB",
  "token1_decimals": 18,
  "token1": 0,
  "token1_liquidity": 275897.52676833014,
  "token1_price": 400.42,
  "token1_posVal": 86029.62755597233,
  "token1_posValUSD": 34447983.46596244,
  "token1_debtVal": 56505.62501279007,
  "token1_debtValUSD": 22625982.3676214,
  "liquidity": 221059704.77726257,
  "tvl": 0,
  "health": 70710538.70246355,
  "debt": 43302509.76504187,
  "leverage": 2.5799206088081217,
  "workerPositions": [
    {
      "name": "USDT-WBNB PancakeswapWorker",
      "address": "0x41867cc58aece8B570FF1A2a8aa6149014D2a94C",
      "vault": "ibWBNB",
      "borrowToken": "WBNB",
      "posVal": 86029.62755597233,
      "posValUSD": 34447983.46596244,
      "debtVal": 56505.62501279007,
      "debtValUSD": 22625982.3676214
    },
    {
      "name": "WBNB-USDT PancakeswapWorker",
      "address": "0x81b6534f4F7ba45Ecf98295Cef1450B4a4FC81Cd",
      "vault": "ibUSDT",
      "borrowToken": "USDT",
      "posVal": 36257797.850845106,
      "posValUSD": 36262555.23650111,
      "debtVal": 20673814.786182385,
      "debtValUSD": 20676527.397420477
    }
  ]
}