{
  "blockNo": 13219802,
  "lpName": "USDT-WBNB LP",
  "lpTokens": 0,
  "token0_symbol": "USDT",
  "token0_decimals": 18,
  "token0": 0,
  "token0_liquidity": 139770603.05530715,
  "token0_price": 1.00130747,
  "token0_posVal": 50831730.70008017,
  "token0_posValUSD": 50898191.66301861,
  "token0_debtVal": 31493905.61863745,
  "token0_debtValUSD": 31535082.95541665,
  "token1_symbol": "WBNB",
  "token1_decimals": 18,
  "token1": 0,
  "token1_liquidity": 255863.01926254158,
  "token1_price": 547.76220969,
  "token1_posVal": 142124.75291085584,
  "token1_posValUSD": 77850568.70609565,
  "token1_debtVal": 91196.57705099914,
  "token1_debtValUSD": 49954038.56161963,
  "liquidity": 280105441.7348887,
  "tvl": 0,
  "health": 128748760.36911425,
  "debt": 81489121.51703629,
  "leverage": 2.7242857435304604,
  "workerPositions": [
    {
      "name": "USDT-WBNB PancakeswapWorker",
      "address": "0x41867cc58aece8B570FF1A2a8aa6149014D2a94C",
      "vault": "ibWBNB",
      "borrowToken": "WBNB",
      "posVal": 142124.75291085584,
      "posValUSD": 77850568.70609565,
      "debtVal": 91196.57705099914,
      "debtValUSD": 49954038.56161963
    },
    {
      "name": "WBNB-USDT PancakeswapWorker",
      "address": "0x81b6534f4F7ba45Ecf98295Cef1450B4a4FC81Cd",
      "vault": "ibUSDT",
      "borrowToken": "USDT",
      "posVal": 50831730.70008017,
      "posValUSD": 50898191.66301861,
      "debtVal": 31493905.61863745,
      "debtValUSD": 31535082.95541665
    }
  ]
}