{
  "blockNo": 16333435,
  "lpName": "USDT-WBNB LP",
  "lpTokens": 0,
  "token0_symbol": "USDT",
  "token0_decimals": 18,
  "token0": 0,
  "token0_liquidity": 141510521.9314662,
  "token0_price": 1.00024919,
  "token0_posVal": 49423891.04039269,
  "token0_posValUSD": 49436206.97980104,
  "token0_debtVal": 25578635.5705106,
  "token0_debtValUSD": 25585009.510708414,
  "token1_symbol": "WBNB",
  "token1_decimals": 18,
  "token1": 0,
  "token1_liquidity": 343884.49845471786,
  "token1_price": 411.63401385,
  "token1_posVal": 177956.0450342625,
  "token1_posValUSD": 73252761.10632482,
  "token1_debtVal": 113609.9021332741,
  "token1_debtValUSD": 46765700.02822529,
  "liquidity": 283100341.3381359,
  "tvl": 0,
  "health": 122688968.08612585,
  "debt": 72350709.5389337,
  "leverage": 2.4372906736752693,
  "workerPositions": [
    {
      "name": "USDT-WBNB PancakeswapWorker",
      "address": "0x41867cc58aece8B570FF1A2a8aa6149014D2a94C",
      "vault": "ibWBNB",
      "borrowToken": "WBNB",
      "posVal": 177956.0450342625,
      "posValUSD": 73252761.10632482,
      "debtVal": 113609.9021332741,
      "debtValUSD": 46765700.02822529
    },
    {
      "name": "WBNB-USDT PancakeswapWorker",
      "address": "0x81b6534f4F7ba45Ecf98295Cef1450B4a4FC81Cd",
      "vault": "ibUSDT",
      "borrowToken": "USDT",
      "posVal": 49423891.04039269,
      "posValUSD": 49436206.97980104,
      "debtVal": 25578635.5705106,
      "debtValUSD": 25585009.510708414
    }
  ]
}