{
  "blockNo": 13651554,
  "lpName": "USDT-WBNB LP",
  "lpTokens": 0,
  "token0_symbol": "USDT",
  "token0_decimals": 18,
  "token0": 0,
  "token0_liquidity": 144220980.12361315,
  "token0_price": 1.00035778,
  "token0_posVal": 49516719.67442735,
  "token0_posValUSD": 49534435.76639248,
  "token0_debtVal": 31227400.816190362,
  "token0_debtValUSD": 31238573.35565438,
  "token1_symbol": "WBNB",
  "token1_decimals": 18,
  "token1": 0,
  "token1_liquidity": 275448.71827736846,
  "token1_price": 523.0542545,
  "token1_posVal": 154819.3469951107,
  "token1_posValUSD": 80978918.12470444,
  "token1_debtVal": 97645.02695544536,
  "token1_debtValUSD": 51073646.77981287,
  "liquidity": 288347203.4974313,
  "tvl": 0,
  "health": 130513353.89109692,
  "debt": 82312220.13546726,
  "leverage": 2.707682241516852,
  "workerPositions": [
    {
      "name": "USDT-WBNB PancakeswapWorker",
      "address": "0x41867cc58aece8B570FF1A2a8aa6149014D2a94C",
      "vault": "ibWBNB",
      "borrowToken": "WBNB",
      "posVal": 154819.3469951107,
      "posValUSD": 80978918.12470444,
      "debtVal": 97645.02695544536,
      "debtValUSD": 51073646.77981287
    },
    {
      "name": "WBNB-USDT PancakeswapWorker",
      "address": "0x81b6534f4F7ba45Ecf98295Cef1450B4a4FC81Cd",
      "vault": "ibUSDT",
      "borrowToken": "USDT",
      "posVal": 49516719.67442735,
      "posValUSD": 49534435.76639248,
      "debtVal": 31227400.816190362,
      "debtValUSD": 31238573.35565438
    }
  ]
}