{
  "blockNo": 16934551,
  "lpName": "USDT-WBNB LP",
  "lpTokens": 0,
  "token0_symbol": "USDT",
  "token0_decimals": 18,
  "token0": 0,
  "token0_liquidity": 168047558.79073364,
  "token0_price": 1.00032218,
  "token0_posVal": 53403997.43020627,
  "token0_posValUSD": 53421203.13009833,
  "token0_debtVal": 26832621.92074946,
  "token0_debtValUSD": 26841266.854879886,
  "token1_symbol": "WBNB",
  "token1_decimals": 18,
  "token1": 0,
  "token1_liquidity": 398855.4746518044,
  "token1_price": 420.820053,
  "token1_posVal": 171131.83295540637,
  "token1_posValUSD": 72015707.01428124,
  "token1_debtVal": 108995.91043700937,
  "token1_debtValUSD": 45867664.80688553,
  "liquidity": 335948082.3355373,
  "tvl": 0,
  "health": 125436910.14437957,
  "debt": 72708931.66176543,
  "leverage": 2.3789440398466923,
  "workerPositions": [
    {
      "name": "USDT-WBNB PancakeswapWorker",
      "address": "0x41867cc58aece8B570FF1A2a8aa6149014D2a94C",
      "vault": "ibWBNB",
      "borrowToken": "WBNB",
      "posVal": 171131.83295540637,
      "posValUSD": 72015707.01428124,
      "debtVal": 108995.91043700937,
      "debtValUSD": 45867664.80688553
    },
    {
      "name": "WBNB-USDT PancakeswapWorker",
      "address": "0x81b6534f4F7ba45Ecf98295Cef1450B4a4FC81Cd",
      "vault": "ibUSDT",
      "borrowToken": "USDT",
      "posVal": 53403997.43020627,
      "posValUSD": 53421203.13009833,
      "debtVal": 26832621.92074946,
      "debtValUSD": 26841266.854879886
    }
  ]
}