{
  "blockNo": 13859386,
  "lpName": "USDT-WBNB LP",
  "lpTokens": 0,
  "token0_symbol": "USDT",
  "token0_decimals": 18,
  "token0": 0,
  "token0_liquidity": 133162975.40558308,
  "token0_price": 1.00039438,
  "token0_posVal": 50321935.365320735,
  "token0_posValUSD": 50341781.33019011,
  "token0_debtVal": 30883791.102907576,
  "token0_debtValUSD": 30895971.052442737,
  "token1_symbol": "WBNB",
  "token1_decimals": 18,
  "token1": 0,
  "token1_liquidity": 241737.54588505323,
  "token1_price": 551.88,
  "token1_posVal": 148022.89474278712,
  "token1_posValUSD": 81690875.15064935,
  "token1_debtVal": 95758.20357745643,
  "token1_debtValUSD": 52847037.39032666,
  "liquidity": 266625609.0428667,
  "tvl": 0,
  "health": 132032656.48083946,
  "debt": 83743008.4427694,
  "leverage": 2.7341813793455065,
  "workerPositions": [
    {
      "name": "USDT-WBNB PancakeswapWorker",
      "address": "0x41867cc58aece8B570FF1A2a8aa6149014D2a94C",
      "vault": "ibWBNB",
      "borrowToken": "WBNB",
      "posVal": 148022.89474278712,
      "posValUSD": 81690875.15064935,
      "debtVal": 95758.20357745643,
      "debtValUSD": 52847037.39032666
    },
    {
      "name": "WBNB-USDT PancakeswapWorker",
      "address": "0x81b6534f4F7ba45Ecf98295Cef1450B4a4FC81Cd",
      "vault": "ibUSDT",
      "borrowToken": "USDT",
      "posVal": 50321935.365320735,
      "posValUSD": 50341781.33019011,
      "debtVal": 30883791.102907576,
      "debtValUSD": 30895971.052442737
    }
  ]
}