{
  "blockNo": 15659547,
  "lpName": "USDT-WBNB LP",
  "lpTokens": 0,
  "token0_symbol": "USDT",
  "token0_decimals": 18,
  "token0": 0,
  "token0_liquidity": 124512267.84505157,
  "token0_price": 1.00044764,
  "token0_posVal": 45815915.53460599,
  "token0_posValUSD": 45836424.5710359,
  "token0_debtVal": 27671593.32777978,
  "token0_debtValUSD": 27683980.239817027,
  "token1_symbol": "WBNB",
  "token1_decimals": 18,
  "token1": 0,
  "token1_liquidity": 324483.40682501154,
  "token1_price": 384.54196189,
  "token1_posVal": 197936.38500636822,
  "token1_posValUSD": 76114845.81976321,
  "token1_debtVal": 120907.65905609063,
  "token1_debtValUSD": 46494068.42095631,
  "liquidity": 249345490.37787068,
  "tvl": 0,
  "health": 121951270.3907991,
  "debt": 74178048.66077334,
  "leverage": 2.552711874446432,
  "workerPositions": [
    {
      "name": "USDT-WBNB PancakeswapWorker",
      "address": "0x41867cc58aece8B570FF1A2a8aa6149014D2a94C",
      "vault": "ibWBNB",
      "borrowToken": "WBNB",
      "posVal": 197936.38500636822,
      "posValUSD": 76114845.81976321,
      "debtVal": 120907.65905609063,
      "debtValUSD": 46494068.42095631
    },
    {
      "name": "WBNB-USDT PancakeswapWorker",
      "address": "0x81b6534f4F7ba45Ecf98295Cef1450B4a4FC81Cd",
      "vault": "ibUSDT",
      "borrowToken": "USDT",
      "posVal": 45815915.53460599,
      "posValUSD": 45836424.5710359,
      "debtVal": 27671593.32777978,
      "debtValUSD": 27683980.239817027
    }
  ]
}