{
  "blockNo": 12980593,
  "lpName": "USDT-WBNB LP",
  "lpTokens": 0,
  "token0_symbol": "USDT",
  "token0_decimals": 18,
  "token0": 0,
  "token0_liquidity": 144975286.14503026,
  "token0_price": 1.0008987,
  "token0_posVal": 57788377.37271545,
  "token0_posValUSD": 57840311.78746031,
  "token0_debtVal": 33141153.738011736,
  "token0_debtValUSD": 33170937.69287609,
  "token1_symbol": "WBNB",
  "token1_decimals": 18,
  "token1": 0,
  "token1_liquidity": 245505.25934001722,
  "token1_price": 591.15959455,
  "token1_posVal": 136446.37428667856,
  "token1_posValUSD": 80661583.30113044,
  "token1_debtVal": 91514.68051031188,
  "token1_debtValUSD": 54099781.42584875,
  "liquidity": 290238365.00602597,
  "tvl": 0,
  "health": 138501895.08859074,
  "debt": 87270719.11872484,
  "leverage": 2.7034689808810426,
  "workerPositions": [
    {
      "name": "USDT-WBNB PancakeswapWorker",
      "address": "0x41867cc58aece8B570FF1A2a8aa6149014D2a94C",
      "vault": "ibWBNB",
      "borrowToken": "WBNB",
      "posVal": 136446.37428667856,
      "posValUSD": 80661583.30113044,
      "debtVal": 91514.68051031188,
      "debtValUSD": 54099781.42584875
    },
    {
      "name": "WBNB-USDT PancakeswapWorker",
      "address": "0x81b6534f4F7ba45Ecf98295Cef1450B4a4FC81Cd",
      "vault": "ibUSDT",
      "borrowToken": "USDT",
      "posVal": 57788377.37271545,
      "posValUSD": 57840311.78746031,
      "debtVal": 33141153.738011736,
      "debtValUSD": 33170937.69287609
    }
  ]
}