{
  "blockNo": 8867284,
  "lpName": "USDT-WBNB LP",
  "lpTokens": 0,
  "token0_symbol": "USDT",
  "token0_decimals": 18,
  "token0": 0,
  "token0_liquidity": 87921717.79514161,
  "token0_price": 1.0002,
  "token0_posVal": 30206146.568720486,
  "token0_posValUSD": 30212187.79803423,
  "token0_debtVal": 16624708.375999302,
  "token0_debtValUSD": 16628033.3176745,
  "token1_symbol": "WBNB",
  "token1_decimals": 18,
  "token1": 0,
  "token1_liquidity": 284718.031651279,
  "token1_price": 307.87967741,
  "token1_posVal": 75933.44044518039,
  "token1_posValUSD": 23378363.148893584,
  "token1_debtVal": 46230.30114346781,
  "token1_debtValUSD": 14233370.202618023,
  "liquidity": 175598197.8763066,
  "tvl": 0,
  "health": 53590550.946927816,
  "debt": 30861403.520292524,
  "leverage": 2.357789755198974,
  "workerPositions": [
    {
      "name": "USDT-WBNB PancakeswapWorker",
      "address": "0x41867cc58aece8B570FF1A2a8aa6149014D2a94C",
      "vault": "ibWBNB",
      "borrowToken": "WBNB",
      "posVal": 75933.44044518039,
      "posValUSD": 23378363.148893584,
      "debtVal": 46230.30114346781,
      "debtValUSD": 14233370.202618023
    },
    {
      "name": "WBNB-USDT PancakeswapWorker",
      "address": "0x81b6534f4F7ba45Ecf98295Cef1450B4a4FC81Cd",
      "vault": "ibUSDT",
      "borrowToken": "USDT",
      "posVal": 30206146.568720486,
      "posValUSD": 30212187.79803423,
      "debtVal": 16624708.375999302,
      "debtValUSD": 16628033.3176745
    }
  ]
}