{
  "blockNo": 17590177,
  "lpName": "USDT-WBNB LP",
  "lpTokens": 0,
  "token0_symbol": "USDT",
  "token0_decimals": 18,
  "token0": 0,
  "token0_liquidity": 156072138.38421306,
  "token0_price": 0.9998041,
  "token0_posVal": 35959592.57048822,
  "token0_posValUSD": 35952548.08630366,
  "token0_debtVal": 19140293.766992956,
  "token0_debtValUSD": 19136544.183444,
  "token1_symbol": "WBNB",
  "token1_decimals": 18,
  "token1": 0,
  "token1_liquidity": 414410.3850144309,
  "token1_price": 376.37355892,
  "token1_posVal": 165469.85974627105,
  "token1_posValUSD": 62278480.00669728,
  "token1_debtVal": 101166.33042142111,
  "token1_debtValUSD": 38076331.823586926,
  "liquidity": 312014675.3135924,
  "tvl": 0,
  "health": 98231028.09300095,
  "debt": 57212876.00703093,
  "leverage": 2.3948184668855474,
  "workerPositions": [
    {
      "name": "USDT-WBNB PancakeswapWorker",
      "address": "0x41867cc58aece8B570FF1A2a8aa6149014D2a94C",
      "vault": "ibWBNB",
      "borrowToken": "WBNB",
      "posVal": 165469.85974627105,
      "posValUSD": 62278480.00669728,
      "debtVal": 101166.33042142111,
      "debtValUSD": 38076331.823586926
    },
    {
      "name": "WBNB-USDT PancakeswapWorker",
      "address": "0x81b6534f4F7ba45Ecf98295Cef1450B4a4FC81Cd",
      "vault": "ibUSDT",
      "borrowToken": "USDT",
      "posVal": 35959592.57048822,
      "posValUSD": 35952548.08630366,
      "debtVal": 19140293.766992956,
      "debtValUSD": 19136544.183444
    }
  ]
}