{
  "blockNo": 18274173,
  "lpName": "USDT-WBNB LP",
  "lpTokens": 0,
  "token0_symbol": "USDT",
  "token0_decimals": 18,
  "token0": 0,
  "token0_liquidity": 92994969.61894378,
  "token0_price": 0.9993977,
  "token0_posVal": 29542471.74369607,
  "token0_posValUSD": 29524678.312964845,
  "token0_debtVal": 17656527.474389996,
  "token0_debtValUSD": 17645892.947892174,
  "token1_symbol": "WBNB",
  "token1_decimals": 18,
  "token1": 0,
  "token1_liquidity": 293203.119614437,
  "token1_price": 317.31013965,
  "token1_posVal": 11138.61306943127,
  "token1_posValUSD": 3534394.8685685517,
  "token1_debtVal": 6537.236962423289,
  "token1_debtValUSD": 2074331.5734716756,
  "liquidity": 185975281.57941496,
  "tvl": 0,
  "health": 33059073.181533396,
  "debt": 19720224.52136385,
  "leverage": 2.4784052974713933,
  "workerPositions": [
    {
      "name": "USDT-WBNB PancakeswapWorker",
      "address": "0x41867cc58aece8B570FF1A2a8aa6149014D2a94C",
      "vault": "ibWBNB",
      "borrowToken": "WBNB",
      "posVal": 11138.61306943127,
      "posValUSD": 3534394.8685685517,
      "debtVal": 6537.236962423289,
      "debtValUSD": 2074331.5734716756
    },
    {
      "name": "WBNB-USDT PancakeswapWorker",
      "address": "0x81b6534f4F7ba45Ecf98295Cef1450B4a4FC81Cd",
      "vault": "ibUSDT",
      "borrowToken": "USDT",
      "posVal": 29542471.74369607,
      "posValUSD": 29524678.312964845,
      "debtVal": 17656527.474389996,
      "debtValUSD": 17645892.947892174
    }
  ]
}