{
  "blockNo": 11928691,
  "lpName": "USDT-WBNB LP",
  "lpTokens": 0,
  "token0_symbol": "USDT",
  "token0_decimals": 18,
  "token0": 0,
  "token0_liquidity": 109827560.9636159,
  "token0_price": 1.00013285,
  "token0_posVal": 47330034.6098711,
  "token0_posValUSD": 47336322.404969014,
  "token0_debtVal": 28016275.742076177,
  "token0_debtValUSD": 28019997.70430851,
  "token1_symbol": "WBNB",
  "token1_decimals": 18,
  "token1": 0,
  "token1_liquidity": 226127.25326143106,
  "token1_price": 485.29937439,
  "token1_posVal": 117733.48609680608,
  "token1_posValUSD": 57135987.14753376,
  "token1_debtVal": 78301.41643140384,
  "token1_debtValUSD": 37999628.408011146,
  "liquidity": 219581566.0953915,
  "tvl": 0,
  "health": 104472309.55250278,
  "debt": 66019626.112319656,
  "leverage": 2.7169055630413825,
  "workerPositions": [
    {
      "name": "USDT-WBNB PancakeswapWorker",
      "address": "0x41867cc58aece8B570FF1A2a8aa6149014D2a94C",
      "vault": "ibWBNB",
      "borrowToken": "WBNB",
      "posVal": 117733.48609680608,
      "posValUSD": 57135987.14753376,
      "debtVal": 78301.41643140384,
      "debtValUSD": 37999628.408011146
    },
    {
      "name": "WBNB-USDT PancakeswapWorker",
      "address": "0x81b6534f4F7ba45Ecf98295Cef1450B4a4FC81Cd",
      "vault": "ibUSDT",
      "borrowToken": "USDT",
      "posVal": 47330034.6098711,
      "posValUSD": 47336322.404969014,
      "debtVal": 28016275.742076177,
      "debtValUSD": 28019997.70430851
    }
  ]
}