{
  "blockNo": 14810762,
  "lpName": "USDT-WBNB LP",
  "lpTokens": 0,
  "token0_symbol": "USDT",
  "token0_decimals": 18,
  "token0": 0,
  "token0_liquidity": 102330014.01768939,
  "token0_price": 1.0004629,
  "token0_posVal": 38053677.290362656,
  "token0_posValUSD": 38071292.33758037,
  "token0_debtVal": 23212508.063504048,
  "token0_debtValUSD": 23223253.133486643,
  "token1_symbol": "WBNB",
  "token1_decimals": 18,
  "token1": 0,
  "token1_liquidity": 265811.3472723163,
  "token1_price": 385.07215099,
  "token1_posVal": 125770.94237683018,
  "token1_posValUSD": 48430887.31308534,
  "token1_debtVal": 76558.58114923358,
  "token1_debtValUSD": 29480577.51987784,
  "liquidity": 204733929.8328789,
  "tvl": 0,
  "health": 86502179.6506657,
  "debt": 52703830.65336448,
  "leverage": 2.559361099489589,
  "workerPositions": [
    {
      "name": "USDT-WBNB PancakeswapWorker",
      "address": "0x41867cc58aece8B570FF1A2a8aa6149014D2a94C",
      "vault": "ibWBNB",
      "borrowToken": "WBNB",
      "posVal": 125770.94237683018,
      "posValUSD": 48430887.31308534,
      "debtVal": 76558.58114923358,
      "debtValUSD": 29480577.51987784
    },
    {
      "name": "WBNB-USDT PancakeswapWorker",
      "address": "0x81b6534f4F7ba45Ecf98295Cef1450B4a4FC81Cd",
      "vault": "ibUSDT",
      "borrowToken": "USDT",
      "posVal": 38053677.290362656,
      "posValUSD": 38071292.33758037,
      "debtVal": 23212508.063504048,
      "debtValUSD": 23223253.133486643
    }
  ]
}