{
  "blockNo": 14767597,
  "lpName": "USDT-WBNB LP",
  "lpTokens": 0,
  "token0_symbol": "USDT",
  "token0_decimals": 18,
  "token0": 0,
  "token0_liquidity": 101140022.96499349,
  "token0_price": 1.00030025,
  "token0_posVal": 38053437.43104312,
  "token0_posValUSD": 38064862.97563179,
  "token0_debtVal": 23169908.209790453,
  "token0_debtValUSD": 23176864.974730443,
  "token1_symbol": "WBNB",
  "token1_decimals": 18,
  "token1": 0,
  "token1_liquidity": 261543.72803453452,
  "token1_price": 386.99842679,
  "token1_posVal": 123376.8958156105,
  "token1_posValUSD": 47746664.582875,
  "token1_debtVal": 75103.77339897862,
  "token1_debtValUSD": 29065042.151397377,
  "liquidity": 202387401.54304522,
  "tvl": 0,
  "health": 85811527.55850679,
  "debt": 52241907.126127824,
  "leverage": 2.556225731874491,
  "workerPositions": [
    {
      "name": "USDT-WBNB PancakeswapWorker",
      "address": "0x41867cc58aece8B570FF1A2a8aa6149014D2a94C",
      "vault": "ibWBNB",
      "borrowToken": "WBNB",
      "posVal": 123376.8958156105,
      "posValUSD": 47746664.582875,
      "debtVal": 75103.77339897862,
      "debtValUSD": 29065042.151397377
    },
    {
      "name": "WBNB-USDT PancakeswapWorker",
      "address": "0x81b6534f4F7ba45Ecf98295Cef1450B4a4FC81Cd",
      "vault": "ibUSDT",
      "borrowToken": "USDT",
      "posVal": 38053437.43104312,
      "posValUSD": 38064862.97563179,
      "debtVal": 23169908.209790453,
      "debtValUSD": 23176864.974730443
    }
  ]
}