{
  "blockNo": 16811220,
  "lpName": "USDT-WBNB LP",
  "lpTokens": 0,
  "token0_symbol": "USDT",
  "token0_decimals": 18,
  "token0": 0,
  "token0_liquidity": 154672669.5068474,
  "token0_price": 1.00052317,
  "token0_posVal": 48769565.879044205,
  "token0_posValUSD": 48795080.65282514,
  "token0_debtVal": 24279171.598451633,
  "token0_debtValUSD": 24291873.73265679,
  "token1_symbol": "WBNB",
  "token1_decimals": 18,
  "token1": 0,
  "token1_liquidity": 362045.63479443797,
  "token1_price": 426.65942541,
  "token1_posVal": 157923.7475795479,
  "token1_posValUSD": 67379655.40088378,
  "token1_debtVal": 102578.16380178515,
  "token1_debtValUSD": 43765940.42728251,
  "liquidity": 309223772.1209469,
  "tvl": 0,
  "health": 116174736.05370891,
  "debt": 68057814.1599393,
  "leverage": 2.414425767096954,
  "workerPositions": [
    {
      "name": "USDT-WBNB PancakeswapWorker",
      "address": "0x41867cc58aece8B570FF1A2a8aa6149014D2a94C",
      "vault": "ibWBNB",
      "borrowToken": "WBNB",
      "posVal": 157923.7475795479,
      "posValUSD": 67379655.40088378,
      "debtVal": 102578.16380178515,
      "debtValUSD": 43765940.42728251
    },
    {
      "name": "WBNB-USDT PancakeswapWorker",
      "address": "0x81b6534f4F7ba45Ecf98295Cef1450B4a4FC81Cd",
      "vault": "ibUSDT",
      "borrowToken": "USDT",
      "posVal": 48769565.879044205,
      "posValUSD": 48795080.65282514,
      "debtVal": 24279171.598451633,
      "debtValUSD": 24291873.73265679
    }
  ]
}