{
  "blockNo": 17141726,
  "lpName": "USDT-WBNB LP",
  "lpTokens": 0,
  "token0_symbol": "USDT",
  "token0_decimals": 18,
  "token0": 0,
  "token0_liquidity": 167167548.8719076,
  "token0_price": 1.00024602,
  "token0_posVal": 55769698.986173585,
  "token0_posValUSD": 55783419.44751817,
  "token0_debtVal": 28232786.317381673,
  "token0_debtValUSD": 28239732.147471476,
  "token1_symbol": "WBNB",
  "token1_decimals": 18,
  "token1": 0,
  "token1_liquidity": 395220.32910924696,
  "token1_price": 422.85,
  "token1_posVal": 178057.64793056174,
  "token1_posValUSD": 75291676.42743804,
  "token1_debtVal": 113845.62942951097,
  "token1_debtValUSD": 48139624.40426872,
  "liquidity": 334327591.5961262,
  "tvl": 0,
  "health": 131075095.8749562,
  "debt": 76379356.5517402,
  "leverage": 2.396440700808306,
  "workerPositions": [
    {
      "name": "USDT-WBNB PancakeswapWorker",
      "address": "0x41867cc58aece8B570FF1A2a8aa6149014D2a94C",
      "vault": "ibWBNB",
      "borrowToken": "WBNB",
      "posVal": 178057.64793056174,
      "posValUSD": 75291676.42743804,
      "debtVal": 113845.62942951097,
      "debtValUSD": 48139624.40426872
    },
    {
      "name": "WBNB-USDT PancakeswapWorker",
      "address": "0x81b6534f4F7ba45Ecf98295Cef1450B4a4FC81Cd",
      "vault": "ibUSDT",
      "borrowToken": "USDT",
      "posVal": 55769698.986173585,
      "posValUSD": 55783419.44751817,
      "debtVal": 28232786.317381673,
      "debtValUSD": 28239732.147471476
    }
  ]
}