{
  "blockNo": 13038659,
  "lpName": "USDT-WBNB LP",
  "lpTokens": 0,
  "token0_symbol": "USDT",
  "token0_decimals": 18,
  "token0": 0,
  "token0_liquidity": 146909707.49641916,
  "token0_price": 1.00074362,
  "token0_posVal": 59701864.71398936,
  "token0_posValUSD": 59746260.214627974,
  "token0_debtVal": 33530965.44821644,
  "token0_debtValUSD": 33555899.74474304,
  "token1_symbol": "WBNB",
  "token1_decimals": 18,
  "token1": 0,
  "token1_liquidity": 239326.40975694,
  "token1_price": 614.48847132,
  "token1_posVal": 127409.18678360652,
  "token1_posValUSD": 78291476.41878273,
  "token1_debtVal": 86789.26826099028,
  "token1_debtValUSD": 53331004.78067732,
  "liquidity": 294082272.17115366,
  "tvl": 0,
  "health": 138037736.6334107,
  "debt": 86886904.52542037,
  "leverage": 2.698641076688324,
  "workerPositions": [
    {
      "name": "USDT-WBNB PancakeswapWorker",
      "address": "0x41867cc58aece8B570FF1A2a8aa6149014D2a94C",
      "vault": "ibWBNB",
      "borrowToken": "WBNB",
      "posVal": 127409.18678360652,
      "posValUSD": 78291476.41878273,
      "debtVal": 86789.26826099028,
      "debtValUSD": 53331004.78067732
    },
    {
      "name": "WBNB-USDT PancakeswapWorker",
      "address": "0x81b6534f4F7ba45Ecf98295Cef1450B4a4FC81Cd",
      "vault": "ibUSDT",
      "borrowToken": "USDT",
      "posVal": 59701864.71398936,
      "posValUSD": 59746260.214627974,
      "debtVal": 33530965.44821644,
      "debtValUSD": 33555899.74474304
    }
  ]
}