{
  "blockNo": 13836609,
  "lpName": "USDT-WBNB LP",
  "lpTokens": 0,
  "token0_symbol": "USDT",
  "token0_decimals": 18,
  "token0": 0,
  "token0_liquidity": 131654579.66743556,
  "token0_price": 1.0005099,
  "token0_posVal": 50030055.76616885,
  "token0_posValUSD": 50055566.09160402,
  "token0_debtVal": 30868805.957840968,
  "token0_debtValUSD": 30884545.96199887,
  "token1_symbol": "WBNB",
  "token1_decimals": 18,
  "token1": 0,
  "token1_liquidity": 241479.1308265271,
  "token1_price": 544.59451207,
  "token1_posVal": 148720.13148929496,
  "token1_posValUSD": 80992167.44339882,
  "token1_debtVal": 95721.38937763232,
  "token1_debtValUSD": 52129343.34277415,
  "liquidity": 263229919.7651682,
  "tvl": 0,
  "health": 131047733.53500283,
  "debt": 83013889.30477302,
  "leverage": 2.7282374674590115,
  "workerPositions": [
    {
      "name": "USDT-WBNB PancakeswapWorker",
      "address": "0x41867cc58aece8B570FF1A2a8aa6149014D2a94C",
      "vault": "ibWBNB",
      "borrowToken": "WBNB",
      "posVal": 148720.13148929496,
      "posValUSD": 80992167.44339882,
      "debtVal": 95721.38937763232,
      "debtValUSD": 52129343.34277415
    },
    {
      "name": "WBNB-USDT PancakeswapWorker",
      "address": "0x81b6534f4F7ba45Ecf98295Cef1450B4a4FC81Cd",
      "vault": "ibUSDT",
      "borrowToken": "USDT",
      "posVal": 50030055.76616885,
      "posValUSD": 50055566.09160402,
      "debtVal": 30868805.957840968,
      "debtValUSD": 30884545.96199887
    }
  ]
}