{
  "blockNo": 8825556,
  "lpName": "USDT-WBNB LP",
  "lpTokens": 0,
  "token0_symbol": "USDT",
  "token0_decimals": 18,
  "token0": 0,
  "token0_liquidity": 77431383.80490085,
  "token0_price": 1.00025883,
  "token0_posVal": 27999234.133878738,
  "token0_posValUSD": 28006481.17564961,
  "token0_debtVal": 15939721.643533397,
  "token0_debtValUSD": 15943847.321686393,
  "token1_symbol": "WBNB",
  "token1_decimals": 18,
  "token1": 0,
  "token1_liquidity": 270421.1893084852,
  "token1_price": 287.04,
  "token1_posVal": 68333.91869084795,
  "token1_posValUSD": 19614568.021020997,
  "token1_debtVal": 40202.17537888445,
  "token1_debtValUSD": 11539632.420754993,
  "liquidity": 155073123.54907864,
  "tvl": 0,
  "health": 47621049.19667061,
  "debt": 27483479.742441386,
  "leverage": 2.364786341514984,
  "workerPositions": [
    {
      "name": "USDT-WBNB PancakeswapWorker",
      "address": "0x41867cc58aece8B570FF1A2a8aa6149014D2a94C",
      "vault": "ibWBNB",
      "borrowToken": "WBNB",
      "posVal": 68333.91869084795,
      "posValUSD": 19614568.021020997,
      "debtVal": 40202.17537888445,
      "debtValUSD": 11539632.420754993
    },
    {
      "name": "WBNB-USDT PancakeswapWorker",
      "address": "0x81b6534f4F7ba45Ecf98295Cef1450B4a4FC81Cd",
      "vault": "ibUSDT",
      "borrowToken": "USDT",
      "posVal": 27999234.133878738,
      "posValUSD": 28006481.17564961,
      "debtVal": 15939721.643533397,
      "debtValUSD": 15943847.321686393
    }
  ]
}