{
  "blockNo": 17395703,
  "lpName": "USDT-WBNB LP",
  "lpTokens": 0,
  "token0_symbol": "USDT",
  "token0_decimals": 18,
  "token0": 0,
  "token0_liquidity": 135642081.3337718,
  "token0_price": 1.00013457,
  "token0_posVal": 17731401.356507577,
  "token0_posValUSD": 17733787.47118812,
  "token0_debtVal": 9958239.232345536,
  "token0_debtValUSD": 9959579.312599033,
  "token1_symbol": "WBNB",
  "token1_decimals": 18,
  "token1": 0,
  "token1_liquidity": 341930.39350102167,
  "token1_price": 397.47699869,
  "token1_posVal": 170564.85634964277,
  "token1_posValUSD": 67795607.183847,
  "token1_debtVal": 107118.18665552804,
  "token1_debtValUSD": 42577015.3369545,
  "liquidity": 271569801.2583337,
  "tvl": 0,
  "health": 85529394.65503511,
  "debt": 52536594.64955353,
  "leverage": 2.592365444606849,
  "workerPositions": [
    {
      "name": "USDT-WBNB PancakeswapWorker",
      "address": "0x41867cc58aece8B570FF1A2a8aa6149014D2a94C",
      "vault": "ibWBNB",
      "borrowToken": "WBNB",
      "posVal": 170564.85634964277,
      "posValUSD": 67795607.183847,
      "debtVal": 107118.18665552804,
      "debtValUSD": 42577015.3369545
    },
    {
      "name": "WBNB-USDT PancakeswapWorker",
      "address": "0x81b6534f4F7ba45Ecf98295Cef1450B4a4FC81Cd",
      "vault": "ibUSDT",
      "borrowToken": "USDT",
      "posVal": 17731401.356507577,
      "posValUSD": 17733787.47118812,
      "debtVal": 9958239.232345536,
      "debtValUSD": 9959579.312599033
    }
  ]
}