{
  "blockNo": 10226483,
  "lpName": "USDT-WBNB LP",
  "lpTokens": 0,
  "token0_symbol": "USDT",
  "token0_decimals": 18,
  "token0": 0,
  "token0_liquidity": 121317848.80993772,
  "token0_price": 1.00006598,
  "token0_posVal": 37695864.31501353,
  "token0_posValUSD": 37698351.48814103,
  "token0_debtVal": 20345028.495812543,
  "token0_debtValUSD": 20346370.860792696,
  "token1_symbol": "WBNB",
  "token1_decimals": 18,
  "token1": 0,
  "token1_liquidity": 267189.6885191714,
  "token1_price": 454.85,
  "token1_posVal": 90371.8535742021,
  "token1_posValUSD": 41105637.59822583,
  "token1_debtVal": 61467.19083471259,
  "token1_debtValUSD": 27958351.751169022,
  "liquidity": 242857083.1845473,
  "tvl": 0,
  "health": 78803989.08636686,
  "debt": 48304722.61196172,
  "leverage": 2.583799487522064,
  "workerPositions": [
    {
      "name": "USDT-WBNB PancakeswapWorker",
      "address": "0x41867cc58aece8B570FF1A2a8aa6149014D2a94C",
      "vault": "ibWBNB",
      "borrowToken": "WBNB",
      "posVal": 90371.8535742021,
      "posValUSD": 41105637.59822583,
      "debtVal": 61467.19083471259,
      "debtValUSD": 27958351.751169022
    },
    {
      "name": "WBNB-USDT PancakeswapWorker",
      "address": "0x81b6534f4F7ba45Ecf98295Cef1450B4a4FC81Cd",
      "vault": "ibUSDT",
      "borrowToken": "USDT",
      "posVal": 37695864.31501353,
      "posValUSD": 37698351.48814103,
      "debtVal": 20345028.495812543,
      "debtValUSD": 20346370.860792696
    }
  ]
}