{
  "blockNo": 10549324,
  "lpName": "USDT-WBNB LP",
  "lpTokens": 0,
  "token0_symbol": "USDT",
  "token0_decimals": 18,
  "token0": 0,
  "token0_liquidity": 136318470.57493776,
  "token0_price": 1,
  "token0_posVal": 61702483.99795748,
  "token0_posValUSD": 61702483.99795748,
  "token0_debtVal": 33118539.757572465,
  "token0_debtValUSD": 33118539.757572465,
  "token1_symbol": "WBNB",
  "token1_decimals": 18,
  "token1": 0,
  "token1_liquidity": 278848.1151684297,
  "token1_price": 489.73738722,
  "token1_posVal": 125518.68954786823,
  "token1_posValUSD": 61471195.06645131,
  "token1_debtVal": 82118.84113024327,
  "token1_debtValUSD": 40216666.69665961,
  "liquidity": 272880817.92874616,
  "tvl": 0,
  "health": 123173679.0644088,
  "debt": 73335206.45423207,
  "leverage": 2.4714577436560012,
  "workerPositions": [
    {
      "name": "USDT-WBNB PancakeswapWorker",
      "address": "0x41867cc58aece8B570FF1A2a8aa6149014D2a94C",
      "vault": "ibWBNB",
      "borrowToken": "WBNB",
      "posVal": 125518.68954786823,
      "posValUSD": 61471195.06645131,
      "debtVal": 82118.84113024327,
      "debtValUSD": 40216666.69665961
    },
    {
      "name": "WBNB-USDT PancakeswapWorker",
      "address": "0x81b6534f4F7ba45Ecf98295Cef1450B4a4FC81Cd",
      "vault": "ibUSDT",
      "borrowToken": "USDT",
      "posVal": 61702483.99795748,
      "posValUSD": 61702483.99795748,
      "debtVal": 33118539.757572465,
      "debtValUSD": 33118539.757572465
    }
  ]
}