{
  "blockNo": 10486696,
  "lpName": "USDT-WBNB LP",
  "lpTokens": 0,
  "token0_symbol": "USDT",
  "token0_decimals": 18,
  "token0": 0,
  "token0_liquidity": 134566980.96061456,
  "token0_price": 1.00061457,
  "token0_posVal": 54733013.077809304,
  "token0_posValUSD": 54766650.34565653,
  "token0_debtVal": 29889279.74429216,
  "token0_debtValUSD": 29907648.798944607,
  "token1_symbol": "WBNB",
  "token1_decimals": 18,
  "token1": 0,
  "token1_liquidity": 281536.0246482744,
  "token1_price": 477.69,
  "token1_posVal": 123461.33053374494,
  "token1_posValUSD": 58976242.98266462,
  "token1_debtVal": 80960.40641876035,
  "token1_debtValUSD": 38673976.54217763,
  "liquidity": 269136625.40433776,
  "tvl": 0,
  "health": 113742893.32832116,
  "debt": 68581625.34112224,
  "leverage": 2.5185938836031325,
  "workerPositions": [
    {
      "name": "USDT-WBNB PancakeswapWorker",
      "address": "0x41867cc58aece8B570FF1A2a8aa6149014D2a94C",
      "vault": "ibWBNB",
      "borrowToken": "WBNB",
      "posVal": 123461.33053374494,
      "posValUSD": 58976242.98266462,
      "debtVal": 80960.40641876035,
      "debtValUSD": 38673976.54217763
    },
    {
      "name": "WBNB-USDT PancakeswapWorker",
      "address": "0x81b6534f4F7ba45Ecf98295Cef1450B4a4FC81Cd",
      "vault": "ibUSDT",
      "borrowToken": "USDT",
      "posVal": 54733013.077809304,
      "posValUSD": 54766650.34565653,
      "debtVal": 29889279.74429216,
      "debtValUSD": 29907648.798944607
    }
  ]
}