{
  "blockNo": 12708270,
  "lpName": "USDT-WBNB LP",
  "lpTokens": 0,
  "token0_symbol": "USDT",
  "token0_decimals": 18,
  "token0": 0,
  "token0_liquidity": 142582755.19068488,
  "token0_price": 1.00029671,
  "token0_posVal": 52486615.87040619,
  "token0_posValUSD": 52502189.17420109,
  "token0_debtVal": 31194578.025739383,
  "token0_debtValUSD": 31203833.768985398,
  "token1_symbol": "WBNB",
  "token1_decimals": 18,
  "token1": 0,
  "token1_liquidity": 241690.4297998587,
  "token1_price": 591.23,
  "token1_posVal": 137835.29867427744,
  "token1_posValUSD": 81492363.63519305,
  "token1_debtVal": 92759.44087024221,
  "token1_debtValUSD": 54842164.225713305,
  "liquidity": 285519693.730548,
  "tvl": 0,
  "health": 133994552.80939415,
  "debt": 86045997.9946987,
  "leverage": 2.7945483096880954,
  "workerPositions": [
    {
      "name": "USDT-WBNB PancakeswapWorker",
      "address": "0x41867cc58aece8B570FF1A2a8aa6149014D2a94C",
      "vault": "ibWBNB",
      "borrowToken": "WBNB",
      "posVal": 137835.29867427744,
      "posValUSD": 81492363.63519305,
      "debtVal": 92759.44087024221,
      "debtValUSD": 54842164.225713305
    },
    {
      "name": "WBNB-USDT PancakeswapWorker",
      "address": "0x81b6534f4F7ba45Ecf98295Cef1450B4a4FC81Cd",
      "vault": "ibUSDT",
      "borrowToken": "USDT",
      "posVal": 52486615.87040619,
      "posValUSD": 52502189.17420109,
      "debtVal": 31194578.025739383,
      "debtValUSD": 31203833.768985398
    }
  ]
}