{
  "blockNo": 15387008,
  "lpName": "USDT-WBNB LP",
  "lpTokens": 0,
  "token0_symbol": "USDT",
  "token0_decimals": 18,
  "token0": 0,
  "token0_liquidity": 99517836.59469138,
  "token0_price": 1.00066598,
  "token0_posVal": 27109794.416217927,
  "token0_posValUSD": 27127848.99710324,
  "token0_debtVal": 15482344.159835272,
  "token0_debtValUSD": 15492655.091398837,
  "token1_symbol": "WBNB",
  "token1_decimals": 18,
  "token1": 0,
  "token1_liquidity": 245454.1316139805,
  "token1_price": 405.19303688,
  "token1_posVal": 190524.14768118536,
  "token1_posValUSD": 77199057.9979131,
  "token1_debtVal": 118603.00711278433,
  "token1_debtValUSD": 48057112.635129325,
  "liquidity": 199040418.4869187,
  "tvl": 0,
  "health": 104326906.99501635,
  "debt": 63549767.72652816,
  "leverage": 2.5584655732737542,
  "workerPositions": [
    {
      "name": "USDT-WBNB PancakeswapWorker",
      "address": "0x41867cc58aece8B570FF1A2a8aa6149014D2a94C",
      "vault": "ibWBNB",
      "borrowToken": "WBNB",
      "posVal": 190524.14768118536,
      "posValUSD": 77199057.9979131,
      "debtVal": 118603.00711278433,
      "debtValUSD": 48057112.635129325
    },
    {
      "name": "WBNB-USDT PancakeswapWorker",
      "address": "0x81b6534f4F7ba45Ecf98295Cef1450B4a4FC81Cd",
      "vault": "ibUSDT",
      "borrowToken": "USDT",
      "posVal": 27109794.416217927,
      "posValUSD": 27127848.99710324,
      "debtVal": 15482344.159835272,
      "debtValUSD": 15492655.091398837
    }
  ]
}