{
  "blockNo": 11027149,
  "lpName": "USDT-WBNB LP",
  "lpTokens": 0,
  "token0_symbol": "USDT",
  "token0_decimals": 18,
  "token0": 0,
  "token0_liquidity": 136245279.03042886,
  "token0_price": 1.00000416,
  "token0_posVal": 50774005.30287602,
  "token0_posValUSD": 50774216.52273808,
  "token0_debtVal": 30241294.88819742,
  "token0_debtValUSD": 30241420.691984154,
  "token1_symbol": "WBNB",
  "token1_decimals": 18,
  "token1": 0,
  "token1_liquidity": 329846.5046013507,
  "token1_price": 413.25167747,
  "token1_posVal": 166264.34324956633,
  "token1_posValUSD": 68709018.75133115,
  "token1_debtVal": 102187.79268731261,
  "token1_debtValUSD": 42229276.74498854,
  "liquidity": 272555467.14491385,
  "tvl": 0,
  "health": 119483235.27406922,
  "debt": 72470697.4369727,
  "leverage": 2.541518513382354,
  "workerPositions": [
    {
      "name": "USDT-WBNB PancakeswapWorker",
      "address": "0x41867cc58aece8B570FF1A2a8aa6149014D2a94C",
      "vault": "ibWBNB",
      "borrowToken": "WBNB",
      "posVal": 166264.34324956633,
      "posValUSD": 68709018.75133115,
      "debtVal": 102187.79268731261,
      "debtValUSD": 42229276.74498854
    },
    {
      "name": "WBNB-USDT PancakeswapWorker",
      "address": "0x81b6534f4F7ba45Ecf98295Cef1450B4a4FC81Cd",
      "vault": "ibUSDT",
      "borrowToken": "USDT",
      "posVal": 50774005.30287602,
      "posValUSD": 50774216.52273808,
      "debtVal": 30241294.88819742,
      "debtValUSD": 30241420.691984154
    }
  ]
}