{
  "blockNo": 14789173,
  "lpName": "USDT-WBNB LP",
  "lpTokens": 0,
  "token0_symbol": "USDT",
  "token0_decimals": 18,
  "token0": 0,
  "token0_liquidity": 103042670.35254358,
  "token0_price": 1.0004,
  "token0_posVal": 38422551.912586614,
  "token0_posValUSD": 38437920.93335165,
  "token0_debtVal": 23195892.99609692,
  "token0_debtValUSD": 23205171.35329536,
  "token1_symbol": "WBNB",
  "token1_decimals": 18,
  "token1": 0,
  "token1_liquidity": 262132.56810414925,
  "token1_price": 392.82,
  "token1_posVal": 123676.24687640935,
  "token1_posValUSD": 48582503.29799112,
  "token1_debtVal": 75767.8625387614,
  "token1_debtValUSD": 29763131.762476254,
  "liquidity": 206054802.8233565,
  "tvl": 0,
  "health": 87020424.23134276,
  "debt": 52968303.115771614,
  "leverage": 2.5555067167769057,
  "workerPositions": [
    {
      "name": "USDT-WBNB PancakeswapWorker",
      "address": "0x41867cc58aece8B570FF1A2a8aa6149014D2a94C",
      "vault": "ibWBNB",
      "borrowToken": "WBNB",
      "posVal": 123676.24687640935,
      "posValUSD": 48582503.29799112,
      "debtVal": 75767.8625387614,
      "debtValUSD": 29763131.762476254
    },
    {
      "name": "WBNB-USDT PancakeswapWorker",
      "address": "0x81b6534f4F7ba45Ecf98295Cef1450B4a4FC81Cd",
      "vault": "ibUSDT",
      "borrowToken": "USDT",
      "posVal": 38422551.912586614,
      "posValUSD": 38437920.93335165,
      "debtVal": 23195892.99609692,
      "debtValUSD": 23205171.35329536
    }
  ]
}