{
  "blockNo": 16530971,
  "lpName": "USDT-WBNB LP",
  "lpTokens": 0,
  "token0_symbol": "USDT",
  "token0_decimals": 18,
  "token0": 0,
  "token0_liquidity": 169508448.0894625,
  "token0_price": 1.00024313,
  "token0_posVal": 50769067.13345081,
  "token0_posValUSD": 50781410.616742976,
  "token0_debtVal": 25004601.71970444,
  "token0_debtValUSD": 25010681.088520557,
  "token1_symbol": "WBNB",
  "token1_decimals": 18,
  "token1": 0,
  "token1_liquidity": 381117.9139236206,
  "token1_price": 444.66937726,
  "token1_posVal": 157825.60404190148,
  "token1_posValUSD": 70180213.06499566,
  "token1_debtVal": 104925.74323751919,
  "token1_debtValUSD": 46657264.90397031,
  "liquidity": 339021126.12549317,
  "tvl": 0,
  "health": 120961623.68173864,
  "debt": 71667945.99249086,
  "leverage": 2.4538973221737006,
  "workerPositions": [
    {
      "name": "USDT-WBNB PancakeswapWorker",
      "address": "0x41867cc58aece8B570FF1A2a8aa6149014D2a94C",
      "vault": "ibWBNB",
      "borrowToken": "WBNB",
      "posVal": 157825.60404190148,
      "posValUSD": 70180213.06499566,
      "debtVal": 104925.74323751919,
      "debtValUSD": 46657264.90397031
    },
    {
      "name": "WBNB-USDT PancakeswapWorker",
      "address": "0x81b6534f4F7ba45Ecf98295Cef1450B4a4FC81Cd",
      "vault": "ibUSDT",
      "borrowToken": "USDT",
      "posVal": 50769067.13345081,
      "posValUSD": 50781410.616742976,
      "debtVal": 25004601.71970444,
      "debtValUSD": 25010681.088520557
    }
  ]
}