{
  "blockNo": 11160726,
  "lpName": "USDT-WBNB LP",
  "lpTokens": 0,
  "token0_symbol": "USDT",
  "token0_decimals": 18,
  "token0": 0,
  "token0_liquidity": 138171938.33957028,
  "token0_price": 1.001,
  "token0_posVal": 49014335.092331015,
  "token0_posValUSD": 49063349.42742334,
  "token0_debtVal": 29390044.254033756,
  "token0_debtValUSD": 29419434.298287787,
  "token1_symbol": "WBNB",
  "token1_decimals": 18,
  "token1": 0,
  "token1_liquidity": 365975.91113351897,
  "token1_price": 377.98372742,
  "token1_posVal": 156774.57373827108,
  "token1_posValUSD": 59258237.746273346,
  "token1_debtVal": 96123.43079340192,
  "token1_debtValUSD": 36333092.663688466,
  "liquidity": 276643049.314088,
  "tvl": 0,
  "health": 108321587.1736967,
  "debt": 65752526.96197625,
  "leverage": 2.5446083760118516,
  "workerPositions": [
    {
      "name": "USDT-WBNB PancakeswapWorker",
      "address": "0x41867cc58aece8B570FF1A2a8aa6149014D2a94C",
      "vault": "ibWBNB",
      "borrowToken": "WBNB",
      "posVal": 156774.57373827108,
      "posValUSD": 59258237.746273346,
      "debtVal": 96123.43079340192,
      "debtValUSD": 36333092.663688466
    },
    {
      "name": "WBNB-USDT PancakeswapWorker",
      "address": "0x81b6534f4F7ba45Ecf98295Cef1450B4a4FC81Cd",
      "vault": "ibUSDT",
      "borrowToken": "USDT",
      "posVal": 49014335.092331015,
      "posValUSD": 49063349.42742334,
      "debtVal": 29390044.254033756,
      "debtValUSD": 29419434.298287787
    }
  ]
}