{
  "blockNo": 17028974,
  "lpName": "USDT-WBNB LP",
  "lpTokens": 0,
  "token0_symbol": "USDT",
  "token0_decimals": 18,
  "token0": 0,
  "token0_liquidity": 168285868.8640693,
  "token0_price": 1.00019658,
  "token0_posVal": 54759145.794075385,
  "token0_posValUSD": 54769910.346955575,
  "token0_debtVal": 27664248.60329709,
  "token0_debtValUSD": 27669686.84128752,
  "token1_symbol": "WBNB",
  "token1_decimals": 18,
  "token1": 0,
  "token1_liquidity": 403540.2977843242,
  "token1_price": 416.95,
  "token1_posVal": 174684.20022538124,
  "token1_posValUSD": 72834577.28397271,
  "token1_debtVal": 110407.0847814106,
  "token1_debtValUSD": 46034233.99960914,
  "liquidity": 336575077.6613445,
  "tvl": 0,
  "health": 127604487.63092828,
  "debt": 73703920.84089667,
  "leverage": 2.3674053025825974,
  "workerPositions": [
    {
      "name": "USDT-WBNB PancakeswapWorker",
      "address": "0x41867cc58aece8B570FF1A2a8aa6149014D2a94C",
      "vault": "ibWBNB",
      "borrowToken": "WBNB",
      "posVal": 174684.20022538124,
      "posValUSD": 72834577.28397271,
      "debtVal": 110407.0847814106,
      "debtValUSD": 46034233.99960914
    },
    {
      "name": "WBNB-USDT PancakeswapWorker",
      "address": "0x81b6534f4F7ba45Ecf98295Cef1450B4a4FC81Cd",
      "vault": "ibUSDT",
      "borrowToken": "USDT",
      "posVal": 54759145.794075385,
      "posValUSD": 54769910.346955575,
      "debtVal": 27664248.60329709,
      "debtValUSD": 27669686.84128752
    }
  ]
}