{
  "blockNo": 15496943,
  "lpName": "USDT-WBNB LP",
  "lpTokens": 0,
  "token0_symbol": "USDT",
  "token0_decimals": 18,
  "token0": 0,
  "token0_liquidity": 118828756.64893746,
  "token0_price": 1.00079641,
  "token0_posVal": 44703358.10022174,
  "token0_posValUSD": 44738960.30164634,
  "token0_debtVal": 27636060.022470966,
  "token0_debtValUSD": 27658069.657033462,
  "token1_symbol": "WBNB",
  "token1_decimals": 18,
  "token1": 0,
  "token1_liquidity": 319782.80467497243,
  "token1_price": 372.77,
  "token1_posVal": 203149.2741247337,
  "token1_posValUSD": 75727954.91547698,
  "token1_debtVal": 121663.81328386777,
  "token1_debtValUSD": 45352619.67782739,
  "liquidity": 238128829.15770972,
  "tvl": 0,
  "health": 120466915.21712331,
  "debt": 73010689.33486085,
  "leverage": 2.538484950657439,
  "workerPositions": [
    {
      "name": "USDT-WBNB PancakeswapWorker",
      "address": "0x41867cc58aece8B570FF1A2a8aa6149014D2a94C",
      "vault": "ibWBNB",
      "borrowToken": "WBNB",
      "posVal": 203149.2741247337,
      "posValUSD": 75727954.91547698,
      "debtVal": 121663.81328386777,
      "debtValUSD": 45352619.67782739
    },
    {
      "name": "WBNB-USDT PancakeswapWorker",
      "address": "0x81b6534f4F7ba45Ecf98295Cef1450B4a4FC81Cd",
      "vault": "ibUSDT",
      "borrowToken": "USDT",
      "posVal": 44703358.10022174,
      "posValUSD": 44738960.30164634,
      "debtVal": 27636060.022470966,
      "debtValUSD": 27658069.657033462
    }
  ]
}