{
  "blockNo": 17541196,
  "lpName": "USDT-WBNB LP",
  "lpTokens": 0,
  "token0_symbol": "USDT",
  "token0_decimals": 18,
  "token0": 0,
  "token0_liquidity": 134936747.5058724,
  "token0_price": 0.99992324,
  "token0_posVal": 16750547.205463963,
  "token0_posValUSD": 16749261.43346047,
  "token0_debtVal": 9233668.933872,
  "token0_debtValUSD": 9232960.157444635,
  "token1_symbol": "WBNB",
  "token1_decimals": 18,
  "token1": 0,
  "token1_liquidity": 336427.2523863129,
  "token1_price": 402.25479588,
  "token1_posVal": 161286.35519806296,
  "token1_posValUSD": 64878209.88842599,
  "token1_debtVal": 101528.34903136866,
  "token1_debtValUSD": 40840265.315646596,
  "liquidity": 270255865.4982594,
  "tvl": 0,
  "health": 81627471.32188646,
  "debt": 50073225.47309123,
  "leverage": 2.586893431490554,
  "workerPositions": [
    {
      "name": "USDT-WBNB PancakeswapWorker",
      "address": "0x41867cc58aece8B570FF1A2a8aa6149014D2a94C",
      "vault": "ibWBNB",
      "borrowToken": "WBNB",
      "posVal": 161286.35519806296,
      "posValUSD": 64878209.88842599,
      "debtVal": 101528.34903136866,
      "debtValUSD": 40840265.315646596
    },
    {
      "name": "WBNB-USDT PancakeswapWorker",
      "address": "0x81b6534f4F7ba45Ecf98295Cef1450B4a4FC81Cd",
      "vault": "ibUSDT",
      "borrowToken": "USDT",
      "posVal": 16750547.205463963,
      "posValUSD": 16749261.43346047,
      "debtVal": 9233668.933872,
      "debtValUSD": 9232960.157444635
    }
  ]
}