{
  "blockNo": 16021377,
  "lpName": "USDT-WBNB LP",
  "lpTokens": 0,
  "token0_symbol": "USDT",
  "token0_decimals": 18,
  "token0": 0,
  "token0_liquidity": 121664777.52666113,
  "token0_price": 1.00026937,
  "token0_posVal": 48255219.86846918,
  "token0_posValUSD": 48268218.37704515,
  "token0_debtVal": 26218708.271450877,
  "token0_debtValUSD": 26225770.80489796,
  "token1_symbol": "WBNB",
  "token1_decimals": 18,
  "token1": 0,
  "token1_liquidity": 327483.9726020075,
  "token1_price": 372.17519974,
  "token1_posVal": 185218.48556541046,
  "token1_posValUSD": 68933726.86084694,
  "token1_debtVal": 111902.5575933062,
  "token1_debtValUSD": 41647356.72370559,
  "liquidity": 243578963.2825843,
  "tvl": 0,
  "health": 117201945.23789209,
  "debt": 67873127.52860355,
  "leverage": 2.375932582220051,
  "workerPositions": [
    {
      "name": "USDT-WBNB PancakeswapWorker",
      "address": "0x41867cc58aece8B570FF1A2a8aa6149014D2a94C",
      "vault": "ibWBNB",
      "borrowToken": "WBNB",
      "posVal": 185218.48556541046,
      "posValUSD": 68933726.86084694,
      "debtVal": 111902.5575933062,
      "debtValUSD": 41647356.72370559
    },
    {
      "name": "WBNB-USDT PancakeswapWorker",
      "address": "0x81b6534f4F7ba45Ecf98295Cef1450B4a4FC81Cd",
      "vault": "ibUSDT",
      "borrowToken": "USDT",
      "posVal": 48255219.86846918,
      "posValUSD": 48268218.37704515,
      "debtVal": 26218708.271450877,
      "debtValUSD": 26225770.80489796
    }
  ]
}