{
  "blockNo": 8643467,
  "lpName": "USDT-WBNB LP",
  "lpTokens": 0,
  "token0_symbol": "USDT",
  "token0_decimals": 18,
  "token0": 0,
  "token0_liquidity": 61081306.72970957,
  "token0_price": 1.0008752,
  "token0_posVal": 21554398.130200285,
  "token0_posValUSD": 21573262.53944384,
  "token0_debtVal": 12291683.281783981,
  "token0_debtValUSD": 12302440.962992199,
  "token1_symbol": "WBNB",
  "token1_decimals": 18,
  "token1": 0,
  "token1_liquidity": 225370.7927206228,
  "token1_price": 270.85,
  "token1_posVal": 29860.610313172027,
  "token1_posValUSD": 8087746.303322644,
  "token1_debtVal": 14844.794923599127,
  "token1_debtValUSD": 4020712.705056824,
  "liquidity": 122176444.2977401,
  "tvl": 0,
  "health": 29661008.842766482,
  "debt": 16323153.668049023,
  "leverage": 2.2238214806073424,
  "workerPositions": [
    {
      "name": "USDT-WBNB PancakeswapWorker",
      "address": "0x41867cc58aece8B570FF1A2a8aa6149014D2a94C",
      "vault": "ibWBNB",
      "borrowToken": "WBNB",
      "posVal": 29860.610313172027,
      "posValUSD": 8087746.303322644,
      "debtVal": 14844.794923599127,
      "debtValUSD": 4020712.705056824
    },
    {
      "name": "WBNB-USDT PancakeswapWorker",
      "address": "0x81b6534f4F7ba45Ecf98295Cef1450B4a4FC81Cd",
      "vault": "ibUSDT",
      "borrowToken": "USDT",
      "posVal": 21554398.130200285,
      "posValUSD": 21573262.53944384,
      "debtVal": 12291683.281783981,
      "debtValUSD": 12302440.962992199
    }
  ]
}