{
  "blockNo": 13455411,
  "lpName": "USDT-WBNB LP",
  "lpTokens": 0,
  "token0_symbol": "USDT",
  "token0_decimals": 18,
  "token0": 0,
  "token0_liquidity": 122817330.76618822,
  "token0_price": 1.00075287,
  "token0_posVal": 44169766.575773686,
  "token0_posValUSD": 44203020.66793559,
  "token0_debtVal": 28394608.55335042,
  "token0_debtValUSD": 28415986.002291977,
  "token1_symbol": "WBNB",
  "token1_decimals": 18,
  "token1": 0,
  "token1_liquidity": 234789.39317290607,
  "token1_price": 524.38,
  "token1_posVal": 149546.77222363043,
  "token1_posValUSD": 78419336.41862732,
  "token1_debtVal": 93978.51259294427,
  "token1_debtValUSD": 49280452.433488116,
  "liquidity": 246028658.24201062,
  "tvl": 0,
  "health": 122622357.0865629,
  "debt": 77696438.4357801,
  "leverage": 2.7294346063288852,
  "workerPositions": [
    {
      "name": "USDT-WBNB PancakeswapWorker",
      "address": "0x41867cc58aece8B570FF1A2a8aa6149014D2a94C",
      "vault": "ibWBNB",
      "borrowToken": "WBNB",
      "posVal": 149546.77222363043,
      "posValUSD": 78419336.41862732,
      "debtVal": 93978.51259294427,
      "debtValUSD": 49280452.433488116
    },
    {
      "name": "WBNB-USDT PancakeswapWorker",
      "address": "0x81b6534f4F7ba45Ecf98295Cef1450B4a4FC81Cd",
      "vault": "ibUSDT",
      "borrowToken": "USDT",
      "posVal": 44169766.575773686,
      "posValUSD": 44203020.66793559,
      "debtVal": 28394608.55335042,
      "debtValUSD": 28415986.002291977
    }
  ]
}