{
  "blockNo": 13304907,
  "lpName": "USDT-WBNB LP",
  "lpTokens": 0,
  "token0_symbol": "USDT",
  "token0_decimals": 18,
  "token0": 0,
  "token0_liquidity": 134923615.44618464,
  "token0_price": 1.00085625,
  "token0_posVal": 48104262.16691748,
  "token0_posValUSD": 48145451.441397905,
  "token0_debtVal": 29058547.421369955,
  "token0_debtValUSD": 29083428.802599505,
  "token1_symbol": "WBNB",
  "token1_decimals": 18,
  "token1": 0,
  "token1_liquidity": 227481.13199232498,
  "token1_price": 594.3232521,
  "token1_posVal": 137566.26520779,
  "token1_posValUSD": 81758830.11754484,
  "token1_debtVal": 92196.10586730287,
  "token1_debtValUSD": 54794289.47001133,
  "liquidity": 270236469.94897836,
  "tvl": 0,
  "health": 129904281.55894275,
  "debt": 83877718.27261084,
  "leverage": 2.82237630367504,
  "workerPositions": [
    {
      "name": "USDT-WBNB PancakeswapWorker",
      "address": "0x41867cc58aece8B570FF1A2a8aa6149014D2a94C",
      "vault": "ibWBNB",
      "borrowToken": "WBNB",
      "posVal": 137566.26520779,
      "posValUSD": 81758830.11754484,
      "debtVal": 92196.10586730287,
      "debtValUSD": 54794289.47001133
    },
    {
      "name": "WBNB-USDT PancakeswapWorker",
      "address": "0x81b6534f4F7ba45Ecf98295Cef1450B4a4FC81Cd",
      "vault": "ibUSDT",
      "borrowToken": "USDT",
      "posVal": 48104262.16691748,
      "posValUSD": 48145451.441397905,
      "debtVal": 29058547.421369955,
      "debtValUSD": 29083428.802599505
    }
  ]
}