{
  "blockNo": 10758484,
  "lpName": "USDT-WBNB LP",
  "lpTokens": 0,
  "token0_symbol": "USDT",
  "token0_decimals": 18,
  "token0": 0,
  "token0_liquidity": 102529662.98876128,
  "token0_price": 1.00019999,
  "token0_posVal": 45861332.59137961,
  "token0_posValUSD": 45870504.399284564,
  "token0_debtVal": 27330621.186799496,
  "token0_debtValUSD": 27336087.037730645,
  "token1_symbol": "WBNB",
  "token1_decimals": 18,
  "token1": 0,
  "token1_liquidity": 246440.56764825995,
  "token1_price": 416.87729312,
  "token1_posVal": 135838.78235086313,
  "token1_posValUSD": 56628103.88714465,
  "token1_debtVal": 81830.616647124,
  "token1_debtValUSD": 34113325.96219346,
  "liquidity": 205285644.65222526,
  "tvl": 0,
  "health": 102498608.28642921,
  "debt": 61449412.99992411,
  "leverage": 2.496969978851828,
  "workerPositions": [
    {
      "name": "USDT-WBNB PancakeswapWorker",
      "address": "0x41867cc58aece8B570FF1A2a8aa6149014D2a94C",
      "vault": "ibWBNB",
      "borrowToken": "WBNB",
      "posVal": 135838.78235086313,
      "posValUSD": 56628103.88714465,
      "debtVal": 81830.616647124,
      "debtValUSD": 34113325.96219346
    },
    {
      "name": "WBNB-USDT PancakeswapWorker",
      "address": "0x81b6534f4F7ba45Ecf98295Cef1450B4a4FC81Cd",
      "vault": "ibUSDT",
      "borrowToken": "USDT",
      "posVal": 45861332.59137961,
      "posValUSD": 45870504.399284564,
      "debtVal": 27330621.186799496,
      "debtValUSD": 27336087.037730645
    }
  ]
}