{
  "blockNo": 17344568,
  "lpName": "USDT-WBNB LP",
  "lpTokens": 0,
  "token0_symbol": "USDT",
  "token0_decimals": 18,
  "token0": 0,
  "token0_liquidity": 171890587.49840486,
  "token0_price": 1.00006795,
  "token0_posVal": 53926334.30470909,
  "token0_posValUSD": 53929998.5991251,
  "token0_debtVal": 27900260.37209154,
  "token0_debtValUSD": 27902156.194783825,
  "token1_symbol": "WBNB",
  "token1_decimals": 18,
  "token1": 0,
  "token1_liquidity": 425105.5039039452,
  "token1_price": 404.43,
  "token1_posVal": 178217.31536638652,
  "token1_posValUSD": 72076428.8536277,
  "token1_debtVal": 111821.94023637466,
  "token1_debtValUSD": 45224147.28979701,
  "liquidity": 343827686.4076979,
  "tvl": 0,
  "health": 126006427.4527528,
  "debt": 73126303.48458083,
  "leverage": 2.3828693655974567,
  "workerPositions": [
    {
      "name": "USDT-WBNB PancakeswapWorker",
      "address": "0x41867cc58aece8B570FF1A2a8aa6149014D2a94C",
      "vault": "ibWBNB",
      "borrowToken": "WBNB",
      "posVal": 178217.31536638652,
      "posValUSD": 72076428.8536277,
      "debtVal": 111821.94023637466,
      "debtValUSD": 45224147.28979701
    },
    {
      "name": "WBNB-USDT PancakeswapWorker",
      "address": "0x81b6534f4F7ba45Ecf98295Cef1450B4a4FC81Cd",
      "vault": "ibUSDT",
      "borrowToken": "USDT",
      "posVal": 53926334.30470909,
      "posValUSD": 53929998.5991251,
      "debtVal": 27900260.37209154,
      "debtValUSD": 27902156.194783825
    }
  ]
}