{
  "blockNo": 15851904,
  "lpName": "USDT-WBNB LP",
  "lpTokens": 0,
  "token0_symbol": "USDT",
  "token0_decimals": 18,
  "token0": 0,
  "token0_liquidity": 97723842.9714954,
  "token0_price": 1.00024228,
  "token0_posVal": 22530771.41913447,
  "token0_posValUSD": 22536230.1744339,
  "token0_debtVal": 12749925.976127136,
  "token0_debtValUSD": 12753015.028192632,
  "token1_symbol": "WBNB",
  "token1_decimals": 18,
  "token1": 0,
  "token1_liquidity": 258838.47225682845,
  "token1_price": 377.90444311,
  "token1_posVal": 181105.08508163987,
  "token1_posValUSD": 68440416.32216628,
  "token1_debtVal": 109794.21587906645,
  "token1_debtValUSD": 41491722.008477725,
  "liquidity": 195563728.21783048,
  "tvl": 0,
  "health": 90976646.49660018,
  "debt": 54244737.03667036,
  "leverage": 2.476774222582819,
  "workerPositions": [
    {
      "name": "USDT-WBNB PancakeswapWorker",
      "address": "0x41867cc58aece8B570FF1A2a8aa6149014D2a94C",
      "vault": "ibWBNB",
      "borrowToken": "WBNB",
      "posVal": 181105.08508163987,
      "posValUSD": 68440416.32216628,
      "debtVal": 109794.21587906645,
      "debtValUSD": 41491722.008477725
    },
    {
      "name": "WBNB-USDT PancakeswapWorker",
      "address": "0x81b6534f4F7ba45Ecf98295Cef1450B4a4FC81Cd",
      "vault": "ibUSDT",
      "borrowToken": "USDT",
      "posVal": 22530771.41913447,
      "posValUSD": 22536230.1744339,
      "debtVal": 12749925.976127136,
      "debtValUSD": 12753015.028192632
    }
  ]
}