{
  "blockNo": 8644666,
  "lpName": "USDT-WBNB LP",
  "lpTokens": 0,
  "token0_symbol": "USDT",
  "token0_decimals": 18,
  "token0": 0,
  "token0_liquidity": 61101422.674245395,
  "token0_price": 1.0008752,
  "token0_posVal": 21562212.738886304,
  "token0_posValUSD": 21581083.98747538,
  "token0_debtVal": 12291825.290073361,
  "token0_debtValUSD": 12302583.095567234,
  "token1_symbol": "WBNB",
  "token1_decimals": 18,
  "token1": 0,
  "token1_liquidity": 225295.42314555755,
  "token1_price": 271.81,
  "token1_posVal": 29851.811000659127,
  "token1_posValUSD": 8114020.748089157,
  "token1_debtVal": 14845.127541667938,
  "token1_debtValUSD": 4035054.117100762,
  "liquidity": 122392447.60456389,
  "tvl": 0,
  "health": 29695104.735564537,
  "debt": 16337637.212667996,
  "leverage": 2.2231088853229877,
  "workerPositions": [
    {
      "name": "USDT-WBNB PancakeswapWorker",
      "address": "0x41867cc58aece8B570FF1A2a8aa6149014D2a94C",
      "vault": "ibWBNB",
      "borrowToken": "WBNB",
      "posVal": 29851.811000659127,
      "posValUSD": 8114020.748089157,
      "debtVal": 14845.127541667938,
      "debtValUSD": 4035054.117100762
    },
    {
      "name": "WBNB-USDT PancakeswapWorker",
      "address": "0x81b6534f4F7ba45Ecf98295Cef1450B4a4FC81Cd",
      "vault": "ibUSDT",
      "borrowToken": "USDT",
      "posVal": 21562212.738886304,
      "posValUSD": 21581083.98747538,
      "debtVal": 12291825.290073361,
      "debtValUSD": 12302583.095567234
    }
  ]
}