{
  "blockNo": 13901312,
  "lpName": "USDT-WBNB LP",
  "lpTokens": 0,
  "token0_symbol": "USDT",
  "token0_decimals": 18,
  "token0": 0,
  "token0_liquidity": 147799661.71805137,
  "token0_price": 1.00018962,
  "token0_posVal": 50321505.10946809,
  "token0_posValUSD": 50331047.073266946,
  "token0_debtVal": 31489845.30544452,
  "token0_debtValUSD": 31495816.40991134,
  "token1_symbol": "WBNB",
  "token1_decimals": 18,
  "token1": 0,
  "token1_liquidity": 278999.57558368414,
  "token1_price": 529.82434076,
  "token1_posVal": 159944.55779951744,
  "token1_posValUSD": 84742519.89427905,
  "token1_debtVal": 101593.01112077919,
  "token1_debtValUSD": 53826450.142890185,
  "liquidity": 295648453.69585156,
  "tvl": 0,
  "health": 135073566.967546,
  "debt": 85322266.55280152,
  "leverage": 2.714975605492216,
  "workerPositions": [
    {
      "name": "USDT-WBNB PancakeswapWorker",
      "address": "0x41867cc58aece8B570FF1A2a8aa6149014D2a94C",
      "vault": "ibWBNB",
      "borrowToken": "WBNB",
      "posVal": 159944.55779951744,
      "posValUSD": 84742519.89427905,
      "debtVal": 101593.01112077919,
      "debtValUSD": 53826450.142890185
    },
    {
      "name": "WBNB-USDT PancakeswapWorker",
      "address": "0x81b6534f4F7ba45Ecf98295Cef1450B4a4FC81Cd",
      "vault": "ibUSDT",
      "borrowToken": "USDT",
      "posVal": 50321505.10946809,
      "posValUSD": 50331047.073266946,
      "debtVal": 31489845.30544452,
      "debtValUSD": 31495816.40991134
    }
  ]
}