{
  "blockNo": 11871952,
  "lpName": "USDT-WBNB LP",
  "lpTokens": 0,
  "token0_symbol": "USDT",
  "token0_decimals": 18,
  "token0": 0,
  "token0_liquidity": 113727310.78169069,
  "token0_price": 1.0000181,
  "token0_posVal": 45626079.352857254,
  "token0_posValUSD": 45626905.18489353,
  "token0_debtVal": 26789174.39373907,
  "token0_debtValUSD": 26789659.277795594,
  "token1_symbol": "WBNB",
  "token1_decimals": 18,
  "token1": 0,
  "token1_liquidity": 241571.6337014074,
  "token1_price": 471.74492987,
  "token1_posVal": 116619.03066903056,
  "token1_posValUSD": 55014436.444469206,
  "token1_debtVal": 77355.7236426434,
  "token1_debtValUSD": 36492170.42484191,
  "liquidity": 227689562.6450676,
  "tvl": 0,
  "health": 100641341.62936273,
  "debt": 63281829.70263751,
  "leverage": 2.693861253507669,
  "workerPositions": [
    {
      "name": "USDT-WBNB PancakeswapWorker",
      "address": "0x41867cc58aece8B570FF1A2a8aa6149014D2a94C",
      "vault": "ibWBNB",
      "borrowToken": "WBNB",
      "posVal": 116619.03066903056,
      "posValUSD": 55014436.444469206,
      "debtVal": 77355.7236426434,
      "debtValUSD": 36492170.42484191
    },
    {
      "name": "WBNB-USDT PancakeswapWorker",
      "address": "0x81b6534f4F7ba45Ecf98295Cef1450B4a4FC81Cd",
      "vault": "ibUSDT",
      "borrowToken": "USDT",
      "posVal": 45626079.352857254,
      "posValUSD": 45626905.18489353,
      "debtVal": 26789174.39373907,
      "debtValUSD": 26789659.277795594
    }
  ]
}