{
  "blockNo": 13290638,
  "lpName": "USDT-WBNB LP",
  "lpTokens": 0,
  "token0_symbol": "USDT",
  "token0_decimals": 18,
  "token0": 0,
  "token0_liquidity": 134333538.17859566,
  "token0_price": 1.00085625,
  "token0_posVal": 47241742.81495137,
  "token0_posValUSD": 47282193.55723667,
  "token0_debtVal": 29052659.3052826,
  "token0_debtValUSD": 29077535.644812748,
  "token1_symbol": "WBNB",
  "token1_decimals": 18,
  "token1": 0,
  "token1_liquidity": 234606.35780935583,
  "token1_price": 573.56055366,
  "token1_posVal": 142285.38465814828,
  "token1_posValUSD": 81609284.00225359,
  "token1_debtVal": 93497.05136710792,
  "token1_debtValUSD": 53626220.54769588,
  "liquidity": 269009513.74795127,
  "tvl": 0,
  "health": 128891477.55949026,
  "debt": 82703756.19250864,
  "leverage": 2.790600483089243,
  "workerPositions": [
    {
      "name": "USDT-WBNB PancakeswapWorker",
      "address": "0x41867cc58aece8B570FF1A2a8aa6149014D2a94C",
      "vault": "ibWBNB",
      "borrowToken": "WBNB",
      "posVal": 142285.38465814828,
      "posValUSD": 81609284.00225359,
      "debtVal": 93497.05136710792,
      "debtValUSD": 53626220.54769588
    },
    {
      "name": "WBNB-USDT PancakeswapWorker",
      "address": "0x81b6534f4F7ba45Ecf98295Cef1450B4a4FC81Cd",
      "vault": "ibUSDT",
      "borrowToken": "USDT",
      "posVal": 47241742.81495137,
      "posValUSD": 47282193.55723667,
      "debtVal": 29052659.3052826,
      "debtValUSD": 29077535.644812748
    }
  ]
}