{
  "blockNo": 9710446,
  "lpName": "USDT-WBNB LP",
  "lpTokens": 0,
  "token0_symbol": "USDT",
  "token0_decimals": 18,
  "token0": 0,
  "token0_liquidity": 131346607.39019297,
  "token0_price": 1.00020913,
  "token0_posVal": 28300646.47626623,
  "token0_posValUSD": 28306564.990463812,
  "token0_debtVal": 15997988.131595934,
  "token0_debtValUSD": 16001333.790853895,
  "token1_symbol": "WBNB",
  "token1_decimals": 18,
  "token1": 0,
  "token1_liquidity": 407880.9195893493,
  "token1_price": 322.40152362,
  "token1_posVal": 115842.60759181174,
  "token1_posValUSD": 37347833.187713884,
  "token1_debtVal": 70404.87254828782,
  "token1_debtValUSD": 22698638.179839905,
  "liquidity": 262875505.8373294,
  "tvl": 0,
  "health": 65654398.1781777,
  "debt": 38699971.9706938,
  "leverage": 2.4357557335035662,
  "workerPositions": [
    {
      "name": "USDT-WBNB PancakeswapWorker",
      "address": "0x41867cc58aece8B570FF1A2a8aa6149014D2a94C",
      "vault": "ibWBNB",
      "borrowToken": "WBNB",
      "posVal": 115842.60759181174,
      "posValUSD": 37347833.187713884,
      "debtVal": 70404.87254828782,
      "debtValUSD": 22698638.179839905
    },
    {
      "name": "WBNB-USDT PancakeswapWorker",
      "address": "0x81b6534f4F7ba45Ecf98295Cef1450B4a4FC81Cd",
      "vault": "ibUSDT",
      "borrowToken": "USDT",
      "posVal": 28300646.47626623,
      "posValUSD": 28306564.990463812,
      "debtVal": 15997988.131595934,
      "debtValUSD": 16001333.790853895
    }
  ]
}