{
  "blockNo": 14380454,
  "lpName": "USDT-WBNB LP",
  "lpTokens": 0,
  "token0_symbol": "USDT",
  "token0_decimals": 18,
  "token0": 0,
  "token0_liquidity": 91545285.95686428,
  "token0_price": 1.00035228,
  "token0_posVal": 29518929.263971806,
  "token0_posValUSD": 29529328.192372918,
  "token0_debtVal": 17658867.583088487,
  "token0_debtValUSD": 17665088.44896066,
  "token1_symbol": "WBNB",
  "token1_decimals": 18,
  "token1": 0,
  "token1_liquidity": 185809.15210406497,
  "token1_price": 493.77324841,
  "token1_posVal": 101109.90130673705,
  "token1_posValUSD": 49925364.41464206,
  "token1_debtVal": 66660.86984149563,
  "token1_debtValUSD": 32915354.2434715,
  "liquidity": 183325124.1489331,
  "tvl": 0,
  "health": 79454692.60701498,
  "debt": 50580442.69243216,
  "leverage": 2.7517491481878014,
  "workerPositions": [
    {
      "name": "USDT-WBNB PancakeswapWorker",
      "address": "0x41867cc58aece8B570FF1A2a8aa6149014D2a94C",
      "vault": "ibWBNB",
      "borrowToken": "WBNB",
      "posVal": 101109.90130673705,
      "posValUSD": 49925364.41464206,
      "debtVal": 66660.86984149563,
      "debtValUSD": 32915354.2434715
    },
    {
      "name": "WBNB-USDT PancakeswapWorker",
      "address": "0x81b6534f4F7ba45Ecf98295Cef1450B4a4FC81Cd",
      "vault": "ibUSDT",
      "borrowToken": "USDT",
      "posVal": 29518929.263971806,
      "posValUSD": 29529328.192372918,
      "debtVal": 17658867.583088487,
      "debtValUSD": 17665088.44896066
    }
  ]
}