{
  "blockNo": 12037439,
  "lpName": "USDT-WBNB LP",
  "lpTokens": 0,
  "token0_symbol": "USDT",
  "token0_decimals": 18,
  "token0": 0,
  "token0_liquidity": 142892678.82317272,
  "token0_price": 1.00003067,
  "token0_posVal": 49469218.32156484,
  "token0_posValUSD": 49470735.54249076,
  "token0_debtVal": 29482235.555270217,
  "token0_debtValUSD": 29483139.775434695,
  "token1_symbol": "WBNB",
  "token1_decimals": 18,
  "token1": 0,
  "token1_liquidity": 295268.75594267104,
  "token1_price": 483.98359586,
  "token1_posVal": 131368.170398696,
  "token1_posValUSD": 63580039.4911101,
  "token1_debtVal": 86002.71184498852,
  "token1_debtValUSD": 41623901.73244896,
  "liquidity": 285802295.5878749,
  "tvl": 0,
  "health": 113050775.03360087,
  "debt": 71107041.50788365,
  "leverage": 2.695295948423031,
  "workerPositions": [
    {
      "name": "USDT-WBNB PancakeswapWorker",
      "address": "0x41867cc58aece8B570FF1A2a8aa6149014D2a94C",
      "vault": "ibWBNB",
      "borrowToken": "WBNB",
      "posVal": 131368.170398696,
      "posValUSD": 63580039.4911101,
      "debtVal": 86002.71184498852,
      "debtValUSD": 41623901.73244896
    },
    {
      "name": "WBNB-USDT PancakeswapWorker",
      "address": "0x81b6534f4F7ba45Ecf98295Cef1450B4a4FC81Cd",
      "vault": "ibUSDT",
      "borrowToken": "USDT",
      "posVal": 49469218.32156484,
      "posValUSD": 49470735.54249076,
      "debtVal": 29482235.555270217,
      "debtValUSD": 29483139.775434695
    }
  ]
}