{
  "blockNo": 13763506,
  "lpName": "USDT-WBNB LP",
  "lpTokens": 0,
  "token0_symbol": "USDT",
  "token0_decimals": 18,
  "token0": 0,
  "token0_liquidity": 130569162.56161138,
  "token0_price": 1.00046124,
  "token0_posVal": 49993218.87391614,
  "token0_posValUSD": 50016277.74618954,
  "token0_debtVal": 30858278.853312623,
  "token0_debtValUSD": 30872511.92585092,
  "token1_symbol": "WBNB",
  "token1_decimals": 18,
  "token1": 0,
  "token1_liquidity": 239628.13963974113,
  "token1_price": 544.83220773,
  "token1_posVal": 148675.9797261722,
  "token1_posValUSD": 81003462.27063112,
  "token1_debtVal": 95655.59660908005,
  "token1_debtValUSD": 52116249.88225539,
  "liquidity": 261186514.6363042,
  "tvl": 0,
  "health": 131019740.01682067,
  "debt": 82988761.8081063,
  "leverage": 2.7278174399756336,
  "workerPositions": [
    {
      "name": "USDT-WBNB PancakeswapWorker",
      "address": "0x41867cc58aece8B570FF1A2a8aa6149014D2a94C",
      "vault": "ibWBNB",
      "borrowToken": "WBNB",
      "posVal": 148675.9797261722,
      "posValUSD": 81003462.27063112,
      "debtVal": 95655.59660908005,
      "debtValUSD": 52116249.88225539
    },
    {
      "name": "WBNB-USDT PancakeswapWorker",
      "address": "0x81b6534f4F7ba45Ecf98295Cef1450B4a4FC81Cd",
      "vault": "ibUSDT",
      "borrowToken": "USDT",
      "posVal": 49993218.87391614,
      "posValUSD": 50016277.74618954,
      "debtVal": 30858278.853312623,
      "debtValUSD": 30872511.92585092
    }
  ]
}