{
  "blockNo": 16762145,
  "lpName": "USDT-WBNB LP",
  "lpTokens": 0,
  "token0_symbol": "USDT",
  "token0_decimals": 18,
  "token0": 0,
  "token0_liquidity": 155596407.99977627,
  "token0_price": 1.00013293,
  "token0_posVal": 49133149.414800294,
  "token0_posValUSD": 49139680.684351996,
  "token0_debtVal": 24264017.734029885,
  "token0_debtValUSD": 24267243.14990727,
  "token1_symbol": "WBNB",
  "token1_decimals": 18,
  "token1": 0,
  "token1_liquidity": 358148.7926003542,
  "token1_price": 434.27061978,
  "token1_posVal": 156399.399190715,
  "token1_posValUSD": 67919664.01977143,
  "token1_debtVal": 102529.32300689662,
  "token1_debtValUSD": 44525472.64782881,
  "liquidity": 311150589.5663062,
  "tvl": 0,
  "health": 117059344.70412342,
  "debt": 68792715.79773608,
  "leverage": 2.425264563869975,
  "workerPositions": [
    {
      "name": "USDT-WBNB PancakeswapWorker",
      "address": "0x41867cc58aece8B570FF1A2a8aa6149014D2a94C",
      "vault": "ibWBNB",
      "borrowToken": "WBNB",
      "posVal": 156399.399190715,
      "posValUSD": 67919664.01977143,
      "debtVal": 102529.32300689662,
      "debtValUSD": 44525472.64782881
    },
    {
      "name": "WBNB-USDT PancakeswapWorker",
      "address": "0x81b6534f4F7ba45Ecf98295Cef1450B4a4FC81Cd",
      "vault": "ibUSDT",
      "borrowToken": "USDT",
      "posVal": 49133149.414800294,
      "posValUSD": 49139680.684351996,
      "debtVal": 24264017.734029885,
      "debtValUSD": 24267243.14990727
    }
  ]
}