{
  "blockNo": 9243478,
  "lpName": "USDT-WBNB LP",
  "lpTokens": 0,
  "token0_symbol": "USDT",
  "token0_decimals": 18,
  "token0": 0,
  "token0_liquidity": 82518824.85226972,
  "token0_price": 1.00029925,
  "token0_posVal": 25125888.098819096,
  "token0_posValUSD": 25133407.02083267,
  "token0_debtVal": 14511946.75010207,
  "token0_debtValUSD": 14516289.45016704,
  "token1_symbol": "WBNB",
  "token1_decimals": 18,
  "token1": 0,
  "token1_liquidity": 273681.54539794486,
  "token1_price": 302.15709717,
  "token1_posVal": 71691.46361017962,
  "token1_posValUSD": 21662084.536320563,
  "token1_debtVal": 44706.95532778932,
  "token1_debtValUSD": 13508523.845153686,
  "liquidity": 165238339.91704935,
  "tvl": 0,
  "health": 46795491.55715323,
  "debt": 28024813.295320727,
  "leverage": 2.493010156820235,
  "workerPositions": [
    {
      "name": "USDT-WBNB PancakeswapWorker",
      "address": "0x41867cc58aece8B570FF1A2a8aa6149014D2a94C",
      "vault": "ibWBNB",
      "borrowToken": "WBNB",
      "posVal": 71691.46361017962,
      "posValUSD": 21662084.536320563,
      "debtVal": 44706.95532778932,
      "debtValUSD": 13508523.845153686
    },
    {
      "name": "WBNB-USDT PancakeswapWorker",
      "address": "0x81b6534f4F7ba45Ecf98295Cef1450B4a4FC81Cd",
      "vault": "ibUSDT",
      "borrowToken": "USDT",
      "posVal": 25125888.098819096,
      "posValUSD": 25133407.02083267,
      "debtVal": 14511946.75010207,
      "debtValUSD": 14516289.45016704
    }
  ]
}