{
  "blockNo": 18071681,
  "lpName": "USDT-WBNB LP",
  "lpTokens": 0,
  "token0_symbol": "USDT",
  "token0_decimals": 18,
  "token0": 0,
  "token0_liquidity": 120124228.06574808,
  "token0_price": 0.99903524,
  "token0_posVal": 31274783.700322893,
  "token0_posValUSD": 31244611.04000017,
  "token0_debtVal": 18409691.30986699,
  "token0_debtValUSD": 18391930.376078885,
  "token1_symbol": "WBNB",
  "token1_decimals": 18,
  "token1": 0,
  "token1_liquidity": 366336.35076348967,
  "token1_price": 328.20851843,
  "token1_posVal": 158662.42741026962,
  "token1_posValUSD": 52074360.23083202,
  "token1_debtVal": 84470.41809477692,
  "token1_debtValUSD": 27723910.774049398,
  "liquidity": 240243047.94661713,
  "tvl": 0,
  "health": 83318971.27083218,
  "debt": 46115841.15012828,
  "leverage": 2.2395688481186258,
  "workerPositions": [
    {
      "name": "USDT-WBNB PancakeswapWorker",
      "address": "0x41867cc58aece8B570FF1A2a8aa6149014D2a94C",
      "vault": "ibWBNB",
      "borrowToken": "WBNB",
      "posVal": 158662.42741026962,
      "posValUSD": 52074360.23083202,
      "debtVal": 84470.41809477692,
      "debtValUSD": 27723910.774049398
    },
    {
      "name": "WBNB-USDT PancakeswapWorker",
      "address": "0x81b6534f4F7ba45Ecf98295Cef1450B4a4FC81Cd",
      "vault": "ibUSDT",
      "borrowToken": "USDT",
      "posVal": 31274783.700322893,
      "posValUSD": 31244611.04000017,
      "debtVal": 18409691.30986699,
      "debtValUSD": 18391930.376078885
    }
  ]
}