{
  "blockNo": 13664598,
  "lpName": "USDT-WBNB LP",
  "lpTokens": 0,
  "token0_symbol": "USDT",
  "token0_decimals": 18,
  "token0": 0,
  "token0_liquidity": 144714000.62941962,
  "token0_price": 1,
  "token0_posVal": 49926014.37701916,
  "token0_posValUSD": 49926014.37701916,
  "token0_debtVal": 31234141.961171206,
  "token0_debtValUSD": 31234141.961171206,
  "token1_symbol": "WBNB",
  "token1_decimals": 18,
  "token1": 0,
  "token1_liquidity": 272033.6667168901,
  "token1_price": 532.70566246,
  "token1_posVal": 151127.98686769474,
  "token1_posValUSD": 80506734.3606015,
  "token1_debtVal": 96103.20150248762,
  "token1_debtValUSD": 51194719.620909534,
  "liquidity": 289627875.2692634,
  "tvl": 0,
  "health": 130432748.73762065,
  "debt": 82428861.58208074,
  "leverage": 2.7171288923957064,
  "workerPositions": [
    {
      "name": "USDT-WBNB PancakeswapWorker",
      "address": "0x41867cc58aece8B570FF1A2a8aa6149014D2a94C",
      "vault": "ibWBNB",
      "borrowToken": "WBNB",
      "posVal": 151127.98686769474,
      "posValUSD": 80506734.3606015,
      "debtVal": 96103.20150248762,
      "debtValUSD": 51194719.620909534
    },
    {
      "name": "WBNB-USDT PancakeswapWorker",
      "address": "0x81b6534f4F7ba45Ecf98295Cef1450B4a4FC81Cd",
      "vault": "ibUSDT",
      "borrowToken": "USDT",
      "posVal": 49926014.37701916,
      "posValUSD": 49926014.37701916,
      "debtVal": 31234141.961171206,
      "debtValUSD": 31234141.961171206
    }
  ]
}