{
  "blockNo": 17358797,
  "lpName": "USDT-WBNB LP",
  "lpTokens": 0,
  "token0_symbol": "USDT",
  "token0_decimals": 18,
  "token0": 0,
  "token0_liquidity": 141947797.50564545,
  "token0_price": 1.00009442,
  "token0_posVal": 25754488.87367515,
  "token0_posValUSD": 25756920.6125146,
  "token0_debtVal": 13987515.600598345,
  "token0_debtValUSD": 13988836.301821353,
  "token1_symbol": "WBNB",
  "token1_decimals": 18,
  "token1": 0,
  "token1_liquidity": 351432.3527037727,
  "token1_price": 404.84383684,
  "token1_posVal": 176175.33034842732,
  "token1_posValUSD": 71323496.6948118,
  "token1_debtVal": 111742.74273693385,
  "token1_debtValUSD": 45238360.708645344,
  "liquidity": 284236422.2749894,
  "tvl": 0,
  "health": 97080417.3073264,
  "debt": 59227197.010466695,
  "leverage": 2.5646541178262754,
  "workerPositions": [
    {
      "name": "USDT-WBNB PancakeswapWorker",
      "address": "0x41867cc58aece8B570FF1A2a8aa6149014D2a94C",
      "vault": "ibWBNB",
      "borrowToken": "WBNB",
      "posVal": 176175.33034842732,
      "posValUSD": 71323496.6948118,
      "debtVal": 111742.74273693385,
      "debtValUSD": 45238360.708645344
    },
    {
      "name": "WBNB-USDT PancakeswapWorker",
      "address": "0x81b6534f4F7ba45Ecf98295Cef1450B4a4FC81Cd",
      "vault": "ibUSDT",
      "borrowToken": "USDT",
      "posVal": 25754488.87367515,
      "posValUSD": 25756920.6125146,
      "debtVal": 13987515.600598345,
      "debtValUSD": 13988836.301821353
    }
  ]
}