{
  "blockNo": 13599997,
  "lpName": "USDT-WBNB LP",
  "lpTokens": 0,
  "token0_symbol": "USDT",
  "token0_decimals": 18,
  "token0": 0,
  "token0_liquidity": 145789089.73513627,
  "token0_price": 1.00036607,
  "token0_posVal": 50570894.90875891,
  "token0_posValUSD": 50589407.39625816,
  "token0_debtVal": 31549224.949429803,
  "token0_debtValUSD": 31560774.174207043,
  "token1_symbol": "WBNB",
  "token1_decimals": 18,
  "token1": 0,
  "token1_liquidity": 273454.4193841482,
  "token1_price": 534.51,
  "token1_posVal": 154303.04190488622,
  "token1_posValUSD": 82476518.92858073,
  "token1_debtVal": 98162.84341180677,
  "token1_debtValUSD": 52469021.432044834,
  "liquidity": 292006580.45223665,
  "tvl": 0,
  "health": 133065926.32483889,
  "debt": 84029795.60625188,
  "leverage": 2.7136302227532934,
  "workerPositions": [
    {
      "name": "USDT-WBNB PancakeswapWorker",
      "address": "0x41867cc58aece8B570FF1A2a8aa6149014D2a94C",
      "vault": "ibWBNB",
      "borrowToken": "WBNB",
      "posVal": 154303.04190488622,
      "posValUSD": 82476518.92858073,
      "debtVal": 98162.84341180677,
      "debtValUSD": 52469021.432044834
    },
    {
      "name": "WBNB-USDT PancakeswapWorker",
      "address": "0x81b6534f4F7ba45Ecf98295Cef1450B4a4FC81Cd",
      "vault": "ibUSDT",
      "borrowToken": "USDT",
      "posVal": 50570894.90875891,
      "posValUSD": 50589407.39625816,
      "debtVal": 31549224.949429803,
      "debtValUSD": 31560774.174207043
    }
  ]
}