{
  "blockNo": 14816762,
  "lpName": "USDT-WBNB LP",
  "lpTokens": 0,
  "token0_symbol": "USDT",
  "token0_decimals": 18,
  "token0": 0,
  "token0_liquidity": 102317690.62355375,
  "token0_price": 1.0004629,
  "token0_posVal": 38047942.75353422,
  "token0_posValUSD": 38065555.14623483,
  "token0_debtVal": 23213287.623847004,
  "token0_debtValUSD": 23224033.054688085,
  "token1_symbol": "WBNB",
  "token1_decimals": 18,
  "token1": 0,
  "token1_liquidity": 265889.4611492006,
  "token1_price": 385.38438717,
  "token1_posVal": 125788.61458678498,
  "token1_posValUSD": 48476968.14549146,
  "token1_debtVal": 76552.73512093567,
  "token1_debtValUSD": 29502228.91076913,
  "liquidity": 204834700.5224896,
  "tvl": 0,
  "health": 86542523.29172629,
  "debt": 52726261.965457216,
  "leverage": 2.5591984417419473,
  "workerPositions": [
    {
      "name": "USDT-WBNB PancakeswapWorker",
      "address": "0x41867cc58aece8B570FF1A2a8aa6149014D2a94C",
      "vault": "ibWBNB",
      "borrowToken": "WBNB",
      "posVal": 125788.61458678498,
      "posValUSD": 48476968.14549146,
      "debtVal": 76552.73512093567,
      "debtValUSD": 29502228.91076913
    },
    {
      "name": "WBNB-USDT PancakeswapWorker",
      "address": "0x81b6534f4F7ba45Ecf98295Cef1450B4a4FC81Cd",
      "vault": "ibUSDT",
      "borrowToken": "USDT",
      "posVal": 38047942.75353422,
      "posValUSD": 38065555.14623483,
      "debtVal": 23213287.623847004,
      "debtValUSD": 23224033.054688085
    }
  ]
}