{
  "blockNo": 9944848,
  "lpName": "USDT-WBNB LP",
  "lpTokens": 0,
  "token0_symbol": "USDT",
  "token0_decimals": 18,
  "token0": 0,
  "token0_liquidity": 108741579.82397334,
  "token0_price": 1.00034653,
  "token0_posVal": 32142869.38400877,
  "token0_posValUSD": 32154007.85253641,
  "token0_debtVal": 16540889.791984593,
  "token0_debtValUSD": 16546621.706524212,
  "token1_symbol": "WBNB",
  "token1_decimals": 18,
  "token1": 0,
  "token1_liquidity": 273426.4969301052,
  "token1_price": 397.92192649,
  "token1_posVal": 77323.4064762979,
  "token1_posValUSD": 30768678.8678178,
  "token1_debtVal": 50308.26079440687,
  "token1_debtValUSD": 20018760.05367172,
  "liquidity": 217581660.45546928,
  "tvl": 0,
  "health": 62922686.720354214,
  "debt": 36565381.76019593,
  "leverage": 2.3872959248097705,
  "workerPositions": [
    {
      "name": "USDT-WBNB PancakeswapWorker",
      "address": "0x41867cc58aece8B570FF1A2a8aa6149014D2a94C",
      "vault": "ibWBNB",
      "borrowToken": "WBNB",
      "posVal": 77323.4064762979,
      "posValUSD": 30768678.8678178,
      "debtVal": 50308.26079440687,
      "debtValUSD": 20018760.05367172
    },
    {
      "name": "WBNB-USDT PancakeswapWorker",
      "address": "0x81b6534f4F7ba45Ecf98295Cef1450B4a4FC81Cd",
      "vault": "ibUSDT",
      "borrowToken": "USDT",
      "posVal": 32142869.38400877,
      "posValUSD": 32154007.85253641,
      "debtVal": 16540889.791984593,
      "debtValUSD": 16546621.706524212
    }
  ]
}