{
  "blockNo": 10783408,
  "lpName": "USDT-WBNB LP",
  "lpTokens": 0,
  "token0_symbol": "USDT",
  "token0_decimals": 18,
  "token0": 0,
  "token0_liquidity": 129372317.91592133,
  "token0_price": 1.00004991,
  "token0_posVal": 47008411.110996425,
  "token0_posValUSD": 47010757.300794974,
  "token0_debtVal": 27522160.21697304,
  "token0_debtValUSD": 27523533.84798947,
  "token1_symbol": "WBNB",
  "token1_decimals": 18,
  "token1": 0,
  "token1_liquidity": 300762.98590116604,
  "token1_price": 430.56321744,
  "token1_posVal": 133641.95632920795,
  "token1_posValUSD": 57541310.70207975,
  "token1_debtVal": 81808.61978735623,
  "token1_debtValUSD": 35223782.54996975,
  "liquidity": 258876253.7847759,
  "tvl": 0,
  "health": 104552068.00287473,
  "debt": 62747316.39795922,
  "leverage": 2.5009613498237178,
  "workerPositions": [
    {
      "name": "USDT-WBNB PancakeswapWorker",
      "address": "0x41867cc58aece8B570FF1A2a8aa6149014D2a94C",
      "vault": "ibWBNB",
      "borrowToken": "WBNB",
      "posVal": 133641.95632920795,
      "posValUSD": 57541310.70207975,
      "debtVal": 81808.61978735623,
      "debtValUSD": 35223782.54996975
    },
    {
      "name": "WBNB-USDT PancakeswapWorker",
      "address": "0x81b6534f4F7ba45Ecf98295Cef1450B4a4FC81Cd",
      "vault": "ibUSDT",
      "borrowToken": "USDT",
      "posVal": 47008411.110996425,
      "posValUSD": 47010757.300794974,
      "debtVal": 27522160.21697304,
      "debtValUSD": 27523533.84798947
    }
  ]
}