{
  "blockNo": 15408558,
  "lpName": "USDT-WBNB LP",
  "lpTokens": 0,
  "token0_symbol": "USDT",
  "token0_decimals": 18,
  "token0": 0,
  "token0_liquidity": 98217672.4539431,
  "token0_price": 1.00042167,
  "token0_posVal": 27310520.67292885,
  "token0_posValUSD": 27322036.700181004,
  "token0_debtVal": 15726965.933050428,
  "token0_debtValUSD": 15733597.522775415,
  "token1_symbol": "WBNB",
  "token1_decimals": 18,
  "token1": 0,
  "token1_liquidity": 247549.01388748398,
  "token1_price": 397.39781287,
  "token1_posVal": 189857.9311803641,
  "token1_posValUSD": 75449126.60709967,
  "token1_debtVal": 117209.86032770341,
  "token1_debtValUSD": 46578942.14102752,
  "liquidity": 196634524.59689814,
  "tvl": 0,
  "health": 102771163.30728067,
  "debt": 62312539.66380294,
  "leverage": 2.540154707508154,
  "workerPositions": [
    {
      "name": "USDT-WBNB PancakeswapWorker",
      "address": "0x41867cc58aece8B570FF1A2a8aa6149014D2a94C",
      "vault": "ibWBNB",
      "borrowToken": "WBNB",
      "posVal": 189857.9311803641,
      "posValUSD": 75449126.60709967,
      "debtVal": 117209.86032770341,
      "debtValUSD": 46578942.14102752
    },
    {
      "name": "WBNB-USDT PancakeswapWorker",
      "address": "0x81b6534f4F7ba45Ecf98295Cef1450B4a4FC81Cd",
      "vault": "ibUSDT",
      "borrowToken": "USDT",
      "posVal": 27310520.67292885,
      "posValUSD": 27322036.700181004,
      "debtVal": 15726965.933050428,
      "debtValUSD": 15733597.522775415
    }
  ]
}