{
  "blockNo": 13201035,
  "lpName": "USDT-WBNB LP",
  "lpTokens": 0,
  "token0_symbol": "USDT",
  "token0_decimals": 18,
  "token0": 0,
  "token0_liquidity": 141116209.1113553,
  "token0_price": 1.00130747,
  "token0_posVal": 51983164.78045658,
  "token0_posValUSD": 52051131.20891208,
  "token0_debtVal": 31594670.65431623,
  "token0_debtValUSD": 31635979.73835663,
  "token1_symbol": "WBNB",
  "token1_decimals": 18,
  "token1": 0,
  "token1_liquidity": 248312.27484837585,
  "token1_price": 569.3791403,
  "token1_posVal": 138895.00819125384,
  "token1_posValUSD": 79083920.35589758,
  "token1_debtVal": 90991.92523440075,
  "token1_debtValUSD": 51808904.16420498,
  "liquidity": 282684543.90038764,
  "tvl": 0,
  "health": 131135051.56480965,
  "debt": 83444883.9025616,
  "leverage": 2.7497293046553346,
  "workerPositions": [
    {
      "name": "USDT-WBNB PancakeswapWorker",
      "address": "0x41867cc58aece8B570FF1A2a8aa6149014D2a94C",
      "vault": "ibWBNB",
      "borrowToken": "WBNB",
      "posVal": 138895.00819125384,
      "posValUSD": 79083920.35589758,
      "debtVal": 90991.92523440075,
      "debtValUSD": 51808904.16420498
    },
    {
      "name": "WBNB-USDT PancakeswapWorker",
      "address": "0x81b6534f4F7ba45Ecf98295Cef1450B4a4FC81Cd",
      "vault": "ibUSDT",
      "borrowToken": "USDT",
      "posVal": 51983164.78045658,
      "posValUSD": 52051131.20891208,
      "debtVal": 31594670.65431623,
      "debtValUSD": 31635979.73835663
    }
  ]
}