{
  "blockNo": 17743996,
  "lpName": "USDT-WBNB LP",
  "lpTokens": 0,
  "token0_symbol": "USDT",
  "token0_decimals": 18,
  "token0": 0,
  "token0_liquidity": 75373981.8040329,
  "token0_price": 0.99772424,
  "token0_posVal": 29186498.409545142,
  "token0_posValUSD": 29120076.943924636,
  "token0_debtVal": 18165926.066158954,
  "token0_debtValUSD": 18124584.778254632,
  "token1_symbol": "WBNB",
  "token1_decimals": 18,
  "token1": 0,
  "token1_liquidity": 267785.5855005166,
  "token1_price": 281.01093989,
  "token1_posVal": 4285.4963237364,
  "token1_posValUSD": 1204271.3498283054,
  "token1_debtVal": 1688.4207469975554,
  "token1_debtValUSD": 474464.7010435589,
  "liquidity": 150453127.78169668,
  "tvl": 0,
  "health": 30324348.293752942,
  "debt": 18599049.47929819,
  "leverage": 2.5862324511823607,
  "workerPositions": [
    {
      "name": "USDT-WBNB PancakeswapWorker",
      "address": "0x41867cc58aece8B570FF1A2a8aa6149014D2a94C",
      "vault": "ibWBNB",
      "borrowToken": "WBNB",
      "posVal": 4285.4963237364,
      "posValUSD": 1204271.3498283054,
      "debtVal": 1688.4207469975554,
      "debtValUSD": 474464.7010435589
    },
    {
      "name": "WBNB-USDT PancakeswapWorker",
      "address": "0x81b6534f4F7ba45Ecf98295Cef1450B4a4FC81Cd",
      "vault": "ibUSDT",
      "borrowToken": "USDT",
      "posVal": 29186498.409545142,
      "posValUSD": 29120076.943924636,
      "debtVal": 18165926.066158954,
      "debtValUSD": 18124584.778254632
    }
  ]
}