{
  "blockNo": 15118825,
  "lpName": "USDT-WBNB LP",
  "lpTokens": 0,
  "token0_symbol": "USDT",
  "token0_decimals": 18,
  "token0": 0,
  "token0_liquidity": 107244045.78993133,
  "token0_price": 1.00099874,
  "token0_posVal": 43823337.63073905,
  "token0_posValUSD": 43867105.75096437,
  "token0_debtVal": 25499279.184743498,
  "token0_debtValUSD": 25524746.334836468,
  "token1_symbol": "WBNB",
  "token1_decimals": 18,
  "token1": 0,
  "token1_liquidity": 254133.83988890325,
  "token1_price": 422.33094996,
  "token1_posVal": 124355.79971595165,
  "token1_posValUSD": 52519303.02707336,
  "token1_debtVal": 78669.62344841799,
  "token1_debtValUSD": 33224616.80396586,
  "liquidity": 214679740.72548664,
  "tvl": 0,
  "health": 96386408.77803773,
  "debt": 58749363.13880233,
  "leverage": 2.5609451310800555,
  "workerPositions": [
    {
      "name": "USDT-WBNB PancakeswapWorker",
      "address": "0x41867cc58aece8B570FF1A2a8aa6149014D2a94C",
      "vault": "ibWBNB",
      "borrowToken": "WBNB",
      "posVal": 124355.79971595165,
      "posValUSD": 52519303.02707336,
      "debtVal": 78669.62344841799,
      "debtValUSD": 33224616.80396586
    },
    {
      "name": "WBNB-USDT PancakeswapWorker",
      "address": "0x81b6534f4F7ba45Ecf98295Cef1450B4a4FC81Cd",
      "vault": "ibUSDT",
      "borrowToken": "USDT",
      "posVal": 43823337.63073905,
      "posValUSD": 43867105.75096437,
      "debtVal": 25499279.184743498,
      "debtValUSD": 25524746.334836468
    }
  ]
}