{
  "blockNo": 12466144,
  "lpName": "USDT-WBNB LP",
  "lpTokens": 0,
  "token0_symbol": "USDT",
  "token0_decimals": 18,
  "token0": 0,
  "token0_liquidity": 142004463.30642208,
  "token0_price": 1.00085723,
  "token0_posVal": 53968951.00223389,
  "token0_posValUSD": 54015214.80610154,
  "token0_debtVal": 31378826.988650974,
  "token0_debtValUSD": 31405725.860510457,
  "token1_symbol": "WBNB",
  "token1_decimals": 18,
  "token1": 0,
  "token1_liquidity": 221268.49550425741,
  "token1_price": 642.32007684,
  "token1_posVal": 129317.0703610891,
  "token1_posValUSD": 83062950.57105844,
  "token1_debtVal": 91413.80044245657,
  "token1_debtValUSD": 58716919.32443513,
  "liquidity": 284251390.8270681,
  "tvl": 0,
  "health": 137078165.37715998,
  "debt": 90122645.18494558,
  "leverage": 2.9193194924904406,
  "workerPositions": [
    {
      "name": "USDT-WBNB PancakeswapWorker",
      "address": "0x41867cc58aece8B570FF1A2a8aa6149014D2a94C",
      "vault": "ibWBNB",
      "borrowToken": "WBNB",
      "posVal": 129317.0703610891,
      "posValUSD": 83062950.57105844,
      "debtVal": 91413.80044245657,
      "debtValUSD": 58716919.32443513
    },
    {
      "name": "WBNB-USDT PancakeswapWorker",
      "address": "0x81b6534f4F7ba45Ecf98295Cef1450B4a4FC81Cd",
      "vault": "ibUSDT",
      "borrowToken": "USDT",
      "posVal": 53968951.00223389,
      "posValUSD": 54015214.80610154,
      "debtVal": 31378826.988650974,
      "debtValUSD": 31405725.860510457
    }
  ]
}