{
  "blockNo": 17402836,
  "lpName": "USDT-WBNB LP",
  "lpTokens": 0,
  "token0_symbol": "USDT",
  "token0_decimals": 18,
  "token0": 0,
  "token0_liquidity": 134469849.38338926,
  "token0_price": 1.00013457,
  "token0_posVal": 17570620.73419576,
  "token0_posValUSD": 17572985.212627962,
  "token0_debtVal": 9959059.158201838,
  "token0_debtValUSD": 9960399.348792756,
  "token1_symbol": "WBNB",
  "token1_decimals": 18,
  "token1": 0,
  "token1_liquidity": 345381.49728025286,
  "token1_price": 390.00577432,
  "token1_posVal": 172202.59125379773,
  "token1_posValUSD": 67160004.94184785,
  "token1_debtVal": 107141.07488548766,
  "token1_debtValUSD": 41785637.87219172,
  "liquidity": 269188723.2736068,
  "tvl": 0,
  "health": 84732990.15447581,
  "debt": 51746037.220984474,
  "leverage": 2.568681936925651,
  "workerPositions": [
    {
      "name": "USDT-WBNB PancakeswapWorker",
      "address": "0x41867cc58aece8B570FF1A2a8aa6149014D2a94C",
      "vault": "ibWBNB",
      "borrowToken": "WBNB",
      "posVal": 172202.59125379773,
      "posValUSD": 67160004.94184785,
      "debtVal": 107141.07488548766,
      "debtValUSD": 41785637.87219172
    },
    {
      "name": "WBNB-USDT PancakeswapWorker",
      "address": "0x81b6534f4F7ba45Ecf98295Cef1450B4a4FC81Cd",
      "vault": "ibUSDT",
      "borrowToken": "USDT",
      "posVal": 17570620.73419576,
      "posValUSD": 17572985.212627962,
      "debtVal": 9959059.158201838,
      "debtValUSD": 9960399.348792756
    }
  ]
}