{
  "blockNo": 10049831,
  "lpName": "USDT-WBNB LP",
  "lpTokens": 0,
  "token0_symbol": "USDT",
  "token0_decimals": 18,
  "token0": 0,
  "token0_liquidity": 113286017.01188836,
  "token0_price": 1.0009,
  "token0_posVal": 34888100.46041587,
  "token0_posValUSD": 34919499.75083024,
  "token0_debtVal": 18842755.75508704,
  "token0_debtValUSD": 18859714.23526662,
  "token1_symbol": "WBNB",
  "token1_decimals": 18,
  "token1": 0,
  "token1_liquidity": 280985.7353662536,
  "token1_price": 403.75419371,
  "token1_posVal": 85019.78293426443,
  "token1_posValUSD": 34327093.90802315,
  "token1_debtVal": 54963.586939327615,
  "token1_debtValUSD": 22191778.728097707,
  "liquidity": 226837143.4540122,
  "tvl": 0,
  "health": 69246593.65885338,
  "debt": 41051492.963364325,
  "leverage": 2.4559796542926398,
  "workerPositions": [
    {
      "name": "USDT-WBNB PancakeswapWorker",
      "address": "0x41867cc58aece8B570FF1A2a8aa6149014D2a94C",
      "vault": "ibWBNB",
      "borrowToken": "WBNB",
      "posVal": 85019.78293426443,
      "posValUSD": 34327093.90802315,
      "debtVal": 54963.586939327615,
      "debtValUSD": 22191778.728097707
    },
    {
      "name": "WBNB-USDT PancakeswapWorker",
      "address": "0x81b6534f4F7ba45Ecf98295Cef1450B4a4FC81Cd",
      "vault": "ibUSDT",
      "borrowToken": "USDT",
      "posVal": 34888100.46041587,
      "posValUSD": 34919499.75083024,
      "debtVal": 18842755.75508704,
      "debtValUSD": 18859714.23526662
    }
  ]
}