{
  "blockNo": 14118163,
  "lpName": "USDT-WBNB LP",
  "lpTokens": 0,
  "token0_symbol": "USDT",
  "token0_decimals": 18,
  "token0": 0,
  "token0_liquidity": 125375794.24024652,
  "token0_price": 1,
  "token0_posVal": 36864837.65523514,
  "token0_posValUSD": 36864837.65523514,
  "token0_debtVal": 23605622.776272114,
  "token0_debtValUSD": 23605622.776272114,
  "token1_symbol": "WBNB",
  "token1_decimals": 18,
  "token1": 0,
  "token1_liquidity": 269547.3442711166,
  "token1_price": 466.36625364,
  "token1_posVal": 142920.6270402815,
  "token1_posValUSD": 66653357.400655776,
  "token1_debtVal": 85857.7008145696,
  "token1_debtValUSD": 40041134.2750348,
  "liquidity": 251083579.3665785,
  "tvl": 0,
  "health": 103518195.05589092,
  "debt": 63646757.05130692,
  "leverage": 2.596299512548042,
  "workerPositions": [
    {
      "name": "USDT-WBNB PancakeswapWorker",
      "address": "0x41867cc58aece8B570FF1A2a8aa6149014D2a94C",
      "vault": "ibWBNB",
      "borrowToken": "WBNB",
      "posVal": 142920.6270402815,
      "posValUSD": 66653357.400655776,
      "debtVal": 85857.7008145696,
      "debtValUSD": 40041134.2750348
    },
    {
      "name": "WBNB-USDT PancakeswapWorker",
      "address": "0x81b6534f4F7ba45Ecf98295Cef1450B4a4FC81Cd",
      "vault": "ibUSDT",
      "borrowToken": "USDT",
      "posVal": 36864837.65523514,
      "posValUSD": 36864837.65523514,
      "debtVal": 23605622.776272114,
      "debtValUSD": 23605622.776272114
    }
  ]
}