{
  "blockNo": 16046493,
  "lpName": "USDT-WBNB LP",
  "lpTokens": 0,
  "token0_symbol": "USDT",
  "token0_decimals": 18,
  "token0": 0,
  "token0_liquidity": 120481921.46319245,
  "token0_price": 1.00037658,
  "token0_posVal": 46316054.087044865,
  "token0_posValUSD": 46333495.78669296,
  "token0_debtVal": 25229502.02087203,
  "token0_debtValUSD": 25239002.94674305,
  "token1_symbol": "WBNB",
  "token1_decimals": 18,
  "token1": 0,
  "token1_liquidity": 326345.3836883746,
  "token1_price": 369.80791303,
  "token1_posVal": 185863.5371430751,
  "token1_posValUSD": 68733806.7792545,
  "token1_debtVal": 111932.24235466674,
  "token1_debtValUSD": 41393428.94594748,
  "liquidity": 241212397.81394947,
  "tvl": 0,
  "health": 115067302.56594746,
  "debt": 66632431.89269053,
  "leverage": 2.3757119811921226,
  "workerPositions": [
    {
      "name": "USDT-WBNB PancakeswapWorker",
      "address": "0x41867cc58aece8B570FF1A2a8aa6149014D2a94C",
      "vault": "ibWBNB",
      "borrowToken": "WBNB",
      "posVal": 185863.5371430751,
      "posValUSD": 68733806.7792545,
      "debtVal": 111932.24235466674,
      "debtValUSD": 41393428.94594748
    },
    {
      "name": "WBNB-USDT PancakeswapWorker",
      "address": "0x81b6534f4F7ba45Ecf98295Cef1450B4a4FC81Cd",
      "vault": "ibUSDT",
      "borrowToken": "USDT",
      "posVal": 46316054.087044865,
      "posValUSD": 46333495.78669296,
      "debtVal": 25229502.02087203,
      "debtValUSD": 25239002.94674305
    }
  ]
}