{
  "blockNo": 11347598,
  "lpName": "USDT-WBNB LP",
  "lpTokens": 0,
  "token0_symbol": "USDT",
  "token0_decimals": 18,
  "token0": 0,
  "token0_liquidity": 128439752.66583034,
  "token0_price": 1,
  "token0_posVal": 47617164.56517443,
  "token0_posValUSD": 47617164.56517443,
  "token0_debtVal": 28722177.81845911,
  "token0_debtValUSD": 28722177.81845911,
  "token1_symbol": "WBNB",
  "token1_decimals": 18,
  "token1": 0,
  "token1_liquidity": 353971.4845025357,
  "token1_price": 363.4349041,
  "token1_posVal": 154777.27299192222,
  "token1_posValUSD": 56251463.36667877,
  "token1_debtVal": 94185.41256313073,
  "token1_debtValUSD": 34230266.38250035,
  "liquidity": 257085345.19014406,
  "tvl": 0,
  "health": 103868627.9318532,
  "debt": 62952444.20095946,
  "leverage": 2.53857076737651,
  "workerPositions": [
    {
      "name": "USDT-WBNB PancakeswapWorker",
      "address": "0x41867cc58aece8B570FF1A2a8aa6149014D2a94C",
      "vault": "ibWBNB",
      "borrowToken": "WBNB",
      "posVal": 154777.27299192222,
      "posValUSD": 56251463.36667877,
      "debtVal": 94185.41256313073,
      "debtValUSD": 34230266.38250035
    },
    {
      "name": "WBNB-USDT PancakeswapWorker",
      "address": "0x81b6534f4F7ba45Ecf98295Cef1450B4a4FC81Cd",
      "vault": "ibUSDT",
      "borrowToken": "USDT",
      "posVal": 47617164.56517443,
      "posValUSD": 47617164.56517443,
      "debtVal": 28722177.81845911,
      "debtValUSD": 28722177.81845911
    }
  ]
}