{
  "blockNo": 9134319,
  "lpName": "USDT-WBNB LP",
  "lpTokens": 0,
  "token0_symbol": "USDT",
  "token0_decimals": 18,
  "token0": 0,
  "token0_liquidity": 113919173.9863668,
  "token0_price": 1,
  "token0_posVal": 26050323.784643438,
  "token0_posValUSD": 26050323.784643438,
  "token0_debtVal": 14795682.92848612,
  "token0_debtValUSD": 14795682.92848612,
  "token1_symbol": "WBNB",
  "token1_decimals": 18,
  "token1": 0,
  "token1_liquidity": 369546.0571783316,
  "token1_price": 308.83,
  "token1_posVal": 75075.48887095106,
  "token1_posValUSD": 23185563.228015814,
  "token1_debtVal": 46787.05812446924,
  "token1_debtValUSD": 14449247.160579834,
  "liquidity": 228046082.82475093,
  "tvl": 0,
  "health": 49235887.01265925,
  "debt": 29244930.089065954,
  "leverage": 2.4629079638779636,
  "workerPositions": [
    {
      "name": "USDT-WBNB PancakeswapWorker",
      "address": "0x41867cc58aece8B570FF1A2a8aa6149014D2a94C",
      "vault": "ibWBNB",
      "borrowToken": "WBNB",
      "posVal": 75075.48887095106,
      "posValUSD": 23185563.228015814,
      "debtVal": 46787.05812446924,
      "debtValUSD": 14449247.160579834
    },
    {
      "name": "WBNB-USDT PancakeswapWorker",
      "address": "0x81b6534f4F7ba45Ecf98295Cef1450B4a4FC81Cd",
      "vault": "ibUSDT",
      "borrowToken": "USDT",
      "posVal": 26050323.784643438,
      "posValUSD": 26050323.784643438,
      "debtVal": 14795682.92848612,
      "debtValUSD": 14795682.92848612
    }
  ]
}