{
  "blockNo": 11019985,
  "lpName": "USDT-WBNB LP",
  "lpTokens": 0,
  "token0_symbol": "USDT",
  "token0_decimals": 18,
  "token0": 0,
  "token0_liquidity": 135932785.57215083,
  "token0_price": 1.00000416,
  "token0_posVal": 50658762.84031169,
  "token0_posValUSD": 50658973.580765106,
  "token0_debtVal": 29996632.382288966,
  "token0_debtValUSD": 29996757.168279678,
  "token1_symbol": "WBNB",
  "token1_decimals": 18,
  "token1": 0,
  "token1_liquidity": 325248.3745276587,
  "token1_price": 418.10014585,
  "token1_posVal": 158415.02514901318,
  "token1_posValUSD": 66233345.11963382,
  "token1_debtVal": 98737.01671467765,
  "token1_debtValUSD": 41281961.089200616,
  "liquidity": 271919743.88002837,
  "tvl": 0,
  "health": 116892318.70039892,
  "debt": 71278718.2574803,
  "leverage": 2.562663713571115,
  "workerPositions": [
    {
      "name": "USDT-WBNB PancakeswapWorker",
      "address": "0x41867cc58aece8B570FF1A2a8aa6149014D2a94C",
      "vault": "ibWBNB",
      "borrowToken": "WBNB",
      "posVal": 158415.02514901318,
      "posValUSD": 66233345.11963382,
      "debtVal": 98737.01671467765,
      "debtValUSD": 41281961.089200616
    },
    {
      "name": "WBNB-USDT PancakeswapWorker",
      "address": "0x81b6534f4F7ba45Ecf98295Cef1450B4a4FC81Cd",
      "vault": "ibUSDT",
      "borrowToken": "USDT",
      "posVal": 50658762.84031169,
      "posValUSD": 50658973.580765106,
      "debtVal": 29996632.382288966,
      "debtValUSD": 29996757.168279678
    }
  ]
}