{
  "blockNo": 17825234,
  "lpName": "USDT-WBNB LP",
  "lpTokens": 0,
  "token0_symbol": "USDT",
  "token0_decimals": 18,
  "token0": 0,
  "token0_liquidity": 103220286.3155338,
  "token0_price": 0.99883335,
  "token0_posVal": 30274770.252466742,
  "token0_posValUSD": 30239450.1917517,
  "token0_debtVal": 18188384.4137005,
  "token0_debtValUSD": 18167164.935024254,
  "token1_symbol": "WBNB",
  "token1_decimals": 18,
  "token1": 0,
  "token1_liquidity": 344174.66622816445,
  "token1_price": 299.60385871,
  "token1_posVal": 101174.70290872708,
  "token1_posValUSD": 30312331.395292494,
  "token1_debtVal": 51430.769610260875,
  "token1_debtValUSD": 15408857.031659162,
  "liquidity": 206215922.44068816,
  "tvl": 0,
  "health": 60551781.587044194,
  "debt": 33576021.96668342,
  "leverage": 2.244673827140011,
  "workerPositions": [
    {
      "name": "USDT-WBNB PancakeswapWorker",
      "address": "0x41867cc58aece8B570FF1A2a8aa6149014D2a94C",
      "vault": "ibWBNB",
      "borrowToken": "WBNB",
      "posVal": 101174.70290872708,
      "posValUSD": 30312331.395292494,
      "debtVal": 51430.769610260875,
      "debtValUSD": 15408857.031659162
    },
    {
      "name": "WBNB-USDT PancakeswapWorker",
      "address": "0x81b6534f4F7ba45Ecf98295Cef1450B4a4FC81Cd",
      "vault": "ibUSDT",
      "borrowToken": "USDT",
      "posVal": 30274770.252466742,
      "posValUSD": 30239450.1917517,
      "debtVal": 18188384.4137005,
      "debtValUSD": 18167164.935024254
    }
  ]
}