{
  "blockNo": 14300191,
  "lpName": "USDT-WBNB LP",
  "lpTokens": 0,
  "token0_symbol": "USDT",
  "token0_decimals": 18,
  "token0": 0,
  "token0_liquidity": 101730122.32026602,
  "token0_price": 1.00030253,
  "token0_posVal": 28535599.40447075,
  "token0_posValUSD": 28544232.27935858,
  "token0_debtVal": 17529033.024406508,
  "token0_debtValUSD": 17534336.08276738,
  "token1_symbol": "WBNB",
  "token1_decimals": 18,
  "token1": 0,
  "token1_liquidity": 217197.3637906632,
  "token1_price": 468.21835509,
  "token1_posVal": 107818.58009775488,
  "token1_posValUSD": 50482638.2215102,
  "token1_debtVal": 68550.22939777991,
  "token1_debtValUSD": 32096475.64967067,
  "liquidity": 203456691.13812023,
  "tvl": 0,
  "health": 79026870.50086878,
  "debt": 49630811.73243805,
  "leverage": 2.6883491805281734,
  "workerPositions": [
    {
      "name": "USDT-WBNB PancakeswapWorker",
      "address": "0x41867cc58aece8B570FF1A2a8aa6149014D2a94C",
      "vault": "ibWBNB",
      "borrowToken": "WBNB",
      "posVal": 107818.58009775488,
      "posValUSD": 50482638.2215102,
      "debtVal": 68550.22939777991,
      "debtValUSD": 32096475.64967067
    },
    {
      "name": "WBNB-USDT PancakeswapWorker",
      "address": "0x81b6534f4F7ba45Ecf98295Cef1450B4a4FC81Cd",
      "vault": "ibUSDT",
      "borrowToken": "USDT",
      "posVal": 28535599.40447075,
      "posValUSD": 28544232.27935858,
      "debtVal": 17529033.024406508,
      "debtValUSD": 17534336.08276738
    }
  ]
}