{
  "blockNo": 15634437,
  "lpName": "USDT-WBNB LP",
  "lpTokens": 0,
  "token0_symbol": "USDT",
  "token0_decimals": 18,
  "token0": 0,
  "token0_liquidity": 121633793.9958967,
  "token0_price": 1.0007984,
  "token0_posVal": 44461366.54552992,
  "token0_posValUSD": 44496864.50057987,
  "token0_debtVal": 27617426.23131377,
  "token0_debtValUSD": 27639475.984416854,
  "token1_symbol": "WBNB",
  "token1_decimals": 18,
  "token1": 0,
  "token1_liquidity": 335438.29383100657,
  "token1_price": 362.99248036,
  "token1_posVal": 203487.42350900194,
  "token1_posValUSD": 73864404.58159839,
  "token1_debtVal": 120857.62915110412,
  "token1_debtValUSD": 43870410.57598832,
  "liquidity": 243492484.7024666,
  "tvl": 0,
  "health": 118361269.08217826,
  "debt": 71509886.56040518,
  "leverage": 2.5263132635877423,
  "workerPositions": [
    {
      "name": "USDT-WBNB PancakeswapWorker",
      "address": "0x41867cc58aece8B570FF1A2a8aa6149014D2a94C",
      "vault": "ibWBNB",
      "borrowToken": "WBNB",
      "posVal": 203487.42350900194,
      "posValUSD": 73864404.58159839,
      "debtVal": 120857.62915110412,
      "debtValUSD": 43870410.57598832
    },
    {
      "name": "WBNB-USDT PancakeswapWorker",
      "address": "0x81b6534f4F7ba45Ecf98295Cef1450B4a4FC81Cd",
      "vault": "ibUSDT",
      "borrowToken": "USDT",
      "posVal": 44461366.54552992,
      "posValUSD": 44496864.50057987,
      "debtVal": 27617426.23131377,
      "debtValUSD": 27639475.984416854
    }
  ]
}