{
  "blockNo": 18069300,
  "lpName": "USDT-WBNB LP",
  "lpTokens": 0,
  "token0_symbol": "USDT",
  "token0_decimals": 18,
  "token0": 0,
  "token0_liquidity": 119499885.47193381,
  "token0_price": 0.99903524,
  "token0_posVal": 31108373.929209925,
  "token0_posValUSD": 31078361.814377982,
  "token0_debtVal": 18409230.43767802,
  "token0_debtValUSD": 18391469.948520966,
  "token1_symbol": "WBNB",
  "token1_decimals": 18,
  "token1": 0,
  "token1_liquidity": 368297.7911206961,
  "token1_price": 325.00218283,
  "token1_posVal": 159498.71009969348,
  "token1_posValUSD": 51837428.94096974,
  "token1_debtVal": 84468.29803114783,
  "token1_debtValUSD": 27452381.240058035,
  "liquidity": 239082182.80811954,
  "tvl": 0,
  "health": 82915790.75534773,
  "debt": 45843851.188579,
  "leverage": 2.2366186318903423,
  "workerPositions": [
    {
      "name": "USDT-WBNB PancakeswapWorker",
      "address": "0x41867cc58aece8B570FF1A2a8aa6149014D2a94C",
      "vault": "ibWBNB",
      "borrowToken": "WBNB",
      "posVal": 159498.71009969348,
      "posValUSD": 51837428.94096974,
      "debtVal": 84468.29803114783,
      "debtValUSD": 27452381.240058035
    },
    {
      "name": "WBNB-USDT PancakeswapWorker",
      "address": "0x81b6534f4F7ba45Ecf98295Cef1450B4a4FC81Cd",
      "vault": "ibUSDT",
      "borrowToken": "USDT",
      "posVal": 31108373.929209925,
      "posValUSD": 31078361.814377982,
      "debtVal": 18409230.43767802,
      "debtValUSD": 18391469.948520966
    }
  ]
}