{
  "blockNo": 17125021,
  "lpName": "USDT-WBNB LP",
  "lpTokens": 0,
  "token0_symbol": "USDT",
  "token0_decimals": 18,
  "token0": 0,
  "token0_liquidity": 169802610.39177302,
  "token0_price": 1.00024602,
  "token0_posVal": 55656023.36595316,
  "token0_posValUSD": 55669715.86082166,
  "token0_debtVal": 28248288.102966722,
  "token0_debtValUSD": 28255237.746805817,
  "token1_symbol": "WBNB",
  "token1_decimals": 18,
  "token1": 0,
  "token1_liquidity": 403578.5699144112,
  "token1_price": 421.08543542,
  "token1_posVal": 178873.09266588138,
  "token1_posValUSD": 75320854.11013468,
  "token1_debtVal": 114029.87141782901,
  "token1_debtValUSD": 48016318.056863144,
  "liquidity": 339785443.06857234,
  "tvl": 0,
  "health": 130990569.97095633,
  "debt": 76271555.80366896,
  "leverage": 2.393876643509896,
  "workerPositions": [
    {
      "name": "USDT-WBNB PancakeswapWorker",
      "address": "0x41867cc58aece8B570FF1A2a8aa6149014D2a94C",
      "vault": "ibWBNB",
      "borrowToken": "WBNB",
      "posVal": 178873.09266588138,
      "posValUSD": 75320854.11013468,
      "debtVal": 114029.87141782901,
      "debtValUSD": 48016318.056863144
    },
    {
      "name": "WBNB-USDT PancakeswapWorker",
      "address": "0x81b6534f4F7ba45Ecf98295Cef1450B4a4FC81Cd",
      "vault": "ibUSDT",
      "borrowToken": "USDT",
      "posVal": 55656023.36595316,
      "posValUSD": 55669715.86082166,
      "debtVal": 28248288.102966722,
      "debtValUSD": 28255237.746805817
    }
  ]
}