{
  "blockNo": 16916574,
  "lpName": "USDT-WBNB LP",
  "lpTokens": 0,
  "token0_symbol": "USDT",
  "token0_decimals": 18,
  "token0": 0,
  "token0_liquidity": 167490495.54994968,
  "token0_price": 1.00025869,
  "token0_posVal": 53141966.76464524,
  "token0_posValUSD": 53155714.060027584,
  "token0_debtVal": 26829029.91859774,
  "token0_debtValUSD": 26835970.32034738,
  "token1_symbol": "WBNB",
  "token1_decimals": 18,
  "token1": 0,
  "token1_liquidity": 401359.92925855314,
  "token1_price": 417.59531378,
  "token1_posVal": 171917.60708549843,
  "token1_posValUSD": 71791987.07517548,
  "token1_debtVal": 108974.41957262458,
  "token1_debtValUSD": 45507206.93542354,
  "liquidity": 335139849.2636876,
  "tvl": 0,
  "health": 124947701.13520306,
  "debt": 72343177.25577092,
  "leverage": 2.375227298351357,
  "workerPositions": [
    {
      "name": "USDT-WBNB PancakeswapWorker",
      "address": "0x41867cc58aece8B570FF1A2a8aa6149014D2a94C",
      "vault": "ibWBNB",
      "borrowToken": "WBNB",
      "posVal": 171917.60708549843,
      "posValUSD": 71791987.07517548,
      "debtVal": 108974.41957262458,
      "debtValUSD": 45507206.93542354
    },
    {
      "name": "WBNB-USDT PancakeswapWorker",
      "address": "0x81b6534f4F7ba45Ecf98295Cef1450B4a4FC81Cd",
      "vault": "ibUSDT",
      "borrowToken": "USDT",
      "posVal": 53141966.76464524,
      "posValUSD": 53155714.060027584,
      "debtVal": 26829029.91859774,
      "debtValUSD": 26835970.32034738
    }
  ]
}