{
  "blockNo": 13999627,
  "lpName": "USDT-WBNB LP",
  "lpTokens": 0,
  "token0_symbol": "USDT",
  "token0_decimals": 18,
  "token0": 0,
  "token0_liquidity": 143249944.8574105,
  "token0_price": 1.00000754,
  "token0_posVal": 49590310.81030175,
  "token0_posValUSD": 49590684.72124526,
  "token0_debtVal": 31126348.76872871,
  "token0_debtValUSD": 31126583.461398423,
  "token1_symbol": "WBNB",
  "token1_decimals": 18,
  "token1": 0,
  "token1_liquidity": 272436.15442935657,
  "token1_price": 525.97766656,
  "token1_posVal": 158857.61027151736,
  "token1_posValUSD": 83555555.16591059,
  "token1_debtVal": 100684.31244288992,
  "token1_debtValUSD": 52957699.71790921,
  "liquidity": 286546357.75532746,
  "tvl": 0,
  "health": 133146239.88715585,
  "debt": 84084283.17930764,
  "leverage": 2.713838762689566,
  "workerPositions": [
    {
      "name": "USDT-WBNB PancakeswapWorker",
      "address": "0x41867cc58aece8B570FF1A2a8aa6149014D2a94C",
      "vault": "ibWBNB",
      "borrowToken": "WBNB",
      "posVal": 158857.61027151736,
      "posValUSD": 83555555.16591059,
      "debtVal": 100684.31244288992,
      "debtValUSD": 52957699.71790921
    },
    {
      "name": "WBNB-USDT PancakeswapWorker",
      "address": "0x81b6534f4F7ba45Ecf98295Cef1450B4a4FC81Cd",
      "vault": "ibUSDT",
      "borrowToken": "USDT",
      "posVal": 49590310.81030175,
      "posValUSD": 49590684.72124526,
      "debtVal": 31126348.76872871,
      "debtValUSD": 31126583.461398423
    }
  ]
}