{
  "blockNo": 15736058,
  "lpName": "USDT-WBNB LP",
  "lpTokens": 0,
  "token0_symbol": "USDT",
  "token0_decimals": 18,
  "token0": 0,
  "token0_liquidity": 99124479.31495853,
  "token0_price": 1.00047984,
  "token0_posVal": 24270055.666603833,
  "token0_posValUSD": 24281701.410114896,
  "token0_debtVal": 13272934.587355368,
  "token0_debtValUSD": 13279303.472287763,
  "token1_symbol": "WBNB",
  "token1_decimals": 18,
  "token1": 0,
  "token1_liquidity": 243204.11922271913,
  "token1_price": 407.65522442,
  "token1_posVal": 174107.464030628,
  "token1_posValUSD": 70975817.32260275,
  "token1_debtVal": 109617.12770448964,
  "token1_debtValUSD": 44685994.79464953,
  "liquidity": 198315473.00671902,
  "tvl": 0,
  "health": 95257518.73271765,
  "debt": 57965298.266937286,
  "leverage": 2.554353630407358,
  "workerPositions": [
    {
      "name": "USDT-WBNB PancakeswapWorker",
      "address": "0x41867cc58aece8B570FF1A2a8aa6149014D2a94C",
      "vault": "ibWBNB",
      "borrowToken": "WBNB",
      "posVal": 174107.464030628,
      "posValUSD": 70975817.32260275,
      "debtVal": 109617.12770448964,
      "debtValUSD": 44685994.79464953
    },
    {
      "name": "WBNB-USDT PancakeswapWorker",
      "address": "0x81b6534f4F7ba45Ecf98295Cef1450B4a4FC81Cd",
      "vault": "ibUSDT",
      "borrowToken": "USDT",
      "posVal": 24270055.666603833,
      "posValUSD": 24281701.410114896,
      "debtVal": 13272934.587355368,
      "debtValUSD": 13279303.472287763
    }
  ]
}