{
  "blockNo": 17200271,
  "lpName": "USDT-WBNB LP",
  "lpTokens": 0,
  "token0_symbol": "USDT",
  "token0_decimals": 18,
  "token0": 0,
  "token0_liquidity": 161671164.44400346,
  "token0_price": 1.00009022,
  "token0_posVal": 53971924.849106014,
  "token0_posValUSD": 53976794.1961659,
  "token0_debtVal": 27880759.827901714,
  "token0_debtValUSD": 27883275.230053384,
  "token1_symbol": "WBNB",
  "token1_decimals": 18,
  "token1": 0,
  "token1_liquidity": 397638.62999593705,
  "token1_price": 406.46366149,
  "token1_posVal": 181737.59442015647,
  "token1_posValUSD": 73869728.05840139,
  "token1_debtVal": 113908.66320737916,
  "token1_debtValUSD": 46299732.32270258,
  "liquidity": 323311403.9144755,
  "tvl": 0,
  "health": 127846522.2545673,
  "debt": 74183007.55275597,
  "leverage": 2.3823732561119786,
  "workerPositions": [
    {
      "name": "USDT-WBNB PancakeswapWorker",
      "address": "0x41867cc58aece8B570FF1A2a8aa6149014D2a94C",
      "vault": "ibWBNB",
      "borrowToken": "WBNB",
      "posVal": 181737.59442015647,
      "posValUSD": 73869728.05840139,
      "debtVal": 113908.66320737916,
      "debtValUSD": 46299732.32270258
    },
    {
      "name": "WBNB-USDT PancakeswapWorker",
      "address": "0x81b6534f4F7ba45Ecf98295Cef1450B4a4FC81Cd",
      "vault": "ibUSDT",
      "borrowToken": "USDT",
      "posVal": 53971924.849106014,
      "posValUSD": 53976794.1961659,
      "debtVal": 27880759.827901714,
      "debtValUSD": 27883275.230053384
    }
  ]
}