{
  "blockNo": 16245716,
  "lpName": "USDT-WBNB LP",
  "lpTokens": 0,
  "token0_symbol": "USDT",
  "token0_decimals": 18,
  "token0": 0,
  "token0_liquidity": 125413186.00711285,
  "token0_price": 1.00041016,
  "token0_posVal": 47667782.07997925,
  "token0_posValUSD": 47687333.49747717,
  "token0_debtVal": 25216234.099864803,
  "token0_debtValUSD": 25226576.7904432,
  "token1_symbol": "WBNB",
  "token1_decimals": 18,
  "token1": 0,
  "token1_liquidity": 320655.36010921805,
  "token1_price": 390.82,
  "token1_posVal": 178873.1808461017,
  "token1_posValUSD": 69907216.53827347,
  "token1_debtVal": 111040.11897267713,
  "token1_debtValUSD": 43396699.29690167,
  "liquidity": 250783153.31737012,
  "tvl": 0,
  "health": 117594550.03575063,
  "debt": 68623276.08734487,
  "leverage": 2.4012965266054485,
  "workerPositions": [
    {
      "name": "USDT-WBNB PancakeswapWorker",
      "address": "0x41867cc58aece8B570FF1A2a8aa6149014D2a94C",
      "vault": "ibWBNB",
      "borrowToken": "WBNB",
      "posVal": 178873.1808461017,
      "posValUSD": 69907216.53827347,
      "debtVal": 111040.11897267713,
      "debtValUSD": 43396699.29690167
    },
    {
      "name": "WBNB-USDT PancakeswapWorker",
      "address": "0x81b6534f4F7ba45Ecf98295Cef1450B4a4FC81Cd",
      "vault": "ibUSDT",
      "borrowToken": "USDT",
      "posVal": 47667782.07997925,
      "posValUSD": 47687333.49747717,
      "debtVal": 25216234.099864803,
      "debtValUSD": 25226576.7904432
    }
  ]
}