{
  "blockNo": 12860399,
  "lpName": "USDT-WBNB LP",
  "lpTokens": 0,
  "token0_symbol": "USDT",
  "token0_decimals": 18,
  "token0": 0,
  "token0_liquidity": 152802567.89326403,
  "token0_price": 1.00106544,
  "token0_posVal": 65269951.27437972,
  "token0_posValUSD": 65339492.491265506,
  "token0_debtVal": 37484936.56666867,
  "token0_debtValUSD": 37524874.51748426,
  "token1_symbol": "WBNB",
  "token1_decimals": 18,
  "token1": 0,
  "token1_liquidity": 266357.82079227525,
  "token1_price": 573.809562,
  "token1_posVal": 147691.11000998787,
  "token1_posValUSD": 84746571.14612496,
  "token1_debtVal": 97864.21187289579,
  "token1_debtValUSD": 56155420.550261535,
  "liquidity": 305804034.3452902,
  "tvl": 0,
  "health": 150086063.63739046,
  "debt": 93680295.0677458,
  "leverage": 2.6608282706418223,
  "workerPositions": [
    {
      "name": "USDT-WBNB PancakeswapWorker",
      "address": "0x41867cc58aece8B570FF1A2a8aa6149014D2a94C",
      "vault": "ibWBNB",
      "borrowToken": "WBNB",
      "posVal": 147691.11000998787,
      "posValUSD": 84746571.14612496,
      "debtVal": 97864.21187289579,
      "debtValUSD": 56155420.550261535
    },
    {
      "name": "WBNB-USDT PancakeswapWorker",
      "address": "0x81b6534f4F7ba45Ecf98295Cef1450B4a4FC81Cd",
      "vault": "ibUSDT",
      "borrowToken": "USDT",
      "posVal": 65269951.27437972,
      "posValUSD": 65339492.491265506,
      "debtVal": 37484936.56666867,
      "debtValUSD": 37524874.51748426
    }
  ]
}