{
  "blockNo": 15789894,
  "lpName": "USDT-WBNB LP",
  "lpTokens": 0,
  "token0_symbol": "USDT",
  "token0_decimals": 18,
  "token0": 0,
  "token0_liquidity": 95256102.74405749,
  "token0_price": 1.00022297,
  "token0_posVal": 22482576.780667003,
  "token0_posValUSD": 22487589.720811788,
  "token0_debtVal": 12693603.505319979,
  "token0_debtValUSD": 12696433.798093561,
  "token1_symbol": "WBNB",
  "token1_decimals": 18,
  "token1": 0,
  "token1_liquidity": 251008.26877342185,
  "token1_price": 379.24980581,
  "token1_posVal": 180428.09454729976,
  "token1_posValUSD": 68427319.81973176,
  "token1_debtVal": 109664.31378584947,
  "token1_debtValUSD": 41590169.70757032,
  "liquidity": 190472179.18631086,
  "tvl": 0,
  "health": 90914909.54054354,
  "debt": 54286603.50566389,
  "leverage": 2.4820942976169564,
  "workerPositions": [
    {
      "name": "USDT-WBNB PancakeswapWorker",
      "address": "0x41867cc58aece8B570FF1A2a8aa6149014D2a94C",
      "vault": "ibWBNB",
      "borrowToken": "WBNB",
      "posVal": 180428.09454729976,
      "posValUSD": 68427319.81973176,
      "debtVal": 109664.31378584947,
      "debtValUSD": 41590169.70757032
    },
    {
      "name": "WBNB-USDT PancakeswapWorker",
      "address": "0x81b6534f4F7ba45Ecf98295Cef1450B4a4FC81Cd",
      "vault": "ibUSDT",
      "borrowToken": "USDT",
      "posVal": 22482576.780667003,
      "posValUSD": 22487589.720811788,
      "debtVal": 12693603.505319979,
      "debtValUSD": 12696433.798093561
    }
  ]
}