{
  "blockNo": 18161007,
  "lpName": "USDT-WBNB LP",
  "lpTokens": 0,
  "token0_symbol": "USDT",
  "token0_decimals": 18,
  "token0": 0,
  "token0_liquidity": 117329581.18305875,
  "token0_price": 0.99914379,
  "token0_posVal": 29578312.89293593,
  "token0_posValUSD": 29552987.64565387,
  "token0_debtVal": 18201511.14246429,
  "token0_debtValUSD": 18185926.826609,
  "token1_symbol": "WBNB",
  "token1_decimals": 18,
  "token1": 0,
  "token1_liquidity": 392366.19992664247,
  "token1_price": 299.079492,
  "token1_posVal": 179924.5703043805,
  "token1_posValUSD": 53811749.08495241,
  "token1_debtVal": 91205.28269747888,
  "token1_debtValUSD": 27277629.616878375,
  "liquidity": 234577806.17438465,
  "tvl": 0,
  "health": 83364736.73060627,
  "debt": 45463556.443487376,
  "leverage": 2.1995287771800243,
  "workerPositions": [
    {
      "name": "USDT-WBNB PancakeswapWorker",
      "address": "0x41867cc58aece8B570FF1A2a8aa6149014D2a94C",
      "vault": "ibWBNB",
      "borrowToken": "WBNB",
      "posVal": 179924.5703043805,
      "posValUSD": 53811749.08495241,
      "debtVal": 91205.28269747888,
      "debtValUSD": 27277629.616878375
    },
    {
      "name": "WBNB-USDT PancakeswapWorker",
      "address": "0x81b6534f4F7ba45Ecf98295Cef1450B4a4FC81Cd",
      "vault": "ibUSDT",
      "borrowToken": "USDT",
      "posVal": 29578312.89293593,
      "posValUSD": 29552987.64565387,
      "debtVal": 18201511.14246429,
      "debtValUSD": 18185926.826609
    }
  ]
}