{
  "blockNo": 13930092,
  "lpName": "USDT-WBNB LP",
  "lpTokens": 0,
  "token0_symbol": "USDT",
  "token0_decimals": 18,
  "token0": 0,
  "token0_liquidity": 146203522.0120889,
  "token0_price": 1.00004355,
  "token0_posVal": 49424928.214551315,
  "token0_posValUSD": 49427080.67017506,
  "token0_debtVal": 31189898.6496965,
  "token0_debtValUSD": 31191256.969782695,
  "token1_symbol": "WBNB",
  "token1_decimals": 18,
  "token1": 0,
  "token1_liquidity": 281041.9567346768,
  "token1_price": 521.36471958,
  "token1_posVal": 160976.5160537022,
  "token1_posValUSD": 83927476.15130381,
  "token1_debtVal": 101367.81810831967,
  "token1_debtValUSD": 52849604.06248053,
  "liquidity": 292735250.1386618,
  "tvl": 0,
  "health": 133354556.82147887,
  "debt": 84040861.03226322,
  "leverage": 2.704209341589076,
  "workerPositions": [
    {
      "name": "USDT-WBNB PancakeswapWorker",
      "address": "0x41867cc58aece8B570FF1A2a8aa6149014D2a94C",
      "vault": "ibWBNB",
      "borrowToken": "WBNB",
      "posVal": 160976.5160537022,
      "posValUSD": 83927476.15130381,
      "debtVal": 101367.81810831967,
      "debtValUSD": 52849604.06248053
    },
    {
      "name": "WBNB-USDT PancakeswapWorker",
      "address": "0x81b6534f4F7ba45Ecf98295Cef1450B4a4FC81Cd",
      "vault": "ibUSDT",
      "borrowToken": "USDT",
      "posVal": 49424928.214551315,
      "posValUSD": 49427080.67017506,
      "debtVal": 31189898.6496965,
      "debtValUSD": 31191256.969782695
    }
  ]
}