{
  "blockNo": 14455583,
  "lpName": "USDT-WBNB LP",
  "lpTokens": 0,
  "token0_symbol": "USDT",
  "token0_decimals": 18,
  "token0": 0,
  "token0_liquidity": 90297566.09222637,
  "token0_price": 1.00035804,
  "token0_posVal": 28791949.83423288,
  "token0_posValUSD": 28802258.50395153,
  "token0_debtVal": 17603484.91074286,
  "token0_debtValUSD": 17609787.662480302,
  "token1_symbol": "WBNB",
  "token1_decimals": 18,
  "token1": 0,
  "token1_liquidity": 191745.30196900325,
  "token1_price": 471.46,
  "token1_posVal": 104328.56429351981,
  "token1_posValUSD": 49186744.921822846,
  "token1_debtVal": 66974.02535003459,
  "token1_debtValUSD": 31575573.991527304,
  "liquidity": 180730136.2990963,
  "tvl": 0,
  "health": 77989003.42577438,
  "debt": 49185361.654007606,
  "leverage": 2.7076091295587115,
  "workerPositions": [
    {
      "name": "USDT-WBNB PancakeswapWorker",
      "address": "0x41867cc58aece8B570FF1A2a8aa6149014D2a94C",
      "vault": "ibWBNB",
      "borrowToken": "WBNB",
      "posVal": 104328.56429351981,
      "posValUSD": 49186744.921822846,
      "debtVal": 66974.02535003459,
      "debtValUSD": 31575573.991527304
    },
    {
      "name": "WBNB-USDT PancakeswapWorker",
      "address": "0x81b6534f4F7ba45Ecf98295Cef1450B4a4FC81Cd",
      "vault": "ibUSDT",
      "borrowToken": "USDT",
      "posVal": 28791949.83423288,
      "posValUSD": 28802258.50395153,
      "debtVal": 17603484.91074286,
      "debtValUSD": 17609787.662480302
    }
  ]
}