{
  "blockNo": 12930676,
  "lpName": "USDT-WBNB LP",
  "lpTokens": 0,
  "token0_symbol": "USDT",
  "token0_decimals": 18,
  "token0": 0,
  "token0_liquidity": 154239556.32238415,
  "token0_price": 1.00021115,
  "token0_posVal": 65461189.130222745,
  "token0_posValUSD": 65475011.26030759,
  "token0_debtVal": 37385196.042716086,
  "token0_debtValUSD": 37393089.926860504,
  "token1_symbol": "WBNB",
  "token1_decimals": 18,
  "token1": 0,
  "token1_liquidity": 260936.71284707094,
  "token1_price": 590.72505656,
  "token1_posVal": 144911.62823122667,
  "token1_posValUSD": 85602929.78309307,
  "token1_debtVal": 97391.5674863462,
  "token1_debtValUSD": 57531639.211838916,
  "liquidity": 308413978.4598681,
  "tvl": 0,
  "health": 151077941.04340065,
  "debt": 94924729.13869941,
  "leverage": 2.690459475404508,
  "workerPositions": [
    {
      "name": "USDT-WBNB PancakeswapWorker",
      "address": "0x41867cc58aece8B570FF1A2a8aa6149014D2a94C",
      "vault": "ibWBNB",
      "borrowToken": "WBNB",
      "posVal": 144911.62823122667,
      "posValUSD": 85602929.78309307,
      "debtVal": 97391.5674863462,
      "debtValUSD": 57531639.211838916
    },
    {
      "name": "WBNB-USDT PancakeswapWorker",
      "address": "0x81b6534f4F7ba45Ecf98295Cef1450B4a4FC81Cd",
      "vault": "ibUSDT",
      "borrowToken": "USDT",
      "posVal": 65461189.130222745,
      "posValUSD": 65475011.26030759,
      "debtVal": 37385196.042716086,
      "debtValUSD": 37393089.926860504
    }
  ]
}