{
  "blockNo": 8941168,
  "lpName": "USDT-WBNB LP",
  "lpTokens": 0,
  "token0_symbol": "USDT",
  "token0_decimals": 18,
  "token0": 0,
  "token0_liquidity": 92312293.47867356,
  "token0_price": 1.00014646,
  "token0_posVal": 32619676.02807699,
  "token0_posValUSD": 32624453.505828068,
  "token0_debtVal": 17447331.165586274,
  "token0_debtValUSD": 17449886.501708787,
  "token1_symbol": "WBNB",
  "token1_decimals": 18,
  "token1": 0,
  "token1_liquidity": 277137.6704574714,
  "token1_price": 333.55752488,
  "token1_posVal": 84422.00332021131,
  "token1_posValUSD": 28159594.47290083,
  "token1_debtVal": 52700.85547118227,
  "token1_debtValUSD": 17578766.910026167,
  "liquidity": 184767168.9459797,
  "tvl": 0,
  "health": 60784047.9787289,
  "debt": 35028653.41173495,
  "leverage": 2.360051127177251,
  "workerPositions": [
    {
      "name": "USDT-WBNB PancakeswapWorker",
      "address": "0x41867cc58aece8B570FF1A2a8aa6149014D2a94C",
      "vault": "ibWBNB",
      "borrowToken": "WBNB",
      "posVal": 84422.00332021131,
      "posValUSD": 28159594.47290083,
      "debtVal": 52700.85547118227,
      "debtValUSD": 17578766.910026167
    },
    {
      "name": "WBNB-USDT PancakeswapWorker",
      "address": "0x81b6534f4F7ba45Ecf98295Cef1450B4a4FC81Cd",
      "vault": "ibUSDT",
      "borrowToken": "USDT",
      "posVal": 32619676.02807699,
      "posValUSD": 32624453.505828068,
      "debtVal": 17447331.165586274,
      "debtValUSD": 17449886.501708787
    }
  ]
}