{
  "blockNo": 12093212,
  "lpName": "USDT-WBNB LP",
  "lpTokens": 0,
  "token0_symbol": "USDT",
  "token0_decimals": 18,
  "token0": 0,
  "token0_liquidity": 143070755.80612898,
  "token0_price": 0.9999,
  "token0_posVal": 49405443.81524941,
  "token0_posValUSD": 49400503.27086789,
  "token0_debtVal": 29416429.38847562,
  "token0_debtValUSD": 29413487.74553677,
  "token1_symbol": "WBNB",
  "token1_decimals": 18,
  "token1": 0,
  "token1_liquidity": 294933.88773388567,
  "token1_price": 486.31399525,
  "token1_posVal": 131895.34986839083,
  "token1_posValUSD": 64142554.549393706,
  "token1_debtVal": 86288.37612496359,
  "token1_debtValUSD": 41963244.936965756,
  "liquidity": 286486926.00902927,
  "tvl": 0,
  "health": 113543057.8202616,
  "debt": 71376732.68250252,
  "leverage": 2.692742548688127,
  "workerPositions": [
    {
      "name": "USDT-WBNB PancakeswapWorker",
      "address": "0x41867cc58aece8B570FF1A2a8aa6149014D2a94C",
      "vault": "ibWBNB",
      "borrowToken": "WBNB",
      "posVal": 131895.34986839083,
      "posValUSD": 64142554.549393706,
      "debtVal": 86288.37612496359,
      "debtValUSD": 41963244.936965756
    },
    {
      "name": "WBNB-USDT PancakeswapWorker",
      "address": "0x81b6534f4F7ba45Ecf98295Cef1450B4a4FC81Cd",
      "vault": "ibUSDT",
      "borrowToken": "USDT",
      "posVal": 49405443.81524941,
      "posValUSD": 49400503.27086789,
      "debtVal": 29416429.38847562,
      "debtValUSD": 29413487.74553677
    }
  ]
}