{
  "blockNo": 12066961,
  "lpName": "USDT-WBNB LP",
  "lpTokens": 0,
  "token0_symbol": "USDT",
  "token0_decimals": 18,
  "token0": 0,
  "token0_liquidity": 142322992.79494596,
  "token0_price": 1.00015181,
  "token0_posVal": 49058821.4815888,
  "token0_posValUSD": 49066269.101277925,
  "token0_debtVal": 29403183.815366697,
  "token0_debtValUSD": 29407647.512701705,
  "token1_symbol": "WBNB",
  "token1_decimals": 18,
  "token1": 0,
  "token1_liquidity": 297214.9767504371,
  "token1_price": 479.62174605,
  "token1_posVal": 131782.86983843747,
  "token1_posValUSD": 63205930.131391264,
  "token1_debtVal": 85845.21751998297,
  "token1_debtValUSD": 41173233.11697628,
  "liquidity": 284895364.94973695,
  "tvl": 0,
  "health": 112272199.23266919,
  "debt": 70580880.62967798,
  "leverage": 2.692939513422203,
  "workerPositions": [
    {
      "name": "USDT-WBNB PancakeswapWorker",
      "address": "0x41867cc58aece8B570FF1A2a8aa6149014D2a94C",
      "vault": "ibWBNB",
      "borrowToken": "WBNB",
      "posVal": 131782.86983843747,
      "posValUSD": 63205930.131391264,
      "debtVal": 85845.21751998297,
      "debtValUSD": 41173233.11697628
    },
    {
      "name": "WBNB-USDT PancakeswapWorker",
      "address": "0x81b6534f4F7ba45Ecf98295Cef1450B4a4FC81Cd",
      "vault": "ibUSDT",
      "borrowToken": "USDT",
      "posVal": 49058821.4815888,
      "posValUSD": 49066269.101277925,
      "debtVal": 29403183.815366697,
      "debtValUSD": 29407647.512701705
    }
  ]
}