{
  "blockNo": 12733923,
  "lpName": "USDT-WBNB LP",
  "lpTokens": 0,
  "token0_symbol": "USDT",
  "token0_decimals": 18,
  "token0": 0,
  "token0_liquidity": 141764638.6786796,
  "token0_price": 1.00044122,
  "token0_posVal": 50433199.24351862,
  "token0_posValUSD": 50455451.379688844,
  "token0_debtVal": 30164360.150364377,
  "token0_debtValUSD": 30177669.269349918,
  "token1_symbol": "WBNB",
  "token1_decimals": 18,
  "token1": 0,
  "token1_liquidity": 246131.52549744266,
  "token1_price": 577.31315754,
  "token1_posVal": 142682.33997807626,
  "token1_posValUSD": 82372392.21793897,
  "token1_debtVal": 94843.47810909827,
  "token1_debtValUSD": 54754387.81923939,
  "liquidity": 283922156.22762305,
  "tvl": 0,
  "health": 132827843.59762782,
  "debt": 84932057.08858931,
  "leverage": 2.7732678233097103,
  "workerPositions": [
    {
      "name": "USDT-WBNB PancakeswapWorker",
      "address": "0x41867cc58aece8B570FF1A2a8aa6149014D2a94C",
      "vault": "ibWBNB",
      "borrowToken": "WBNB",
      "posVal": 142682.33997807626,
      "posValUSD": 82372392.21793897,
      "debtVal": 94843.47810909827,
      "debtValUSD": 54754387.81923939
    },
    {
      "name": "WBNB-USDT PancakeswapWorker",
      "address": "0x81b6534f4F7ba45Ecf98295Cef1450B4a4FC81Cd",
      "vault": "ibUSDT",
      "borrowToken": "USDT",
      "posVal": 50433199.24351862,
      "posValUSD": 50455451.379688844,
      "debtVal": 30164360.150364377,
      "debtValUSD": 30177669.269349918
    }
  ]
}