{
  "blockNo": 10899098,
  "lpName": "USDT-WBNB LP",
  "lpTokens": 0,
  "token0_symbol": "USDT",
  "token0_decimals": 18,
  "token0": 0,
  "token0_liquidity": 121243519.012135,
  "token0_price": 1.00028618,
  "token0_posVal": 44546389.59044298,
  "token0_posValUSD": 44559137.87621597,
  "token0_debtVal": 26875246.118088126,
  "token0_debtValUSD": 26882937.2760222,
  "token1_symbol": "WBNB",
  "token1_decimals": 18,
  "token1": 0,
  "token1_liquidity": 303159.07317984477,
  "token1_price": 400.14867638,
  "token1_posVal": 140474.07052581775,
  "token1_posValUSD": 56210513.38661674,
  "token1_debtVal": 82974.79257454406,
  "token1_debtValUSD": 33202253.421608858,
  "liquidity": 242586918.34790832,
  "tvl": 0,
  "health": 100769651.2628327,
  "debt": 60085190.69763106,
  "leverage": 2.476858482646893,
  "workerPositions": [
    {
      "name": "USDT-WBNB PancakeswapWorker",
      "address": "0x41867cc58aece8B570FF1A2a8aa6149014D2a94C",
      "vault": "ibWBNB",
      "borrowToken": "WBNB",
      "posVal": 140474.07052581775,
      "posValUSD": 56210513.38661674,
      "debtVal": 82974.79257454406,
      "debtValUSD": 33202253.421608858
    },
    {
      "name": "WBNB-USDT PancakeswapWorker",
      "address": "0x81b6534f4F7ba45Ecf98295Cef1450B4a4FC81Cd",
      "vault": "ibUSDT",
      "borrowToken": "USDT",
      "posVal": 44546389.59044298,
      "posValUSD": 44559137.87621597,
      "debtVal": 26875246.118088126,
      "debtValUSD": 26882937.2760222
    }
  ]
}