{
  "blockNo": 9724281,
  "lpName": "USDT-WBNB LP",
  "lpTokens": 0,
  "token0_symbol": "USDT",
  "token0_decimals": 18,
  "token0": 0,
  "token0_liquidity": 131990662.26065494,
  "token0_price": 1.00008982,
  "token0_posVal": 28291041.71515244,
  "token0_posValUSD": 28293582.81651929,
  "token0_debtVal": 15992589.494325569,
  "token0_debtValUSD": 15994025.948713947,
  "token1_symbol": "WBNB",
  "token1_decimals": 18,
  "token1": 0,
  "token1_liquidity": 410024.0862400678,
  "token1_price": 322.14724734,
  "token1_posVal": 115497.97760037922,
  "token1_posValUSD": 37207355.557299145,
  "token1_debtVal": 70130.8909222517,
  "token1_debtValUSD": 22592473.464105178,
  "liquidity": 264090648.38727576,
  "tvl": 0,
  "health": 65500938.373818435,
  "debt": 38586499.412819125,
  "leverage": 2.4336728128991787,
  "workerPositions": [
    {
      "name": "USDT-WBNB PancakeswapWorker",
      "address": "0x41867cc58aece8B570FF1A2a8aa6149014D2a94C",
      "vault": "ibWBNB",
      "borrowToken": "WBNB",
      "posVal": 115497.97760037922,
      "posValUSD": 37207355.557299145,
      "debtVal": 70130.8909222517,
      "debtValUSD": 22592473.464105178
    },
    {
      "name": "WBNB-USDT PancakeswapWorker",
      "address": "0x81b6534f4F7ba45Ecf98295Cef1450B4a4FC81Cd",
      "vault": "ibUSDT",
      "borrowToken": "USDT",
      "posVal": 28291041.71515244,
      "posValUSD": 28293582.81651929,
      "debtVal": 15992589.494325569,
      "debtValUSD": 15994025.948713947
    }
  ]
}