{
  "blockNo": 17452837,
  "lpName": "USDT-WBNB LP",
  "lpTokens": 0,
  "token0_symbol": "USDT",
  "token0_decimals": 18,
  "token0": 0,
  "token0_liquidity": 135014708.1112816,
  "token0_price": 1.00014885,
  "token0_posVal": 17413589.27445095,
  "token0_posValUSD": 17416181.28721445,
  "token0_debtVal": 9909108.969275683,
  "token0_debtValUSD": 9910583.940145759,
  "token1_symbol": "WBNB",
  "token1_decimals": 18,
  "token1": 0,
  "token1_liquidity": 349593.56572785246,
  "token1_price": 385.8719306,
  "token1_posVal": 172939.71378715415,
  "token1_posValUSD": 66732581.236460604,
  "token1_debtVal": 107214.69219528111,
  "token1_debtValUSD": 41371140.266077876,
  "liquidity": 269933149.1833284,
  "tvl": 0,
  "health": 84148762.52367505,
  "debt": 51281724.20622364,
  "leverage": 2.5602782249775933,
  "workerPositions": [
    {
      "name": "USDT-WBNB PancakeswapWorker",
      "address": "0x41867cc58aece8B570FF1A2a8aa6149014D2a94C",
      "vault": "ibWBNB",
      "borrowToken": "WBNB",
      "posVal": 172939.71378715415,
      "posValUSD": 66732581.236460604,
      "debtVal": 107214.69219528111,
      "debtValUSD": 41371140.266077876
    },
    {
      "name": "WBNB-USDT PancakeswapWorker",
      "address": "0x81b6534f4F7ba45Ecf98295Cef1450B4a4FC81Cd",
      "vault": "ibUSDT",
      "borrowToken": "USDT",
      "posVal": 17413589.27445095,
      "posValUSD": 17416181.28721445,
      "debtVal": 9909108.969275683,
      "debtValUSD": 9910583.940145759
    }
  ]
}