{
  "blockNo": 12991686,
  "lpName": "USDT-WBNB LP",
  "lpTokens": 0,
  "token0_symbol": "USDT",
  "token0_decimals": 18,
  "token0": 0,
  "token0_liquidity": 145036535.11923245,
  "token0_price": 1.0008987,
  "token0_posVal": 57568836.73231334,
  "token0_posValUSD": 57620573.84588467,
  "token0_debtVal": 33029108.34024431,
  "token0_debtValUSD": 33058791.59990969,
  "token1_symbol": "WBNB",
  "token1_decimals": 18,
  "token1": 0,
  "token1_liquidity": 246070.58348674356,
  "token1_price": 590.87,
  "token1_posVal": 137091.43376470148,
  "token1_posValUSD": 81003215.46854916,
  "token1_debtVal": 91733.9679531176,
  "token1_debtValUSD": 54202849.64445859,
  "liquidity": 290562605.1181563,
  "tvl": 0,
  "health": 138623789.31443384,
  "debt": 87261641.24436828,
  "leverage": 2.6989484381636553,
  "workerPositions": [
    {
      "name": "USDT-WBNB PancakeswapWorker",
      "address": "0x41867cc58aece8B570FF1A2a8aa6149014D2a94C",
      "vault": "ibWBNB",
      "borrowToken": "WBNB",
      "posVal": 137091.43376470148,
      "posValUSD": 81003215.46854916,
      "debtVal": 91733.9679531176,
      "debtValUSD": 54202849.64445859
    },
    {
      "name": "WBNB-USDT PancakeswapWorker",
      "address": "0x81b6534f4F7ba45Ecf98295Cef1450B4a4FC81Cd",
      "vault": "ibUSDT",
      "borrowToken": "USDT",
      "posVal": 57568836.73231334,
      "posValUSD": 57620573.84588467,
      "debtVal": 33029108.34024431,
      "debtValUSD": 33058791.59990969
    }
  ]
}