{
  "blockNo": 10094096,
  "lpName": "USDT-WBNB LP",
  "lpTokens": 0,
  "token0_symbol": "USDT",
  "token0_decimals": 18,
  "token0": 0,
  "token0_liquidity": 115799292.39399688,
  "token0_price": 1.00026689,
  "token0_posVal": 37878786.520552464,
  "token0_posValUSD": 37888895.98988693,
  "token0_debtVal": 21061698.527332645,
  "token0_debtValUSD": 21067319.684052605,
  "token1_symbol": "WBNB",
  "token1_decimals": 18,
  "token1": 0,
  "token1_liquidity": 281215.6363302797,
  "token1_price": 412.87,
  "token1_posVal": 81499.47774993088,
  "token1_posValUSD": 33648689.37861396,
  "token1_debtVal": 55030.806813782336,
  "token1_debtValUSD": 22720569.209206313,
  "liquidity": 231935697.83882648,
  "tvl": 0,
  "health": 71537585.36850089,
  "debt": 43787888.893258914,
  "leverage": 2.577959201547522,
  "workerPositions": [
    {
      "name": "USDT-WBNB PancakeswapWorker",
      "address": "0x41867cc58aece8B570FF1A2a8aa6149014D2a94C",
      "vault": "ibWBNB",
      "borrowToken": "WBNB",
      "posVal": 81499.47774993088,
      "posValUSD": 33648689.37861396,
      "debtVal": 55030.806813782336,
      "debtValUSD": 22720569.209206313
    },
    {
      "name": "WBNB-USDT PancakeswapWorker",
      "address": "0x81b6534f4F7ba45Ecf98295Cef1450B4a4FC81Cd",
      "vault": "ibUSDT",
      "borrowToken": "USDT",
      "posVal": 37878786.520552464,
      "posValUSD": 37888895.98988693,
      "debtVal": 21061698.527332645,
      "debtValUSD": 21067319.684052605
    }
  ]
}