{
  "blockNo": 37644566,
  "lpName": "WFTM-USDC LP",
  "lpTokens": 2.9370805274645657,
  "token0_symbol": "USDC",
  "token0_decimals": 6,
  "token0": 4187233.596496,
  "token0_liquidity": 45641928.872864,
  "token0_price": 0.99998653,
  "token0_posVal": 3726525.493338,
  "token0_posValUSD": 3726475.2970396047,
  "token0_debtVal": 2632923.997134,
  "token0_debtValUSD": 2632888.5316477586,
  "token1_symbol": "WFTM",
  "token1_decimals": 18,
  "token1": 5638225.401409297,
  "token1_liquidity": 61458114.721764065,
  "token1_price": 0.74336244,
  "token1_posVal": 6181956.753881532,
  "token1_posValUSD": 4595434.456539854,
  "token1_debtVal": 3734377.5957437665,
  "token1_debtValUSD": 2775996.0414534197,
  "liquidity": 91326968.19345254,
  "tvl": 8378422.18612105,
  "health": 8321909.753579459,
  "debt": 5408884.573101178,
  "leverage": 2.8567929344891927,
  "workerPositions": [
    {
      "name": "USDC-WFTM SpookyWorker",
      "address": "0x29A7929520ADdC7D3000a81129d4E5Aa7a571f49",
      "vault": "ibFTM",
      "borrowToken": "WFTM",
      "posVal": 6181956.753881532,
      "posValUSD": 4595434.456539854,
      "debtVal": 3734377.5957437665,
      "debtValUSD": 2775996.0414534197
    },
    {
      "name": "WFTM-USDC SpookyWorker",
      "address": "0xabE59308AC72f04b1a2D04175d5247ba981075a6",
      "vault": "ibUSDC",
      "borrowToken": "USDC",
      "posVal": 3726525.493338,
      "posValUSD": 3726475.2970396047,
      "debtVal": 2632923.997134,
      "debtValUSD": 2632888.5316477586
    }
  ]
}