{
  "blockNo": 36055709,
  "lpName": "WFTM-USDC LP",
  "lpTokens": 4.034614149030262,
  "token0_symbol": "USDC",
  "token0_decimals": 6,
  "token0": 7086237.69942,
  "token0_liquidity": 61852541.773785,
  "token0_price": 1,
  "token0_posVal": 4817644.508626,
  "token0_posValUSD": 4817644.508626,
  "token0_debtVal": 3352984.92997,
  "token0_debtValUSD": 3352984.92997,
  "token1_symbol": "WFTM",
  "token1_decimals": 18,
  "token1": 6102567.25420408,
  "token1_liquidity": 53266530.425426975,
  "token1_price": 1.16096377,
  "token1_posVal": 7971672.2910101125,
  "token1_posValUSD": 9254822.716175636,
  "token1_debtVal": 4705634.689132892,
  "token1_debtValUSD": 5463071.3889385,
  "liquidity": 123693053.75130841,
  "tvl": 14171097.185539316,
  "health": 14072467.224801637,
  "debt": 8816056.3189085,
  "leverage": 2.6772007509961835,
  "workerPositions": [
    {
      "name": "USDC-WFTM SpookyWorker",
      "address": "0x29A7929520ADdC7D3000a81129d4E5Aa7a571f49",
      "vault": "ibFTM",
      "borrowToken": "WFTM",
      "posVal": 7971672.2910101125,
      "posValUSD": 9254822.716175636,
      "debtVal": 4705634.689132892,
      "debtValUSD": 5463071.3889385
    },
    {
      "name": "WFTM-USDC SpookyWorker",
      "address": "0xabE59308AC72f04b1a2D04175d5247ba981075a6",
      "vault": "ibUSDC",
      "borrowToken": "USDC",
      "posVal": 4817644.508626,
      "posValUSD": 4817644.508626,
      "debtVal": 3352984.92997,
      "debtValUSD": 3352984.92997
    }
  ]
}