{
  "blockNo": 31162497,
  "lpName": "WFTM-USDC LP",
  "lpTokens": 3.025376727209919,
  "token0_symbol": "USDC",
  "token0_decimals": 6,
  "token0": 6716196.250953,
  "token0_liquidity": 117690156.5531,
  "token0_price": 1,
  "token0_posVal": 1106746.143533,
  "token0_posValUSD": 1106746.143533,
  "token0_debtVal": 625135.103836,
  "token0_debtValUSD": 625135.103836,
  "token1_symbol": "WFTM",
  "token1_decimals": 18,
  "token1": 3297826.7869711258,
  "token1_liquidity": 57788923.42351627,
  "token1_price": 2.03238077,
  "token1_posVal": 6017037.546965616,
  "token1_posValUSD": 12228911.402820889,
  "token1_debtVal": 3024060.762875399,
  "token1_debtValUSD": 6146042.9417794915,
  "liquidity": 235139253.23805705,
  "tvl": 13418635.995584004,
  "health": 13335657.54635389,
  "debt": 6771178.045615491,
  "leverage": 2.0314874233141933,
  "workerPositions": [
    {
      "name": "USDC-WFTM SpookyWorker",
      "address": "0x29A7929520ADdC7D3000a81129d4E5Aa7a571f49",
      "vault": "ibFTM",
      "borrowToken": "WFTM",
      "posVal": 6017037.546965616,
      "posValUSD": 12228911.402820889,
      "debtVal": 3024060.762875399,
      "debtValUSD": 6146042.9417794915
    },
    {
      "name": "WFTM-USDC SpookyWorker",
      "address": "0xabE59308AC72f04b1a2D04175d5247ba981075a6",
      "vault": "ibUSDC",
      "borrowToken": "USDC",
      "posVal": 1106746.143533,
      "posValUSD": 1106746.143533,
      "debtVal": 625135.103836,
      "debtValUSD": 625135.103836
    }
  ]
}