{
  "blockNo": 32942920,
  "lpName": "WFTM-USDC LP",
  "lpTokens": 5.124849164668242,
  "token0_symbol": "USDC",
  "token0_decimals": 6,
  "token0": 9704842.31347,
  "token0_liquidity": 81523785.21817,
  "token0_price": 1.00002731,
  "token0_posVal": 10330671.164268,
  "token0_posValUSD": 10330953.294897495,
  "token0_debtVal": 7069078.304822,
  "token0_debtValUSD": 7069271.361350504,
  "token1_symbol": "WFTM",
  "token1_decimals": 18,
  "token1": 6853567.958503067,
  "token1_liquidity": 57572166.984269276,
  "token1_price": 1.416,
  "token1_posVal": 6358759.642774131,
  "token1_posValUSD": 9004003.65416817,
  "token1_debtVal": 3564402.114948318,
  "token1_debtValUSD": 5047193.394766818,
  "liquidity": 163048200.08246958,
  "tvl": 19409759.58195392,
  "health": 19334956.949065663,
  "debt": 12116464.756117322,
  "leverage": 2.6785312544846627,
  "workerPositions": [
    {
      "name": "USDC-WFTM SpookyWorker",
      "address": "0x29A7929520ADdC7D3000a81129d4E5Aa7a571f49",
      "vault": "ibFTM",
      "borrowToken": "WFTM",
      "posVal": 6358759.642774131,
      "posValUSD": 9004003.65416817,
      "debtVal": 3564402.114948318,
      "debtValUSD": 5047193.394766818
    },
    {
      "name": "WFTM-USDC SpookyWorker",
      "address": "0xabE59308AC72f04b1a2D04175d5247ba981075a6",
      "vault": "ibUSDC",
      "borrowToken": "USDC",
      "posVal": 10330671.164268,
      "posValUSD": 10330953.294897495,
      "debtVal": 7069078.304822,
      "debtValUSD": 7069271.361350504
    }
  ]
}