{
  "blockNo": 37950559,
  "lpName": "WFTM-USDC LP",
  "lpTokens": 2.378155620051522,
  "token0_symbol": "USDC",
  "token0_decimals": 6,
  "token0": 2925639.999453,
  "token0_liquidity": 37853483.004007,
  "token0_price": 1.00016883,
  "token0_posVal": 1713051.726873,
  "token0_posValUSD": 1713340.9413960478,
  "token0_debtVal": 1183893.956473,
  "token0_debtValUSD": 1184093.8332896715,
  "token1_symbol": "WFTM",
  "token1_decimals": 18,
  "token1": 5333966.524912377,
  "token1_liquidity": 69013689.73367205,
  "token1_price": 0.5527,
  "token1_posVal": 7454421.66029709,
  "token1_posValUSD": 4120058.8516462017,
  "token1_debtVal": 4393439.400204833,
  "token1_debtValUSD": 2428253.956493211,
  "liquidity": 76003740.12334311,
  "tvl": 5874217.233573178,
  "health": 5833399.79304225,
  "debt": 3612347.7897828827,
  "leverage": 2.626412972087914,
  "workerPositions": [
    {
      "name": "USDC-WFTM SpookyWorker",
      "address": "0x29A7929520ADdC7D3000a81129d4E5Aa7a571f49",
      "vault": "ibFTM",
      "borrowToken": "WFTM",
      "posVal": 7454421.66029709,
      "posValUSD": 4120058.8516462017,
      "debtVal": 4393439.400204833,
      "debtValUSD": 2428253.956493211
    },
    {
      "name": "WFTM-USDC SpookyWorker",
      "address": "0xabE59308AC72f04b1a2D04175d5247ba981075a6",
      "vault": "ibUSDC",
      "borrowToken": "USDC",
      "posVal": 1713051.726873,
      "posValUSD": 1713340.9413960478,
      "debtVal": 1183893.956473,
      "debtValUSD": 1184093.8332896715
    }
  ]
}