{
  "blockNo": 36667730,
  "lpName": "WFTM-USDC LP",
  "lpTokens": 3.066049630326571,
  "token0_symbol": "USDC",
  "token0_decimals": 6,
  "token0": 5317765.754676,
  "token0_liquidity": 55836557.436396,
  "token0_price": 1.00003046,
  "token0_posVal": 4442596.693375,
  "token0_posValUSD": 4442732.01487028,
  "token0_debtVal": 3164319.694276,
  "token0_debtValUSD": 3164416.079453888,
  "token1_symbol": "WFTM",
  "token1_decimals": 18,
  "token1": 4721710.586040465,
  "token1_liquidity": 49577976.25884737,
  "token1_price": 1.12532696,
  "token1_posVal": 5444655.861691618,
  "token1_posValUSD": 6127018.02908361,
  "token1_debtVal": 3394273.565247557,
  "token1_debtValUSD": 3819667.552588395,
  "liquidity": 111629691.52425641,
  "tvl": 10631395.953609623,
  "health": 10569750.04395389,
  "debt": 6984083.632042283,
  "leverage": 2.9477784126379167,
  "workerPositions": [
    {
      "name": "USDC-WFTM SpookyWorker",
      "address": "0x29A7929520ADdC7D3000a81129d4E5Aa7a571f49",
      "vault": "ibFTM",
      "borrowToken": "WFTM",
      "posVal": 5444655.861691618,
      "posValUSD": 6127018.02908361,
      "debtVal": 3394273.565247557,
      "debtValUSD": 3819667.552588395
    },
    {
      "name": "WFTM-USDC SpookyWorker",
      "address": "0xabE59308AC72f04b1a2D04175d5247ba981075a6",
      "vault": "ibUSDC",
      "borrowToken": "USDC",
      "posVal": 4442596.693375,
      "posValUSD": 4442732.01487028,
      "debtVal": 3164319.694276,
      "debtValUSD": 3164416.079453888
    }
  ]
}