{
  "blockNo": 32571182,
  "lpName": "WFTM-USDC LP",
  "lpTokens": 4.5791780885039675,
  "token0_symbol": "USDC",
  "token0_decimals": 6,
  "token0": 9379648.764893,
  "token0_liquidity": 105368627.206957,
  "token0_price": 1.00002393,
  "token0_posVal": 8962630.730531,
  "token0_posValUSD": 8962845.206284381,
  "token0_debtVal": 6037058.354625,
  "token0_debtValUSD": 6037202.821431426,
  "token1_symbol": "WFTM",
  "token1_decimals": 18,
  "token1": 5605372.868881985,
  "token1_liquidity": 62969356.207433805,
  "token1_price": 1.67252181,
  "token1_posVal": 5816985.429957992,
  "token1_posValUSD": 9729035.00005697,
  "token1_debtVal": 3216761.4819662822,
  "token1_debtValUSD": 5380103.736156529,
  "liquidity": 210688770.296798,
  "tvl": 18754981.596275333,
  "health": 18691880.206341352,
  "debt": 11417306.557587955,
  "leverage": 2.569481196955711,
  "workerPositions": [
    {
      "name": "USDC-WFTM SpookyWorker",
      "address": "0x29A7929520ADdC7D3000a81129d4E5Aa7a571f49",
      "vault": "ibFTM",
      "borrowToken": "WFTM",
      "posVal": 5816985.429957992,
      "posValUSD": 9729035.00005697,
      "debtVal": 3216761.4819662822,
      "debtValUSD": 5380103.736156529
    },
    {
      "name": "WFTM-USDC SpookyWorker",
      "address": "0xabE59308AC72f04b1a2D04175d5247ba981075a6",
      "vault": "ibUSDC",
      "borrowToken": "USDC",
      "posVal": 8962630.730531,
      "posValUSD": 8962845.206284381,
      "debtVal": 6037058.354625,
      "debtValUSD": 6037202.821431426
    }
  ]
}