{
  "blockNo": 38944959,
  "lpName": "WFTM-USDC LP",
  "lpTokens": 4.910566120488151,
  "token0_symbol": "USDC",
  "token0_decimals": 6,
  "token0": 5456114.966427,
  "token0_liquidity": 25838517.052259,
  "token0_price": 1.00021413,
  "token0_posVal": 5260094.999078,
  "token0_posValUSD": 5261221.343220153,
  "token0_debtVal": 3293889.641501,
  "token0_debtValUSD": 3294594.962089935,
  "token1_symbol": "WFTM",
  "token1_decimals": 18,
  "token1": 13052205.156655343,
  "token1_liquidity": 61811312.18550243,
  "token1_price": 0.416583,
  "token1_posVal": 13201345.196982514,
  "token1_posValUSD": 5499455.986194567,
  "token1_debtVal": 7568719.381167082,
  "token1_debtValUSD": 3152999.8259647265,
  "liquidity": 51593591.71808856,
  "tvl": 10894610.065099714,
  "health": 10760677.32941472,
  "debt": 6447594.788054662,
  "leverage": 2.4948925104553,
  "workerPositions": [
    {
      "name": "USDC-WFTM SpookyWorker",
      "address": "0x29A7929520ADdC7D3000a81129d4E5Aa7a571f49",
      "vault": "ibFTM",
      "borrowToken": "WFTM",
      "posVal": 13201345.196982514,
      "posValUSD": 5499455.986194567,
      "debtVal": 7568719.381167082,
      "debtValUSD": 3152999.8259647265
    },
    {
      "name": "WFTM-USDC SpookyWorker",
      "address": "0xabE59308AC72f04b1a2D04175d5247ba981075a6",
      "vault": "ibUSDC",
      "borrowToken": "USDC",
      "posVal": 5260094.999078,
      "posValUSD": 5261221.343220153,
      "debtVal": 3293889.641501,
      "debtValUSD": 3294594.962089935
    }
  ]
}