{
  "blockNo": 39012777,
  "lpName": "WFTM-USDC LP",
  "lpTokens": 4.926361155029186,
  "token0_symbol": "USDC",
  "token0_decimals": 6,
  "token0": 5426069.67595,
  "token0_liquidity": 25512335.417316,
  "token0_price": 1.00025152,
  "token0_posVal": 5263635.484069,
  "token0_posValUSD": 5264959.393665953,
  "token0_debtVal": 3416107.775785,
  "token0_debtValUSD": 3416966.9952127654,
  "token1_symbol": "WFTM",
  "token1_decimals": 18,
  "token1": 13232459.358570457,
  "token1_liquidity": 62216477.43451482,
  "token1_price": 0.4113691,
  "token1_posVal": 13246850.222653015,
  "token1_posValUSD": 5449344.85392757,
  "token1_debtVal": 7504393.714453088,
  "token1_debtValUSD": 3087075.6883602235,
  "liquidity": 51112688.607326835,
  "tvl": 10870859.338116601,
  "health": 10714304.247593522,
  "debt": 6504042.683572989,
  "leverage": 2.5448072725823807,
  "workerPositions": [
    {
      "name": "USDC-WFTM SpookyWorker",
      "address": "0x29A7929520ADdC7D3000a81129d4E5Aa7a571f49",
      "vault": "ibFTM",
      "borrowToken": "WFTM",
      "posVal": 13246850.222653015,
      "posValUSD": 5449344.85392757,
      "debtVal": 7504393.714453088,
      "debtValUSD": 3087075.6883602235
    },
    {
      "name": "WFTM-USDC SpookyWorker",
      "address": "0xabE59308AC72f04b1a2D04175d5247ba981075a6",
      "vault": "ibUSDC",
      "borrowToken": "USDC",
      "posVal": 5263635.484069,
      "posValUSD": 5264959.393665953,
      "debtVal": 3416107.775785,
      "debtValUSD": 3416966.9952127654
    }
  ]
}