{
  "blockNo": 32322272,
  "lpName": "WFTM-USDC LP",
  "lpTokens": 3.586015999237809,
  "token0_symbol": "USDC",
  "token0_decimals": 6,
  "token0": 7601571.46938,
  "token0_liquidity": 103608079.726128,
  "token0_price": 0.99993124,
  "token0_posVal": 7059827.058902,
  "token0_posValUSD": 7059341.62519343,
  "token0_debtVal": 4186200.836709,
  "token0_debtValUSD": 4185912.993539468,
  "token1_symbol": "WFTM",
  "token1_decimals": 18,
  "token1": 4213945.617808435,
  "token1_liquidity": 57435336.27093887,
  "token1_price": 1.80404908,
  "token1_posVal": 4475422.470546106,
  "token1_posValUSD": 8073881.790600029,
  "token1_debtVal": 2695763.67010502,
  "token1_debtValUSD": 4863289.968950385,
  "liquidity": 207217121.19364393,
  "tvl": 15203213.500303105,
  "health": 15133223.41579346,
  "debt": 9049202.962489853,
  "leverage": 2.487372212494151,
  "workerPositions": [
    {
      "name": "USDC-WFTM SpookyWorker",
      "address": "0x29A7929520ADdC7D3000a81129d4E5Aa7a571f49",
      "vault": "ibFTM",
      "borrowToken": "WFTM",
      "posVal": 4475422.470546106,
      "posValUSD": 8073881.790600029,
      "debtVal": 2695763.67010502,
      "debtValUSD": 4863289.968950385
    },
    {
      "name": "WFTM-USDC SpookyWorker",
      "address": "0xabE59308AC72f04b1a2D04175d5247ba981075a6",
      "vault": "ibUSDC",
      "borrowToken": "USDC",
      "posVal": 7059827.058902,
      "posValUSD": 7059341.62519343,
      "debtVal": 4186200.836709,
      "debtValUSD": 4185912.993539468
    }
  ]
}