{
  "blockNo": 38951157,
  "lpName": "WFTM-USDC LP",
  "lpTokens": 4.92815755871161,
  "token0_symbol": "USDC",
  "token0_decimals": 6,
  "token0": 5478008.54098,
  "token0_liquidity": 25867782.252628,
  "token0_price": 1.00021413,
  "token0_posVal": 5312932.744858,
  "token0_posValUSD": 5314070.403146657,
  "token0_debtVal": 3286887.796982,
  "token0_debtValUSD": 3287591.618265968,
  "token1_symbol": "WFTM",
  "token1_decimals": 18,
  "token1": 13094961.77110705,
  "token1_liquidity": 61835905.725117154,
  "token1_price": 0.41797077,
  "token1_posVal": 13169023.510758605,
  "token1_posValUSD": 5504266.896939877,
  "token1_debtVal": 7551335.728135128,
  "token1_debtValUSD": 3156237.60881715,
  "liquidity": 51718922.450416386,
  "tvl": 10952492.801539056,
  "health": 10818337.300086536,
  "debt": 6443829.227083118,
  "leverage": 2.4730408812936444,
  "workerPositions": [
    {
      "name": "USDC-WFTM SpookyWorker",
      "address": "0x29A7929520ADdC7D3000a81129d4E5Aa7a571f49",
      "vault": "ibFTM",
      "borrowToken": "WFTM",
      "posVal": 13169023.510758605,
      "posValUSD": 5504266.896939877,
      "debtVal": 7551335.728135128,
      "debtValUSD": 3156237.60881715
    },
    {
      "name": "WFTM-USDC SpookyWorker",
      "address": "0xabE59308AC72f04b1a2D04175d5247ba981075a6",
      "vault": "ibUSDC",
      "borrowToken": "USDC",
      "posVal": 5312932.744858,
      "posValUSD": 5314070.403146657,
      "debtVal": 3286887.796982,
      "debtValUSD": 3287591.618265968
    }
  ]
}