{
  "blockNo": 33708921,
  "lpName": "WFTM-USDC LP",
  "lpTokens": 6.03710939365526,
  "token0_symbol": "USDC",
  "token0_decimals": 6,
  "token0": 10586478.072759,
  "token0_liquidity": 67971161.824664,
  "token0_price": 0.9999904,
  "token0_posVal": 10681833.014985,
  "token0_posValUSD": 10681730.469388057,
  "token0_debtVal": 6999705.36764,
  "token0_debtValUSD": 6999638.17046847,
  "token1_symbol": "WFTM",
  "token1_decimals": 18,
  "token1": 8853280.801582035,
  "token1_liquidity": 56843057.52183445,
  "token1_price": 1.195194,
  "token1_posVal": 8696282.733058609,
  "token1_posValUSD": 10393744.944855252,
  "token1_debtVal": 5024109.367749314,
  "token1_debtValUSD": 6004785.371677774,
  "liquidity": 135908990.5932619,
  "tvl": 21167764.536935538,
  "health": 21075475.41424331,
  "debt": 13004423.542146243,
  "leverage": 2.6112427163434098,
  "workerPositions": [
    {
      "name": "USDC-WFTM SpookyWorker",
      "address": "0x29A7929520ADdC7D3000a81129d4E5Aa7a571f49",
      "vault": "ibFTM",
      "borrowToken": "WFTM",
      "posVal": 8696282.733058609,
      "posValUSD": 10393744.944855252,
      "debtVal": 5024109.367749314,
      "debtValUSD": 6004785.371677774
    },
    {
      "name": "WFTM-USDC SpookyWorker",
      "address": "0xabE59308AC72f04b1a2D04175d5247ba981075a6",
      "vault": "ibUSDC",
      "borrowToken": "USDC",
      "posVal": 10681833.014985,
      "posValUSD": 10681730.469388057,
      "debtVal": 6999705.36764,
      "debtValUSD": 6999638.17046847
    }
  ]
}