{
  "blockNo": 32474640,
  "lpName": "WFTM-USDC LP",
  "lpTokens": 4.010871038204824,
  "token0_symbol": "USDC",
  "token0_decimals": 6,
  "token0": 8651786.3983,
  "token0_liquidity": 111837249.50279,
  "token0_price": 0.99999411,
  "token0_posVal": 8702525.965109,
  "token0_posValUSD": 8702474.707231065,
  "token0_debtVal": 5540593.97287,
  "token0_debtValUSD": 5540561.3387715,
  "token1_symbol": "WFTM",
  "token1_decimals": 18,
  "token1": 4653483.327312188,
  "token1_liquidity": 60153215.99200647,
  "token1_price": 1.8561095,
  "token1_posVal": 4594143.215618711,
  "token1_posValUSD": 8527232.866870439,
  "token1_debtVal": 2694344.087790895,
  "token1_debtValUSD": 5000997.657617514,
  "liquidity": 223487546.43970558,
  "tvl": 17289110.051193878,
  "health": 17229707.574101504,
  "debt": 10541558.996389013,
  "leverage": 2.5761550261484296,
  "workerPositions": [
    {
      "name": "USDC-WFTM SpookyWorker",
      "address": "0x29A7929520ADdC7D3000a81129d4E5Aa7a571f49",
      "vault": "ibFTM",
      "borrowToken": "WFTM",
      "posVal": 4594143.215618711,
      "posValUSD": 8527232.866870439,
      "debtVal": 2694344.087790895,
      "debtValUSD": 5000997.657617514
    },
    {
      "name": "WFTM-USDC SpookyWorker",
      "address": "0xabE59308AC72f04b1a2D04175d5247ba981075a6",
      "vault": "ibUSDC",
      "borrowToken": "USDC",
      "posVal": 8702525.965109,
      "posValUSD": 8702474.707231065,
      "debtVal": 5540593.97287,
      "debtValUSD": 5540561.3387715
    }
  ]
}