{
  "blockNo": 35781757,
  "lpName": "WFTM-USDC LP",
  "lpTokens": 4.349577934299072,
  "token0_symbol": "USDC",
  "token0_decimals": 6,
  "token0": 7846828.952087,
  "token0_liquidity": 66618754.553429,
  "token0_price": 0.99992269,
  "token0_posVal": 4872288.524727,
  "token0_posValUSD": 4871911.848101153,
  "token0_debtVal": 3351508.119358,
  "token0_debtValUSD": 3351249.0142652923,
  "token1_symbol": "WFTM",
  "token1_decimals": 18,
  "token1": 6380295.027869125,
  "token1_liquidity": 54168035.39817155,
  "token1_price": 1.2303898,
  "token1_posVal": 8719102.950696522,
  "token1_posValUSD": 10727895.335686903,
  "token1_debtVal": 4833430.55202424,
  "token1_debtValUSD": 5947003.650218993,
  "liquidity": 133261402.49746369,
  "tvl": 15696472.237021603,
  "health": 15599807.183788057,
  "debt": 9298252.664484285,
  "leverage": 2.47554903095746,
  "workerPositions": [
    {
      "name": "USDC-WFTM SpookyWorker",
      "address": "0x29A7929520ADdC7D3000a81129d4E5Aa7a571f49",
      "vault": "ibFTM",
      "borrowToken": "WFTM",
      "posVal": 8719102.950696522,
      "posValUSD": 10727895.335686903,
      "debtVal": 4833430.55202424,
      "debtValUSD": 5947003.650218993
    },
    {
      "name": "WFTM-USDC SpookyWorker",
      "address": "0xabE59308AC72f04b1a2D04175d5247ba981075a6",
      "vault": "ibUSDC",
      "borrowToken": "USDC",
      "posVal": 4872288.524727,
      "posValUSD": 4871911.848101153,
      "debtVal": 3351508.119358,
      "debtValUSD": 3351249.0142652923
    }
  ]
}