{
  "blockNo": 34733077,
  "lpName": "WFTM-USDC LP",
  "lpTokens": 3.799880631708817,
  "token0_symbol": "USDC",
  "token0_decimals": 6,
  "token0": 7357077.918101,
  "token0_liquidity": 64268596.993394,
  "token0_price": 0.99996037,
  "token0_posVal": 4914221.777982,
  "token0_posValUSD": 4914027.027372939,
  "token0_debtVal": 3154563.162403,
  "token0_debtValUSD": 3154438.147064874,
  "token1_symbol": "WFTM",
  "token1_decimals": 18,
  "token1": 5109116.360656907,
  "token1_liquidity": 44631271.27789845,
  "token1_price": 1.435,
  "token1_posVal": 6752421.7219390785,
  "token1_posValUSD": 9689725.170982579,
  "token1_debtVal": 4105716.470628366,
  "token1_debtValUSD": 5891703.135351705,
  "liquidity": 128311924.31267944,
  "tvl": 14688368.334645767,
  "health": 14603752.198355518,
  "debt": 9046141.282416578,
  "leverage": 2.6277032378198184,
  "workerPositions": [
    {
      "name": "USDC-WFTM SpookyWorker",
      "address": "0x29A7929520ADdC7D3000a81129d4E5Aa7a571f49",
      "vault": "ibFTM",
      "borrowToken": "WFTM",
      "posVal": 6752421.7219390785,
      "posValUSD": 9689725.170982579,
      "debtVal": 4105716.470628366,
      "debtValUSD": 5891703.135351705
    },
    {
      "name": "WFTM-USDC SpookyWorker",
      "address": "0xabE59308AC72f04b1a2D04175d5247ba981075a6",
      "vault": "ibUSDC",
      "borrowToken": "USDC",
      "posVal": 4914221.777982,
      "posValUSD": 4914027.027372939,
      "debtVal": 3154563.162403,
      "debtValUSD": 3154438.147064874
    }
  ]
}