{
  "blockNo": 30936166,
  "lpName": "WFTM-USDC LP",
  "lpTokens": 0.000142040010014427,
  "token0_symbol": "USDC",
  "token0_decimals": 6,
  "token0": 301.383037,
  "token0_liquidity": 101199440.201347,
  "token0_price": 0.99990079,
  "token0_posVal": 183.685697,
  "token0_posValUSD": 183.66747354200064,
  "token0_debtVal": 100.317844,
  "token0_debtValUSD": 100.30789146669676,
  "token1_symbol": "WFTM",
  "token1_decimals": 18,
  "token1": 161.55814489615872,
  "token1_liquidity": 54248553.51156341,
  "token1_price": 1.87189152,
  "token1_posVal": 224.3272174987857,
  "token1_posValUSD": 419.9162161411725,
  "token1_debtVal": 128.7231491424893,
  "token1_debtValUSD": 240.95577130752096,
  "liquidity": 202736807.49544638,
  "tvl": 603.77245820695,
  "health": 603.5836896831731,
  "debt": 341.2636627742177,
  "leverage": 2.300943991183188,
  "workerPositions": [
    {
      "name": "USDC-WFTM SpookyWorker",
      "address": "0x29A7929520ADdC7D3000a81129d4E5Aa7a571f49",
      "vault": "ibFTM",
      "borrowToken": "WFTM",
      "posVal": 224.3272174987857,
      "posValUSD": 419.9162161411725,
      "debtVal": 128.7231491424893,
      "debtValUSD": 240.95577130752096
    },
    {
      "name": "WFTM-USDC SpookyWorker",
      "address": "0xabE59308AC72f04b1a2D04175d5247ba981075a6",
      "vault": "ibUSDC",
      "borrowToken": "USDC",
      "posVal": 183.685697,
      "posValUSD": 183.66747354200064,
      "debtVal": 100.317844,
      "debtValUSD": 100.30789146669676
    }
  ]
}