{
  "blockNo": 36069409,
  "lpName": "WFTM-USDC LP",
  "lpTokens": 4.034755886771545,
  "token0_symbol": "USDC",
  "token0_decimals": 6,
  "token0": 7078945.541534,
  "token0_liquidity": 61699234.712095,
  "token0_price": 1,
  "token0_posVal": 4812500.969965,
  "token0_posValUSD": 4812500.969965,
  "token0_debtVal": 3353275.754675,
  "token0_debtValUSD": 3353275.754675,
  "token1_symbol": "WFTM",
  "token1_decimals": 18,
  "token1": 6110203.792274386,
  "token1_liquidity": 53255798.5799303,
  "token1_price": 1.15554485,
  "token1_posVal": 7981706.510344062,
  "token1_posValUSD": 9223219.852239553,
  "token1_debtVal": 4706263.929281163,
  "token1_debtValUSD": 5438299.046221612,
  "liquidity": 123238698.49377078,
  "tvl": 14139560.066147137,
  "health": 14035720.822204553,
  "debt": 8791574.800896611,
  "leverage": 2.6764549967096274,
  "workerPositions": [
    {
      "name": "USDC-WFTM SpookyWorker",
      "address": "0x29A7929520ADdC7D3000a81129d4E5Aa7a571f49",
      "vault": "ibFTM",
      "borrowToken": "WFTM",
      "posVal": 7981706.510344062,
      "posValUSD": 9223219.852239553,
      "debtVal": 4706263.929281163,
      "debtValUSD": 5438299.046221612
    },
    {
      "name": "WFTM-USDC SpookyWorker",
      "address": "0xabE59308AC72f04b1a2D04175d5247ba981075a6",
      "vault": "ibUSDC",
      "borrowToken": "USDC",
      "posVal": 4812500.969965,
      "posValUSD": 4812500.969965,
      "debtVal": 3353275.754675,
      "debtValUSD": 3353275.754675
    }
  ]
}