{
  "blockNo": 33662964,
  "lpName": "WFTM-USDC LP",
  "lpTokens": 5.952498898769007,
  "token0_symbol": "USDC",
  "token0_decimals": 6,
  "token0": 10636874.38076,
  "token0_liquidity": 69639262.328049,
  "token0_price": 1,
  "token0_posVal": 10884569.058477,
  "token0_posValUSD": 10884569.058477,
  "token0_debtVal": 6997925.30698,
  "token0_debtValUSD": 6997925.30698,
  "token1_symbol": "WFTM",
  "token1_decimals": 18,
  "token1": 8560599.764355898,
  "token1_liquidity": 56045961.561198995,
  "token1_price": 1.243,
  "token1_posVal": 8286492.288307789,
  "token1_posValUSD": 10300109.914366582,
  "token1_debtVal": 4905274.889870614,
  "token1_debtValUSD": 6097256.688109173,
  "liquidity": 139304392.54861936,
  "tvl": 21277699.887854382,
  "health": 21184678.97284358,
  "debt": 13095181.995089173,
  "leverage": 2.618788168300214,
  "workerPositions": [
    {
      "name": "USDC-WFTM SpookyWorker",
      "address": "0x29A7929520ADdC7D3000a81129d4E5Aa7a571f49",
      "vault": "ibFTM",
      "borrowToken": "WFTM",
      "posVal": 8286492.288307789,
      "posValUSD": 10300109.914366582,
      "debtVal": 4905274.889870614,
      "debtValUSD": 6097256.688109173
    },
    {
      "name": "WFTM-USDC SpookyWorker",
      "address": "0xabE59308AC72f04b1a2D04175d5247ba981075a6",
      "vault": "ibUSDC",
      "borrowToken": "USDC",
      "posVal": 10884569.058477,
      "posValUSD": 10884569.058477,
      "debtVal": 6997925.30698,
      "debtValUSD": 6997925.30698
    }
  ]
}