{
  "blockNo": 32196824,
  "lpName": "WFTM-USDC LP",
  "lpTokens": 4.505825057468005,
  "token0_symbol": "USDC",
  "token0_decimals": 6,
  "token0": 9162905.518984,
  "token0_liquidity": 97605957.539868,
  "token0_price": 1.00015701,
  "token0_posVal": 6170070.605058,
  "token0_posValUSD": 6171039.3678437,
  "token0_debtVal": 4002717.566033,
  "token0_debtValUSD": 4003346.0327180424,
  "token1_symbol": "WFTM",
  "token1_decimals": 18,
  "token1": 5498197.913697523,
  "token1_liquidity": 58568417.08105096,
  "token1_price": 1.66167368,
  "token1_posVal": 7242462.598842945,
  "token1_posValUSD": 12034609.47888172,
  "token1_debtVal": 4596096.796229458,
  "token1_debtValUSD": 7637213.077026814,
  "liquidity": 194942879.79410613,
  "tvl": 18300554.94740162,
  "health": 18205648.84672542,
  "debt": 11640559.109744856,
  "leverage": 2.7730997710777094,
  "workerPositions": [
    {
      "name": "USDC-WFTM SpookyWorker",
      "address": "0x29A7929520ADdC7D3000a81129d4E5Aa7a571f49",
      "vault": "ibFTM",
      "borrowToken": "WFTM",
      "posVal": 7242462.598842945,
      "posValUSD": 12034609.47888172,
      "debtVal": 4596096.796229458,
      "debtValUSD": 7637213.077026814
    },
    {
      "name": "WFTM-USDC SpookyWorker",
      "address": "0xabE59308AC72f04b1a2D04175d5247ba981075a6",
      "vault": "ibUSDC",
      "borrowToken": "USDC",
      "posVal": 6170070.605058,
      "posValUSD": 6171039.3678437,
      "debtVal": 4002717.566033,
      "debtValUSD": 4003346.0327180424
    }
  ]
}