{
  "blockNo": 37158339,
  "lpName": "WFTM-USDC LP",
  "lpTokens": 2.9354658428804394,
  "token0_symbol": "USDC",
  "token0_decimals": 6,
  "token0": 4800824.508673,
  "token0_liquidity": 55523527.569526,
  "token0_price": 0.99998638,
  "token0_posVal": 4245706.747039,
  "token0_posValUSD": 4245648.920513105,
  "token0_debtVal": 2947858.435294,
  "token0_debtValUSD": 2947818.2854621112,
  "token1_symbol": "WFTM",
  "token1_decimals": 18,
  "token1": 4831662.939832422,
  "token1_liquidity": 55880186.822447136,
  "token1_price": 0.9946154,
  "token1_posVal": 5329658.065885988,
  "token1_posValUSD": 5300959.989064419,
  "token1_debtVal": 3415069.1339571546,
  "token1_debtValUSD": 3396680.352698449,
  "liquidity": 111102065.70756349,
  "tvl": 9606405.489009792,
  "health": 9546608.909577522,
  "debt": 6344498.63816056,
  "leverage": 2.9813492042399474,
  "workerPositions": [
    {
      "name": "USDC-WFTM SpookyWorker",
      "address": "0x29A7929520ADdC7D3000a81129d4E5Aa7a571f49",
      "vault": "ibFTM",
      "borrowToken": "WFTM",
      "posVal": 5329658.065885988,
      "posValUSD": 5300959.989064419,
      "debtVal": 3415069.1339571546,
      "debtValUSD": 3396680.352698449
    },
    {
      "name": "WFTM-USDC SpookyWorker",
      "address": "0xabE59308AC72f04b1a2D04175d5247ba981075a6",
      "vault": "ibUSDC",
      "borrowToken": "USDC",
      "posVal": 4245706.747039,
      "posValUSD": 4245648.920513105,
      "debtVal": 2947858.435294,
      "debtValUSD": 2947818.2854621112
    }
  ]
}