{
  "blockNo": 36228064,
  "lpName": "WFTM-USDC LP",
  "lpTokens": 4.01152808565671,
  "token0_symbol": "USDC",
  "token0_decimals": 6,
  "token0": 6987053.301129,
  "token0_liquidity": 62011112.394329,
  "token0_price": 0.99999256,
  "token0_posVal": 4700420.068312,
  "token0_posValUSD": 4700385.097186691,
  "token0_debtVal": 3320946.088569,
  "token0_debtValUSD": 3320921.380730101,
  "token1_symbol": "WFTM",
  "token1_decimals": 18,
  "token1": 6126131.007277178,
  "token1_liquidity": 54370302.05183038,
  "token1_price": 1.143,
  "token1_posVal": 8047087.820352669,
  "token1_posValUSD": 9197821.3786631,
  "token1_debtVal": 4699599.503396681,
  "token1_debtValUSD": 5371642.232382406,
  "liquidity": 124155906.27689491,
  "tvl": 13989169.058770254,
  "health": 13898206.475849792,
  "debt": 8692563.613112506,
  "leverage": 2.6698348008725454,
  "workerPositions": [
    {
      "name": "USDC-WFTM SpookyWorker",
      "address": "0x29A7929520ADdC7D3000a81129d4E5Aa7a571f49",
      "vault": "ibFTM",
      "borrowToken": "WFTM",
      "posVal": 8047087.820352669,
      "posValUSD": 9197821.3786631,
      "debtVal": 4699599.503396681,
      "debtValUSD": 5371642.232382406
    },
    {
      "name": "WFTM-USDC SpookyWorker",
      "address": "0xabE59308AC72f04b1a2D04175d5247ba981075a6",
      "vault": "ibUSDC",
      "borrowToken": "USDC",
      "posVal": 4700420.068312,
      "posValUSD": 4700385.097186691,
      "debtVal": 3320946.088569,
      "debtValUSD": 3320921.380730101
    }
  ]
}