{
  "blockNo": 37227621,
  "lpName": "WFTM-USDC LP",
  "lpTokens": 2.924605177800377,
  "token0_symbol": "USDC",
  "token0_decimals": 6,
  "token0": 4535683.104838,
  "token0_liquidity": 51825366.240514,
  "token0_price": 0.99991923,
  "token0_posVal": 3992392.817103,
  "token0_posValUSD": 3992070.351535163,
  "token0_debtVal": 2909251.457084,
  "token0_debtValUSD": 2909016.4768438116,
  "token1_symbol": "WFTM",
  "token1_decimals": 18,
  "token1": 5082543.268199179,
  "token1_liquidity": 58073868.96732073,
  "token1_price": 0.8962229,
  "token1_posVal": 5626393.983401933,
  "token1_posValUSD": 5042503.132347032,
  "token1_debtVal": 3420609.187151662,
  "token1_debtValUSD": 3065628.2854757053,
  "liquidity": 103868311.56579494,
  "tvl": 9090408.424914569,
  "health": 9034573.483882196,
  "debt": 5974644.762319516,
  "leverage": 2.952543770126879,
  "workerPositions": [
    {
      "name": "USDC-WFTM SpookyWorker",
      "address": "0x29A7929520ADdC7D3000a81129d4E5Aa7a571f49",
      "vault": "ibFTM",
      "borrowToken": "WFTM",
      "posVal": 5626393.983401933,
      "posValUSD": 5042503.132347032,
      "debtVal": 3420609.187151662,
      "debtValUSD": 3065628.2854757053
    },
    {
      "name": "WFTM-USDC SpookyWorker",
      "address": "0xabE59308AC72f04b1a2D04175d5247ba981075a6",
      "vault": "ibUSDC",
      "borrowToken": "USDC",
      "posVal": 3992392.817103,
      "posValUSD": 3992070.351535163,
      "debtVal": 2909251.457084,
      "debtValUSD": 2909016.4768438116
    }
  ]
}