{
  "blockNo": 35570858,
  "lpName": "WFTM-USDC LP",
  "lpTokens": 4.285660350865916,
  "token0_symbol": "USDC",
  "token0_decimals": 6,
  "token0": 7893755.916546,
  "token0_liquidity": 66961933.708509,
  "token0_price": 1.00001248,
  "token0_posVal": 4796574.804911,
  "token0_posValUSD": 4796634.666164566,
  "token0_debtVal": 3260391.255157,
  "token0_debtValUSD": 3260431.9448398645,
  "token1_symbol": "WFTM",
  "token1_decimals": 18,
  "token1": 6145402.097091181,
  "token1_liquidity": 52130824.94417555,
  "token1_price": 1.28584222,
  "token1_posVal": 8478715.591797171,
  "token1_posValUSD": 10902290.479305089,
  "token1_debtVal": 4784204.437879093,
  "token1_debtValUSD": 6151732.055336305,
  "liquidity": 133994785.07009175,
  "tvl": 15795871.905936219,
  "health": 15698925.145469654,
  "debt": 9412164.000176169,
  "leverage": 2.497140384794559,
  "workerPositions": [
    {
      "name": "USDC-WFTM SpookyWorker",
      "address": "0x29A7929520ADdC7D3000a81129d4E5Aa7a571f49",
      "vault": "ibFTM",
      "borrowToken": "WFTM",
      "posVal": 8478715.591797171,
      "posValUSD": 10902290.479305089,
      "debtVal": 4784204.437879093,
      "debtValUSD": 6151732.055336305
    },
    {
      "name": "WFTM-USDC SpookyWorker",
      "address": "0xabE59308AC72f04b1a2D04175d5247ba981075a6",
      "vault": "ibUSDC",
      "borrowToken": "USDC",
      "posVal": 4796574.804911,
      "posValUSD": 4796634.666164566,
      "debtVal": 3260391.255157,
      "debtValUSD": 3260431.9448398645
    }
  ]
}