{
  "blockNo": 32134355,
  "lpName": "WFTM-USDC LP",
  "lpTokens": 4.229313599682757,
  "token0_symbol": "USDC",
  "token0_decimals": 6,
  "token0": 8409549.826333,
  "token0_liquidity": 89440507.553437,
  "token0_price": 1.00025611,
  "token0_posVal": 4135663.576437,
  "token0_posValUSD": 4136722.7612355617,
  "token0_debtVal": 2726622.498598,
  "token0_debtValUSD": 2727320.8138861163,
  "token1_symbol": "WFTM",
  "token1_decimals": 18,
  "token1": 5269732.506822523,
  "token1_liquidity": 56046704.02274436,
  "token1_price": 1.60070636,
  "token1_posVal": 7897869.041419515,
  "token1_posValUSD": 12642169.205047322,
  "token1_debtVal": 4996844.406901171,
  "token1_debtValUSD": 7998480.622057133,
  "liquidity": 179177729.74807099,
  "tvl": 16846997.935308576,
  "health": 16778891.966282886,
  "debt": 10725801.43594325,
  "leverage": 2.7719545713355505,
  "workerPositions": [
    {
      "name": "USDC-WFTM SpookyWorker",
      "address": "0x29A7929520ADdC7D3000a81129d4E5Aa7a571f49",
      "vault": "ibFTM",
      "borrowToken": "WFTM",
      "posVal": 7897869.041419515,
      "posValUSD": 12642169.205047322,
      "debtVal": 4996844.406901171,
      "debtValUSD": 7998480.622057133
    },
    {
      "name": "WFTM-USDC SpookyWorker",
      "address": "0xabE59308AC72f04b1a2D04175d5247ba981075a6",
      "vault": "ibUSDC",
      "borrowToken": "USDC",
      "posVal": 4135663.576437,
      "posValUSD": 4136722.7612355617,
      "debtVal": 2726622.498598,
      "debtValUSD": 2727320.8138861163
    }
  ]
}