{
  "blockNo": 36737536,
  "lpName": "WFTM-USDC LP",
  "lpTokens": 3.045879391473999,
  "token0_symbol": "USDC",
  "token0_decimals": 6,
  "token0": 5251168.901369,
  "token0_liquidity": 55771882.162414,
  "token0_price": 0.99997724,
  "token0_posVal": 4346494.08218,
  "token0_posValUSD": 4346395.15597469,
  "token0_debtVal": 3116409.766981,
  "token0_debtValUSD": 3116338.8374947035,
  "token1_symbol": "WFTM",
  "token1_decimals": 18,
  "token1": 4721996.282018727,
  "token1_liquidity": 50151618.65073949,
  "token1_price": 1.11299751,
  "token1_posVal": 5481296.814744737,
  "token1_posValUSD": 6100669.706381824,
  "token1_debtVal": 3395667.5075959526,
  "token1_debtValUSD": 3779369.480742201,
  "liquidity": 111589239.4751186,
  "tvl": 10506619.488880906,
  "health": 10447064.862356514,
  "debt": 6895708.318236904,
  "leverage": 2.9417110708455683,
  "workerPositions": [
    {
      "name": "USDC-WFTM SpookyWorker",
      "address": "0x29A7929520ADdC7D3000a81129d4E5Aa7a571f49",
      "vault": "ibFTM",
      "borrowToken": "WFTM",
      "posVal": 5481296.814744737,
      "posValUSD": 6100669.706381824,
      "debtVal": 3395667.5075959526,
      "debtValUSD": 3779369.480742201
    },
    {
      "name": "WFTM-USDC SpookyWorker",
      "address": "0xabE59308AC72f04b1a2D04175d5247ba981075a6",
      "vault": "ibUSDC",
      "borrowToken": "USDC",
      "posVal": 4346494.08218,
      "posValUSD": 4346395.15597469,
      "debtVal": 3116409.766981,
      "debtValUSD": 3116338.8374947035
    }
  ]
}