{
  "blockNo": 33113180,
  "lpName": "WFTM-USDC LP",
  "lpTokens": 5.365047696510177,
  "token0_symbol": "USDC",
  "token0_decimals": 6,
  "token0": 9275816.500997,
  "token0_liquidity": 69155284.730246,
  "token0_price": 1,
  "token0_posVal": 9547557.812313,
  "token0_posValUSD": 9547557.812313,
  "token0_debtVal": 6861718.436403,
  "token0_debtValUSD": 6861718.436403,
  "token1_symbol": "WFTM",
  "token1_decimals": 18,
  "token1": 7885211.137877761,
  "token1_liquidity": 58787711.177707925,
  "token1_price": 1.17076136,
  "token1_posVal": 7587729.313188455,
  "token1_posValUSD": 8883420.290020382,
  "token1_debtVal": 4126343.212282298,
  "token1_debtValUSD": 4830963.191038392,
  "liquidity": 137981665.41994655,
  "tvl": 18507517.016665913,
  "health": 18430978.10233338,
  "debt": 11692681.627441391,
  "leverage": 2.7352578164244123,
  "workerPositions": [
    {
      "name": "USDC-WFTM SpookyWorker",
      "address": "0x29A7929520ADdC7D3000a81129d4E5Aa7a571f49",
      "vault": "ibFTM",
      "borrowToken": "WFTM",
      "posVal": 7587729.313188455,
      "posValUSD": 8883420.290020382,
      "debtVal": 4126343.212282298,
      "debtValUSD": 4830963.191038392
    },
    {
      "name": "WFTM-USDC SpookyWorker",
      "address": "0xabE59308AC72f04b1a2D04175d5247ba981075a6",
      "vault": "ibUSDC",
      "borrowToken": "USDC",
      "posVal": 9547557.812313,
      "posValUSD": 9547557.812313,
      "debtVal": 6861718.436403,
      "debtValUSD": 6861718.436403
    }
  ]
}