{
  "blockNo": 36052329,
  "lpName": "WFTM-USDC LP",
  "lpTokens": 4.034403299957658,
  "token0_symbol": "USDC",
  "token0_decimals": 6,
  "token0": 7066174.384963,
  "token0_liquidity": 61380941.363029,
  "token0_price": 1,
  "token0_posVal": 4803459.660291,
  "token0_posValUSD": 4803459.660291,
  "token0_debtVal": 3352497.669163,
  "token0_debtValUSD": 3352497.669163,
  "token1_symbol": "WFTM",
  "token1_decimals": 18,
  "token1": 6118969.157256438,
  "token1_liquidity": 53152960.36890704,
  "token1_price": 1.15398441,
  "token1_posVal": 7993211.303515742,
  "token1_posValUSD": 9224041.230092945,
  "token1_debtVal": 4705592.670649384,
  "token1_debtValUSD": 5430180.581739654,
  "liquidity": 122718628.97409558,
  "tvl": 14127369.397707768,
  "health": 14027500.890383944,
  "debt": 8782678.250902653,
  "leverage": 2.674542468755674,
  "workerPositions": [
    {
      "name": "USDC-WFTM SpookyWorker",
      "address": "0x29A7929520ADdC7D3000a81129d4E5Aa7a571f49",
      "vault": "ibFTM",
      "borrowToken": "WFTM",
      "posVal": 7993211.303515742,
      "posValUSD": 9224041.230092945,
      "debtVal": 4705592.670649384,
      "debtValUSD": 5430180.581739654
    },
    {
      "name": "WFTM-USDC SpookyWorker",
      "address": "0xabE59308AC72f04b1a2D04175d5247ba981075a6",
      "vault": "ibUSDC",
      "borrowToken": "USDC",
      "posVal": 4803459.660291,
      "posValUSD": 4803459.660291,
      "debtVal": 3352497.669163,
      "debtValUSD": 3352497.669163
    }
  ]
}