{
  "blockNo": 34966273,
  "lpName": "WFTM-USDC LP",
  "lpTokens": 4.335998678066049,
  "token0_symbol": "USDC",
  "token0_decimals": 6,
  "token0": 8686690.821457,
  "token0_liquidity": 68802421.9403,
  "token0_price": 0.9999559,
  "token0_posVal": 5117752.821168,
  "token0_posValUSD": 5117527.1282685865,
  "token0_debtVal": 3183101.100293,
  "token0_debtValUSD": 3182960.7255344773,
  "token1_symbol": "WFTM",
  "token1_decimals": 18,
  "token1": 5659343.792550165,
  "token1_liquidity": 44824498.47972147,
  "token1_price": 1.529,
  "token1_posVal": 7912826.172339288,
  "token1_posValUSD": 12098711.21750677,
  "token1_debtVal": 4813472.003606689,
  "token1_debtValUSD": 7359798.693514627,
  "liquidity": 137336045.92898655,
  "tvl": 17339444.397200976,
  "health": 17216238.34577536,
  "debt": 10542759.419049105,
  "leverage": 2.5797996119875317,
  "workerPositions": [
    {
      "name": "USDC-WFTM SpookyWorker",
      "address": "0x29A7929520ADdC7D3000a81129d4E5Aa7a571f49",
      "vault": "ibFTM",
      "borrowToken": "WFTM",
      "posVal": 7912826.172339288,
      "posValUSD": 12098711.21750677,
      "debtVal": 4813472.003606689,
      "debtValUSD": 7359798.693514627
    },
    {
      "name": "WFTM-USDC SpookyWorker",
      "address": "0xabE59308AC72f04b1a2D04175d5247ba981075a6",
      "vault": "ibUSDC",
      "borrowToken": "USDC",
      "posVal": 5117752.821168,
      "posValUSD": 5117527.1282685865,
      "debtVal": 3183101.100293,
      "debtValUSD": 3182960.7255344773
    }
  ]
}