{
  "blockNo": 31817650,
  "lpName": "WFTM-USDC LP",
  "lpTokens": 6.122516926181289,
  "token0_symbol": "USDC",
  "token0_decimals": 6,
  "token0": 12206898.947726,
  "token0_liquidity": 97229517.746163,
  "token0_price": 1,
  "token0_posVal": 4139096.775588,
  "token0_posValUSD": 4139096.775588,
  "token0_debtVal": 2720297.160498,
  "token0_debtValUSD": 2720297.160498,
  "token1_symbol": "WFTM",
  "token1_decimals": 18,
  "token1": 7505127.9188393885,
  "token1_liquidity": 59779307.692879744,
  "token1_price": 1.63254116,
  "token1_posVal": 12384895.87071473,
  "token1_posValUSD": 20218852.271255832,
  "token1_debtVal": 7061489.02098012,
  "token1_debtValUSD": 11528171.477638148,
  "liquidity": 194821698.0710938,
  "tvl": 24459329.18629644,
  "health": 24357949.046843834,
  "debt": 14248468.638136148,
  "leverage": 2.4094165142120847,
  "workerPositions": [
    {
      "name": "USDC-WFTM SpookyWorker",
      "address": "0x29A7929520ADdC7D3000a81129d4E5Aa7a571f49",
      "vault": "ibFTM",
      "borrowToken": "WFTM",
      "posVal": 12384895.87071473,
      "posValUSD": 20218852.271255832,
      "debtVal": 7061489.02098012,
      "debtValUSD": 11528171.477638148
    },
    {
      "name": "WFTM-USDC SpookyWorker",
      "address": "0xabE59308AC72f04b1a2D04175d5247ba981075a6",
      "vault": "ibUSDC",
      "borrowToken": "USDC",
      "posVal": 4139096.775588,
      "posValUSD": 4139096.775588,
      "debtVal": 2720297.160498,
      "debtValUSD": 2720297.160498
    }
  ]
}