{
  "blockNo": 34956003,
  "lpName": "WFTM-USDC LP",
  "lpTokens": 4.3349040939902475,
  "token0_symbol": "USDC",
  "token0_decimals": 6,
  "token0": 8627016.470869,
  "token0_liquidity": 68294403.934335,
  "token0_price": 0.9999559,
  "token0_posVal": 5081805.34956,
  "token0_posValUSD": 5081581.241944085,
  "token0_debtVal": 3181538.16362,
  "token0_debtValUSD": 3181397.857786984,
  "token1_symbol": "WFTM",
  "token1_decimals": 18,
  "token1": 5693820.059887539,
  "token1_liquidity": 45074221.01400076,
  "token1_price": 1.516,
  "token1_posVal": 7961491.621035438,
  "token1_posValUSD": 12069621.297489725,
  "token1_debtVal": 4812217.910933224,
  "token1_debtValUSD": 7295322.352974767,
  "liquidity": 136623911.20834666,
  "tvl": 17258467.230232142,
  "health": 17151202.53943381,
  "debt": 10476720.210761752,
  "leverage": 2.569667832628179,
  "workerPositions": [
    {
      "name": "USDC-WFTM SpookyWorker",
      "address": "0x29A7929520ADdC7D3000a81129d4E5Aa7a571f49",
      "vault": "ibFTM",
      "borrowToken": "WFTM",
      "posVal": 7961491.621035438,
      "posValUSD": 12069621.297489725,
      "debtVal": 4812217.910933224,
      "debtValUSD": 7295322.352974767
    },
    {
      "name": "WFTM-USDC SpookyWorker",
      "address": "0xabE59308AC72f04b1a2D04175d5247ba981075a6",
      "vault": "ibUSDC",
      "borrowToken": "USDC",
      "posVal": 5081805.34956,
      "posValUSD": 5081581.241944085,
      "debtVal": 3181538.16362,
      "debtValUSD": 3181397.857786984
    }
  ]
}