{
  "blockNo": 36681941,
  "lpName": "WFTM-USDC LP",
  "lpTokens": 3.053321919541497,
  "token0_symbol": "USDC",
  "token0_decimals": 6,
  "token0": 5337800.720176,
  "token0_liquidity": 56260740.885456,
  "token0_price": 0.99997724,
  "token0_posVal": 4433470.67191,
  "token0_posValUSD": 4433369.766117508,
  "token0_debtVal": 3132614.173987,
  "token0_debtValUSD": 3132542.8756883997,
  "token1_symbol": "WFTM",
  "token1_decimals": 18,
  "token1": 4665480.802906356,
  "token1_liquidity": 49174448.48890861,
  "token1_price": 1.14277981,
  "token1_posVal": 5402230.642058876,
  "token1_posValUSD": 6173560.10670822,
  "token1_debtVal": 3394547.304401165,
  "token1_debtValUSD": 3879220.123559575,
  "liquidity": 112455027.29200321,
  "tvl": 10669296.497335583,
  "health": 10606929.872825727,
  "debt": 7011762.999247975,
  "leverage": 2.9503303311954965,
  "workerPositions": [
    {
      "name": "USDC-WFTM SpookyWorker",
      "address": "0x29A7929520ADdC7D3000a81129d4E5Aa7a571f49",
      "vault": "ibFTM",
      "borrowToken": "WFTM",
      "posVal": 5402230.642058876,
      "posValUSD": 6173560.10670822,
      "debtVal": 3394547.304401165,
      "debtValUSD": 3879220.123559575
    },
    {
      "name": "WFTM-USDC SpookyWorker",
      "address": "0xabE59308AC72f04b1a2D04175d5247ba981075a6",
      "vault": "ibUSDC",
      "borrowToken": "USDC",
      "posVal": 4433470.67191,
      "posValUSD": 4433369.766117508,
      "debtVal": 3132614.173987,
      "debtValUSD": 3132542.8756883997
    }
  ]
}