{
  "blockNo": 32152638,
  "lpName": "WFTM-USDC LP",
  "lpTokens": 4.257396280148798,
  "token0_symbol": "USDC",
  "token0_decimals": 6,
  "token0": 8393293.598145,
  "token0_liquidity": 89384363.040537,
  "token0_price": 1.00025611,
  "token0_posVal": 4114571.077028,
  "token0_posValUSD": 4115624.859826538,
  "token0_debtVal": 2734141.920698,
  "token0_debtValUSD": 2734842.16178531,
  "token1_symbol": "WFTM",
  "token1_decimals": 18,
  "token1": 5352972.983794408,
  "token1_liquidity": 57006474.86409876,
  "token1_price": 1.57,
  "token1_posVal": 8031536.4428129895,
  "token1_posValUSD": 12609512.215216395,
  "token1_debtVal": 5028934.442409131,
  "token1_debtValUSD": 7895427.074582336,
  "liquidity": 178907420.80639037,
  "tvl": 16799610.789125644,
  "health": 16725137.075042933,
  "debt": 10630269.236367647,
  "leverage": 2.7441344944204933,
  "workerPositions": [
    {
      "name": "USDC-WFTM SpookyWorker",
      "address": "0x29A7929520ADdC7D3000a81129d4E5Aa7a571f49",
      "vault": "ibFTM",
      "borrowToken": "WFTM",
      "posVal": 8031536.4428129895,
      "posValUSD": 12609512.215216395,
      "debtVal": 5028934.442409131,
      "debtValUSD": 7895427.074582336
    },
    {
      "name": "WFTM-USDC SpookyWorker",
      "address": "0xabE59308AC72f04b1a2D04175d5247ba981075a6",
      "vault": "ibUSDC",
      "borrowToken": "USDC",
      "posVal": 4114571.077028,
      "posValUSD": 4115624.859826538,
      "debtVal": 2734141.920698,
      "debtValUSD": 2734842.16178531
    }
  ]
}