{
  "blockNo": 37947715,
  "lpName": "WFTM-USDC LP",
  "lpTokens": 2.378112730563611,
  "token0_symbol": "USDC",
  "token0_decimals": 6,
  "token0": 2942120.324776,
  "token0_liquidity": 38031268.880669,
  "token0_price": 1.00016883,
  "token0_posVal": 1722622.479255,
  "token0_posValUSD": 1722913.3096081726,
  "token0_debtVal": 1183876.405344,
  "token0_debtValUSD": 1184076.2791975143,
  "token1_symbol": "WFTM",
  "token1_decimals": 18,
  "token1": 5303199.977479787,
  "token1_liquidity": 68551725.28906766,
  "token1_price": 0.55712634,
  "token1_posVal": 7411489.993863288,
  "token1_posValUSD": 4129136.2942276765,
  "token1_debtVal": 4393065.590140793,
  "token1_debtValUSD": 2447492.55361508,
  "liquidity": 76229661.51077783,
  "tvl": 5897169.436691828,
  "health": 5852049.603835849,
  "debt": 3631568.8328125942,
  "leverage": 2.6354876296177396,
  "workerPositions": [
    {
      "name": "USDC-WFTM SpookyWorker",
      "address": "0x29A7929520ADdC7D3000a81129d4E5Aa7a571f49",
      "vault": "ibFTM",
      "borrowToken": "WFTM",
      "posVal": 7411489.993863288,
      "posValUSD": 4129136.2942276765,
      "debtVal": 4393065.590140793,
      "debtValUSD": 2447492.55361508
    },
    {
      "name": "WFTM-USDC SpookyWorker",
      "address": "0xabE59308AC72f04b1a2D04175d5247ba981075a6",
      "vault": "ibUSDC",
      "borrowToken": "USDC",
      "posVal": 1722622.479255,
      "posValUSD": 1722913.3096081726,
      "debtVal": 1183876.405344,
      "debtValUSD": 1184076.2791975143
    }
  ]
}