{
  "blockNo": 38079240,
  "lpName": "WFTM-USDC LP",
  "lpTokens": 0.7922707196041532,
  "token0_symbol": "USDC",
  "token0_decimals": 6,
  "token0": 679221.270276,
  "token0_liquidity": 18316495.072291,
  "token0_price": 1.00107624,
  "token0_posVal": 294248.511843,
  "token0_posValUSD": 294565.1938613859,
  "token0_debtVal": 202985.311953,
  "token0_debtValUSD": 203203.77286513627,
  "token1_symbol": "WFTM",
  "token1_decimals": 18,
  "token1": 2593189.100666045,
  "token1_liquidity": 69930282.60808769,
  "token1_price": 0.2627064,
  "token1_posVal": 4047738.214184579,
  "token1_posValUSD": 1063366.7343908597,
  "token1_debtVal": 1389433.40541306,
  "token1_debtValUSD": 365013.04797580553,
  "liquidity": 36707340.81190093,
  "tvl": 1361199.648531136,
  "health": 1357931.9282522458,
  "debt": 568216.8208409417,
  "leverage": 1.719521274834875,
  "workerPositions": [
    {
      "name": "USDC-WFTM SpookyWorker",
      "address": "0x29A7929520ADdC7D3000a81129d4E5Aa7a571f49",
      "vault": "ibFTM",
      "borrowToken": "WFTM",
      "posVal": 4047738.214184579,
      "posValUSD": 1063366.7343908597,
      "debtVal": 1389433.40541306,
      "debtValUSD": 365013.04797580553
    },
    {
      "name": "WFTM-USDC SpookyWorker",
      "address": "0xabE59308AC72f04b1a2D04175d5247ba981075a6",
      "vault": "ibUSDC",
      "borrowToken": "USDC",
      "posVal": 294248.511843,
      "posValUSD": 294565.1938613859,
      "debtVal": 202985.311953,
      "debtValUSD": 203203.77286513627
    }
  ]
}