{
  "blockNo": 31220757,
  "lpName": "WFTM-USDC LP",
  "lpTokens": 3.8534245736372807,
  "token0_symbol": "USDC",
  "token0_decimals": 6,
  "token0": 8598921.209343,
  "token0_liquidity": 113515617.821595,
  "token0_price": 1,
  "token0_posVal": 2125268.79681,
  "token0_posValUSD": 2125268.79681,
  "token0_debtVal": 1312115.912069,
  "token0_debtValUSD": 1312115.912069,
  "token1_symbol": "WFTM",
  "token1_decimals": 18,
  "token1": 4181373.321639428,
  "token1_liquidity": 55198921.39875239,
  "token1_price": 2.05824304,
  "token1_posVal": 7281957.333793915,
  "token1_posValUSD": 14988037.99985828,
  "token1_debtVal": 3885257.4215948074,
  "token1_debtValUSD": 7996804.046605857,
  "liquidity": 227128413.60608417,
  "tvl": 17205203.746249035,
  "health": 17113306.79666828,
  "debt": 9308919.958674857,
  "leverage": 2.192780438990677,
  "workerPositions": [
    {
      "name": "USDC-WFTM SpookyWorker",
      "address": "0x29A7929520ADdC7D3000a81129d4E5Aa7a571f49",
      "vault": "ibFTM",
      "borrowToken": "WFTM",
      "posVal": 7281957.333793915,
      "posValUSD": 14988037.99985828,
      "debtVal": 3885257.4215948074,
      "debtValUSD": 7996804.046605857
    },
    {
      "name": "WFTM-USDC SpookyWorker",
      "address": "0xabE59308AC72f04b1a2D04175d5247ba981075a6",
      "vault": "ibUSDC",
      "borrowToken": "USDC",
      "posVal": 2125268.79681,
      "posValUSD": 2125268.79681,
      "debtVal": 1312115.912069,
      "debtValUSD": 1312115.912069
    }
  ]
}