{
  "blockNo": 33727618,
  "lpName": "WFTM-USDC LP",
  "lpTokens": 6.0294310254703785,
  "token0_symbol": "USDC",
  "token0_decimals": 6,
  "token0": 10580442.248672,
  "token0_liquidity": 67976892.615063,
  "token0_price": 0.9999904,
  "token0_posVal": 10662246.459067,
  "token0_posValUSD": 10662144.101500992,
  "token0_debtVal": 6986516.070501,
  "token0_debtValUSD": 6986448.999946723,
  "token1_symbol": "WFTM",
  "token1_decimals": 18,
  "token1": 8837389.495857602,
  "token1_liquidity": 56778182.1060243,
  "token1_price": 1.19708152,
  "token1_posVal": 8691834.215566074,
  "token1_posValUSD": 10404834.114357844,
  "token1_debtVal": 5024713.763864898,
  "token1_debtValUSD": 6014991.990012313,
  "liquidity": 135944352.57521027,
  "tvl": 21159416.326959662,
  "health": 21066978.215858836,
  "debt": 13001440.989959035,
  "leverage": 2.611974580962718,
  "workerPositions": [
    {
      "name": "USDC-WFTM SpookyWorker",
      "address": "0x29A7929520ADdC7D3000a81129d4E5Aa7a571f49",
      "vault": "ibFTM",
      "borrowToken": "WFTM",
      "posVal": 8691834.215566074,
      "posValUSD": 10404834.114357844,
      "debtVal": 5024713.763864898,
      "debtValUSD": 6014991.990012313
    },
    {
      "name": "WFTM-USDC SpookyWorker",
      "address": "0xabE59308AC72f04b1a2D04175d5247ba981075a6",
      "vault": "ibUSDC",
      "borrowToken": "USDC",
      "posVal": 10662246.459067,
      "posValUSD": 10662144.101500992,
      "debtVal": 6986516.070501,
      "debtValUSD": 6986448.999946723
    }
  ]
}