{
  "blockNo": 33069295,
  "lpName": "WFTM-USDC LP",
  "lpTokens": 5.263177820744355,
  "token0_symbol": "USDC",
  "token0_decimals": 6,
  "token0": 9296760.718651,
  "token0_liquidity": 71781289.649245,
  "token0_price": 1,
  "token0_posVal": 9569784.936829,
  "token0_posValUSD": 9569784.936829,
  "token0_debtVal": 6980340.136741,
  "token0_debtValUSD": 6980340.136741,
  "token1_symbol": "WFTM",
  "token1_decimals": 18,
  "token1": 7564329.135470685,
  "token1_liquidity": 58404999.02144231,
  "token1_price": 1.23189566,
  "token1_posVal": 7279396.102302769,
  "token1_posValUSD": 8967456.465847697,
  "token1_debtVal": 3920839.6346690534,
  "token1_debtValUSD": 4830065.329504793,
  "liquidity": 143730154.46606404,
  "tvl": 18615224.951448888,
  "health": 18537241.402676698,
  "debt": 11810405.466245793,
  "leverage": 2.755714808247889,
  "workerPositions": [
    {
      "name": "USDC-WFTM SpookyWorker",
      "address": "0x29A7929520ADdC7D3000a81129d4E5Aa7a571f49",
      "vault": "ibFTM",
      "borrowToken": "WFTM",
      "posVal": 7279396.102302769,
      "posValUSD": 8967456.465847697,
      "debtVal": 3920839.6346690534,
      "debtValUSD": 4830065.329504793
    },
    {
      "name": "WFTM-USDC SpookyWorker",
      "address": "0xabE59308AC72f04b1a2D04175d5247ba981075a6",
      "vault": "ibUSDC",
      "borrowToken": "USDC",
      "posVal": 9569784.936829,
      "posValUSD": 9569784.936829,
      "debtVal": 6980340.136741,
      "debtValUSD": 6980340.136741
    }
  ]
}