{
  "blockNo": 31098514,
  "lpName": "WFTM-USDC LP",
  "lpTokens": 2.173743756555389,
  "token0_symbol": "USDC",
  "token0_decimals": 6,
  "token0": 4851048.904341,
  "token0_liquidity": 109918314.891434,
  "token0_price": 1,
  "token0_posVal": 1081629.258941,
  "token0_posValUSD": 1081629.258941,
  "token0_debtVal": 680263.435026,
  "token0_debtValUSD": 680263.435026,
  "token1_symbol": "WFTM",
  "token1_decimals": 18,
  "token1": 2355741.036546065,
  "token1_liquidity": 53377958.07954595,
  "token1_price": 2.06130723,
  "token1_posVal": 4169408.475189571,
  "token1_posValUSD": 8594431.834731538,
  "token1_debtVal": 2182990.6200316595,
  "token1_debtValUSD": 4499814.348093443,
  "liquidity": 219946685.803439,
  "tvl": 9706954.934981098,
  "health": 9676061.093672538,
  "debt": 5180077.783119443,
  "leverage": 2.1521568087142633,
  "workerPositions": [
    {
      "name": "USDC-WFTM SpookyWorker",
      "address": "0x29A7929520ADdC7D3000a81129d4E5Aa7a571f49",
      "vault": "ibFTM",
      "borrowToken": "WFTM",
      "posVal": 4169408.475189571,
      "posValUSD": 8594431.834731538,
      "debtVal": 2182990.6200316595,
      "debtValUSD": 4499814.348093443
    },
    {
      "name": "WFTM-USDC SpookyWorker",
      "address": "0xabE59308AC72f04b1a2D04175d5247ba981075a6",
      "vault": "ibUSDC",
      "borrowToken": "USDC",
      "posVal": 1081629.258941,
      "posValUSD": 1081629.258941,
      "debtVal": 680263.435026,
      "debtValUSD": 680263.435026
    }
  ]
}