{
  "blockNo": 35764094,
  "lpName": "WFTM-USDC LP",
  "lpTokens": 4.350401039786047,
  "token0_symbol": "USDC",
  "token0_decimals": 6,
  "token0": 7789154.673534,
  "token0_liquidity": 66118119.457526,
  "token0_price": 0.99983404,
  "token0_posVal": 4840202.484624,
  "token0_posValUSD": 4839399.204619652,
  "token0_debtVal": 3359931.063985,
  "token0_debtValUSD": 3359373.4498256207,
  "token1_symbol": "WFTM",
  "token1_decimals": 18,
  "token1": 6429293.574118243,
  "token1_liquidity": 54574959.46324291,
  "token1_price": 1.21038199,
  "token1_posVal": 8783007.857900294,
  "token1_posValUSD": 10630794.529230993,
  "token1_debtVal": 4831688.4175818395,
  "token1_debtValUSD": 5848188.641932657,
  "liquidity": 132163694.5337101,
  "tvl": 15569763.13595983,
  "health": 15470193.733850645,
  "debt": 9207562.091758277,
  "leverage": 2.470238490457024,
  "workerPositions": [
    {
      "name": "USDC-WFTM SpookyWorker",
      "address": "0x29A7929520ADdC7D3000a81129d4E5Aa7a571f49",
      "vault": "ibFTM",
      "borrowToken": "WFTM",
      "posVal": 8783007.857900294,
      "posValUSD": 10630794.529230993,
      "debtVal": 4831688.4175818395,
      "debtValUSD": 5848188.641932657
    },
    {
      "name": "WFTM-USDC SpookyWorker",
      "address": "0xabE59308AC72f04b1a2D04175d5247ba981075a6",
      "vault": "ibUSDC",
      "borrowToken": "USDC",
      "posVal": 4840202.484624,
      "posValUSD": 4839399.204619652,
      "debtVal": 3359931.063985,
      "debtValUSD": 3359373.4498256207
    }
  ]
}