{
  "blockNo": 34227190,
  "lpName": "WFTM-USDC LP",
  "lpTokens": 4.57043764017061,
  "token0_symbol": "USDC",
  "token0_decimals": 6,
  "token0": 8360039.047284,
  "token0_liquidity": 64251864.054248,
  "token0_price": 0.99995235,
  "token0_posVal": 6596713.247369,
  "token0_posValUSD": 6596398.913982763,
  "token0_debtVal": 4213763.73357,
  "token0_debtValUSD": 4213562.947728096,
  "token1_symbol": "WFTM",
  "token1_decimals": 18,
  "token1": 6460122.333070147,
  "token1_liquidity": 49649875.98389954,
  "token1_price": 1.29721458,
  "token1_posVal": 7756802.000657314,
  "token1_posValUSD": 10062236.649425836,
  "token1_debtVal": 4568683.018930676,
  "token1_debtValUSD": 5926562.223555289,
  "liquidity": 128655345.47443214,
  "tvl": 16739805.570465606,
  "health": 16658635.563408598,
  "debt": 10140125.171283385,
  "leverage": 2.5555893235260188,
  "workerPositions": [
    {
      "name": "USDC-WFTM SpookyWorker",
      "address": "0x29A7929520ADdC7D3000a81129d4E5Aa7a571f49",
      "vault": "ibFTM",
      "borrowToken": "WFTM",
      "posVal": 7756802.000657314,
      "posValUSD": 10062236.649425836,
      "debtVal": 4568683.018930676,
      "debtValUSD": 5926562.223555289
    },
    {
      "name": "WFTM-USDC SpookyWorker",
      "address": "0xabE59308AC72f04b1a2D04175d5247ba981075a6",
      "vault": "ibUSDC",
      "borrowToken": "USDC",
      "posVal": 6596713.247369,
      "posValUSD": 6596398.913982763,
      "debtVal": 4213763.73357,
      "debtValUSD": 4213562.947728096
    }
  ]
}