{
  "blockNo": 37404331,
  "lpName": "WFTM-USDC LP",
  "lpTokens": 2.9755603082696997,
  "token0_symbol": "USDC",
  "token0_decimals": 6,
  "token0": 4226716.287345,
  "token0_liquidity": 43499580.941081,
  "token0_price": 1.00004078,
  "token0_posVal": 3682432.759618,
  "token0_posValUSD": 3682582.929225937,
  "token0_debtVal": 2542936.682792,
  "token0_debtValUSD": 2543040.383749924,
  "token1_symbol": "WFTM",
  "token1_decimals": 18,
  "token1": 5703000.316032621,
  "token1_liquidity": 58692873.37714846,
  "token1_price": 0.74045842,
  "token1_posVal": 6340834.864088645,
  "token1_posValUSD": 4695124.5649439925,
  "token1_debtVal": 4124775.6074675885,
  "token1_debtValUSD": 3054224.8291599904,
  "liquidity": 86960987.14009517,
  "tvl": 8449723.256104212,
  "health": 8377707.49416993,
  "debt": 5597265.212909915,
  "leverage": 3.0130844832259553,
  "workerPositions": [
    {
      "name": "USDC-WFTM SpookyWorker",
      "address": "0x29A7929520ADdC7D3000a81129d4E5Aa7a571f49",
      "vault": "ibFTM",
      "borrowToken": "WFTM",
      "posVal": 6340834.864088645,
      "posValUSD": 4695124.5649439925,
      "debtVal": 4124775.6074675885,
      "debtValUSD": 3054224.8291599904
    },
    {
      "name": "WFTM-USDC SpookyWorker",
      "address": "0xabE59308AC72f04b1a2D04175d5247ba981075a6",
      "vault": "ibUSDC",
      "borrowToken": "USDC",
      "posVal": 3682432.759618,
      "posValUSD": 3682582.929225937,
      "debtVal": 2542936.682792,
      "debtValUSD": 2543040.383749924
    }
  ]
}