{
  "blockNo": 37976506,
  "lpName": "WFTM-USDC LP",
  "lpTokens": 2.294916978050219,
  "token0_symbol": "USDC",
  "token0_decimals": 6,
  "token0": 2978581.051828,
  "token0_liquidity": 39053120.773572,
  "token0_price": 1.00013929,
  "token0_posVal": 1776388.38156,
  "token0_posValUSD": 1776635.8146976673,
  "token0_debtVal": 1167032.130475,
  "token0_debtValUSD": 1167194.6863804539,
  "token1_symbol": "WFTM",
  "token1_decimals": 18,
  "token1": 4883829.882497656,
  "token1_liquidity": 64033442.40763375,
  "token1_price": 0.60963091,
  "token1_posVal": 6768108.962103584,
  "token1_posValUSD": 4126048.4255463635,
  "token1_debtVal": 4201833.310228764,
  "token1_debtValUSD": 2561567.4645830737,
  "liquidity": 78095326.2481629,
  "tvl": 5956329.593934948,
  "health": 5902684.240244031,
  "debt": 3728762.1509635276,
  "leverage": 2.7152234522800334,
  "workerPositions": [
    {
      "name": "USDC-WFTM SpookyWorker",
      "address": "0x29A7929520ADdC7D3000a81129d4E5Aa7a571f49",
      "vault": "ibFTM",
      "borrowToken": "WFTM",
      "posVal": 6768108.962103584,
      "posValUSD": 4126048.4255463635,
      "debtVal": 4201833.310228764,
      "debtValUSD": 2561567.4645830737
    },
    {
      "name": "WFTM-USDC SpookyWorker",
      "address": "0xabE59308AC72f04b1a2D04175d5247ba981075a6",
      "vault": "ibUSDC",
      "borrowToken": "USDC",
      "posVal": 1776388.38156,
      "posValUSD": 1776635.8146976673,
      "debtVal": 1167032.130475,
      "debtValUSD": 1167194.6863804539
    }
  ]
}