{
  "blockNo": 31608418,
  "lpName": "WFTM-USDC LP",
  "lpTokens": 4.1295877019059475,
  "token0_symbol": "USDC",
  "token0_decimals": 6,
  "token0": 8405697.183605,
  "token0_liquidity": 99967397.812497,
  "token0_price": 1.00002243,
  "token0_posVal": 2197960.332228,
  "token0_posValUSD": 2198009.6324782516,
  "token0_debtVal": 1394634.533204,
  "token0_debtValUSD": 1394665.8148565798,
  "token1_symbol": "WFTM",
  "token1_decimals": 18,
  "token1": 4933112.855171596,
  "token1_liquidity": 58668596.36684692,
  "token1_price": 1.7,
  "token1_posVal": 8514886.984754583,
  "token1_posValUSD": 14475307.87408279,
  "token1_debtVal": 4316598.913255001,
  "token1_debtValUSD": 7338218.152533502,
  "liquidity": 199706253.9048697,
  "tvl": 16792177.577184543,
  "health": 16673317.506561043,
  "debt": 8732883.967390083,
  "leverage": 2.099799390588673,
  "workerPositions": [
    {
      "name": "USDC-WFTM SpookyWorker",
      "address": "0x29A7929520ADdC7D3000a81129d4E5Aa7a571f49",
      "vault": "ibFTM",
      "borrowToken": "WFTM",
      "posVal": 8514886.984754583,
      "posValUSD": 14475307.87408279,
      "debtVal": 4316598.913255001,
      "debtValUSD": 7338218.152533502
    },
    {
      "name": "WFTM-USDC SpookyWorker",
      "address": "0xabE59308AC72f04b1a2D04175d5247ba981075a6",
      "vault": "ibUSDC",
      "borrowToken": "USDC",
      "posVal": 2197960.332228,
      "posValUSD": 2198009.6324782516,
      "debtVal": 1394634.533204,
      "debtValUSD": 1394665.8148565798
    }
  ]
}