{
  "blockNo": 31546842,
  "lpName": "WFTM-USDC LP",
  "lpTokens": 4.075879857762736,
  "token0_symbol": "USDC",
  "token0_decimals": 6,
  "token0": 8359943.546969,
  "token0_liquidity": 100026077.113987,
  "token0_price": 1.00004389,
  "token0_posVal": 2194711.389789,
  "token0_posValUSD": 2194807.715671898,
  "token0_debtVal": 1381369.136125,
  "token0_debtValUSD": 1381429.7644163845,
  "token1_symbol": "WFTM",
  "token1_decimals": 18,
  "token1": 4828360.40807121,
  "token1_liquidity": 57770958.35616247,
  "token1_price": 1.73300845,
  "token1_posVal": 8328066.170415231,
  "token1_posValUSD": 14432609.045488736,
  "token1_debtVal": 4252018.007780499,
  "token1_debtValUSD": 7368783.13703577,
  "liquidity": 200148026.25433922,
  "tvl": 16727899.851724131,
  "health": 16627416.761160634,
  "debt": 8750212.901452154,
  "leverage": 2.1108272754256205,
  "workerPositions": [
    {
      "name": "USDC-WFTM SpookyWorker",
      "address": "0x29A7929520ADdC7D3000a81129d4E5Aa7a571f49",
      "vault": "ibFTM",
      "borrowToken": "WFTM",
      "posVal": 8328066.170415231,
      "posValUSD": 14432609.045488736,
      "debtVal": 4252018.007780499,
      "debtValUSD": 7368783.13703577
    },
    {
      "name": "WFTM-USDC SpookyWorker",
      "address": "0xabE59308AC72f04b1a2D04175d5247ba981075a6",
      "vault": "ibUSDC",
      "borrowToken": "USDC",
      "posVal": 2194711.389789,
      "posValUSD": 2194807.715671898,
      "debtVal": 1381369.136125,
      "debtValUSD": 1381429.7644163845
    }
  ]
}