{
  "blockNo": 36027983,
  "lpName": "WFTM-USDC LP",
  "lpTokens": 4.034248660111221,
  "token0_symbol": "USDC",
  "token0_decimals": 6,
  "token0": 7236674.679055,
  "token0_liquidity": 62841297.828473,
  "token0_price": 1,
  "token0_posVal": 4920309.685546,
  "token0_posValUSD": 4920309.685546,
  "token0_debtVal": 3352545.341694,
  "token0_debtValUSD": 3352545.341694,
  "token1_symbol": "WFTM",
  "token1_decimals": 18,
  "token1": 5972364.122411582,
  "token1_liquidity": 51862371.76624248,
  "token1_price": 1.21252518,
  "token1_posVal": 7800897.220292444,
  "token1_posValUSD": 9458784.306196596,
  "token1_debtVal": 4704128.87604416,
  "token1_debtValUSD": 5703874.712168643,
  "liquidity": 125725729.4895631,
  "tvl": 14478316.561607646,
  "health": 14379093.991742596,
  "debt": 9056420.053862642,
  "leverage": 2.7014793991814305,
  "workerPositions": [
    {
      "name": "USDC-WFTM SpookyWorker",
      "address": "0x29A7929520ADdC7D3000a81129d4E5Aa7a571f49",
      "vault": "ibFTM",
      "borrowToken": "WFTM",
      "posVal": 7800897.220292444,
      "posValUSD": 9458784.306196596,
      "debtVal": 4704128.87604416,
      "debtValUSD": 5703874.712168643
    },
    {
      "name": "WFTM-USDC SpookyWorker",
      "address": "0xabE59308AC72f04b1a2D04175d5247ba981075a6",
      "vault": "ibUSDC",
      "borrowToken": "USDC",
      "posVal": 4920309.685546,
      "posValUSD": 4920309.685546,
      "debtVal": 3352545.341694,
      "debtValUSD": 3352545.341694
    }
  ]
}