{
  "blockNo": 31562648,
  "lpName": "WFTM-USDC LP",
  "lpTokens": 4.118665644740992,
  "token0_symbol": "USDC",
  "token0_decimals": 6,
  "token0": 8432151.979933,
  "token0_liquidity": 100560157.663937,
  "token0_price": 1.00002243,
  "token0_posVal": 2191470.528258,
  "token0_posValUSD": 2191519.682941949,
  "token0_debtVal": 1381867.070986,
  "token0_debtValUSD": 1381898.0662644021,
  "token1_symbol": "WFTM",
  "token1_decimals": 18,
  "token1": 4888944.752907768,
  "token1_liquidity": 58304577.09166586,
  "token1_price": 1.728727,
  "token1_posVal": 8446307.429347068,
  "token1_posValUSD": 14601359.703412868,
  "token1_debtVal": 4303845.86499601,
  "token1_debtValUSD": 7440174.550656958,
  "liquidity": 201355109.87021762,
  "tvl": 16883991.908961896,
  "health": 16792879.38635482,
  "debt": 8822072.61692136,
  "leverage": 2.106797953094578,
  "workerPositions": [
    {
      "name": "USDC-WFTM SpookyWorker",
      "address": "0x29A7929520ADdC7D3000a81129d4E5Aa7a571f49",
      "vault": "ibFTM",
      "borrowToken": "WFTM",
      "posVal": 8446307.429347068,
      "posValUSD": 14601359.703412868,
      "debtVal": 4303845.86499601,
      "debtValUSD": 7440174.550656958
    },
    {
      "name": "WFTM-USDC SpookyWorker",
      "address": "0xabE59308AC72f04b1a2D04175d5247ba981075a6",
      "vault": "ibUSDC",
      "borrowToken": "USDC",
      "posVal": 2191470.528258,
      "posValUSD": 2191519.682941949,
      "debtVal": 1381867.070986,
      "debtValUSD": 1381898.0662644021
    }
  ]
}