{
  "blockNo": 33797701,
  "lpName": "WFTM-USDC LP",
  "lpTokens": 6.086461054266453,
  "token0_symbol": "USDC",
  "token0_decimals": 6,
  "token0": 11010249.533893,
  "token0_liquidity": 72652402.996301,
  "token0_price": 0.999982,
  "token0_posVal": 10979271.862698,
  "token0_posValUSD": 10979074.235804472,
  "token0_debtVal": 7016948.125907,
  "token0_debtValUSD": 7016821.820840734,
  "token1_symbol": "WFTM",
  "token1_decimals": 18,
  "token1": 8659670.360195462,
  "token1_liquidity": 57141834.87733968,
  "token1_price": 1.27152322,
  "token1_posVal": 8612539.248966116,
  "token1_posValUSD": 10951043.638221778,
  "token1_debtVal": 4985729.485449705,
  "token1_debtValUSD": 6339470.809387952,
  "liquidity": 145308265.1329903,
  "tvl": 22021023.289935686,
  "health": 21930117.87402625,
  "debt": 13356292.630228687,
  "leverage": 2.557798561370356,
  "workerPositions": [
    {
      "name": "USDC-WFTM SpookyWorker",
      "address": "0x29A7929520ADdC7D3000a81129d4E5Aa7a571f49",
      "vault": "ibFTM",
      "borrowToken": "WFTM",
      "posVal": 8612539.248966116,
      "posValUSD": 10951043.638221778,
      "debtVal": 4985729.485449705,
      "debtValUSD": 6339470.809387952
    },
    {
      "name": "WFTM-USDC SpookyWorker",
      "address": "0xabE59308AC72f04b1a2D04175d5247ba981075a6",
      "vault": "ibUSDC",
      "borrowToken": "USDC",
      "posVal": 10979271.862698,
      "posValUSD": 10979074.235804472,
      "debtVal": 7016948.125907,
      "debtValUSD": 7016821.820840734
    }
  ]
}