{
  "blockNo": 39350380,
  "lpName": "WFTM-USDC LP",
  "lpTokens": 3.431610711878711,
  "token0_symbol": "USDC",
  "token0_decimals": 6,
  "token0": 3595422.202531,
  "token0_liquidity": 22636837.789678,
  "token0_price": 1.00027574,
  "token0_posVal": 1999277.699194,
  "token0_posValUSD": 1999828.9800267757,
  "token0_debtVal": 898016.064682,
  "token0_debtValUSD": 898263.6836316753,
  "token1_symbol": "WFTM",
  "token1_decimals": 18,
  "token1": 9764893.892286502,
  "token1_liquidity": 61479933.82180824,
  "token1_price": 0.36846931,
  "token1_posVal": 13997702.468462473,
  "token1_posValUSD": 5157723.770139664,
  "token1_debtVal": 7569072.374431847,
  "token1_debtValUSD": 2788970.875146964,
  "liquidity": 45296548.465497464,
  "tvl": 7194477.318963148,
  "health": 7157552.75016644,
  "debt": 3687234.5587786394,
  "leverage": 2.0625061897578023,
  "workerPositions": [
    {
      "name": "USDC-WFTM SpookyWorker",
      "address": "0x29A7929520ADdC7D3000a81129d4E5Aa7a571f49",
      "vault": "ibFTM",
      "borrowToken": "WFTM",
      "posVal": 13997702.468462473,
      "posValUSD": 5157723.770139664,
      "debtVal": 7569072.374431847,
      "debtValUSD": 2788970.875146964
    },
    {
      "name": "WFTM-USDC SpookyWorker",
      "address": "0xabE59308AC72f04b1a2D04175d5247ba981075a6",
      "vault": "ibUSDC",
      "borrowToken": "USDC",
      "posVal": 1999277.699194,
      "posValUSD": 1999828.9800267757,
      "debtVal": 898016.064682,
      "debtValUSD": 898263.6836316753
    }
  ]
}