{
  "blockNo": 31920835,
  "lpName": "WFTM-USDC LP",
  "lpTokens": 5.809483083959958,
  "token0_symbol": "USDC",
  "token0_decimals": 6,
  "token0": 11246014.807965,
  "token0_liquidity": 88468095.84046,
  "token0_price": 1.00015413,
  "token0_posVal": 3960738.761364,
  "token0_posValUSD": 3961349.230029289,
  "token0_debtVal": 2670478.471234,
  "token0_debtValUSD": 2670890.0720807714,
  "token1_symbol": "WFTM",
  "token1_decimals": 18,
  "token1": 7377749.3650157,
  "token1_liquidity": 58037931.574549675,
  "token1_price": 1.522521,
  "token1_posVal": 12073237.171950925,
  "token1_posValUSD": 18381757.132275894,
  "token1_debtVal": 6773281.580431574,
  "token1_debtValUSD": 10312463.44512026,
  "liquidity": 176845701.04688686,
  "tvl": 22480526.497200422,
  "health": 22343106.362305183,
  "debt": 12983353.517201032,
  "leverage": 2.3871470467291553,
  "workerPositions": [
    {
      "name": "USDC-WFTM SpookyWorker",
      "address": "0x29A7929520ADdC7D3000a81129d4E5Aa7a571f49",
      "vault": "ibFTM",
      "borrowToken": "WFTM",
      "posVal": 12073237.171950925,
      "posValUSD": 18381757.132275894,
      "debtVal": 6773281.580431574,
      "debtValUSD": 10312463.44512026
    },
    {
      "name": "WFTM-USDC SpookyWorker",
      "address": "0xabE59308AC72f04b1a2D04175d5247ba981075a6",
      "vault": "ibUSDC",
      "borrowToken": "USDC",
      "posVal": 3960738.761364,
      "posValUSD": 3961349.230029289,
      "debtVal": 2670478.471234,
      "debtValUSD": 2670890.0720807714
    }
  ]
}