{
  "blockNo": 37123239,
  "lpName": "WFTM-USDC LP",
  "lpTokens": 2.9349051098125285,
  "token0_symbol": "USDC",
  "token0_decimals": 6,
  "token0": 4764223.643829,
  "token0_liquidity": 55002838.86158,
  "token0_price": 0.99998638,
  "token0_posVal": 4212515.193161,
  "token0_posValUSD": 4212457.818704069,
  "token0_debtVal": 2947126.75091,
  "token0_debtValUSD": 2947086.6110436525,
  "token1_symbol": "WFTM",
  "token1_decimals": 18,
  "token1": 4863991.469302227,
  "token1_liquidity": 56154655.82868709,
  "token1_price": 0.97860276,
  "token1_posVal": 5366052.926245424,
  "token1_posValUSD": 5251234.203929848,
  "token1_debtVal": 3414240.879728192,
  "token1_debtValUSD": 3341185.548206837,
  "liquidity": 109955190.90371796,
  "tvl": 9524074.231578585,
  "health": 9463692.022633918,
  "debt": 6288272.159250489,
  "leverage": 2.9802962851502413,
  "workerPositions": [
    {
      "name": "USDC-WFTM SpookyWorker",
      "address": "0x29A7929520ADdC7D3000a81129d4E5Aa7a571f49",
      "vault": "ibFTM",
      "borrowToken": "WFTM",
      "posVal": 5366052.926245424,
      "posValUSD": 5251234.203929848,
      "debtVal": 3414240.879728192,
      "debtValUSD": 3341185.548206837
    },
    {
      "name": "WFTM-USDC SpookyWorker",
      "address": "0xabE59308AC72f04b1a2D04175d5247ba981075a6",
      "vault": "ibUSDC",
      "borrowToken": "USDC",
      "posVal": 4212515.193161,
      "posValUSD": 4212457.818704069,
      "debtVal": 2947126.75091,
      "debtValUSD": 2947086.6110436525
    }
  ]
}