{
  "blockNo": 36915455,
  "lpName": "WFTM-USDC LP",
  "lpTokens": 2.9096860115515737,
  "token0_symbol": "USDC",
  "token0_decimals": 6,
  "token0": 4743401.254028,
  "token0_liquidity": 52374752.417057,
  "token0_price": 1.00001236,
  "token0_posVal": 4014606.328877,
  "token0_posValUSD": 4014655.9494112246,
  "token0_debtVal": 3029969.209543,
  "token0_debtValUSD": 3030006.6599624297,
  "token1_symbol": "WFTM",
  "token1_decimals": 18,
  "token1": 4778358.484750635,
  "token1_liquidity": 52760736.2725648,
  "token1_price": 0.99386123,
  "token1_posVal": 5455480.48922557,
  "token1_posValUSD": 5421990.549262727,
  "token1_debtVal": 3210614.981062289,
  "token1_debtValUSD": 3190905.754134993,
  "liquidity": 104812250.01655373,
  "tvl": 9492485.123502702,
  "health": 9436646.498673951,
  "debt": 6220912.414097423,
  "leverage": 2.934523269176543,
  "workerPositions": [
    {
      "name": "USDC-WFTM SpookyWorker",
      "address": "0x29A7929520ADdC7D3000a81129d4E5Aa7a571f49",
      "vault": "ibFTM",
      "borrowToken": "WFTM",
      "posVal": 5455480.48922557,
      "posValUSD": 5421990.549262727,
      "debtVal": 3210614.981062289,
      "debtValUSD": 3190905.754134993
    },
    {
      "name": "WFTM-USDC SpookyWorker",
      "address": "0xabE59308AC72f04b1a2D04175d5247ba981075a6",
      "vault": "ibUSDC",
      "borrowToken": "USDC",
      "posVal": 4014606.328877,
      "posValUSD": 4014655.9494112246,
      "debtVal": 3029969.209543,
      "debtValUSD": 3030006.6599624297
    }
  ]
}