{
  "blockNo": 32138466,
  "lpName": "WFTM-USDC LP",
  "lpTokens": 4.229638546467036,
  "token0_symbol": "USDC",
  "token0_decimals": 6,
  "token0": 8416419.546781,
  "token0_liquidity": 89471649.604386,
  "token0_price": 1.00025611,
  "token0_posVal": 4140755.38036,
  "token0_posValUSD": 4141815.869220464,
  "token0_debtVal": 2728016.652845,
  "token0_debtValUSD": 2728715.32518996,
  "token1_symbol": "WFTM",
  "token1_decimals": 18,
  "token1": 5266667.286255452,
  "token1_liquidity": 55987870.78038539,
  "token1_price": 1.59859455,
  "token1_posVal": 7892190.225943691,
  "token1_posValUSD": 12616412.282756854,
  "token1_debtVal": 4996799.72765283,
  "token1_debtValUSD": 7987856.812067299,
  "liquidity": 178996469.28419453,
  "tvl": 16837840.69646238,
  "health": 16758228.151977317,
  "debt": 10716572.13725726,
  "leverage": 2.7737805845197254,
  "workerPositions": [
    {
      "name": "USDC-WFTM SpookyWorker",
      "address": "0x29A7929520ADdC7D3000a81129d4E5Aa7a571f49",
      "vault": "ibFTM",
      "borrowToken": "WFTM",
      "posVal": 7892190.225943691,
      "posValUSD": 12616412.282756854,
      "debtVal": 4996799.72765283,
      "debtValUSD": 7987856.812067299
    },
    {
      "name": "WFTM-USDC SpookyWorker",
      "address": "0xabE59308AC72f04b1a2D04175d5247ba981075a6",
      "vault": "ibUSDC",
      "borrowToken": "USDC",
      "posVal": 4140755.38036,
      "posValUSD": 4141815.869220464,
      "debtVal": 2728016.652845,
      "debtValUSD": 2728715.32518996
    }
  ]
}